{
"type": "FeatureCollection",
"name": "SG_CairngormsNationalPark_2010",
"xy_coordinate_resolution": 1e-06,
"features": [
{ "type": "Feature", "properties": { "NAME": "Cairngorms" }, "geometry": { "type": "MultiPolygon", "coordinates": [ [ [ [ -3.433661, 57.347835 ], [ -3.434035, 57.3471 ], [ -3.43422, 57.346218 ], [ -3.434785, 57.344905 ], [ -3.435195, 57.343393 ], [ -3.435308, 57.342792 ], [ -3.435396, 57.342764 ], [ -3.440457, 57.344736 ], [ -3.440895, 57.344857 ], [ -3.441871, 57.345214 ], [ -3.442494, 57.345526 ], [ -3.443442, 57.345857 ], [ -3.443582, 57.345944 ], [ -3.444243, 57.346156 ], [ -3.444591, 57.346431 ], [ -3.445198, 57.346661 ], [ -3.445399, 57.346904 ], [ -3.445769, 57.347037 ], [ -3.447263, 57.347815 ], [ -3.447478, 57.347872 ], [ -3.447766, 57.347861 ], [ -3.447884, 57.347893 ], [ -3.447977, 57.347981 ], [ -3.448074, 57.34801 ], [ -3.448819, 57.348083 ], [ -3.448898, 57.34816 ], [ -3.449089, 57.348124 ], [ -3.44914, 57.348202 ], [ -3.449604, 57.348482 ], [ -3.449723, 57.348526 ], [ -3.449872, 57.348483 ], [ -3.449956, 57.348527 ], [ -3.449965, 57.348579 ], [ -3.450232, 57.348724 ], [ -3.450283, 57.348794 ], [ -3.450314, 57.349061 ], [ -3.450598, 57.349292 ], [ -3.45075, 57.349491 ], [ -3.450735, 57.349628 ], [ -3.450641, 57.349685 ], [ -3.450644, 57.349763 ], [ -3.450847, 57.349865 ], [ -3.450885, 57.350299 ], [ -3.450992, 57.350561 ], [ -3.451327, 57.350866 ], [ -3.451833, 57.350986 ], [ -3.451968, 57.351092 ], [ -3.452044, 57.351281 ], [ -3.452232, 57.351349 ], [ -3.452278, 57.35146 ], [ -3.452425, 57.351525 ], [ -3.452696, 57.351782 ], [ -3.45297, 57.351931 ], [ -3.45373, 57.352918 ], [ -3.453909, 57.353272 ], [ -3.454022, 57.353349 ], [ -3.454287, 57.353442 ], [ -3.454298, 57.353557 ], [ -3.454687, 57.35382 ], [ -3.455035, 57.354284 ], [ -3.455224, 57.354379 ], [ -3.455304, 57.354489 ], [ -3.455459, 57.354595 ], [ -3.455474, 57.354781 ], [ -3.455719, 57.354904 ], [ -3.455756, 57.354978 ], [ -3.455716, 57.355179 ], [ -3.45602, 57.355383 ], [ -3.456149, 57.355686 ], [ -3.456293, 57.355867 ], [ -3.456621, 57.355997 ], [ -3.45662, 57.356149 ], [ -3.456866, 57.35628 ], [ -3.456959, 57.356368 ], [ -3.457001, 57.356564 ], [ -3.457253, 57.35668 ], [ -3.457459, 57.357016 ], [ -3.457592, 57.357074 ], [ -3.457607, 57.357285 ], [ -3.457732, 57.357325 ], [ -3.457775, 57.357372 ], [ -3.457553, 57.357475 ], [ -3.457562, 57.357542 ], [ -3.457653, 57.357578 ], [ -3.457977, 57.357593 ], [ -3.458015, 57.357689 ], [ -3.458314, 57.357786 ], [ -3.458385, 57.357852 ], [ -3.458399, 57.35803 ], [ -3.458494, 57.358174 ], [ -3.458663, 57.358279 ], [ -3.458801, 57.358449 ], [ -3.458584, 57.358533 ], [ -3.458545, 57.358585 ], [ -3.458735, 57.358687 ], [ -3.458898, 57.35883 ], [ -3.459094, 57.358898 ], [ -3.459151, 57.358957 ], [ -3.458947, 57.35919 ], [ -3.458977, 57.35926 ], [ -3.459424, 57.359426 ], [ -3.459421, 57.359519 ], [ -3.459196, 57.359577 ], [ -3.459191, 57.359629 ], [ -3.45949, 57.359711 ], [ -3.459602, 57.359773 ], [ -3.459633, 57.35985 ], [ -3.459796, 57.359979 ], [ -3.460037, 57.359994 ], [ -3.460177, 57.360041 ], [ -3.460357, 57.360265 ], [ -3.460634, 57.360299 ], [ -3.460918, 57.360545 ], [ -3.461199, 57.360516 ], [ -3.461358, 57.360551 ], [ -3.461518, 57.360757 ], [ -3.461698, 57.360792 ], [ -3.461777, 57.360869 ], [ -3.461873, 57.361228 ], [ -3.461986, 57.361286 ], [ -3.462322, 57.361279 ], [ -3.462523, 57.361321 ], [ -3.462671, 57.361416 ], [ -3.46266, 57.361479 ], [ -3.46287, 57.361577 ], [ -3.462922, 57.361669 ], [ -3.463094, 57.361671 ], [ -3.463248, 57.36174 ], [ -3.463372, 57.361746 ], [ -3.463572, 57.361937 ], [ -3.463769, 57.362049 ], [ -3.464132, 57.362027 ], [ -3.464206, 57.361985 ], [ -3.464351, 57.362002 ], [ -3.464458, 57.362105 ], [ -3.464455, 57.362201 ], [ -3.464521, 57.362297 ], [ -3.464756, 57.36235 ], [ -3.464872, 57.362497 ], [ -3.465095, 57.362554 ], [ -3.465308, 57.362559 ], [ -3.465375, 57.362688 ], [ -3.465322, 57.362744 ], [ -3.465326, 57.362837 ], [ -3.465887, 57.36295 ], [ -3.465965, 57.363001 ], [ -3.466, 57.363193 ], [ -3.466118, 57.36324 ], [ -3.466393, 57.363241 ], [ -3.46637, 57.363512 ], [ -3.466555, 57.363677 ], [ -3.466814, 57.363778 ], [ -3.466842, 57.363978 ], [ -3.467078, 57.364031 ], [ -3.46709, 57.364172 ], [ -3.467032, 57.364255 ], [ -3.467269, 57.364349 ], [ -3.467539, 57.364401 ], [ -3.46759, 57.364456 ], [ -3.467559, 57.364535 ], [ -3.467398, 57.364655 ], [ -3.467384, 57.364804 ], [ -3.46725, 57.364906 ], [ -3.466985, 57.364979 ], [ -3.466946, 57.365032 ], [ -3.467164, 57.365148 ], [ -3.467201, 57.365211 ], [ -3.467038, 57.365276 ], [ -3.46712, 57.36542 ], [ -3.467139, 57.365743 ], [ -3.466827, 57.365828 ], [ -3.466767, 57.365885 ], [ -3.466818, 57.365951 ], [ -3.46678, 57.366204 ], [ -3.466665, 57.366428 ], [ -3.466593, 57.366518 ], [ -3.466512, 57.366549 ], [ -3.466357, 57.366796 ], [ -3.466175, 57.366891 ], [ -3.466124, 57.367006 ], [ -3.466173, 57.367203 ], [ -3.46579, 57.367422 ], [ -3.465584, 57.367429 ], [ -3.46551, 57.367459 ], [ -3.465626, 57.367614 ], [ -3.465974, 57.367725 ], [ -3.46595, 57.367811 ], [ -3.466074, 57.367984 ], [ -3.465917, 57.368011 ], [ -3.465725, 57.368203 ], [ -3.46571, 57.368333 ], [ -3.465532, 57.368358 ], [ -3.465549, 57.368439 ], [ -3.465783, 57.368618 ], [ -3.465835, 57.368711 ], [ -3.465811, 57.368808 ], [ -3.465572, 57.368844 ], [ -3.465574, 57.368899 ], [ -3.465906, 57.369111 ], [ -3.466008, 57.369247 ], [ -3.465985, 57.369541 ], [ -3.466194, 57.369605 ], [ -3.466147, 57.369806 ], [ -3.465872, 57.369995 ], [ -3.465814, 57.370078 ], [ -3.465845, 57.370174 ], [ -3.465793, 57.370241 ], [ -3.465595, 57.370288 ], [ -3.465417, 57.370461 ], [ -3.465053, 57.370659 ], [ -3.465232, 57.371006 ], [ -3.466796, 57.372818 ], [ -3.46781, 57.374095 ], [ -3.46806, 57.374345 ], [ -3.468603, 57.374513 ], [ -3.468401, 57.375132 ], [ -3.46844, 57.375247 ], [ -3.468294, 57.375705 ], [ -3.468323, 57.375917 ], [ -3.468242, 57.375973 ], [ -3.468292, 57.376701 ], [ -3.468574, 57.377559 ], [ -3.468642, 57.378238 ], [ -3.468589, 57.378955 ], [ -3.468358, 57.379389 ], [ -3.467117, 57.380666 ], [ -3.46672, 57.381243 ], [ -3.46652, 57.381386 ], [ -3.466526, 57.38155 ], [ -3.466624, 57.38176 ], [ -3.466851, 57.381939 ], [ -3.466846, 57.381992 ], [ -3.467468, 57.382415 ], [ -3.467932, 57.382818 ], [ -3.467963, 57.382914 ], [ -3.46827, 57.383201 ], [ -3.468399, 57.383504 ], [ -3.468524, 57.383536 ], [ -3.46886, 57.384189 ], [ -3.469221, 57.384623 ], [ -3.469542, 57.38492 ], [ -3.470037, 57.385252 ], [ -3.470598, 57.38551 ], [ -3.472613, 57.385869 ], [ -3.472928, 57.38601 ], [ -3.473444, 57.386174 ], [ -3.473657, 57.386183 ], [ -3.474758, 57.386538 ], [ -3.475531, 57.387446 ], [ -3.475947, 57.387363 ], [ -3.475992, 57.387296 ], [ -3.475868, 57.387104 ], [ -3.476131, 57.386979 ], [ -3.476204, 57.386907 ], [ -3.476289, 57.386635 ], [ -3.476975, 57.386586 ], [ -3.477347, 57.386593 ], [ -3.477991, 57.386377 ], [ -3.478937, 57.385943 ], [ -3.478961, 57.385865 ], [ -3.479075, 57.385796 ], [ -3.479261, 57.385791 ], [ -3.479668, 57.385652 ], [ -3.480188, 57.385419 ], [ -3.480376, 57.385128 ], [ -3.480898, 57.384951 ], [ -3.481126, 57.384632 ], [ -3.481247, 57.384564 ], [ -3.481771, 57.384428 ], [ -3.482199, 57.38446 ], [ -3.482904, 57.384225 ], [ -3.483723, 57.384241 ], [ -3.48431, 57.384116 ], [ -3.484567, 57.384005 ], [ -3.485036, 57.383877 ], [ -3.485256, 57.383882 ], [ -3.485679, 57.383962 ], [ -3.486795, 57.383845 ], [ -3.487782, 57.383599 ], [ -3.488057, 57.383592 ], [ -3.488452, 57.383669 ], [ -3.488982, 57.383663 ], [ -3.489403, 57.383539 ], [ -3.489578, 57.383608 ], [ -3.489741, 57.383903 ], [ -3.489904, 57.38402 ], [ -3.490217, 57.384116 ], [ -3.490352, 57.384549 ], [ -3.490608, 57.384762 ], [ -3.490728, 57.385009 ], [ -3.490934, 57.385163 ], [ -3.490927, 57.385516 ], [ -3.491027, 57.385589 ], [ -3.491263, 57.38566 ], [ -3.491619, 57.386128 ], [ -3.491655, 57.386335 ], [ -3.49194, 57.386395 ], [ -3.492273, 57.38664 ], [ -3.492483, 57.386897 ], [ -3.492413, 57.387036 ], [ -3.49245, 57.387113 ], [ -3.493059, 57.387373 ], [ -3.493365, 57.387778 ], [ -3.493584, 57.387921 ], [ -3.493899, 57.388054 ], [ -3.494099, 57.38807 ], [ -3.494384, 57.388164 ], [ -3.494834, 57.388233 ], [ -3.494968, 57.388309 ], [ -3.49507, 57.388445 ], [ -3.494957, 57.388547 ], [ -3.49494, 57.38864 ], [ -3.495125, 57.388775 ], [ -3.495332, 57.38881 ], [ -3.495668, 57.388765 ], [ -3.49591, 57.388807 ], [ -3.496287, 57.388939 ], [ -3.496892, 57.38894 ], [ -3.49729, 57.388909 ], [ -3.497361, 57.388968 ], [ -3.49735, 57.389042 ], [ -3.49749, 57.389267 ], [ -3.497608, 57.389299 ], [ -3.497855, 57.38927 ], [ -3.498286, 57.389387 ], [ -3.498666, 57.389431 ], [ -3.498848, 57.389518 ], [ -3.499028, 57.389535 ], [ -3.49939, 57.389631 ], [ -3.499575, 57.389617 ], [ -3.499778, 57.389533 ], [ -3.49993, 57.389565 ], [ -3.500065, 57.389667 ], [ -3.500232, 57.389721 ], [ -3.500589, 57.389702 ], [ -3.501101, 57.389603 ], [ -3.5013, 57.3896 ], [ -3.501466, 57.389792 ], [ -3.501856, 57.389895 ], [ -3.502262, 57.389901 ], [ -3.502637, 57.389822 ], [ -3.503688, 57.389795 ], [ -3.504464, 57.389915 ], [ -3.504704, 57.389909 ], [ -3.505148, 57.389833 ], [ -3.505418, 57.389707 ], [ -3.505432, 57.389536 ], [ -3.505486, 57.389524 ], [ -3.505998, 57.389593 ], [ -3.506507, 57.38959 ], [ -3.50665, 57.389555 ], [ -3.506668, 57.389484 ], [ -3.506763, 57.389453 ], [ -3.507251, 57.389466 ], [ -3.507552, 57.389593 ], [ -3.507724, 57.389572 ], [ -3.50784, 57.3894 ], [ -3.507844, 57.389318 ], [ -3.50796, 57.38929 ], [ -3.508071, 57.389326 ], [ -3.508336, 57.389253 ], [ -3.508321, 57.389216 ], [ -3.508459, 57.389214 ], [ -3.508775, 57.389388 ], [ -3.509018, 57.389438 ], [ -3.50929, 57.3892 ], [ -3.509287, 57.389133 ], [ -3.509335, 57.389122 ], [ -3.509434, 57.389191 ], [ -3.50978, 57.389064 ], [ -3.510023, 57.389128 ], [ -3.510256, 57.389092 ], [ -3.510455, 57.388911 ], [ -3.510466, 57.388856 ], [ -3.510584, 57.388888 ], [ -3.510726, 57.388815 ], [ -3.510652, 57.388694 ], [ -3.511107, 57.388722 ], [ -3.51133, 57.388637 ], [ -3.511454, 57.388621 ], [ -3.511524, 57.388668 ], [ -3.511709, 57.388651 ], [ -3.511816, 57.388576 ], [ -3.512147, 57.388579 ], [ -3.512186, 57.388545 ], [ -3.512197, 57.388293 ], [ -3.51231, 57.388206 ], [ -3.512413, 57.388201 ], [ -3.512374, 57.388261 ], [ -3.512404, 57.388324 ], [ -3.512536, 57.388348 ], [ -3.512748, 57.388319 ], [ -3.512869, 57.388255 ], [ -3.512861, 57.388218 ], [ -3.513067, 57.388208 ], [ -3.513126, 57.388155 ], [ -3.513142, 57.388025 ], [ -3.513276, 57.387945 ], [ -3.513647, 57.387933 ], [ -3.51373, 57.387791 ], [ -3.513825, 57.387753 ], [ -3.514067, 57.38778 ], [ -3.514188, 57.3877 ], [ -3.514581, 57.387573 ], [ -3.514707, 57.387449 ], [ -3.514904, 57.387387 ], [ -3.515043, 57.387256 ], [ -3.515105, 57.387262 ], [ -3.515328, 57.387159 ], [ -3.515591, 57.387216 ], [ -3.515727, 57.387166 ], [ -3.516123, 57.387113 ], [ -3.516787, 57.386859 ], [ -3.516925, 57.387029 ], [ -3.517463, 57.386896 ], [ -3.517813, 57.386881 ], [ -3.51823, 57.386987 ], [ -3.518546, 57.386979 ], [ -3.519154, 57.386887 ], [ -3.520066, 57.386649 ], [ -3.52007, 57.386586 ], [ -3.519921, 57.386465 ], [ -3.519385, 57.386327 ], [ -3.519853, 57.38615 ], [ -3.520161, 57.386113 ], [ -3.520596, 57.385989 ], [ -3.520735, 57.386039 ], [ -3.521351, 57.385958 ], [ -3.521369, 57.385905 ], [ -3.522032, 57.385972 ], [ -3.522279, 57.385961 ], [ -3.522449, 57.3859 ], [ -3.522663, 57.385919 ], [ -3.522761, 57.385967 ], [ -3.522959, 57.385942 ], [ -3.523006, 57.385912 ], [ -3.522946, 57.385782 ], [ -3.523269, 57.385604 ], [ -3.523548, 57.385548 ], [ -3.523661, 57.385451 ], [ -3.523867, 57.385437 ], [ -3.52394, 57.385384 ], [ -3.524058, 57.385394 ], [ -3.524142, 57.385441 ], [ -3.524258, 57.385417 ], [ -3.524643, 57.38542 ], [ -3.524797, 57.385466 ], [ -3.525084, 57.385437 ], [ -3.525412, 57.385533 ], [ -3.525624, 57.385523 ], [ -3.525839, 57.385554 ], [ -3.525945, 57.385616 ], [ -3.526344, 57.38563 ], [ -3.526515, 57.385765 ], [ -3.527025, 57.3858 ], [ -3.527207, 57.385876 ], [ -3.527469, 57.385887 ], [ -3.527686, 57.385977 ], [ -3.527915, 57.386027 ], [ -3.527931, 57.38609 ], [ -3.527848, 57.386228 ], [ -3.528039, 57.386356 ], [ -3.52804, 57.386397 ], [ -3.528194, 57.386458 ], [ -3.528713, 57.386526 ], [ -3.528786, 57.386644 ], [ -3.528816, 57.386848 ], [ -3.529168, 57.386877 ], [ -3.529266, 57.386928 ], [ -3.529702, 57.386822 ], [ -3.529997, 57.3868 ], [ -3.530316, 57.38687 ], [ -3.530604, 57.386863 ], [ -3.530704, 57.386936 ], [ -3.530683, 57.387104 ], [ -3.530809, 57.387154 ], [ -3.530938, 57.387112 ], [ -3.531043, 57.387162 ], [ -3.531169, 57.38738 ], [ -3.531468, 57.387439 ], [ -3.531588, 57.387512 ], [ -3.531844, 57.387554 ], [ -3.53204, 57.387644 ], [ -3.532067, 57.387792 ], [ -3.532562, 57.387954 ], [ -3.53283, 57.388106 ], [ -3.532947, 57.388109 ], [ -3.533094, 57.388174 ], [ -3.533078, 57.388285 ], [ -3.533403, 57.388322 ], [ -3.53355, 57.388391 ], [ -3.53356, 57.388454 ], [ -3.533506, 57.388495 ], [ -3.533552, 57.388595 ], [ -3.533717, 57.388612 ], [ -3.533782, 57.388681 ], [ -3.533906, 57.38868 ], [ -3.533916, 57.388743 ], [ -3.53407, 57.388808 ], [ -3.534816, 57.388895 ], [ -3.534932, 57.389039 ], [ -3.534889, 57.389158 ], [ -3.53512, 57.389245 ], [ -3.535272, 57.389265 ], [ -3.535337, 57.389346 ], [ -3.535272, 57.389443 ], [ -3.535323, 57.389506 ], [ -3.535449, 57.389567 ], [ -3.535522, 57.389496 ], [ -3.535736, 57.389512 ], [ -3.536013, 57.389713 ], [ -3.536038, 57.38982 ], [ -3.536283, 57.389932 ], [ -3.536502, 57.389911 ], [ -3.536686, 57.389853 ], [ -3.536886, 57.389862 ], [ -3.537033, 57.389934 ], [ -3.537178, 57.389936 ], [ -3.53729, 57.389835 ], [ -3.537372, 57.389811 ], [ -3.537505, 57.389869 ], [ -3.53765, 57.389879 ], [ -3.537881, 57.38998 ], [ -3.538145, 57.389876 ], [ -3.53868, 57.389855 ], [ -3.538794, 57.389935 ], [ -3.539307, 57.389881 ], [ -3.539419, 57.389905 ], [ -3.539483, 57.390138 ], [ -3.539727, 57.390199 ], [ -3.539823, 57.390365 ], [ -3.539856, 57.390502 ], [ -3.539818, 57.390565 ], [ -3.539869, 57.390639 ], [ -3.539795, 57.390684 ], [ -3.539797, 57.39074 ], [ -3.540137, 57.390803 ], [ -3.540287, 57.390779 ], [ -3.540351, 57.390659 ], [ -3.540649, 57.390548 ], [ -3.540759, 57.390535 ], [ -3.541015, 57.390747 ], [ -3.541253, 57.390834 ], [ -3.541259, 57.390971 ], [ -3.541403, 57.390977 ], [ -3.541559, 57.391075 ], [ -3.541649, 57.391085 ], [ -3.541841, 57.391257 ], [ -3.541746, 57.391429 ], [ -3.541758, 57.391552 ], [ -3.541814, 57.391588 ], [ -3.54191, 57.391579 ], [ -3.542134, 57.391677 ], [ -3.542236, 57.391802 ], [ -3.542388, 57.39183 ], [ -3.542462, 57.391781 ], [ -3.542718, 57.391811 ], [ -3.542776, 57.391885 ], [ -3.543208, 57.392013 ], [ -3.543234, 57.392158 ], [ -3.543479, 57.392259 ], [ -3.543804, 57.392295 ], [ -3.543861, 57.392339 ], [ -3.543822, 57.392399 ], [ -3.543989, 57.392434 ], [ -3.54418, 57.392562 ], [ -3.54446, 57.392685 ], [ -3.544458, 57.3928 ], [ -3.544558, 57.392869 ], [ -3.544536, 57.393011 ], [ -3.544693, 57.39315 ], [ -3.544693, 57.393306 ], [ -3.544772, 57.393408 ], [ -3.544958, 57.393415 ], [ -3.545147, 57.393493 ], [ -3.545322, 57.393682 ], [ -3.545701, 57.393847 ], [ -3.545813, 57.393866 ], [ -3.545842, 57.394116 ], [ -3.546313, 57.394281 ], [ -3.546631, 57.394337 ], [ -3.546802, 57.394406 ], [ -3.546831, 57.394656 ], [ -3.546983, 57.394754 ], [ -3.547045, 57.394904 ], [ -3.547539, 57.395169 ], [ -3.547562, 57.395259 ], [ -3.547695, 57.395327 ], [ -3.547864, 57.395365 ], [ -3.548416, 57.395689 ], [ -3.548907, 57.395884 ], [ -3.549006, 57.396023 ], [ -3.549364, 57.396149 ], [ -3.549745, 57.396365 ], [ -3.550172, 57.39636 ], [ -3.550377, 57.396387 ], [ -3.550886, 57.396561 ], [ -3.551106, 57.39694 ], [ -3.551277, 57.397018 ], [ -3.550102, 57.398226 ], [ -3.548451, 57.400669 ], [ -3.547696, 57.403649 ], [ -3.548436, 57.405542 ], [ -3.549572, 57.40636 ], [ -3.554259, 57.407847 ], [ -3.560042, 57.409202 ], [ -3.56405, 57.410222 ], [ -3.567152, 57.410659 ], [ -3.569122, 57.410396 ], [ -3.571738, 57.409769 ], [ -3.577144, 57.407444 ], [ -3.579325, 57.406941 ], [ -3.58129, 57.40656 ], [ -3.584356, 57.406165 ], [ -3.589193, 57.405985 ], [ -3.592483, 57.405706 ], [ -3.594659, 57.405084 ], [ -3.596153, 57.403995 ], [ -3.597212, 57.403031 ], [ -3.598045, 57.401951 ], [ -3.598208, 57.400641 ], [ -3.59832, 57.398144 ], [ -3.599019, 57.395618 ], [ -3.601112, 57.394079 ], [ -3.603549, 57.393121 ], [ -3.604343, 57.392864 ], [ -3.605611, 57.392519 ], [ -3.606717, 57.392279 ], [ -3.611193, 57.39325 ], [ -3.611354, 57.393224 ], [ -3.611591, 57.393098 ], [ -3.612432, 57.392821 ], [ -3.612651, 57.392791 ], [ -3.613298, 57.392933 ], [ -3.613724, 57.392928 ], [ -3.614118, 57.392848 ], [ -3.61445, 57.392891 ], [ -3.614712, 57.392812 ], [ -3.614888, 57.39281 ], [ -3.615007, 57.39284 ], [ -3.615247, 57.392785 ], [ -3.615732, 57.392755 ], [ -3.616029, 57.392835 ], [ -3.616154, 57.392833 ], [ -3.616478, 57.392678 ], [ -3.616967, 57.392581 ], [ -3.618195, 57.392585 ], [ -3.618441, 57.392486 ], [ -3.618682, 57.392455 ], [ -3.618876, 57.392512 ], [ -3.618942, 57.392496 ], [ -3.619024, 57.392542 ], [ -3.619328, 57.392411 ], [ -3.619533, 57.392409 ], [ -3.619582, 57.392337 ], [ -3.619902, 57.392269 ], [ -3.62025, 57.392316 ], [ -3.620842, 57.392237 ], [ -3.621316, 57.392128 ], [ -3.623794, 57.392119 ], [ -3.62457, 57.392034 ], [ -3.624843, 57.392062 ], [ -3.62515, 57.392015 ], [ -3.625276, 57.392049 ], [ -3.625833, 57.392006 ], [ -3.626022, 57.391948 ], [ -3.626097, 57.391987 ], [ -3.626185, 57.391985 ], [ -3.626859, 57.391913 ], [ -3.627242, 57.391932 ], [ -3.627322, 57.391903 ], [ -3.627954, 57.391903 ], [ -3.628587, 57.39174 ], [ -3.628765, 57.391773 ], [ -3.629115, 57.391697 ], [ -3.629271, 57.391735 ], [ -3.629594, 57.391727 ], [ -3.629841, 57.391656 ], [ -3.630146, 57.391744 ], [ -3.630686, 57.391637 ], [ -3.631947, 57.391553 ], [ -3.632762, 57.391189 ], [ -3.632828, 57.391018 ], [ -3.632468, 57.390204 ], [ -3.63204, 57.388177 ], [ -3.632219, 57.387575 ], [ -3.632214, 57.387293 ], [ -3.632091, 57.387024 ], [ -3.632153, 57.38675 ], [ -3.632474, 57.386209 ], [ -3.632639, 57.386116 ], [ -3.632813, 57.385899 ], [ -3.632815, 57.38576 ], [ -3.633082, 57.385479 ], [ -3.633417, 57.384414 ], [ -3.633589, 57.384329 ], [ -3.633723, 57.3842 ], [ -3.633681, 57.383902 ], [ -3.633885, 57.383534 ], [ -3.633818, 57.383523 ], [ -3.633713, 57.38314 ], [ -3.633852, 57.382967 ], [ -3.633834, 57.382884 ], [ -3.633587, 57.38278 ], [ -3.633648, 57.382676 ], [ -3.633465, 57.382686 ], [ -3.633436, 57.382543 ], [ -3.633376, 57.382509 ], [ -3.633439, 57.38244 ], [ -3.633689, 57.382429 ], [ -3.633697, 57.382298 ], [ -3.633462, 57.382134 ], [ -3.633469, 57.381967 ], [ -3.63359, 57.381866 ], [ -3.633529, 57.381653 ], [ -3.633688, 57.381583 ], [ -3.633781, 57.381368 ], [ -3.633708, 57.381214 ], [ -3.63382, 57.38093 ], [ -3.633629, 57.380754 ], [ -3.633626, 57.380687 ], [ -3.633792, 57.380625 ], [ -3.633903, 57.380468 ], [ -3.633956, 57.380186 ], [ -3.633813, 57.380112 ], [ -3.633719, 57.379967 ], [ -3.633607, 57.379615 ], [ -3.633639, 57.379491 ], [ -3.633092, 57.379101 ], [ -3.633154, 57.379005 ], [ -3.633319, 57.378903 ], [ -3.633255, 57.378805 ], [ -3.633034, 57.378788 ], [ -3.632957, 57.378714 ], [ -3.633029, 57.37851 ], [ -3.632847, 57.378385 ], [ -3.632796, 57.378227 ], [ -3.633025, 57.378085 ], [ -3.633017, 57.377903 ], [ -3.632808, 57.377671 ], [ -3.6326, 57.37763 ], [ -3.632574, 57.377543 ], [ -3.632686, 57.377399 ], [ -3.632207, 57.376555 ], [ -3.632108, 57.376147 ], [ -3.631974, 57.376121 ], [ -3.631941, 57.376034 ], [ -3.631647, 57.376034 ], [ -3.631148, 57.375711 ], [ -3.630998, 57.375653 ], [ -3.630958, 57.375579 ], [ -3.630338, 57.375364 ], [ -3.630231, 57.375274 ], [ -3.630281, 57.375226 ], [ -3.630253, 57.375099 ], [ -3.630034, 57.375142 ], [ -3.629919, 57.37504 ], [ -3.62977, 57.374986 ], [ -3.62976, 57.374919 ], [ -3.629676, 57.374864 ], [ -3.629544, 57.37485 ], [ -3.629653, 57.374666 ], [ -3.629598, 57.374583 ], [ -3.62941, 57.374499 ], [ -3.62934, 57.374396 ], [ -3.628895, 57.374327 ], [ -3.628224, 57.374113 ], [ -3.627669, 57.374191 ], [ -3.627474, 57.374103 ], [ -3.62695, 57.374062 ], [ -3.62674, 57.374128 ], [ -3.626122, 57.374124 ], [ -3.625294, 57.374171 ], [ -3.624872, 57.374104 ], [ -3.624204, 57.373803 ], [ -3.623999, 57.373806 ], [ -3.623649, 57.37387 ], [ -3.62328, 57.373839 ], [ -3.623163, 57.373864 ], [ -3.622999, 57.373966 ], [ -3.622626, 57.374026 ], [ -3.622311, 57.374034 ], [ -3.621905, 57.373829 ], [ -3.621709, 57.373224 ], [ -3.621612, 57.373186 ], [ -3.62161, 57.373142 ], [ -3.621658, 57.373074 ], [ -3.621767, 57.373037 ], [ -3.621823, 57.372976 ], [ -3.621889, 57.372975 ], [ -3.62187, 57.372872 ], [ -3.622595, 57.372254 ], [ -3.624869, 57.371123 ], [ -3.625066, 57.371121 ], [ -3.625729, 57.370745 ], [ -3.626119, 57.370148 ], [ -3.626557, 57.369903 ], [ -3.627954, 57.368883 ], [ -3.630205, 57.367546 ], [ -3.632131, 57.366333 ], [ -3.634287, 57.365354 ], [ -3.636003, 57.364381 ], [ -3.638588, 57.363159 ], [ -3.640739, 57.362061 ], [ -3.6438, 57.361665 ], [ -3.647516, 57.361141 ], [ -3.651242, 57.360854 ], [ -3.653832, 57.360838 ], [ -3.660369, 57.361442 ], [ -3.667221, 57.36237 ], [ -3.667273, 57.362409 ], [ -3.673085, 57.361355 ], [ -3.675248, 57.360811 ], [ -3.682668, 57.360319 ], [ -3.68857, 57.359527 ], [ -3.690421, 57.358666 ], [ -3.691053, 57.358285 ], [ -3.692604, 57.356382 ], [ -3.695604, 57.354678 ], [ -3.698373, 57.352739 ], [ -3.700477, 57.35069 ], [ -3.701087, 57.349612 ], [ -3.70262, 57.349472 ], [ -3.705284, 57.350031 ], [ -3.710399, 57.351269 ], [ -3.715706, 57.35191 ], [ -3.721464, 57.352782 ], [ -3.72365, 57.352514 ], [ -3.724496, 57.351789 ], [ -3.725742, 57.350227 ], [ -3.729691, 57.350054 ], [ -3.731196, 57.34932 ], [ -3.732847, 57.347039 ], [ -3.735614, 57.345099 ], [ -3.739124, 57.344932 ], [ -3.741135, 57.345617 ], [ -3.742042, 57.346199 ], [ -3.744735, 57.34735 ], [ -3.747681, 57.349211 ], [ -3.75153, 57.351535 ], [ -3.755068, 57.351961 ], [ -3.758162, 57.352274 ], [ -3.759694, 57.352134 ], [ -3.763182, 57.351491 ], [ -3.766917, 57.351439 ], [ -3.773584, 57.35289 ], [ -3.777151, 57.353909 ], [ -3.778516, 57.354841 ], [ -3.78191, 57.356813 ], [ -3.783263, 57.357507 ], [ -3.786392, 57.358533 ], [ -3.787648, 57.359177 ], [ -3.791943, 57.359096 ], [ -3.795395, 57.357739 ], [ -3.796852, 57.356054 ], [ -3.796361, 57.354992 ], [ -3.800252, 57.353628 ], [ -3.801975, 57.352891 ], [ -3.802362, 57.351815 ], [ -3.804513, 57.350834 ], [ -3.80667, 57.349971 ], [ -3.808814, 57.34887 ], [ -3.80875, 57.347564 ], [ -3.812716, 57.347744 ], [ -3.814641, 57.346647 ], [ -3.819012, 57.346108 ], [ -3.821903, 57.34678 ], [ -3.824522, 57.346385 ], [ -3.828545, 57.345495 ], [ -3.834874, 57.34457 ], [ -3.836501, 57.344837 ], [ -3.837038, 57.34489 ], [ -3.838436, 57.344727 ], [ -3.839506, 57.344141 ], [ -3.843291, 57.339463 ], [ -3.850666, 57.336108 ], [ -3.853027, 57.33498 ], [ -3.856619, 57.335593 ], [ -3.862146, 57.331018 ], [ -3.863304, 57.328719 ], [ -3.864859, 57.327317 ], [ -3.872397, 57.32604 ], [ -3.878515, 57.324499 ], [ -3.883056, 57.323052 ], [ -3.886702, 57.322166 ], [ -3.887272, 57.321301 ], [ -3.887188, 57.319662 ], [ -3.889382, 57.31875 ], [ -3.89474, 57.317837 ], [ -3.89961, 57.316836 ], [ -3.902335, 57.315155 ], [ -3.903571, 57.312735 ], [ -3.905057, 57.310026 ], [ -3.905132, 57.308932 ], [ -3.908517, 57.307288 ], [ -3.912521, 57.306561 ], [ -3.914857, 57.304196 ], [ -3.923329, 57.303258 ], [ -3.926682, 57.301852 ], [ -3.937319, 57.300357 ], [ -3.952675, 57.292607 ], [ -3.950911, 57.291636 ], [ -3.950383, 57.289957 ], [ -3.951207, 57.289213 ], [ -3.953338, 57.287991 ], [ -3.95639, 57.287587 ], [ -3.959673, 57.287417 ], [ -3.959861, 57.28682 ], [ -3.959585, 57.285754 ], [ -3.958619, 57.284105 ], [ -3.955811, 57.280821 ], [ -3.95551, 57.27928 ], [ -3.956537, 57.277957 ], [ -3.957107, 57.276284 ], [ -3.957914, 57.274963 ], [ -3.959548, 57.27268 ], [ -3.958543, 57.272339 ], [ -3.956958, 57.271412 ], [ -3.954715, 57.270496 ], [ -3.950423, 57.269963 ], [ -3.947706, 57.270029 ], [ -3.946082, 57.27003 ], [ -3.940961, 57.269444 ], [ -3.937808, 57.269564 ], [ -3.934141, 57.269098 ], [ -3.932033, 57.269891 ], [ -3.931677, 57.270633 ], [ -3.930619, 57.272218 ], [ -3.929457, 57.272664 ], [ -3.923334, 57.272481 ], [ -3.923116, 57.271825 ], [ -3.922922, 57.270438 ], [ -3.922974, 57.269684 ], [ -3.9231, 57.269049 ], [ -3.923096, 57.268744 ], [ -3.923027, 57.268357 ], [ -3.922763, 57.267976 ], [ -3.922659, 57.267523 ], [ -3.922707, 57.267387 ], [ -3.922604, 57.266818 ], [ -3.92218, 57.266549 ], [ -3.921174, 57.266153 ], [ -3.918891, 57.265339 ], [ -3.917225, 57.264615 ], [ -3.91686, 57.264415 ], [ -3.914629, 57.263053 ], [ -3.914448, 57.26288 ], [ -3.914151, 57.262466 ], [ -3.914121, 57.262238 ], [ -3.913991, 57.262015 ], [ -3.913762, 57.261834 ], [ -3.913137, 57.261631 ], [ -3.912438, 57.261493 ], [ -3.911636, 57.261389 ], [ -3.911154, 57.261272 ], [ -3.910692, 57.26106 ], [ -3.909838, 57.260574 ], [ -3.908823, 57.259875 ], [ -3.907724, 57.259326 ], [ -3.907599, 57.259193 ], [ -3.907752, 57.258483 ], [ -3.907715, 57.25841 ], [ -3.907564, 57.258391 ], [ -3.906402, 57.258762 ], [ -3.905655, 57.258961 ], [ -3.905029, 57.259108 ], [ -3.904705, 57.259141 ], [ -3.904499, 57.259074 ], [ -3.904349, 57.258952 ], [ -3.904274, 57.258759 ], [ -3.904314, 57.258408 ], [ -3.905047, 57.257551 ], [ -3.905012, 57.257386 ], [ -3.904857, 57.257293 ], [ -3.904853, 57.257211 ], [ -3.90496, 57.257142 ], [ -3.904958, 57.256849 ], [ -3.905001, 57.256795 ], [ -3.905151, 57.256779 ], [ -3.905311, 57.256341 ], [ -3.905178, 57.256425 ], [ -3.905196, 57.256516 ], [ -3.905077, 57.256617 ], [ -3.90497, 57.256566 ], [ -3.904381, 57.255928 ], [ -3.904354, 57.255614 ], [ -3.904473, 57.255449 ], [ -3.905258, 57.255154 ], [ -3.905479, 57.255169 ], [ -3.906138, 57.255115 ], [ -3.906684, 57.255132 ], [ -3.906935, 57.255047 ], [ -3.907235, 57.255017 ], [ -3.907226, 57.255061 ], [ -3.907637, 57.255156 ], [ -3.907709, 57.255205 ], [ -3.907956, 57.25527 ], [ -3.908304, 57.255271 ], [ -3.908662, 57.255222 ], [ -3.909382, 57.25501 ], [ -3.910277, 57.25438 ], [ -3.910809, 57.253887 ], [ -3.911245, 57.253572 ], [ -3.911652, 57.253352 ], [ -3.911533, 57.253304 ], [ -3.911552, 57.253216 ], [ -3.911378, 57.252992 ], [ -3.911397, 57.252916 ], [ -3.911864, 57.252752 ], [ -3.91221, 57.252256 ], [ -3.912797, 57.251945 ], [ -3.912984, 57.251754 ], [ -3.913268, 57.251636 ], [ -3.913499, 57.251614 ], [ -3.914057, 57.25163 ], [ -3.914748, 57.251746 ], [ -3.915014, 57.251742 ], [ -3.91581, 57.251648 ], [ -3.916118, 57.251549 ], [ -3.91651, 57.251492 ], [ -3.916806, 57.251394 ], [ -3.916828, 57.251362 ], [ -3.916722, 57.251344 ], [ -3.916435, 57.251393 ], [ -3.916431, 57.251311 ], [ -3.916507, 57.251216 ], [ -3.916863, 57.251141 ], [ -3.917019, 57.251025 ], [ -3.917306, 57.250965 ], [ -3.918416, 57.251111 ], [ -3.919004, 57.251266 ], [ -3.919044, 57.251359 ], [ -3.920304, 57.251491 ], [ -3.920874, 57.25152 ], [ -3.921532, 57.251453 ], [ -3.922184, 57.251274 ], [ -3.922407, 57.2511 ], [ -3.922072, 57.250904 ], [ -3.921992, 57.250711 ], [ -3.922508, 57.250369 ], [ -3.922679, 57.25031 ], [ -3.922768, 57.25024 ], [ -3.922731, 57.25019 ], [ -3.92276, 57.250095 ], [ -3.922909, 57.250042 ], [ -3.922917, 57.249979 ], [ -3.922996, 57.24994 ], [ -3.922957, 57.249853 ], [ -3.923093, 57.249801 ], [ -3.923211, 57.249384 ], [ -3.923441, 57.249343 ], [ -3.92346, 57.249267 ], [ -3.923601, 57.249296 ], [ -3.923716, 57.249068 ], [ -3.924026, 57.249 ], [ -3.924351, 57.248995 ], [ -3.924915, 57.248691 ], [ -3.9251, 57.248676 ], [ -3.925177, 57.248599 ], [ -3.925474, 57.248519 ], [ -3.925575, 57.248436 ], [ -3.925941, 57.248348 ], [ -3.925951, 57.248304 ], [ -3.926181, 57.248275 ], [ -3.926382, 57.248121 ], [ -3.92634, 57.247984 ], [ -3.925993, 57.248014 ], [ -3.925583, 57.247939 ], [ -3.925377, 57.247986 ], [ -3.925306, 57.247955 ], [ -3.925178, 57.247957 ], [ -3.925164, 57.247907 ], [ -3.925546, 57.247675 ], [ -3.92561, 57.247561 ], [ -3.925811, 57.247407 ], [ -3.925576, 57.247121 ], [ -3.925628, 57.247007 ], [ -3.925542, 57.246927 ], [ -3.925567, 57.246731 ], [ -3.925677, 57.246629 ], [ -3.925804, 57.246608 ], [ -3.925985, 57.246524 ], [ -3.92601, 57.246335 ], [ -3.926088, 57.246264 ], [ -3.925973, 57.246059 ], [ -3.92587, 57.245425 ], [ -3.926027, 57.245322 ], [ -3.926043, 57.245177 ], [ -3.925724, 57.245081 ], [ -3.925662, 57.245 ], [ -3.925248, 57.244837 ], [ -3.925096, 57.244594 ], [ -3.925031, 57.244243 ], [ -3.925066, 57.244029 ], [ -3.925017, 57.243966 ], [ -3.925075, 57.243745 ], [ -3.924988, 57.24342 ], [ -3.925102, 57.243166 ], [ -3.924984, 57.242898 ], [ -3.924767, 57.242744 ], [ -3.924676, 57.242324 ], [ -3.92475, 57.242184 ], [ -3.925165, 57.241914 ], [ -3.925233, 57.241668 ], [ -3.925199, 57.24124 ], [ -3.925145, 57.241097 ], [ -3.924339, 57.239876 ], [ -3.923962, 57.239542 ], [ -3.923941, 57.23936 ], [ -3.923727, 57.239257 ], [ -3.923539, 57.238757 ], [ -3.92336, 57.238451 ], [ -3.923215, 57.238334 ], [ -3.922985, 57.237708 ], [ -3.923036, 57.237576 ], [ -3.922965, 57.237313 ], [ -3.92282, 57.237202 ], [ -3.922947, 57.236973 ], [ -3.922748, 57.23688 ], [ -3.921723, 57.236029 ], [ -3.920567, 57.23564 ], [ -3.918721, 57.234871 ], [ -3.91863, 57.233304 ], [ -3.921136, 57.231744 ], [ -3.922528, 57.229765 ], [ -3.922878, 57.228904 ], [ -3.923207, 57.227662 ], [ -3.922805, 57.224982 ], [ -3.922224, 57.223921 ], [ -3.921102, 57.223519 ], [ -3.915957, 57.222338 ], [ -3.9114, 57.221504 ], [ -3.906435, 57.221246 ], [ -3.904628, 57.22106 ], [ -3.899901, 57.221179 ], [ -3.900191, 57.219986 ], [ -3.900571, 57.218007 ], [ -3.9003, 57.216989 ], [ -3.900988, 57.212485 ], [ -3.90274, 57.209915 ], [ -3.907876, 57.206723 ], [ -3.9089, 57.205352 ], [ -3.90875, 57.204142 ], [ -3.908102, 57.201672 ], [ -3.907981, 57.19932 ], [ -3.907589, 57.197662 ], [ -3.908417, 57.19589 ], [ -3.909252, 57.195093 ], [ -3.911077, 57.194075 ], [ -3.91226, 57.193132 ], [ -3.913991, 57.191633 ], [ -3.916207, 57.19036 ], [ -3.918455, 57.189707 ], [ -3.920934, 57.188825 ], [ -3.920914, 57.188694 ], [ -3.923686, 57.18739 ], [ -3.926494, 57.187066 ], [ -3.928705, 57.185139 ], [ -3.929865, 57.183237 ], [ -3.93367, 57.180879 ], [ -3.935282, 57.180336 ], [ -3.938787, 57.178791 ], [ -3.940378, 57.177855 ], [ -3.942619, 57.17695 ], [ -3.943694, 57.177099 ], [ -3.946313, 57.177576 ], [ -3.949638, 57.178436 ], [ -3.951522, 57.178717 ], [ -3.953523, 57.178334 ], [ -3.956617, 57.177685 ], [ -3.960326, 57.176784 ], [ -3.961134, 57.17692 ], [ -3.96178, 57.177694 ], [ -3.962682, 57.178497 ], [ -3.963647, 57.178652 ], [ -3.965617, 57.1786 ], [ -3.967935, 57.177397 ], [ -3.969021, 57.17652 ], [ -3.969026, 57.175884 ], [ -3.969263, 57.175217 ], [ -3.969629, 57.173707 ], [ -3.970753, 57.17301 ], [ -3.973092, 57.173313 ], [ -3.978109, 57.173574 ], [ -3.982078, 57.174287 ], [ -3.984614, 57.174927 ], [ -3.984882, 57.174922 ], [ -3.985039, 57.174532 ], [ -3.983111, 57.171893 ], [ -3.981479, 57.169178 ], [ -3.981613, 57.167583 ], [ -3.982124, 57.166505 ], [ -3.984196, 57.163524 ], [ -3.984577, 57.162472 ], [ -3.986317, 57.160051 ], [ -3.987721, 57.159592 ], [ -3.990842, 57.159494 ], [ -3.992729, 57.159707 ], [ -3.99851, 57.160925 ], [ -3.998948, 57.160772 ], [ -4.001098, 57.157584 ], [ -4.00162, 57.155683 ], [ -4.002798, 57.154354 ], [ -4.004625, 57.153451 ], [ -4.007361, 57.152874 ], [ -4.012472, 57.151627 ], [ -4.014492, 57.151013 ], [ -4.019251, 57.149868 ], [ -4.025637, 57.149086 ], [ -4.02935, 57.150045 ], [ -4.029958, 57.149744 ], [ -4.030728, 57.147499 ], [ -4.032708, 57.146157 ], [ -4.03908, 57.14353 ], [ -4.043945, 57.142723 ], [ -4.049086, 57.142057 ], [ -4.051231, 57.142119 ], [ -4.05411, 57.142509 ], [ -4.055774, 57.143549 ], [ -4.057733, 57.14507 ], [ -4.060195, 57.147601 ], [ -4.062703, 57.149355 ], [ -4.064754, 57.149322 ], [ -4.066806, 57.147686 ], [ -4.067695, 57.146022 ], [ -4.071233, 57.143828 ], [ -4.078312, 57.139538 ], [ -4.079903, 57.137668 ], [ -4.08321, 57.136157 ], [ -4.08525, 57.135929 ], [ -4.090167, 57.13609 ], [ -4.093527, 57.137101 ], [ -4.096543, 57.138361 ], [ -4.098314, 57.13969 ], [ -4.100474, 57.139994 ], [ -4.102202, 57.138994 ], [ -4.106662, 57.137366 ], [ -4.10939, 57.13669 ], [ -4.115175, 57.136398 ], [ -4.121483, 57.135903 ], [ -4.130188, 57.13362 ], [ -4.133999, 57.133167 ], [ -4.138117, 57.133388 ], [ -4.139593, 57.132846 ], [ -4.140251, 57.13254 ], [ -4.139999, 57.131427 ], [ -4.138655, 57.129168 ], [ -4.14069, 57.128646 ], [ -4.142753, 57.128034 ], [ -4.144082, 57.127197 ], [ -4.145875, 57.126269 ], [ -4.148227, 57.125165 ], [ -4.148139, 57.124037 ], [ -4.148801, 57.123948 ], [ -4.150142, 57.123705 ], [ -4.150679, 57.123542 ], [ -4.153491, 57.122483 ], [ -4.155157, 57.122567 ], [ -4.155613, 57.122898 ], [ -4.157875, 57.123828 ], [ -4.15869, 57.125062 ], [ -4.161939, 57.126439 ], [ -4.163199, 57.126672 ], [ -4.164102, 57.126793 ], [ -4.168442, 57.12682 ], [ -4.17165, 57.127109 ], [ -4.173395, 57.125919 ], [ -4.174994, 57.12506 ], [ -4.175369, 57.124916 ], [ -4.177671, 57.1243 ], [ -4.182767, 57.122868 ], [ -4.186952, 57.122492 ], [ -4.1899, 57.12338 ], [ -4.194894, 57.122638 ], [ -4.197456, 57.123099 ], [ -4.199444, 57.124371 ], [ -4.204058, 57.12312 ], [ -4.207759, 57.122698 ], [ -4.208686, 57.122491 ], [ -4.209861, 57.121858 ], [ -4.215534, 57.121146 ], [ -4.217873, 57.121521 ], [ -4.220481, 57.122562 ], [ -4.223532, 57.120778 ], [ -4.226272, 57.120507 ], [ -4.227665, 57.119906 ], [ -4.227944, 57.119642 ], [ -4.228218, 57.119465 ], [ -4.229185, 57.11902 ], [ -4.230666, 57.118203 ], [ -4.23181, 57.117416 ], [ -4.233585, 57.115869 ], [ -4.234622, 57.114406 ], [ -4.239831, 57.113819 ], [ -4.241541, 57.112297 ], [ -4.242322, 57.110755 ], [ -4.245188, 57.109379 ], [ -4.246879, 57.10807 ], [ -4.251584, 57.107665 ], [ -4.252319, 57.106992 ], [ -4.253112, 57.106568 ], [ -4.253707, 57.105208 ], [ -4.25355, 57.103885 ], [ -4.253677, 57.103645 ], [ -4.257041, 57.102384 ], [ -4.259383, 57.101028 ], [ -4.261549, 57.100192 ], [ -4.260681, 57.09849 ], [ -4.26966, 57.098875 ], [ -4.270573, 57.09827 ], [ -4.272655, 57.097501 ], [ -4.274569, 57.096474 ], [ -4.276328, 57.095063 ], [ -4.278359, 57.093921 ], [ -4.28485, 57.095789 ], [ -4.285505, 57.096672 ], [ -4.291542, 57.095077 ], [ -4.292885, 57.095402 ], [ -4.29935, 57.092315 ], [ -4.300501, 57.091487 ], [ -4.302238, 57.09104 ], [ -4.303705, 57.09014 ], [ -4.307051, 57.089908 ], [ -4.310419, 57.092105 ], [ -4.311331, 57.094779 ], [ -4.310141, 57.096918 ], [ -4.309466, 57.098696 ], [ -4.313364, 57.09775 ], [ -4.315897, 57.097031 ], [ -4.318139, 57.097691 ], [ -4.320495, 57.098437 ], [ -4.32247, 57.099102 ], [ -4.326867, 57.097295 ], [ -4.327844, 57.095757 ], [ -4.329058, 57.094564 ], [ -4.329662, 57.09391 ], [ -4.329734, 57.093353 ], [ -4.329534, 57.092743 ], [ -4.328256, 57.091188 ], [ -4.331087, 57.090111 ], [ -4.333503, 57.089248 ], [ -4.335365, 57.088131 ], [ -4.336184, 57.087502 ], [ -4.335196, 57.085444 ], [ -4.337744, 57.083291 ], [ -4.338266, 57.082199 ], [ -4.341034, 57.081826 ], [ -4.343129, 57.079301 ], [ -4.346717, 57.079176 ], [ -4.347561, 57.078107 ], [ -4.349325, 57.077138 ], [ -4.352741, 57.075144 ], [ -4.352853, 57.072686 ], [ -4.352774, 57.072278 ], [ -4.351452, 57.071747 ], [ -4.354502, 57.071602 ], [ -4.355084, 57.069778 ], [ -4.355395, 57.069127 ], [ -4.361817, 57.065001 ], [ -4.362541, 57.063424 ], [ -4.363349, 57.062649 ], [ -4.364175, 57.062136 ], [ -4.365481, 57.061584 ], [ -4.367188, 57.061011 ], [ -4.368121, 57.060914 ], [ -4.373518, 57.057413 ], [ -4.373447, 57.057308 ], [ -4.373515, 57.056736 ], [ -4.37334, 57.056812 ], [ -4.373356, 57.055666 ], [ -4.373239, 57.054994 ], [ -4.373383, 57.053832 ], [ -4.371539, 57.052723 ], [ -4.370288, 57.052345 ], [ -4.369048, 57.052146 ], [ -4.367932, 57.052167 ], [ -4.365797, 57.052044 ], [ -4.364559, 57.051874 ], [ -4.366182, 57.047801 ], [ -4.36858, 57.044368 ], [ -4.371228, 57.04142 ], [ -4.373209, 57.040431 ], [ -4.377423, 57.038969 ], [ -4.384255, 57.037116 ], [ -4.388807, 57.034993 ], [ -4.393765, 57.034527 ], [ -4.397063, 57.03326 ], [ -4.401634, 57.031879 ], [ -4.405119, 57.03098 ], [ -4.407272, 57.029706 ], [ -4.409644, 57.028471 ], [ -4.410324, 57.026764 ], [ -4.410814, 57.026338 ], [ -4.412386, 57.025788 ], [ -4.416979, 57.024763 ], [ -4.418803, 57.024312 ], [ -4.42406, 57.021773 ], [ -4.427363, 57.019777 ], [ -4.43084, 57.017956 ], [ -4.431727, 57.016928 ], [ -4.432126, 57.015108 ], [ -4.432339, 57.013781 ], [ -4.432617, 57.013047 ], [ -4.435527, 57.011297 ], [ -4.438552, 57.010078 ], [ -4.440491, 57.008495 ], [ -4.443501, 57.00704 ], [ -4.447129, 57.005468 ], [ -4.447449, 57.004956 ], [ -4.44613, 57.001876 ], [ -4.44725, 57.000264 ], [ -4.449308, 56.999674 ], [ -4.452801, 56.999368 ], [ -4.453547, 56.99913 ], [ -4.456895, 56.998277 ], [ -4.460951, 56.997855 ], [ -4.464835, 56.997705 ], [ -4.468324, 56.997339 ], [ -4.470074, 56.996635 ], [ -4.473429, 56.994667 ], [ -4.47477, 56.994358 ], [ -4.477366, 56.992464 ], [ -4.477278, 56.991544 ], [ -4.475167, 56.9901 ], [ -4.46836, 56.987203 ], [ -4.455821, 56.983631 ], [ -4.447337, 56.983351 ], [ -4.443096, 56.983835 ], [ -4.438681, 56.982926 ], [ -4.435456, 56.982305 ], [ -4.429919, 56.980035 ], [ -4.422988, 56.975384 ], [ -4.420348, 56.974285 ], [ -4.419978, 56.974626 ], [ -4.419016, 56.974883 ], [ -4.41718, 56.97446 ], [ -4.41317, 56.9746 ], [ -4.409942, 56.974543 ], [ -4.409351, 56.974674 ], [ -4.408061, 56.975202 ], [ -4.407205, 56.975319 ], [ -4.405816, 56.975389 ], [ -4.404741, 56.975504 ], [ -4.405687, 56.973933 ], [ -4.405954, 56.973783 ], [ -4.406539, 56.97357 ], [ -4.407073, 56.973453 ], [ -4.407797, 56.973433 ], [ -4.408458, 56.973326 ], [ -4.408897, 56.973167 ], [ -4.40961, 56.972788 ], [ -4.410149, 56.972407 ], [ -4.410267, 56.97209 ], [ -4.410228, 56.971839 ], [ -4.409778, 56.971288 ], [ -4.409491, 56.970778 ], [ -4.409429, 56.970351 ], [ -4.409596, 56.970084 ], [ -4.409905, 56.96987 ], [ -4.410658, 56.969592 ], [ -4.411949, 56.969259 ], [ -4.412075, 56.969068 ], [ -4.412144, 56.968701 ], [ -4.412095, 56.968306 ], [ -4.412209, 56.968109 ], [ -4.412487, 56.967959 ], [ -4.411987, 56.967698 ], [ -4.411361, 56.967276 ], [ -4.411372, 56.967087 ], [ -4.411555, 56.966895 ], [ -4.411906, 56.966807 ], [ -4.411908, 56.966662 ], [ -4.41109, 56.966118 ], [ -4.410901, 56.96587 ], [ -4.41094, 56.96575 ], [ -4.410911, 56.96548 ], [ -4.410573, 56.964531 ], [ -4.410108, 56.963923 ], [ -4.409622, 56.96353 ], [ -4.40926, 56.963103 ], [ -4.409318, 56.962033 ], [ -4.408371, 56.961271 ], [ -4.407897, 56.960708 ], [ -4.406728, 56.9599 ], [ -4.403814, 56.958088 ], [ -4.403517, 56.957761 ], [ -4.401955, 56.956929 ], [ -4.40054, 56.956227 ], [ -4.397072, 56.953664 ], [ -4.395701, 56.952565 ], [ -4.395388, 56.952175 ], [ -4.395215, 56.951819 ], [ -4.394503, 56.949512 ], [ -4.394011, 56.948113 ], [ -4.393704, 56.947811 ], [ -4.392439, 56.947294 ], [ -4.391479, 56.947042 ], [ -4.391061, 56.946805 ], [ -4.390968, 56.946599 ], [ -4.391228, 56.945632 ], [ -4.391661, 56.944674 ], [ -4.392163, 56.944243 ], [ -4.392267, 56.944065 ], [ -4.390671, 56.945013 ], [ -4.390599, 56.945147 ], [ -4.389413, 56.945679 ], [ -4.388545, 56.946507 ], [ -4.386024, 56.947756 ], [ -4.385528, 56.948099 ], [ -4.385146, 56.948427 ], [ -4.384298, 56.949016 ], [ -4.383898, 56.949237 ], [ -4.383332, 56.949393 ], [ -4.382853, 56.949647 ], [ -4.382502, 56.949735 ], [ -4.381905, 56.949753 ], [ -4.381464, 56.949875 ], [ -4.380166, 56.950459 ], [ -4.379601, 56.950438 ], [ -4.379476, 56.950472 ], [ -4.379087, 56.950322 ], [ -4.378906, 56.950188 ], [ -4.378895, 56.949836 ], [ -4.378804, 56.949491 ], [ -4.378461, 56.948806 ], [ -4.378144, 56.948711 ], [ -4.376837, 56.948963 ], [ -4.375662, 56.949488 ], [ -4.374918, 56.949735 ], [ -4.3739, 56.950012 ], [ -4.371265, 56.950565 ], [ -4.369964, 56.950917 ], [ -4.368453, 56.9516 ], [ -4.36798, 56.95176 ], [ -4.36688, 56.951837 ], [ -4.36621, 56.951988 ], [ -4.365895, 56.951912 ], [ -4.365677, 56.95174 ], [ -4.365151, 56.951618 ], [ -4.364649, 56.951326 ], [ -4.363894, 56.951214 ], [ -4.36346, 56.951091 ], [ -4.362927, 56.950849 ], [ -4.362252, 56.950736 ], [ -4.361131, 56.950657 ], [ -4.360797, 56.950657 ], [ -4.358503, 56.950404 ], [ -4.358136, 56.950436 ], [ -4.355584, 56.951019 ], [ -4.354503, 56.951404 ], [ -4.35368, 56.951489 ], [ -4.352946, 56.952088 ], [ -4.352478, 56.952153 ], [ -4.352291, 56.952094 ], [ -4.352284, 56.951993 ], [ -4.352508, 56.951712 ], [ -4.352509, 56.951549 ], [ -4.352342, 56.951445 ], [ -4.351876, 56.951359 ], [ -4.351702, 56.951514 ], [ -4.351503, 56.951467 ], [ -4.351277, 56.951358 ], [ -4.35113, 56.951216 ], [ -4.350889, 56.951214 ], [ -4.350524, 56.951095 ], [ -4.350307, 56.95093 ], [ -4.350151, 56.950461 ], [ -4.349795, 56.950298 ], [ -4.34935, 56.95018 ], [ -4.348769, 56.950273 ], [ -4.348401, 56.950274 ], [ -4.347901, 56.950201 ], [ -4.347193, 56.950278 ], [ -4.347106, 56.950172 ], [ -4.347233, 56.95 ], [ -4.347085, 56.949852 ], [ -4.346406, 56.94984 ], [ -4.346006, 56.949709 ], [ -4.345824, 56.949561 ], [ -4.345879, 56.949145 ], [ -4.34563, 56.948848 ], [ -4.345507, 56.948536 ], [ -4.345478, 56.948259 ], [ -4.34525, 56.948113 ], [ -4.345006, 56.948073 ], [ -4.344827, 56.947976 ], [ -4.344628, 56.94793 ], [ -4.344482, 56.9478 ], [ -4.34431, 56.947803 ], [ -4.344191, 56.947743 ], [ -4.343928, 56.947779 ], [ -4.343823, 56.947756 ], [ -4.343756, 56.947782 ], [ -4.34342, 56.947751 ], [ -4.343176, 56.947705 ], [ -4.343056, 56.947638 ], [ -4.342719, 56.947582 ], [ -4.341096, 56.947581 ], [ -4.340922, 56.947559 ], [ -4.340834, 56.947611 ], [ -4.340742, 56.947612 ], [ -4.3406, 56.947558 ], [ -4.340532, 56.947572 ], [ -4.340345, 56.947519 ], [ -4.340046, 56.947537 ], [ -4.339727, 56.947399 ], [ -4.339588, 56.947389 ], [ -4.339444, 56.947285 ], [ -4.33926, 56.947288 ], [ -4.338923, 56.947062 ], [ -4.338589, 56.947049 ], [ -4.337798, 56.94673 ], [ -4.337557, 56.946741 ], [ -4.337274, 56.946633 ], [ -4.337182, 56.946635 ], [ -4.337173, 56.946673 ], [ -4.337061, 56.946719 ], [ -4.336911, 56.946716 ], [ -4.336582, 56.946615 ], [ -4.33648, 56.946636 ], [ -4.335394, 56.946562 ], [ -4.3352, 56.94659 ], [ -4.334919, 56.94652 ], [ -4.334647, 56.946576 ], [ -4.334404, 56.946379 ], [ -4.333688, 56.946159 ], [ -4.333844, 56.945886 ], [ -4.33396, 56.945909 ], [ -4.333942, 56.945803 ], [ -4.334068, 56.945788 ], [ -4.333962, 56.945746 ], [ -4.334061, 56.945675 ], [ -4.334165, 56.945685 ], [ -4.334117, 56.945648 ], [ -4.334219, 56.945439 ], [ -4.33391, 56.945476 ], [ -4.333891, 56.945527 ], [ -4.333288, 56.945463 ], [ -4.33289, 56.945174 ], [ -4.33255, 56.944696 ], [ -4.332476, 56.944434 ], [ -4.332362, 56.944448 ], [ -4.332322, 56.944543 ], [ -4.332338, 56.944801 ], [ -4.332156, 56.944836 ], [ -4.332115, 56.944918 ], [ -4.331989, 56.944933 ], [ -4.331912, 56.944991 ], [ -4.331798, 56.945 ], [ -4.33179, 56.945063 ], [ -4.331462, 56.945157 ], [ -4.331323, 56.945141 ], [ -4.331155, 56.945207 ], [ -4.330821, 56.945395 ], [ -4.330541, 56.945508 ], [ -4.330498, 56.945565 ], [ -4.330081, 56.945705 ], [ -4.33, 56.945694 ], [ -4.329437, 56.945887 ], [ -4.329276, 56.945896 ], [ -4.329211, 56.94596 ], [ -4.329095, 56.945943 ], [ -4.329052, 56.946001 ], [ -4.32864, 56.94621 ], [ -4.328557, 56.946167 ], [ -4.328324, 56.94631 ], [ -4.328265, 56.946286 ], [ -4.328199, 56.946331 ], [ -4.328106, 56.94632 ], [ -4.328103, 56.94627 ], [ -4.327918, 56.946261 ], [ -4.327911, 56.94633 ], [ -4.327984, 56.946404 ], [ -4.327579, 56.94655 ], [ -4.327516, 56.946646 ], [ -4.327037, 56.946894 ], [ -4.326417, 56.947289 ], [ -4.326069, 56.947434 ], [ -4.325536, 56.947739 ], [ -4.32458, 56.948103 ], [ -4.324444, 56.948124 ], [ -4.324348, 56.948258 ], [ -4.32401, 56.948365 ], [ -4.324014, 56.94844 ], [ -4.323743, 56.948521 ], [ -4.323571, 56.948524 ], [ -4.323586, 56.94858 ], [ -4.323395, 56.948653 ], [ -4.323019, 56.948717 ], [ -4.32267, 56.948842 ], [ -4.322583, 56.948919 ], [ -4.323155, 56.950645 ], [ -4.325553, 56.953149 ], [ -4.325195, 56.955081 ], [ -4.320639, 56.955998 ], [ -4.313645, 56.956888 ], [ -4.309013, 56.95726 ], [ -4.30699, 56.957298 ], [ -4.301953, 56.958333 ], [ -4.298554, 56.959175 ], [ -4.294122, 56.959092 ], [ -4.290283, 56.958875 ], [ -4.28451, 56.95894 ], [ -4.278795, 56.958717 ], [ -4.275193, 56.957471 ], [ -4.270814, 56.955182 ], [ -4.27051, 56.954599 ], [ -4.268866, 56.952608 ], [ -4.26749, 56.951444 ], [ -4.265252, 56.950415 ], [ -4.258632, 56.948871 ], [ -4.255561, 56.94845 ], [ -4.253577, 56.948011 ], [ -4.250303, 56.947832 ], [ -4.246833, 56.948013 ], [ -4.245396, 56.947826 ], [ -4.245077, 56.947773 ], [ -4.244885, 56.947708 ], [ -4.24387, 56.947571 ], [ -4.243902, 56.947321 ], [ -4.243785, 56.947212 ], [ -4.243147, 56.944438 ], [ -4.242581, 56.942609 ], [ -4.242021, 56.942181 ], [ -4.241208, 56.941998 ], [ -4.240042, 56.942225 ], [ -4.238281, 56.943279 ], [ -4.237893, 56.943363 ], [ -4.237452, 56.943363 ], [ -4.237182, 56.943316 ], [ -4.236633, 56.943077 ], [ -4.23697, 56.942859 ], [ -4.236952, 56.942841 ], [ -4.238199, 56.941868 ], [ -4.24159, 56.94038 ], [ -4.244503, 56.938188 ], [ -4.244531, 56.937503 ], [ -4.244665, 56.937558 ], [ -4.247256, 56.935741 ], [ -4.247595, 56.9342 ], [ -4.248316, 56.931826 ], [ -4.247555, 56.92995 ], [ -4.245613, 56.92765 ], [ -4.245417, 56.927783 ], [ -4.244953, 56.927387 ], [ -4.242806, 56.924881 ], [ -4.239816, 56.921677 ], [ -4.239598, 56.921183 ], [ -4.238999, 56.920368 ], [ -4.238799, 56.919658 ], [ -4.238654, 56.918028 ], [ -4.238382, 56.917156 ], [ -4.238354, 56.916684 ], [ -4.239203, 56.914064 ], [ -4.245465, 56.914201 ], [ -4.248851, 56.91328 ], [ -4.252494, 56.913144 ], [ -4.25361, 56.911699 ], [ -4.256196, 56.90978 ], [ -4.259477, 56.907455 ], [ -4.261457, 56.905942 ], [ -4.263322, 56.904036 ], [ -4.264875, 56.902924 ], [ -4.266752, 56.901215 ], [ -4.267904, 56.899421 ], [ -4.269315, 56.898404 ], [ -4.270903, 56.897376 ], [ -4.271997, 56.896786 ], [ -4.273836, 56.895587 ], [ -4.275298, 56.89392 ], [ -4.277561, 56.892447 ], [ -4.280402, 56.891804 ], [ -4.283261, 56.891457 ], [ -4.286761, 56.891294 ], [ -4.289614, 56.890848 ], [ -4.294911, 56.889174 ], [ -4.2972, 56.888344 ], [ -4.299501, 56.887711 ], [ -4.300885, 56.886798 ], [ -4.30276, 56.885089 ], [ -4.302687, 56.883908 ], [ -4.302422, 56.882534 ], [ -4.300851, 56.880395 ], [ -4.300551, 56.87843 ], [ -4.300646, 56.877049 ], [ -4.301292, 56.875855 ], [ -4.302334, 56.875245 ], [ -4.304089, 56.874523 ], [ -4.306681, 56.8728 ], [ -4.308178, 56.870802 ], [ -4.309003, 56.869604 ], [ -4.309792, 56.867816 ], [ -4.310606, 56.866422 ], [ -4.311741, 56.862953 ], [ -4.31256, 56.861657 ], [ -4.312774, 56.859288 ], [ -4.31158, 56.857439 ], [ -4.310262, 56.856478 ], [ -4.30786, 56.855439 ], [ -4.305985, 56.854192 ], [ -4.304799, 56.852441 ], [ -4.304706, 56.851279 ], [ -4.304487, 56.851068 ], [ -4.304975, 56.850485 ], [ -4.305312, 56.850227 ], [ -4.305888, 56.850001 ], [ -4.306713, 56.84955 ], [ -4.30843, 56.848929 ], [ -4.309116, 56.848616 ], [ -4.309326, 56.848432 ], [ -4.3102, 56.847454 ], [ -4.310535, 56.84717 ], [ -4.31111, 56.846781 ], [ -4.31155, 56.846207 ], [ -4.311949, 56.84549 ], [ -4.312124, 56.845001 ], [ -4.312297, 56.844095 ], [ -4.312291, 56.843192 ], [ -4.312329, 56.843146 ], [ -4.312592, 56.843025 ], [ -4.31378, 56.842607 ], [ -4.31533, 56.841963 ], [ -4.316741, 56.841438 ], [ -4.317519, 56.841158 ], [ -4.31847, 56.840889 ], [ -4.319422, 56.840782 ], [ -4.321209, 56.840775 ], [ -4.321506, 56.840806 ], [ -4.323391, 56.841202 ], [ -4.323883, 56.841202 ], [ -4.324028, 56.841154 ], [ -4.324203, 56.841061 ], [ -4.324326, 56.840942 ], [ -4.324869, 56.839903 ], [ -4.325608, 56.838999 ], [ -4.326157, 56.838588 ], [ -4.327649, 56.837811 ], [ -4.329001, 56.837404 ], [ -4.329729, 56.836982 ], [ -4.329974, 56.836573 ], [ -4.330394, 56.835024 ], [ -4.330771, 56.834095 ], [ -4.330771, 56.83372 ], [ -4.330419, 56.83279 ], [ -4.330268, 56.832078 ], [ -4.330545, 56.83086 ], [ -4.330539, 56.830635 ], [ -4.330264, 56.82963 ], [ -4.330869, 56.828288 ], [ -4.331028, 56.827809 ], [ -4.331113, 56.826549 ], [ -4.331026, 56.825545 ], [ -4.330648, 56.824437 ], [ -4.330456, 56.82369 ], [ -4.328432, 56.823851 ], [ -4.325921, 56.824506 ], [ -4.323627, 56.824963 ], [ -4.32185, 56.824932 ], [ -4.319843, 56.825679 ], [ -4.315333, 56.827797 ], [ -4.312925, 56.828405 ], [ -4.308057, 56.825607 ], [ -4.306975, 56.824764 ], [ -4.306657, 56.824627 ], [ -4.306308, 56.824563 ], [ -4.305877, 56.824571 ], [ -4.305105, 56.824684 ], [ -4.302806, 56.825309 ], [ -4.302387, 56.825384 ], [ -4.30228, 56.825381 ], [ -4.302136, 56.825322 ], [ -4.301607, 56.824625 ], [ -4.300292, 56.823265 ], [ -4.298875, 56.821715 ], [ -4.29785, 56.820899 ], [ -4.297558, 56.82051 ], [ -4.296907, 56.819827 ], [ -4.296174, 56.819406 ], [ -4.295467, 56.818872 ], [ -4.295158, 56.818536 ], [ -4.294967, 56.818399 ], [ -4.294717, 56.81829 ], [ -4.294332, 56.818177 ], [ -4.293742, 56.818101 ], [ -4.2933, 56.818091 ], [ -4.292548, 56.817853 ], [ -4.291469, 56.817416 ], [ -4.291219, 56.81729 ], [ -4.289183, 56.815678 ], [ -4.288688, 56.81543 ], [ -4.288055, 56.815217 ], [ -4.276734, 56.813991 ], [ -4.27025, 56.813363 ], [ -4.26826, 56.813493 ], [ -4.266258, 56.813787 ], [ -4.263978, 56.814659 ], [ -4.260308, 56.815987 ], [ -4.257604, 56.816468 ], [ -4.252817, 56.816225 ], [ -4.251983, 56.817496 ], [ -4.249864, 56.817864 ], [ -4.246212, 56.818554 ], [ -4.243193, 56.818956 ], [ -4.239373, 56.819984 ], [ -4.236979, 56.820314 ], [ -4.234218, 56.820909 ], [ -4.231498, 56.822193 ], [ -4.230303, 56.822526 ], [ -4.229903, 56.82217 ], [ -4.229798, 56.822142 ], [ -4.229668, 56.822154 ], [ -4.229653, 56.822185 ], [ -4.229459, 56.822225 ], [ -4.229374, 56.822442 ], [ -4.229291, 56.822434 ], [ -4.229264, 56.822255 ], [ -4.229204, 56.822207 ], [ -4.228583, 56.822231 ], [ -4.228607, 56.82237 ], [ -4.228427, 56.82236 ], [ -4.228372, 56.822406 ], [ -4.228384, 56.822478 ], [ -4.22824, 56.822534 ], [ -4.22814, 56.822495 ], [ -4.228118, 56.82241 ], [ -4.22818, 56.822355 ], [ -4.228175, 56.82227 ], [ -4.228084, 56.822245 ], [ -4.227969, 56.822112 ], [ -4.227761, 56.822053 ], [ -4.227482, 56.821905 ], [ -4.227374, 56.821889 ], [ -4.226862, 56.821678 ], [ -4.226696, 56.82178 ], [ -4.226648, 56.821947 ], [ -4.226431, 56.822153 ], [ -4.226204, 56.822197 ], [ -4.226176, 56.82227 ], [ -4.226063, 56.822299 ], [ -4.225418, 56.822751 ], [ -4.225152, 56.822818 ], [ -4.224828, 56.823031 ], [ -4.224461, 56.823338 ], [ -4.224244, 56.823396 ], [ -4.224284, 56.823428 ], [ -4.223994, 56.823603 ], [ -4.223827, 56.823835 ], [ -4.223565, 56.82397 ], [ -4.222634, 56.824305 ], [ -4.221575, 56.824828 ], [ -4.221226, 56.825162 ], [ -4.220945, 56.825535 ], [ -4.220605, 56.825748 ], [ -4.22028, 56.82579 ], [ -4.219611, 56.825703 ], [ -4.219119, 56.825693 ], [ -4.21888, 56.825949 ], [ -4.218948, 56.826263 ], [ -4.218819, 56.82644 ], [ -4.218549, 56.826589 ], [ -4.217846, 56.826763 ], [ -4.217658, 56.826906 ], [ -4.21756, 56.826916 ], [ -4.217288, 56.82689 ], [ -4.216965, 56.826684 ], [ -4.216674, 56.826613 ], [ -4.215986, 56.826077 ], [ -4.215386, 56.825769 ], [ -4.215059, 56.825501 ], [ -4.214413, 56.82511 ], [ -4.21308, 56.825014 ], [ -4.212005, 56.825132 ], [ -4.211838, 56.825207 ], [ -4.21181, 56.825293 ], [ -4.212101, 56.825504 ], [ -4.212079, 56.825684 ], [ -4.212002, 56.82577 ], [ -4.211858, 56.825836 ], [ -4.211615, 56.825885 ], [ -4.211516, 56.825869 ], [ -4.211086, 56.825656 ], [ -4.210416, 56.825143 ], [ -4.210064, 56.825001 ], [ -4.209823, 56.824951 ], [ -4.209174, 56.824917 ], [ -4.207903, 56.825187 ], [ -4.207474, 56.825127 ], [ -4.207232, 56.825064 ], [ -4.206876, 56.824859 ], [ -4.206588, 56.824563 ], [ -4.206166, 56.823937 ], [ -4.205743, 56.823572 ], [ -4.205294, 56.823463 ], [ -4.204513, 56.82314 ], [ -4.204214, 56.823069 ], [ -4.203917, 56.823042 ], [ -4.203403, 56.823074 ], [ -4.203017, 56.823049 ], [ -4.201388, 56.823244 ], [ -4.200984, 56.82325 ], [ -4.200469, 56.823114 ], [ -4.199802, 56.822812 ], [ -4.198794, 56.822608 ], [ -4.198043, 56.822241 ], [ -4.197075, 56.821702 ], [ -4.195128, 56.821009 ], [ -4.193753, 56.820589 ], [ -4.193304, 56.820484 ], [ -4.192017, 56.820327 ], [ -4.190651, 56.819947 ], [ -4.189983, 56.819878 ], [ -4.188801, 56.81984 ], [ -4.188394, 56.819739 ], [ -4.187928, 56.819482 ], [ -4.187495, 56.819072 ], [ -4.187082, 56.818891 ], [ -4.186455, 56.818524 ], [ -4.185993, 56.8182 ], [ -4.185507, 56.818006 ], [ -4.185242, 56.817957 ], [ -4.183364, 56.817757 ], [ -4.18294, 56.817795 ], [ -4.182551, 56.817757 ], [ -4.182394, 56.817728 ], [ -4.182187, 56.817543 ], [ -4.181319, 56.817419 ], [ -4.180837, 56.817293 ], [ -4.179389, 56.817188 ], [ -4.179088, 56.817094 ], [ -4.177775, 56.816915 ], [ -4.176276, 56.817062 ], [ -4.175486, 56.817283 ], [ -4.174704, 56.817224 ], [ -4.174315, 56.817141 ], [ -4.173512, 56.816715 ], [ -4.172812, 56.816511 ], [ -4.1717, 56.816279 ], [ -4.171002, 56.816251 ], [ -4.170439, 56.816283 ], [ -4.170132, 56.816351 ], [ -4.169943, 56.816346 ], [ -4.169537, 56.816416 ], [ -4.168851, 56.816455 ], [ -4.167844, 56.816459 ], [ -4.167298, 56.816513 ], [ -4.166926, 56.816605 ], [ -4.16673, 56.816608 ], [ -4.166424, 56.816703 ], [ -4.165741, 56.816792 ], [ -4.165323, 56.816929 ], [ -4.165128, 56.81696 ], [ -4.164685, 56.816945 ], [ -4.163703, 56.816688 ], [ -4.163434, 56.816697 ], [ -4.162321, 56.816307 ], [ -4.162085, 56.81632 ], [ -4.161632, 56.816283 ], [ -4.161274, 56.816334 ], [ -4.160544, 56.816599 ], [ -4.158987, 56.816868 ], [ -4.158433, 56.816927 ], [ -4.156643, 56.817008 ], [ -4.15569, 56.817092 ], [ -4.15546, 56.817091 ], [ -4.154998, 56.817032 ], [ -4.154654, 56.817029 ], [ -4.154149, 56.817078 ], [ -4.153448, 56.817004 ], [ -4.152832, 56.816975 ], [ -4.152504, 56.816976 ], [ -4.150963, 56.817101 ], [ -4.150624, 56.817044 ], [ -4.150273, 56.817068 ], [ -4.150066, 56.817031 ], [ -4.148433, 56.816992 ], [ -4.14769, 56.817023 ], [ -4.147144, 56.817082 ], [ -4.146547, 56.817092 ], [ -4.145515, 56.81724 ], [ -4.145024, 56.817253 ], [ -4.1447, 56.817326 ], [ -4.144341, 56.817341 ], [ -4.14402, 56.817324 ], [ -4.143401, 56.817236 ], [ -4.142153, 56.817185 ], [ -4.141679, 56.817207 ], [ -4.139896, 56.816986 ], [ -4.139507, 56.816903 ], [ -4.138881, 56.816702 ], [ -4.137092, 56.816517 ], [ -4.136287, 56.81619 ], [ -4.135187, 56.815863 ], [ -4.132614, 56.814977 ], [ -4.13244, 56.814948 ], [ -4.13217, 56.814953 ], [ -4.131875, 56.815036 ], [ -4.131796, 56.815 ], [ -4.131786, 56.814833 ], [ -4.130405, 56.814161 ], [ -4.127825, 56.813306 ], [ -4.125828, 56.812756 ], [ -4.125201, 56.812547 ], [ -4.124381, 56.812098 ], [ -4.121517, 56.810992 ], [ -4.121153, 56.810782 ], [ -4.120944, 56.810705 ], [ -4.119654, 56.81035 ], [ -4.118833, 56.810161 ], [ -4.117823, 56.809981 ], [ -4.117589, 56.810034 ], [ -4.117306, 56.809958 ], [ -4.117012, 56.809819 ], [ -4.116034, 56.80962 ], [ -4.115317, 56.809403 ], [ -4.114944, 56.809329 ], [ -4.114882, 56.809388 ], [ -4.114774, 56.809359 ], [ -4.114788, 56.809318 ], [ -4.113886, 56.809014 ], [ -4.11384, 56.80906 ], [ -4.112925, 56.80881 ], [ -4.112048, 56.808659 ], [ -4.111976, 56.808683 ], [ -4.111852, 56.808671 ], [ -4.111874, 56.80863 ], [ -4.110416, 56.80848 ], [ -4.108319, 56.808035 ], [ -4.107421, 56.807794 ], [ -4.10541, 56.807145 ], [ -4.104706, 56.806855 ], [ -4.104504, 56.80676 ], [ -4.104591, 56.8067 ], [ -4.102703, 56.805753 ], [ -4.102193, 56.805554 ], [ -4.101198, 56.805198 ], [ -4.101101, 56.805227 ], [ -4.10096, 56.805184 ], [ -4.100998, 56.805134 ], [ -4.100244, 56.804912 ], [ -4.098666, 56.804542 ], [ -4.098104, 56.804449 ], [ -4.098068, 56.804481 ], [ -4.097956, 56.804464 ], [ -4.09798, 56.804433 ], [ -4.096723, 56.804242 ], [ -4.090726, 56.803492 ], [ -4.090709, 56.803515 ], [ -4.090372, 56.803477 ], [ -4.090364, 56.803453 ], [ -4.088211, 56.803174 ], [ -4.086524, 56.802875 ], [ -4.084502, 56.802459 ], [ -4.078459, 56.800992 ], [ -4.074718, 56.80012 ], [ -4.073062, 56.799783 ], [ -4.072991, 56.7998 ], [ -4.072656, 56.799726 ], [ -4.072622, 56.799678 ], [ -4.072134, 56.799601 ], [ -4.070651, 56.799289 ], [ -4.065165, 56.798446 ], [ -4.06377, 56.798298 ], [ -4.062135, 56.798075 ], [ -4.06097, 56.798114 ], [ -4.059749, 56.798086 ], [ -4.059701, 56.798124 ], [ -4.059669, 56.798089 ], [ -4.05713, 56.79806 ], [ -4.055579, 56.798115 ], [ -4.053528, 56.798105 ], [ -4.053076, 56.798112 ], [ -4.05159, 56.798234 ], [ -4.048339, 56.798268 ], [ -4.047265, 56.798217 ], [ -4.046692, 56.798158 ], [ -4.045502, 56.797991 ], [ -4.044227, 56.797761 ], [ -4.04416, 56.797793 ], [ -4.044043, 56.797729 ], [ -4.037794, 56.796451 ], [ -4.037684, 56.79649 ], [ -4.037625, 56.796415 ], [ -4.036738, 56.796265 ], [ -4.035158, 56.795918 ], [ -4.035073, 56.795925 ], [ -4.035017, 56.795972 ], [ -4.034958, 56.79596 ], [ -4.034941, 56.795915 ], [ -4.034783, 56.795865 ], [ -4.033782, 56.795688 ], [ -4.031607, 56.795197 ], [ -4.027455, 56.794104 ], [ -4.023207, 56.793216 ], [ -4.02312, 56.793267 ], [ -4.022987, 56.793233 ], [ -4.022992, 56.793174 ], [ -4.021499, 56.792821 ], [ -4.020772, 56.792698 ], [ -4.020241, 56.792563 ], [ -4.019682, 56.792365 ], [ -4.019152, 56.792095 ], [ -4.018544, 56.791903 ], [ -4.018083, 56.791704 ], [ -4.017483, 56.791359 ], [ -4.016783, 56.790822 ], [ -4.016185, 56.790216 ], [ -4.015752, 56.789621 ], [ -4.015474, 56.788862 ], [ -4.015188, 56.788412 ], [ -4.015078, 56.787893 ], [ -4.013411, 56.786415 ], [ -4.009646, 56.784431 ], [ -4.008556, 56.783645 ], [ -4.006387, 56.781797 ], [ -4.004857, 56.780748 ], [ -4.00386, 56.780148 ], [ -4.002815, 56.77959 ], [ -4.000112, 56.778474 ], [ -3.995012, 56.777055 ], [ -3.98803, 56.775177 ], [ -3.986998, 56.774847 ], [ -3.985084, 56.774082 ], [ -3.981531, 56.772202 ], [ -3.980468, 56.771743 ], [ -3.976987, 56.770594 ], [ -3.97058, 56.768391 ], [ -3.967934, 56.767625 ], [ -3.967494, 56.767586 ], [ -3.966444, 56.767371 ], [ -3.96639, 56.767416 ], [ -3.963639, 56.767269 ], [ -3.961786, 56.767303 ], [ -3.96172, 56.767285 ], [ -3.961719, 56.767241 ], [ -3.96137, 56.767156 ], [ -3.96128, 56.767092 ], [ -3.96114, 56.767105 ], [ -3.961126, 56.76707 ], [ -3.961002, 56.767043 ], [ -3.960822, 56.766915 ], [ -3.960668, 56.766887 ], [ -3.960448, 56.766895 ], [ -3.960313, 56.766843 ], [ -3.960098, 56.766831 ], [ -3.959792, 56.766893 ], [ -3.959443, 56.766856 ], [ -3.959287, 56.766869 ], [ -3.959278, 56.766832 ], [ -3.959207, 56.766859 ], [ -3.959189, 56.766825 ], [ -3.959089, 56.766842 ], [ -3.95908, 56.766885 ], [ -3.958825, 56.76684 ], [ -3.958433, 56.766849 ], [ -3.957953, 56.76678 ], [ -3.957658, 56.766795 ], [ -3.957494, 56.766734 ], [ -3.95695, 56.766678 ], [ -3.955966, 56.766112 ], [ -3.955638, 56.76597 ], [ -3.955066, 56.765823 ], [ -3.954558, 56.765621 ], [ -3.953808, 56.765484 ], [ -3.953347, 56.765446 ], [ -3.953321, 56.765388 ], [ -3.953091, 56.76537 ], [ -3.95277, 56.765241 ], [ -3.952749, 56.765182 ], [ -3.952693, 56.765202 ], [ -3.951904, 56.764976 ], [ -3.951857, 56.764989 ], [ -3.951549, 56.764927 ], [ -3.95173, 56.764846 ], [ -3.951845, 56.764853 ], [ -3.951366, 56.764761 ], [ -3.951125, 56.764754 ], [ -3.950409, 56.764807 ], [ -3.949912, 56.764878 ], [ -3.949293, 56.765016 ], [ -3.949054, 56.765002 ], [ -3.948945, 56.764959 ], [ -3.948765, 56.764962 ], [ -3.94875, 56.765266 ], [ -3.948568, 56.765512 ], [ -3.948325, 56.765707 ], [ -3.948012, 56.765807 ], [ -3.94742, 56.766158 ], [ -3.947131, 56.766252 ], [ -3.946847, 56.766303 ], [ -3.945959, 56.766375 ], [ -3.945418, 56.766452 ], [ -3.943517, 56.766484 ], [ -3.943177, 56.766464 ], [ -3.942961, 56.766497 ], [ -3.942542, 56.76643 ], [ -3.942132, 56.766435 ], [ -3.941875, 56.766223 ], [ -3.941604, 56.766066 ], [ -3.941401, 56.766007 ], [ -3.941167, 56.765842 ], [ -3.940364, 56.765661 ], [ -3.940104, 56.765572 ], [ -3.938704, 56.765308 ], [ -3.938166, 56.765302 ], [ -3.937954, 56.765344 ], [ -3.937765, 56.765329 ], [ -3.937699, 56.76535 ], [ -3.937638, 56.76532 ], [ -3.937574, 56.76534 ], [ -3.93741, 56.7653 ], [ -3.936062, 56.765179 ], [ -3.935711, 56.76522 ], [ -3.934907, 56.765183 ], [ -3.934309, 56.765211 ], [ -3.933595, 56.765352 ], [ -3.933141, 56.765409 ], [ -3.932977, 56.765469 ], [ -3.932737, 56.765479 ], [ -3.930559, 56.76578 ], [ -3.929344, 56.766006 ], [ -3.928626, 56.766099 ], [ -3.927333, 56.766373 ], [ -3.927104, 56.766471 ], [ -3.926787, 56.766777 ], [ -3.925837, 56.767134 ], [ -3.925347, 56.767372 ], [ -3.925112, 56.767447 ], [ -3.924515, 56.767774 ], [ -3.9236, 56.76835 ], [ -3.923187, 56.768559 ], [ -3.922849, 56.768669 ], [ -3.922741, 56.768638 ], [ -3.922778, 56.768537 ], [ -3.922708, 56.768477 ], [ -3.916485, 56.76669 ], [ -3.915552, 56.766491 ], [ -3.914618, 56.766337 ], [ -3.913528, 56.766083 ], [ -3.911617, 56.765894 ], [ -3.910875, 56.766003 ], [ -3.910142, 56.766065 ], [ -3.90981, 56.766009 ], [ -3.909551, 56.766025 ], [ -3.90875, 56.76624 ], [ -3.908292, 56.766273 ], [ -3.905879, 56.766889 ], [ -3.903014, 56.767698 ], [ -3.90167, 56.76796 ], [ -3.900987, 56.76807 ], [ -3.900814, 56.768049 ], [ -3.900747, 56.768099 ], [ -3.900471, 56.768157 ], [ -3.899261, 56.768312 ], [ -3.8983, 56.768386 ], [ -3.896352, 56.768449 ], [ -3.895091, 56.768383 ], [ -3.894232, 56.768293 ], [ -3.893263, 56.768128 ], [ -3.892003, 56.767855 ], [ -3.891434, 56.7677 ], [ -3.89083, 56.767816 ], [ -3.890455, 56.767681 ], [ -3.890722, 56.767497 ], [ -3.888989, 56.766848 ], [ -3.887182, 56.765927 ], [ -3.886436, 56.765633 ], [ -3.88566, 56.765394 ], [ -3.88465, 56.765166 ], [ -3.884083, 56.764969 ], [ -3.882476, 56.764681 ], [ -3.881657, 56.764504 ], [ -3.880767, 56.764418 ], [ -3.880309, 56.764407 ], [ -3.876982, 56.764389 ], [ -3.875802, 56.764516 ], [ -3.875187, 56.76462 ], [ -3.87353, 56.764561 ], [ -3.872617, 56.764634 ], [ -3.871542, 56.764489 ], [ -3.871088, 56.764487 ], [ -3.869952, 56.764611 ], [ -3.86887, 56.764636 ], [ -3.868117, 56.764522 ], [ -3.866989, 56.764488 ], [ -3.866463, 56.764566 ], [ -3.865902, 56.764552 ], [ -3.865147, 56.76463 ], [ -3.864623, 56.764631 ], [ -3.864369, 56.764626 ], [ -3.863773, 56.764548 ], [ -3.862842, 56.76438 ], [ -3.861898, 56.764452 ], [ -3.859921, 56.764276 ], [ -3.858591, 56.764072 ], [ -3.857319, 56.763798 ], [ -3.856842, 56.763438 ], [ -3.856409, 56.763355 ], [ -3.855717, 56.763347 ], [ -3.85496, 56.763227 ], [ -3.853909, 56.762595 ], [ -3.853399, 56.76249 ], [ -3.852153, 56.762455 ], [ -3.851582, 56.762306 ], [ -3.851619, 56.762243 ], [ -3.85152, 56.762217 ], [ -3.851466, 56.762281 ], [ -3.850525, 56.761977 ], [ -3.849803, 56.761898 ], [ -3.848955, 56.761619 ], [ -3.848394, 56.761367 ], [ -3.847295, 56.761131 ], [ -3.846764, 56.760973 ], [ -3.846364, 56.760816 ], [ -3.845785, 56.7607 ], [ -3.845348, 56.760464 ], [ -3.844888, 56.760417 ], [ -3.843752, 56.76011 ], [ -3.842294, 56.759574 ], [ -3.84184, 56.759473 ], [ -3.841938, 56.759306 ], [ -3.841836, 56.759231 ], [ -3.840882, 56.758962 ], [ -3.840717, 56.759032 ], [ -3.840654, 56.758983 ], [ -3.839593, 56.758855 ], [ -3.838249, 56.758471 ], [ -3.837655, 56.758035 ], [ -3.837192, 56.757929 ], [ -3.836615, 56.758009 ], [ -3.83617, 56.757931 ], [ -3.835702, 56.757902 ], [ -3.83456, 56.75764 ], [ -3.832838, 56.757491 ], [ -3.832064, 56.757297 ], [ -3.831181, 56.757194 ], [ -3.829721, 56.757213 ], [ -3.827342, 56.757072 ], [ -3.827281, 56.757071 ], [ -3.827275, 56.757114 ], [ -3.827139, 56.757108 ], [ -3.826915, 56.757036 ], [ -3.823353, 56.756977 ], [ -3.816444, 56.756743 ], [ -3.816345, 56.756742 ], [ -3.816344, 56.756814 ], [ -3.815896, 56.756799 ], [ -3.815352, 56.756362 ], [ -3.815081, 56.756225 ], [ -3.814385, 56.755734 ], [ -3.814216, 56.755659 ], [ -3.813416, 56.754836 ], [ -3.812797, 56.754111 ], [ -3.812493, 56.75403 ], [ -3.812398, 56.753956 ], [ -3.812295, 56.753962 ], [ -3.81225, 56.753894 ], [ -3.81213, 56.753898 ], [ -3.812154, 56.753852 ], [ -3.811923, 56.753713 ], [ -3.811809, 56.753582 ], [ -3.811651, 56.7535 ], [ -3.811442, 56.753478 ], [ -3.811464, 56.753402 ], [ -3.810779, 56.752998 ], [ -3.810166, 56.752771 ], [ -3.809973, 56.752738 ], [ -3.809924, 56.752776 ], [ -3.809864, 56.752769 ], [ -3.809862, 56.75264 ], [ -3.809812, 56.752608 ], [ -3.80967, 56.752618 ], [ -3.809481, 56.752568 ], [ -3.8093, 56.752586 ], [ -3.809057, 56.752516 ], [ -3.808795, 56.752493 ], [ -3.808681, 56.752499 ], [ -3.808572, 56.752577 ], [ -3.80853, 56.752523 ], [ -3.808569, 56.752447 ], [ -3.808511, 56.752392 ], [ -3.808312, 56.752367 ], [ -3.808227, 56.752373 ], [ -3.808161, 56.752417 ], [ -3.807835, 56.752411 ], [ -3.807195, 56.752283 ], [ -3.806703, 56.752066 ], [ -3.806635, 56.751992 ], [ -3.806818, 56.751843 ], [ -3.806774, 56.751716 ], [ -3.806699, 56.751688 ], [ -3.806493, 56.751764 ], [ -3.806581, 56.751639 ], [ -3.806547, 56.751616 ], [ -3.806437, 56.751646 ], [ -3.806416, 56.751728 ], [ -3.806344, 56.751757 ], [ -3.80599, 56.751677 ], [ -3.805836, 56.751563 ], [ -3.805865, 56.75155 ], [ -3.805779, 56.751459 ], [ -3.805804, 56.751406 ], [ -3.805603, 56.7514 ], [ -3.805623, 56.751422 ], [ -3.805382, 56.751524 ], [ -3.804782, 56.751524 ], [ -3.8044, 56.751494 ], [ -3.804082, 56.751559 ], [ -3.803583, 56.751488 ], [ -3.802328, 56.750952 ], [ -3.801167, 56.750628 ], [ -3.800706, 56.750459 ], [ -3.798848, 56.750081 ], [ -3.798457, 56.749971 ], [ -3.798159, 56.749937 ], [ -3.79741, 56.749737 ], [ -3.796973, 56.749661 ], [ -3.79284, 56.748004 ], [ -3.791791, 56.747539 ], [ -3.791128, 56.747177 ], [ -3.79014, 56.746386 ], [ -3.789724, 56.746102 ], [ -3.789488, 56.745982 ], [ -3.788972, 56.745804 ], [ -3.787669, 56.745526 ], [ -3.787325, 56.745426 ], [ -3.786895, 56.745351 ], [ -3.785468, 56.745198 ], [ -3.784732, 56.745081 ], [ -3.784499, 56.744995 ], [ -3.783788, 56.744603 ], [ -3.783562, 56.744376 ], [ -3.782956, 56.74397 ], [ -3.782808, 56.743961 ], [ -3.782647, 56.7439 ], [ -3.782237, 56.743835 ], [ -3.782055, 56.743852 ], [ -3.781977, 56.743917 ], [ -3.781939, 56.743884 ], [ -3.781976, 56.743828 ], [ -3.781846, 56.743815 ], [ -3.781708, 56.743833 ], [ -3.781504, 56.743943 ], [ -3.781382, 56.743966 ], [ -3.781254, 56.743922 ], [ -3.781221, 56.743821 ], [ -3.781151, 56.743822 ], [ -3.781053, 56.743762 ], [ -3.780847, 56.743715 ], [ -3.780601, 56.743593 ], [ -3.78061, 56.743558 ], [ -3.780459, 56.743538 ], [ -3.780388, 56.743459 ], [ -3.780132, 56.743325 ], [ -3.77999, 56.743312 ], [ -3.779579, 56.743161 ], [ -3.779497, 56.74319 ], [ -3.779439, 56.743276 ], [ -3.779252, 56.743274 ], [ -3.779146, 56.743311 ], [ -3.77898, 56.743242 ], [ -3.778323, 56.743394 ], [ -3.778123, 56.743287 ], [ -3.778, 56.74335 ], [ -3.777861, 56.743344 ], [ -3.777914, 56.743288 ], [ -3.77786, 56.743187 ], [ -3.77772, 56.743138 ], [ -3.777585, 56.743173 ], [ -3.777343, 56.743004 ], [ -3.777006, 56.742885 ], [ -3.776616, 56.742589 ], [ -3.775951, 56.742217 ], [ -3.775753, 56.74221 ], [ -3.775654, 56.742159 ], [ -3.775502, 56.74216 ], [ -3.775315, 56.742097 ], [ -3.775247, 56.742024 ], [ -3.77507, 56.742014 ], [ -3.775029, 56.741967 ], [ -3.774646, 56.741973 ], [ -3.774612, 56.741937 ], [ -3.774334, 56.741932 ], [ -3.774079, 56.741834 ], [ -3.773889, 56.741677 ], [ -3.773389, 56.741409 ], [ -3.773096, 56.741019 ], [ -3.772797, 56.740992 ], [ -3.772636, 56.741146 ], [ -3.772287, 56.741001 ], [ -3.771654, 56.741095 ], [ -3.771346, 56.741061 ], [ -3.77092, 56.741107 ], [ -3.770672, 56.74108 ], [ -3.770282, 56.740975 ], [ -3.770022, 56.740998 ], [ -3.76985, 56.741054 ], [ -3.768811, 56.741561 ], [ -3.768895, 56.741605 ], [ -3.768844, 56.74166 ], [ -3.768916, 56.741709 ], [ -3.768974, 56.742178 ], [ -3.769139, 56.74273 ], [ -3.7696, 56.743448 ], [ -3.769719, 56.743613 ], [ -3.770397, 56.743861 ], [ -3.771352, 56.744679 ], [ -3.771325, 56.744769 ], [ -3.771854, 56.74542 ], [ -3.771844, 56.74547 ], [ -3.772094, 56.745554 ], [ -3.773739, 56.746633 ], [ -3.773747, 56.746724 ], [ -3.773994, 56.746638 ], [ -3.774541, 56.746962 ], [ -3.774245, 56.747034 ], [ -3.774074, 56.747126 ], [ -3.77386, 56.747168 ], [ -3.773769, 56.747234 ], [ -3.773713, 56.747373 ], [ -3.773781, 56.747633 ], [ -3.773706, 56.747701 ], [ -3.773785, 56.74775 ], [ -3.77371, 56.747927 ], [ -3.772602, 56.748676 ], [ -3.772197, 56.74891 ], [ -3.77127, 56.749012 ], [ -3.771116, 56.749081 ], [ -3.771067, 56.749259 ], [ -3.771121, 56.749608 ], [ -3.770788, 56.750487 ], [ -3.770505, 56.750724 ], [ -3.770443, 56.750836 ], [ -3.770154, 56.751054 ], [ -3.769803, 56.751475 ], [ -3.769417, 56.751753 ], [ -3.769083, 56.752169 ], [ -3.768889, 56.752292 ], [ -3.768735, 56.752345 ], [ -3.768201, 56.752408 ], [ -3.767768, 56.752511 ], [ -3.76705, 56.75301 ], [ -3.766797, 56.753277 ], [ -3.76676, 56.753358 ], [ -3.7668, 56.753695 ], [ -3.76717, 56.754076 ], [ -3.767369, 56.7545 ], [ -3.767385, 56.754657 ], [ -3.767061, 56.75507 ], [ -3.766443, 56.755535 ], [ -3.776059, 56.762382 ], [ -3.777189, 56.762923 ], [ -3.778584, 56.763302 ], [ -3.774206, 56.76576 ], [ -3.773483, 56.766429 ], [ -3.773153, 56.767572 ], [ -3.772708, 56.768406 ], [ -3.771709, 56.769723 ], [ -3.771003, 56.770143 ], [ -3.770561, 56.770331 ], [ -3.769898, 56.77051 ], [ -3.768788, 56.770961 ], [ -3.767958, 56.771046 ], [ -3.767665, 56.771112 ], [ -3.767222, 56.77129 ], [ -3.766986, 56.771637 ], [ -3.766762, 56.772252 ], [ -3.76683, 56.773344 ], [ -3.766732, 56.774179 ], [ -3.766644, 56.774281 ], [ -3.764903, 56.775632 ], [ -3.762067, 56.777251 ], [ -3.755336, 56.782688 ], [ -3.753845, 56.783791 ], [ -3.751287, 56.785856 ], [ -3.743859, 56.785938 ], [ -3.7435, 56.785961 ], [ -3.743163, 56.785943 ], [ -3.742061, 56.786003 ], [ -3.740032, 56.786009 ], [ -3.739207, 56.786057 ], [ -3.738687, 56.786136 ], [ -3.738021, 56.786064 ], [ -3.737203, 56.785909 ], [ -3.736185, 56.785847 ], [ -3.73529, 56.785954 ], [ -3.7347, 56.785935 ], [ -3.731801, 56.786074 ], [ -3.729456, 56.785635 ], [ -3.726819, 56.785249 ], [ -3.725631, 56.785598 ], [ -3.721958, 56.786175 ], [ -3.721288, 56.786204 ], [ -3.721037, 56.786246 ], [ -3.720913, 56.786225 ], [ -3.72067, 56.786094 ], [ -3.720446, 56.785868 ], [ -3.719807, 56.785674 ], [ -3.719471, 56.785477 ], [ -3.719122, 56.785369 ], [ -3.718811, 56.785369 ], [ -3.718553, 56.785458 ], [ -3.718427, 56.785567 ], [ -3.718387, 56.78577 ], [ -3.718226, 56.785817 ], [ -3.717989, 56.785821 ], [ -3.717415, 56.785634 ], [ -3.717412, 56.786098 ], [ -3.717088, 56.786538 ], [ -3.716626, 56.786819 ], [ -3.716485, 56.786946 ], [ -3.716284, 56.787385 ], [ -3.716014, 56.787748 ], [ -3.715859, 56.787934 ], [ -3.715111, 56.788578 ], [ -3.714875, 56.788977 ], [ -3.71406, 56.789594 ], [ -3.713464, 56.789796 ], [ -3.712392, 56.78999 ], [ -3.712032, 56.789995 ], [ -3.711301, 56.789857 ], [ -3.710783, 56.789826 ], [ -3.709952, 56.789879 ], [ -3.70934, 56.79003 ], [ -3.708751, 56.790031 ], [ -3.708573, 56.790079 ], [ -3.707466, 56.79055 ], [ -3.70727, 56.791969 ], [ -3.700985, 56.794089 ], [ -3.698237, 56.794899 ], [ -3.69173, 56.799014 ], [ -3.690621, 56.799592 ], [ -3.690116, 56.799672 ], [ -3.689183, 56.799684 ], [ -3.688035, 56.799923 ], [ -3.68736, 56.799996 ], [ -3.685121, 56.800168 ], [ -3.681913, 56.800636 ], [ -3.681293, 56.800891 ], [ -3.681025, 56.800951 ], [ -3.67932, 56.801574 ], [ -3.678665, 56.801723 ], [ -3.677695, 56.801736 ], [ -3.674983, 56.801143 ], [ -3.673622, 56.800893 ], [ -3.671514, 56.800422 ], [ -3.670102, 56.800568 ], [ -3.668018, 56.801048 ], [ -3.666115, 56.802032 ], [ -3.665601, 56.802702 ], [ -3.664093, 56.804114 ], [ -3.662327, 56.805165 ], [ -3.6607, 56.805449 ], [ -3.659509, 56.805578 ], [ -3.658104, 56.805552 ], [ -3.656403, 56.80537 ], [ -3.65441, 56.805102 ], [ -3.652088, 56.804884 ], [ -3.650339, 56.804522 ], [ -3.649142, 56.804538 ], [ -3.647723, 56.805048 ], [ -3.647221, 56.805348 ], [ -3.646634, 56.805851 ], [ -3.646254, 56.806412 ], [ -3.646073, 56.80691 ], [ -3.645662, 56.807623 ], [ -3.645293, 56.808052 ], [ -3.644814, 56.809302 ], [ -3.64449, 56.810328 ], [ -3.644298, 56.810583 ], [ -3.64403, 56.810779 ], [ -3.639824, 56.80905 ], [ -3.638108, 56.807297 ], [ -3.635473, 56.805102 ], [ -3.627595, 56.806248 ], [ -3.618548, 56.80455 ], [ -3.617399, 56.804019 ], [ -3.608872, 56.798396 ], [ -3.608401, 56.797907 ], [ -3.607614, 56.79771 ], [ -3.605953, 56.79755 ], [ -3.604853, 56.797603 ], [ -3.599412, 56.795573 ], [ -3.598238, 56.795533 ], [ -3.597037, 56.795599 ], [ -3.595249, 56.795876 ], [ -3.594469, 56.795925 ], [ -3.593698, 56.795918 ], [ -3.592934, 56.795871 ], [ -3.59224, 56.795745 ], [ -3.591835, 56.795648 ], [ -3.591291, 56.795441 ], [ -3.590341, 56.794584 ], [ -3.589713, 56.794329 ], [ -3.589024, 56.794158 ], [ -3.586973, 56.794028 ], [ -3.584278, 56.793427 ], [ -3.583608, 56.793027 ], [ -3.582896, 56.792766 ], [ -3.582196, 56.792573 ], [ -3.581475, 56.792427 ], [ -3.580976, 56.792374 ], [ -3.580533, 56.792689 ], [ -3.575873, 56.797482 ], [ -3.575527, 56.797694 ], [ -3.575566, 56.797715 ], [ -3.574946, 56.798161 ], [ -3.574413, 56.798742 ], [ -3.573526, 56.799566 ], [ -3.573387, 56.799616 ], [ -3.57319, 56.799626 ], [ -3.57286, 56.799738 ], [ -3.572355, 56.800025 ], [ -3.572127, 56.800234 ], [ -3.571954, 56.800476 ], [ -3.571837, 56.800828 ], [ -3.57184, 56.801069 ], [ -3.571752, 56.801189 ], [ -3.571628, 56.801243 ], [ -3.57147, 56.801251 ], [ -3.570903, 56.80108 ], [ -3.570541, 56.801126 ], [ -3.569986, 56.80109 ], [ -3.569864, 56.801124 ], [ -3.569074, 56.80602 ], [ -3.568494, 56.806103 ], [ -3.567995, 56.806109 ], [ -3.566089, 56.806362 ], [ -3.565404, 56.806568 ], [ -3.562976, 56.807335 ], [ -3.562129, 56.807648 ], [ -3.559784, 56.80885 ], [ -3.558848, 56.809113 ], [ -3.558048, 56.809186 ], [ -3.557646, 56.809175 ], [ -3.556759, 56.808887 ], [ -3.555438, 56.808179 ], [ -3.554654, 56.808082 ], [ -3.55397, 56.808064 ], [ -3.553459, 56.808132 ], [ -3.550403, 56.809161 ], [ -3.547389, 56.810004 ], [ -3.544835, 56.811854 ], [ -3.544444, 56.812519 ], [ -3.54361, 56.813678 ], [ -3.542929, 56.815714 ], [ -3.543251, 56.816563 ], [ -3.541722, 56.817811 ], [ -3.54051, 56.818713 ], [ -3.539487, 56.819733 ], [ -3.538388, 56.821216 ], [ -3.533023, 56.819615 ], [ -3.524535, 56.816157 ], [ -3.518997, 56.811428 ], [ -3.51432, 56.809053 ], [ -3.513103, 56.808313 ], [ -3.512485, 56.807804 ], [ -3.510547, 56.807275 ], [ -3.51027, 56.806483 ], [ -3.509963, 56.805795 ], [ -3.509521, 56.804982 ], [ -3.507899, 56.805361 ], [ -3.50566, 56.806103 ], [ -3.503653, 56.806693 ], [ -3.501217, 56.806601 ], [ -3.500008, 56.806876 ], [ -3.498219, 56.806997 ], [ -3.497337, 56.806423 ], [ -3.496422, 56.805266 ], [ -3.494872, 56.803959 ], [ -3.493485, 56.803055 ], [ -3.492705, 56.802606 ], [ -3.491685, 56.801446 ], [ -3.489629, 56.801026 ], [ -3.487908, 56.800979 ], [ -3.486308, 56.800683 ], [ -3.484515, 56.797794 ], [ -3.483418, 56.796962 ], [ -3.482808, 56.795824 ], [ -3.481713, 56.793177 ], [ -3.479249, 56.793175 ], [ -3.478211, 56.793233 ], [ -3.476947, 56.793544 ], [ -3.47566, 56.793914 ], [ -3.473325, 56.794499 ], [ -3.47317, 56.794721 ], [ -3.472948, 56.794917 ], [ -3.472561, 56.795065 ], [ -3.472212, 56.79515 ], [ -3.469894, 56.79449 ], [ -3.467654, 56.794148 ], [ -3.462762, 56.793303 ], [ -3.461051, 56.793165 ], [ -3.459332, 56.792139 ], [ -3.457541, 56.790341 ], [ -3.457847, 56.789174 ], [ -3.458292, 56.78819 ], [ -3.460065, 56.786327 ], [ -3.457939, 56.784452 ], [ -3.454171, 56.782387 ], [ -3.452684, 56.781174 ], [ -3.452017, 56.779655 ], [ -3.448155, 56.776711 ], [ -3.445133, 56.775886 ], [ -3.442795, 56.772943 ], [ -3.4408, 56.76976 ], [ -3.437277, 56.768581 ], [ -3.428816, 56.768567 ], [ -3.428359, 56.768396 ], [ -3.422083, 56.765673 ], [ -3.414236, 56.762559 ], [ -3.410322, 56.762303 ], [ -3.410489, 56.761663 ], [ -3.410676, 56.761207 ], [ -3.411142, 56.75945 ], [ -3.410357, 56.758803 ], [ -3.410236, 56.756911 ], [ -3.409831, 56.756646 ], [ -3.408541, 56.755927 ], [ -3.407315, 56.755783 ], [ -3.407227, 56.755753 ], [ -3.407335, 56.755168 ], [ -3.407204, 56.75482 ], [ -3.406619, 56.754448 ], [ -3.406134, 56.753384 ], [ -3.405836, 56.753367 ], [ -3.40569, 56.753262 ], [ -3.405444, 56.753284 ], [ -3.40526, 56.753349 ], [ -3.404989, 56.753368 ], [ -3.404795, 56.753259 ], [ -3.404662, 56.753275 ], [ -3.404355, 56.75324 ], [ -3.404056, 56.753086 ], [ -3.403898, 56.753057 ], [ -3.403364, 56.753127 ], [ -3.402342, 56.752985 ], [ -3.401508, 56.752931 ], [ -3.401451, 56.752898 ], [ -3.401195, 56.752864 ], [ -3.401256, 56.752657 ], [ -3.401113, 56.752637 ], [ -3.40098, 56.752914 ], [ -3.40083, 56.753098 ], [ -3.399481, 56.75386 ], [ -3.399004, 56.754189 ], [ -3.398938, 56.754206 ], [ -3.398732, 56.754139 ], [ -3.39852, 56.75403 ], [ -3.398238, 56.754181 ], [ -3.397209, 56.755138 ], [ -3.397046, 56.755192 ], [ -3.396914, 56.755354 ], [ -3.396208, 56.755866 ], [ -3.396057, 56.756091 ], [ -3.395907, 56.756114 ], [ -3.395967, 56.75637 ], [ -3.395899, 56.756475 ], [ -3.394981, 56.757087 ], [ -3.394975, 56.757167 ], [ -3.395136, 56.757504 ], [ -3.395042, 56.757932 ], [ -3.3942, 56.758984 ], [ -3.394021, 56.759131 ], [ -3.393501, 56.759373 ], [ -3.392523, 56.759937 ], [ -3.392063, 56.760259 ], [ -3.391719, 56.761003 ], [ -3.391486, 56.761386 ], [ -3.391115, 56.761507 ], [ -3.390503, 56.761559 ], [ -3.388353, 56.761589 ], [ -3.387993, 56.761588 ], [ -3.387924, 56.761548 ], [ -3.386852, 56.761546 ], [ -3.385322, 56.761671 ], [ -3.385359, 56.761797 ], [ -3.385991, 56.762293 ], [ -3.387654, 56.764803 ], [ -3.388114, 56.765315 ], [ -3.388415, 56.765469 ], [ -3.389518, 56.768098 ], [ -3.389797, 56.769245 ], [ -3.38553, 56.772212 ], [ -3.383491, 56.773942 ], [ -3.380975, 56.775839 ], [ -3.379508, 56.777113 ], [ -3.379445, 56.780519 ], [ -3.380009, 56.781397 ], [ -3.374119, 56.78927 ], [ -3.370266, 56.790251 ], [ -3.366748, 56.793205 ], [ -3.36717, 56.795357 ], [ -3.362601, 56.800065 ], [ -3.360304, 56.800396 ], [ -3.359683, 56.800901 ], [ -3.35926, 56.801414 ], [ -3.359475, 56.802171 ], [ -3.359016, 56.802589 ], [ -3.358355, 56.803337 ], [ -3.357642, 56.804446 ], [ -3.357556, 56.804779 ], [ -3.35752, 56.805148 ], [ -3.357545, 56.805403 ], [ -3.357636, 56.805654 ], [ -3.357605, 56.805704 ], [ -3.358009, 56.806445 ], [ -3.358206, 56.806677 ], [ -3.359214, 56.807155 ], [ -3.360187, 56.807333 ], [ -3.362047, 56.807839 ], [ -3.362807, 56.808226 ], [ -3.363364, 56.808687 ], [ -3.364063, 56.809456 ], [ -3.364488, 56.80986 ], [ -3.36456, 56.811409 ], [ -3.364637, 56.811723 ], [ -3.364899, 56.812169 ], [ -3.365492, 56.812716 ], [ -3.365804, 56.812946 ], [ -3.366731, 56.813448 ], [ -3.366015, 56.814017 ], [ -3.364709, 56.814835 ], [ -3.360269, 56.817759 ], [ -3.36002, 56.817892 ], [ -3.351689, 56.820273 ], [ -3.351199, 56.819888 ], [ -3.350596, 56.818508 ], [ -3.349071, 56.815862 ], [ -3.348712, 56.815533 ], [ -3.347483, 56.813882 ], [ -3.346054, 56.812709 ], [ -3.344678, 56.81182 ], [ -3.343334, 56.810575 ], [ -3.34254, 56.808991 ], [ -3.342756, 56.807149 ], [ -3.342696, 56.805483 ], [ -3.317869, 56.805629 ], [ -3.315488, 56.805773 ], [ -3.313308, 56.805831 ], [ -3.310559, 56.806526 ], [ -3.307991, 56.807456 ], [ -3.30639, 56.808757 ], [ -3.305009, 56.810173 ], [ -3.302064, 56.812696 ], [ -3.299275, 56.813538 ], [ -3.297548, 56.813814 ], [ -3.293006, 56.814218 ], [ -3.290412, 56.814483 ], [ -3.288681, 56.814619 ], [ -3.286098, 56.814768 ], [ -3.28274, 56.81542 ], [ -3.280579, 56.816892 ], [ -3.27922, 56.817715 ], [ -3.27894, 56.818407 ], [ -3.278537, 56.82055 ], [ -3.278579, 56.821786 ], [ -3.278777, 56.823169 ], [ -3.276505, 56.825675 ], [ -3.273583, 56.826385 ], [ -3.270048, 56.827328 ], [ -3.266298, 56.82799 ], [ -3.262266, 56.827974 ], [ -3.256361, 56.82605 ], [ -3.253549, 56.825426 ], [ -3.251921, 56.823091 ], [ -3.251166, 56.820605 ], [ -3.249797, 56.819536 ], [ -3.24695, 56.818732 ], [ -3.244075, 56.817095 ], [ -3.241727, 56.814977 ], [ -3.240395, 56.814038 ], [ -3.235132, 56.812306 ], [ -3.232459, 56.81019 ], [ -3.230894, 56.808778 ], [ -3.2289, 56.807489 ], [ -3.226693, 56.806321 ], [ -3.223801, 56.804089 ], [ -3.222202, 56.801606 ], [ -3.220127, 56.797819 ], [ -3.220042, 56.795202 ], [ -3.22149, 56.793047 ], [ -3.221325, 56.791479 ], [ -3.220538, 56.789919 ], [ -3.220797, 56.788777 ], [ -3.220617, 56.787802 ], [ -3.222149, 56.785853 ], [ -3.22271, 56.784871 ], [ -3.222075, 56.783574 ], [ -3.220367, 56.78353 ], [ -3.217522, 56.783823 ], [ -3.215627, 56.784838 ], [ -3.214112, 56.786176 ], [ -3.212138, 56.78821 ], [ -3.211397, 56.789378 ], [ -3.209814, 56.790662 ], [ -3.207917, 56.792346 ], [ -3.206872, 56.793546 ], [ -3.20607, 56.795576 ], [ -3.204052, 56.797235 ], [ -3.201559, 56.799184 ], [ -3.200439, 56.799385 ], [ -3.198622, 56.798119 ], [ -3.196768, 56.796261 ], [ -3.195654, 56.795861 ], [ -3.192996, 56.7945 ], [ -3.192168, 56.793997 ], [ -3.186731, 56.790337 ], [ -3.181746, 56.78857 ], [ -3.176877, 56.786653 ], [ -3.176419, 56.786426 ], [ -3.174133, 56.786601 ], [ -3.171779, 56.787575 ], [ -3.169197, 56.788194 ], [ -3.166828, 56.788692 ], [ -3.164687, 56.789545 ], [ -3.159948, 56.790541 ], [ -3.156936, 56.791283 ], [ -3.154776, 56.791541 ], [ -3.152613, 56.79168 ], [ -3.151114, 56.792288 ], [ -3.150059, 56.79325 ], [ -3.146873, 56.795421 ], [ -3.14006, 56.799528 ], [ -3.13838, 56.801328 ], [ -3.138409, 56.801986 ], [ -3.143298, 56.807679 ], [ -3.143138, 56.812779 ], [ -3.143794, 56.818782 ], [ -3.142915, 56.819731 ], [ -3.141695, 56.821172 ], [ -3.140931, 56.822651 ], [ -3.140265, 56.829052 ], [ -3.140552, 56.831332 ], [ -3.140505, 56.83409 ], [ -3.140558, 56.835824 ], [ -3.140813, 56.837832 ], [ -3.140661, 56.838953 ], [ -3.138466, 56.83881 ], [ -3.136237, 56.837548 ], [ -3.134194, 56.836305 ], [ -3.131673, 56.833967 ], [ -3.127468, 56.831528 ], [ -3.124458, 56.830719 ], [ -3.122782, 56.830068 ], [ -3.119688, 56.828719 ], [ -3.115711, 56.82813 ], [ -3.111743, 56.828733 ], [ -3.108833, 56.82884 ], [ -3.106216, 56.828387 ], [ -3.101383, 56.826407 ], [ -3.100281, 56.825822 ], [ -3.098745, 56.825241 ], [ -3.095666, 56.82384 ], [ -3.093349, 56.822766 ], [ -3.090378, 56.821132 ], [ -3.087849, 56.821367 ], [ -3.086118, 56.821467 ], [ -3.080109, 56.821966 ], [ -3.079316, 56.822065 ], [ -3.077161, 56.822511 ], [ -3.073117, 56.823799 ], [ -3.066844, 56.825942 ], [ -3.060451, 56.829841 ], [ -3.059943, 56.829737 ], [ -3.05879, 56.829355 ], [ -3.056532, 56.828147 ], [ -3.0543, 56.827434 ], [ -3.053021, 56.827165 ], [ -3.052225, 56.826906 ], [ -3.051046, 56.82685 ], [ -3.049553, 56.826623 ], [ -3.044271, 56.824875 ], [ -3.042556, 56.825604 ], [ -3.03873, 56.828491 ], [ -3.03728, 56.831001 ], [ -3.036889, 56.832551 ], [ -3.036061, 56.833986 ], [ -3.035393, 56.837323 ], [ -3.033341, 56.84189 ], [ -3.031473, 56.846493 ], [ -3.03065, 56.848116 ], [ -3.030232, 56.850259 ], [ -3.030668, 56.853512 ], [ -3.031053, 56.854888 ], [ -3.031138, 56.856384 ], [ -3.030776, 56.857433 ], [ -3.029181, 56.858655 ], [ -3.029991, 56.859753 ], [ -3.031932, 56.86009 ], [ -3.036274, 56.861348 ], [ -3.038024, 56.861809 ], [ -3.040443, 56.86286 ], [ -3.040753, 56.864363 ], [ -3.040468, 56.86534 ], [ -3.040433, 56.865758 ], [ -3.040036, 56.867886 ], [ -3.038688, 56.868648 ], [ -3.036192, 56.869168 ], [ -3.033713, 56.870314 ], [ -3.031441, 56.870707 ], [ -3.026448, 56.871748 ], [ -3.024654, 56.872888 ], [ -3.023996, 56.873893 ], [ -3.020839, 56.875294 ], [ -3.019051, 56.876684 ], [ -3.017249, 56.877573 ], [ -3.014527, 56.87822 ], [ -3.010875, 56.87825 ], [ -3.009947, 56.878221 ], [ -3.004061, 56.878275 ], [ -2.999378, 56.877551 ], [ -2.997615, 56.876924 ], [ -2.993657, 56.876664 ], [ -2.989896, 56.874707 ], [ -2.984462, 56.873618 ], [ -2.980268, 56.872316 ], [ -2.976135, 56.870274 ], [ -2.975023, 56.869267 ], [ -2.973441, 56.868554 ], [ -2.972631, 56.86806 ], [ -2.970739, 56.867607 ], [ -2.969711, 56.867521 ], [ -2.967157, 56.867915 ], [ -2.966312, 56.868296 ], [ -2.965294, 56.868585 ], [ -2.964102, 56.868782 ], [ -2.960672, 56.86834 ], [ -2.957068, 56.867806 ], [ -2.954675, 56.867824 ], [ -2.95093, 56.868414 ], [ -2.948534, 56.868339 ], [ -2.945783, 56.867705 ], [ -2.943374, 56.867067 ], [ -2.940955, 56.866056 ], [ -2.938714, 56.865324 ], [ -2.936654, 56.864965 ], [ -2.935786, 56.864409 ], [ -2.933545, 56.863677 ], [ -2.93112, 56.862384 ], [ -2.929568, 56.861834 ], [ -2.927855, 56.86166 ], [ -2.925984, 56.862048 ], [ -2.923598, 56.862347 ], [ -2.921555, 56.862643 ], [ -2.917813, 56.863419 ], [ -2.915444, 56.864373 ], [ -2.914605, 56.865034 ], [ -2.913416, 56.865324 ], [ -2.910342, 56.86544 ], [ -2.906579, 56.865374 ], [ -2.901796, 56.865502 ], [ -2.898542, 56.865245 ], [ -2.89597, 56.864889 ], [ -2.892551, 56.864913 ], [ -2.891579, 56.865242 ], [ -2.890581, 56.865357 ], [ -2.885988, 56.866013 ], [ -2.884627, 56.866705 ], [ -2.884055, 56.867188 ], [ -2.883811, 56.869162 ], [ -2.884426, 56.871668 ], [ -2.886725, 56.873654 ], [ -2.891204, 56.878177 ], [ -2.895408, 56.880019 ], [ -2.896266, 56.881521 ], [ -2.898227, 56.883742 ], [ -2.898833, 56.885783 ], [ -2.900455, 56.886018 ], [ -2.901541, 56.885981 ], [ -2.90284, 56.88603 ], [ -2.903613, 56.886184 ], [ -2.904073, 56.886601 ], [ -2.904341, 56.886715 ], [ -2.904812, 56.886465 ], [ -2.905287, 56.886375 ], [ -2.905795, 56.886559 ], [ -2.906987, 56.88761 ], [ -2.907241, 56.888261 ], [ -2.907512, 56.888491 ], [ -2.90804, 56.888415 ], [ -2.908939, 56.88835 ], [ -2.909762, 56.888388 ], [ -2.909896, 56.888445 ], [ -2.910588, 56.888556 ], [ -2.910171, 56.888849 ], [ -2.909912, 56.889097 ], [ -2.90957, 56.889231 ], [ -2.908749, 56.889222 ], [ -2.908036, 56.889358 ], [ -2.907512, 56.889608 ], [ -2.907309, 56.889958 ], [ -2.90742, 56.89016 ], [ -2.907218, 56.890611 ], [ -2.906299, 56.890937 ], [ -2.905487, 56.891349 ], [ -2.905049, 56.891889 ], [ -2.904762, 56.89208 ], [ -2.904419, 56.89214 ], [ -2.903465, 56.892133 ], [ -2.902917, 56.8925 ], [ -2.902869, 56.892703 ], [ -2.902413, 56.893591 ], [ -2.902474, 56.893924 ], [ -2.902269, 56.894216 ], [ -2.900819, 56.894546 ], [ -2.900376, 56.894854 ], [ -2.900169, 56.895073 ], [ -2.900171, 56.89516 ], [ -2.899542, 56.89544 ], [ -2.899041, 56.895574 ], [ -2.898702, 56.895809 ], [ -2.898677, 56.895881 ], [ -2.898154, 56.896146 ], [ -2.897366, 56.896471 ], [ -2.896631, 56.896767 ], [ -2.895836, 56.896772 ], [ -2.895016, 56.896865 ], [ -2.894274, 56.896871 ], [ -2.8929, 56.897083 ], [ -2.892342, 56.897015 ], [ -2.891727, 56.896773 ], [ -2.891408, 56.896775 ], [ -2.890642, 56.896882 ], [ -2.889614, 56.897136 ], [ -2.890408, 56.899277 ], [ -2.890626, 56.899523 ], [ -2.890815, 56.900783 ], [ -2.890963, 56.901435 ], [ -2.891158, 56.901825 ], [ -2.891592, 56.902243 ], [ -2.892235, 56.902514 ], [ -2.893116, 56.902798 ], [ -2.894155, 56.902979 ], [ -2.895994, 56.903387 ], [ -2.896397, 56.903616 ], [ -2.896547, 56.904326 ], [ -2.89679, 56.904498 ], [ -2.897781, 56.904941 ], [ -2.897974, 56.90523 ], [ -2.899408, 56.906409 ], [ -2.90106, 56.907848 ], [ -2.902654, 56.909055 ], [ -2.905666, 56.910951 ], [ -2.906187, 56.9111 ], [ -2.906931, 56.911255 ], [ -2.907059, 56.911353 ], [ -2.907662, 56.913756 ], [ -2.906917, 56.914113 ], [ -2.906965, 56.91438 ], [ -2.90665, 56.914643 ], [ -2.906491, 56.914988 ], [ -2.906243, 56.91515 ], [ -2.906476, 56.91553 ], [ -2.90601, 56.916489 ], [ -2.906114, 56.91674 ], [ -2.906124, 56.917718 ], [ -2.905562, 56.919343 ], [ -2.905096, 56.920301 ], [ -2.904865, 56.920563 ], [ -2.904588, 56.921214 ], [ -2.904185, 56.922494 ], [ -2.904138, 56.922838 ], [ -2.904146, 56.923166 ], [ -2.905231, 56.925283 ], [ -2.905447, 56.926114 ], [ -2.905494, 56.926916 ], [ -2.905105, 56.927576 ], [ -2.905013, 56.927837 ], [ -2.90505, 56.928211 ], [ -2.904864, 56.928572 ], [ -2.90491, 56.928739 ], [ -2.905573, 56.929591 ], [ -2.905914, 56.930413 ], [ -2.905602, 56.930805 ], [ -2.905356, 56.930998 ], [ -2.904038, 56.93084 ], [ -2.903368, 56.930867 ], [ -2.902628, 56.931484 ], [ -2.902405, 56.93209 ], [ -2.902109, 56.932581 ], [ -2.9021, 56.932795 ], [ -2.902436, 56.933388 ], [ -2.902808, 56.933745 ], [ -2.903732, 56.934373 ], [ -2.904603, 56.935115 ], [ -2.905048, 56.935632 ], [ -2.905162, 56.936288 ], [ -2.905172, 56.936701 ], [ -2.904737, 56.9372 ], [ -2.904176, 56.937717 ], [ -2.905356, 56.940245 ], [ -2.905471, 56.940367 ], [ -2.906349, 56.940826 ], [ -2.90703, 56.941249 ], [ -2.90723, 56.941424 ], [ -2.907671, 56.942292 ], [ -2.907693, 56.94262 ], [ -2.907641, 56.942804 ], [ -2.912242, 56.945336 ], [ -2.913658, 56.946053 ], [ -2.915643, 56.94718 ], [ -2.920038, 56.950808 ], [ -2.92194, 56.953754 ], [ -2.923224, 56.955946 ], [ -2.922832, 56.958058 ], [ -2.922518, 56.961941 ], [ -2.922942, 56.965259 ], [ -2.922925, 56.96733 ], [ -2.923139, 56.969101 ], [ -2.924109, 56.972396 ], [ -2.924085, 56.972379 ], [ -2.923504, 56.972644 ], [ -2.91941, 56.974315 ], [ -2.916201, 56.975669 ], [ -2.910307, 56.975819 ], [ -2.912558, 56.980676 ], [ -2.912984, 56.981476 ], [ -2.912936, 56.981726 ], [ -2.912586, 56.981816 ], [ -2.910992, 56.982493 ], [ -2.90959, 56.983027 ], [ -2.905395, 56.983283 ], [ -2.902853, 56.984395 ], [ -2.900595, 56.985438 ], [ -2.899731, 56.985782 ], [ -2.898407, 56.98596 ], [ -2.895589, 56.986467 ], [ -2.894091, 56.986656 ], [ -2.892376, 56.986823 ], [ -2.888759, 56.986227 ], [ -2.886255, 56.985773 ], [ -2.884235, 56.985702 ], [ -2.880022, 56.983642 ], [ -2.877663, 56.982375 ], [ -2.874656, 56.980388 ], [ -2.871368, 56.980316 ], [ -2.866757, 56.980466 ], [ -2.864733, 56.979574 ], [ -2.861431, 56.978851 ], [ -2.858371, 56.975511 ], [ -2.858041, 56.974358 ], [ -2.856702, 56.97399 ], [ -2.851146, 56.972611 ], [ -2.849151, 56.972945 ], [ -2.846542, 56.973034 ], [ -2.843078, 56.973503 ], [ -2.840724, 56.97368 ], [ -2.83819, 56.975194 ], [ -2.837073, 56.97582 ], [ -2.833182, 56.976998 ], [ -2.831093, 56.97804 ], [ -2.829698, 56.980537 ], [ -2.831469, 56.981789 ], [ -2.838307, 56.983567 ], [ -2.840126, 56.984994 ], [ -2.843116, 56.985054 ], [ -2.844141, 56.986951 ], [ -2.845589, 56.988967 ], [ -2.846114, 56.991963 ], [ -2.846824, 56.992959 ], [ -2.847782, 56.994827 ], [ -2.847848, 56.997701 ], [ -2.847198, 56.99933 ], [ -2.846768, 57.000583 ], [ -2.845875, 57.001589 ], [ -2.843779, 57.002818 ], [ -2.843143, 57.003462 ], [ -2.83783, 57.005393 ], [ -2.833981, 57.007418 ], [ -2.832626, 57.008302 ], [ -2.830811, 57.009064 ], [ -2.826649, 57.009771 ], [ -2.821778, 57.010336 ], [ -2.818451, 57.011548 ], [ -2.817843, 57.013149 ], [ -2.817636, 57.01415 ], [ -2.817481, 57.017526 ], [ -2.818231, 57.020396 ], [ -2.81788, 57.024507 ], [ -2.819651, 57.027775 ], [ -2.818403, 57.028497 ], [ -2.815073, 57.029707 ], [ -2.811452, 57.031561 ], [ -2.810065, 57.033135 ], [ -2.80954, 57.034311 ], [ -2.810761, 57.036528 ], [ -2.810978, 57.038475 ], [ -2.811057, 57.040115 ], [ -2.81086, 57.041295 ], [ -2.80943, 57.04245 ], [ -2.806036, 57.044371 ], [ -2.805038, 57.044889 ], [ -2.802551, 57.04657 ], [ -2.802214, 57.04695 ], [ -2.801304, 57.047552 ], [ -2.801223, 57.047797 ], [ -2.801252, 57.048541 ], [ -2.800358, 57.049153 ], [ -2.80027, 57.049343 ], [ -2.800559, 57.049691 ], [ -2.801015, 57.049718 ], [ -2.801459, 57.04981 ], [ -2.802403, 57.050088 ], [ -2.80347, 57.050512 ], [ -2.805256, 57.050683 ], [ -2.807435, 57.051093 ], [ -2.809628, 57.050896 ], [ -2.810028, 57.050821 ], [ -2.810521, 57.050664 ], [ -2.810924, 57.050749 ], [ -2.811627, 57.051015 ], [ -2.81226, 57.051179 ], [ -2.813065, 57.051239 ], [ -2.813856, 57.051248 ], [ -2.814808, 57.051301 ], [ -2.815294, 57.051444 ], [ -2.817696, 57.052866 ], [ -2.818128, 57.053024 ], [ -2.819066, 57.053602 ], [ -2.819393, 57.053877 ], [ -2.819951, 57.054261 ], [ -2.821159, 57.054954 ], [ -2.821396, 57.055376 ], [ -2.821432, 57.055806 ], [ -2.82129, 57.056019 ], [ -2.821192, 57.056465 ], [ -2.820737, 57.05711 ], [ -2.820407, 57.057302 ], [ -2.818709, 57.058087 ], [ -2.818318, 57.058594 ], [ -2.818202, 57.058813 ], [ -2.818231, 57.058923 ], [ -2.818517, 57.059103 ], [ -2.81903, 57.059275 ], [ -2.819474, 57.059345 ], [ -2.820174, 57.059516 ], [ -2.820291, 57.059953 ], [ -2.820414, 57.060062 ], [ -2.820998, 57.060416 ], [ -2.821069, 57.060605 ], [ -2.821045, 57.060708 ], [ -2.820546, 57.061186 ], [ -2.820106, 57.061283 ], [ -2.819907, 57.061387 ], [ -2.819593, 57.061725 ], [ -2.81884, 57.062832 ], [ -2.818576, 57.062987 ], [ -2.818109, 57.063122 ], [ -2.818031, 57.063217 ], [ -2.818033, 57.063283 ], [ -2.818708, 57.063541 ], [ -2.818294, 57.064208 ], [ -2.817874, 57.06462 ], [ -2.817774, 57.06492 ], [ -2.818877, 57.066928 ], [ -2.820136, 57.068125 ], [ -2.821284, 57.069132 ], [ -2.821866, 57.069362 ], [ -2.822176, 57.069425 ], [ -2.829135, 57.070161 ], [ -2.831564, 57.070269 ], [ -2.833363, 57.070396 ], [ -2.835617, 57.070497 ], [ -2.840241, 57.070488 ], [ -2.841007, 57.070542 ], [ -2.844578, 57.070196 ], [ -2.849872, 57.069584 ], [ -2.858968, 57.070515 ], [ -2.869175, 57.071934 ], [ -2.873769, 57.071741 ], [ -2.881933, 57.072341 ], [ -2.883767, 57.072219 ], [ -2.883889, 57.072291 ], [ -2.88389, 57.072327 ], [ -2.88381, 57.072364 ], [ -2.882944, 57.072582 ], [ -2.879696, 57.073547 ], [ -2.879458, 57.073665 ], [ -2.878977, 57.073764 ], [ -2.878793, 57.073896 ], [ -2.877675, 57.074262 ], [ -2.87507, 57.075207 ], [ -2.874713, 57.075407 ], [ -2.874147, 57.075856 ], [ -2.873996, 57.076274 ], [ -2.87366, 57.076802 ], [ -2.873575, 57.077189 ], [ -2.873176, 57.077345 ], [ -2.87225, 57.077856 ], [ -2.871155, 57.078601 ], [ -2.869864, 57.079048 ], [ -2.86857, 57.079327 ], [ -2.868596, 57.079627 ], [ -2.868733, 57.079626 ], [ -2.868838, 57.079755 ], [ -2.869543, 57.079909 ], [ -2.870877, 57.0799 ], [ -2.871544, 57.079867 ], [ -2.872225, 57.079741 ], [ -2.872988, 57.079456 ], [ -2.874467, 57.0798 ], [ -2.87759, 57.079746 ], [ -2.878336, 57.080106 ], [ -2.87962, 57.080513 ], [ -2.880661, 57.0809 ], [ -2.881238, 57.081472 ], [ -2.882877, 57.082739 ], [ -2.883126, 57.083044 ], [ -2.88359, 57.083413 ], [ -2.884154, 57.084007 ], [ -2.884528, 57.084501 ], [ -2.884536, 57.084837 ], [ -2.884746, 57.085215 ], [ -2.884665, 57.085749 ], [ -2.885073, 57.086542 ], [ -2.885031, 57.087031 ], [ -2.884398, 57.087855 ], [ -2.884493, 57.08789 ], [ -2.884383, 57.087929 ], [ -2.884231, 57.088191 ], [ -2.884006, 57.088779 ], [ -2.883728, 57.089294 ], [ -2.883108, 57.089778 ], [ -2.882574, 57.09043 ], [ -2.882697, 57.090785 ], [ -2.883268, 57.091283 ], [ -2.883429, 57.091936 ], [ -2.882218, 57.093733 ], [ -2.879607, 57.097248 ], [ -2.879257, 57.097775 ], [ -2.879098, 57.098938 ], [ -2.878635, 57.099991 ], [ -2.878591, 57.100295 ], [ -2.8784, 57.100562 ], [ -2.878194, 57.101065 ], [ -2.877446, 57.101843 ], [ -2.876763, 57.102333 ], [ -2.876403, 57.102426 ], [ -2.876241, 57.102619 ], [ -2.876193, 57.10276 ], [ -2.876472, 57.103164 ], [ -2.877669, 57.103822 ], [ -2.87788, 57.104001 ], [ -2.877383, 57.10445 ], [ -2.87708, 57.104779 ], [ -2.877041, 57.104898 ], [ -2.87714, 57.105145 ], [ -2.877437, 57.105403 ], [ -2.877683, 57.105734 ], [ -2.877914, 57.105845 ], [ -2.877999, 57.105951 ], [ -2.879622, 57.106183 ], [ -2.880095, 57.106033 ], [ -2.880489, 57.106024 ], [ -2.881226, 57.106098 ], [ -2.88215, 57.106142 ], [ -2.883242, 57.106298 ], [ -2.884263, 57.10618 ], [ -2.886789, 57.106242 ], [ -2.887561, 57.106156 ], [ -2.887512, 57.1072 ], [ -2.889393, 57.108771 ], [ -2.890823, 57.110034 ], [ -2.891079, 57.109922 ], [ -2.893093, 57.109366 ], [ -2.89557, 57.108175 ], [ -2.896676, 57.107415 ], [ -2.897146, 57.107031 ], [ -2.898131, 57.106633 ], [ -2.899268, 57.106374 ], [ -2.900667, 57.106334 ], [ -2.909051, 57.106303 ], [ -2.910191, 57.106205 ], [ -2.910722, 57.10606 ], [ -2.910988, 57.106231 ], [ -2.911413, 57.106424 ], [ -2.912235, 57.106969 ], [ -2.912377, 57.106968 ], [ -2.913011, 57.107078 ], [ -2.913956, 57.107376 ], [ -2.915561, 57.107721 ], [ -2.916997, 57.10816 ], [ -2.917287, 57.108344 ], [ -2.920117, 57.110946 ], [ -2.922072, 57.113864 ], [ -2.923134, 57.114151 ], [ -2.924101, 57.11405 ], [ -2.924701, 57.114092 ], [ -2.925334, 57.114305 ], [ -2.926309, 57.114214 ], [ -2.926411, 57.114241 ], [ -2.930364, 57.114173 ], [ -2.930817, 57.114182 ], [ -2.931084, 57.114247 ], [ -2.932935, 57.115624 ], [ -2.934232, 57.116514 ], [ -2.935741, 57.117791 ], [ -2.936394, 57.118194 ], [ -2.93635, 57.118218 ], [ -2.937333, 57.118579 ], [ -2.937754, 57.11882 ], [ -2.938202, 57.119762 ], [ -2.938442, 57.119722 ], [ -2.938619, 57.119724 ], [ -2.94009, 57.120167 ], [ -2.940262, 57.120196 ], [ -2.943023, 57.12041 ], [ -2.944845, 57.120762 ], [ -2.945099, 57.12088 ], [ -2.946566, 57.12212 ], [ -2.94687, 57.122266 ], [ -2.947218, 57.122368 ], [ -2.948044, 57.122492 ], [ -2.949385, 57.122558 ], [ -2.952156, 57.122283 ], [ -2.952973, 57.122085 ], [ -2.953639, 57.122035 ], [ -2.954677, 57.12202 ], [ -2.956379, 57.122206 ], [ -2.956823, 57.122353 ], [ -2.957049, 57.122386 ], [ -2.958052, 57.122365 ], [ -2.958717, 57.122306 ], [ -2.959658, 57.12236 ], [ -2.960464, 57.122294 ], [ -2.961394, 57.122458 ], [ -2.961448, 57.122418 ], [ -2.96356, 57.122877 ], [ -2.965149, 57.123152 ], [ -2.966309, 57.123251 ], [ -2.966623, 57.123262 ], [ -2.966727, 57.123242 ], [ -2.967085, 57.12332 ], [ -2.967631, 57.123358 ], [ -2.967856, 57.12335 ], [ -2.968048, 57.123243 ], [ -2.968155, 57.123283 ], [ -2.968565, 57.123112 ], [ -2.968866, 57.123026 ], [ -2.969634, 57.123071 ], [ -2.97059, 57.122883 ], [ -2.97124, 57.122839 ], [ -2.971397, 57.122867 ], [ -2.971352, 57.122904 ], [ -2.971723, 57.123022 ], [ -2.971705, 57.123051 ], [ -2.9718, 57.123156 ], [ -2.972369, 57.123719 ], [ -2.973609, 57.124635 ], [ -2.97399, 57.125059 ], [ -2.974588, 57.125913 ], [ -2.974784, 57.126115 ], [ -2.975623, 57.126355 ], [ -2.976276, 57.12668 ], [ -2.97693, 57.127061 ], [ -2.97749, 57.127295 ], [ -2.977564, 57.127271 ], [ -2.977973, 57.127395 ], [ -2.978539, 57.127694 ], [ -2.978806, 57.127754 ], [ -2.978984, 57.127884 ], [ -2.97951, 57.128042 ], [ -2.97974, 57.12816 ], [ -2.979985, 57.128388 ], [ -2.980365, 57.128481 ], [ -2.980399, 57.128559 ], [ -2.980514, 57.128591 ], [ -2.98098, 57.128829 ], [ -2.98118, 57.128973 ], [ -2.981432, 57.129076 ], [ -2.984566, 57.129696 ], [ -2.985251, 57.12969 ], [ -2.985349, 57.129659 ], [ -2.985734, 57.129702 ], [ -2.98636, 57.129564 ], [ -2.986464, 57.129569 ], [ -2.986887, 57.129417 ], [ -2.987142, 57.129402 ], [ -2.987255, 57.129331 ], [ -2.9874, 57.129362 ], [ -2.98753, 57.129298 ], [ -2.987896, 57.129271 ], [ -2.988086, 57.129204 ], [ -2.988499, 57.129124 ], [ -2.988807, 57.129177 ], [ -2.989173, 57.12912 ], [ -2.989444, 57.129157 ], [ -2.989757, 57.129136 ], [ -2.989942, 57.129157 ], [ -2.990387, 57.129051 ], [ -2.990929, 57.129001 ], [ -2.991086, 57.128947 ], [ -2.991533, 57.128878 ], [ -2.992354, 57.128832 ], [ -2.992639, 57.12872 ], [ -2.993088, 57.128694 ], [ -2.994069, 57.128336 ], [ -2.994514, 57.128301 ], [ -2.994843, 57.128222 ], [ -2.995032, 57.128216 ], [ -2.995212, 57.128147 ], [ -2.995576, 57.128153 ], [ -2.995879, 57.128079 ], [ -2.996275, 57.12804 ], [ -2.996622, 57.128051 ], [ -2.996869, 57.128026 ], [ -2.99767, 57.127728 ], [ -2.997841, 57.127614 ], [ -2.998365, 57.127444 ], [ -2.998845, 57.127175 ], [ -2.999076, 57.127151 ], [ -2.999617, 57.12703 ], [ -2.999796, 57.126929 ], [ -2.99986, 57.126848 ], [ -3.000056, 57.126757 ], [ -3.000102, 57.126626 ], [ -3.000383, 57.126332 ], [ -3.001057, 57.126214 ], [ -3.001497, 57.125995 ], [ -3.002367, 57.125658 ], [ -3.003809, 57.127345 ], [ -3.004475, 57.127692 ], [ -3.004943, 57.128021 ], [ -3.005735, 57.128217 ], [ -3.006334, 57.128557 ], [ -3.006671, 57.128887 ], [ -3.007033, 57.129336 ], [ -3.007572, 57.129866 ], [ -3.004285, 57.134514 ], [ -3.004179, 57.136355 ], [ -3.003473, 57.137135 ], [ -3.003085, 57.137475 ], [ -3.002606, 57.13782 ], [ -3.001877, 57.13824 ], [ -3.00145, 57.138686 ], [ -3.000396, 57.140109 ], [ -3.000065, 57.140801 ], [ -2.999851, 57.141777 ], [ -2.999137, 57.142864 ], [ -2.998292, 57.143964 ], [ -2.997302, 57.144543 ], [ -2.995378, 57.145378 ], [ -2.992349, 57.146567 ], [ -2.990059, 57.147583 ], [ -2.988386, 57.148785 ], [ -2.985903, 57.149993 ], [ -2.984678, 57.150775 ], [ -2.981922, 57.152413 ], [ -2.97998, 57.153379 ], [ -2.97895, 57.154135 ], [ -2.978171, 57.154462 ], [ -2.97773, 57.155131 ], [ -2.977653, 57.155548 ], [ -2.977236, 57.156323 ], [ -2.977267, 57.156656 ], [ -2.976862, 57.157895 ], [ -2.976608, 57.15987 ], [ -2.975658, 57.161161 ], [ -2.973429, 57.161249 ], [ -2.972404, 57.161364 ], [ -2.97149, 57.161526 ], [ -2.970926, 57.161721 ], [ -2.969862, 57.16199 ], [ -2.968367, 57.162572 ], [ -2.966446, 57.16355 ], [ -2.965688, 57.163981 ], [ -2.965533, 57.163995 ], [ -2.964781, 57.16394 ], [ -2.964025, 57.164046 ], [ -2.963069, 57.164106 ], [ -2.962666, 57.164173 ], [ -2.96233, 57.164279 ], [ -2.96182, 57.164487 ], [ -2.961648, 57.164653 ], [ -2.961322, 57.165443 ], [ -2.961122, 57.165775 ], [ -2.960636, 57.166002 ], [ -2.959636, 57.166613 ], [ -2.959398, 57.166704 ], [ -2.957872, 57.167003 ], [ -2.956486, 57.16711 ], [ -2.955129, 57.167475 ], [ -2.953735, 57.167711 ], [ -2.951332, 57.167848 ], [ -2.948382, 57.167954 ], [ -2.944108, 57.168497 ], [ -2.940664, 57.168999 ], [ -2.940277, 57.169263 ], [ -2.940587, 57.169602 ], [ -2.94061, 57.169729 ], [ -2.940544, 57.16981 ], [ -2.9405, 57.170024 ], [ -2.940482, 57.170461 ], [ -2.940494, 57.171352 ], [ -2.940593, 57.171751 ], [ -2.940577, 57.171906 ], [ -2.941208, 57.172755 ], [ -2.941409, 57.173735 ], [ -2.941385, 57.174316 ], [ -2.941623, 57.174821 ], [ -2.941677, 57.17537 ], [ -2.941772, 57.175652 ], [ -2.941761, 57.175999 ], [ -2.941881, 57.176073 ], [ -2.941978, 57.176797 ], [ -2.942165, 57.17718 ], [ -2.942279, 57.178987 ], [ -2.942256, 57.17998 ], [ -2.942322, 57.180646 ], [ -2.944017, 57.181279 ], [ -2.949112, 57.182702 ], [ -2.954145, 57.186077 ], [ -2.956078, 57.187006 ], [ -2.955264, 57.18873 ], [ -2.956984, 57.191335 ], [ -2.957311, 57.192734 ], [ -2.958348, 57.193717 ], [ -2.958477, 57.194206 ], [ -2.958066, 57.1944 ], [ -2.956849, 57.194742 ], [ -2.955592, 57.195415 ], [ -2.954462, 57.196161 ], [ -2.951045, 57.197561 ], [ -2.949926, 57.198564 ], [ -2.949251, 57.19945 ], [ -2.949737, 57.200446 ], [ -2.950444, 57.201065 ], [ -2.951381, 57.201683 ], [ -2.954173, 57.202787 ], [ -2.955564, 57.203643 ], [ -2.955661, 57.20348 ], [ -2.956773, 57.204086 ], [ -2.961719, 57.205243 ], [ -2.96298, 57.205352 ], [ -2.963675, 57.205449 ], [ -2.964251, 57.205574 ], [ -2.964722, 57.205582 ], [ -2.965465, 57.20567 ], [ -2.965958, 57.205672 ], [ -2.968184, 57.205781 ], [ -2.968874, 57.205876 ], [ -2.973049, 57.206671 ], [ -2.973317, 57.206763 ], [ -2.974294, 57.206858 ], [ -2.97545, 57.207514 ], [ -2.977269, 57.208415 ], [ -2.978731, 57.209034 ], [ -2.980201, 57.209949 ], [ -2.981398, 57.21051 ], [ -2.983051, 57.210866 ], [ -2.983735, 57.211063 ], [ -2.981685, 57.21222 ], [ -2.979323, 57.214856 ], [ -2.978902, 57.215501 ], [ -2.977092, 57.217042 ], [ -2.976228, 57.217928 ], [ -2.97589, 57.21796 ], [ -2.975161, 57.218584 ], [ -2.975152, 57.219487 ], [ -2.974781, 57.221196 ], [ -2.974883, 57.221747 ], [ -2.975704, 57.222555 ], [ -2.976504, 57.224362 ], [ -2.977939, 57.226351 ], [ -2.979622, 57.228963 ], [ -2.981706, 57.230906 ], [ -2.982864, 57.231442 ], [ -2.984142, 57.232127 ], [ -2.986886, 57.233887 ], [ -2.986997, 57.234358 ], [ -2.991636, 57.238015 ], [ -2.993314, 57.238675 ], [ -2.995405, 57.239389 ], [ -2.99739, 57.240259 ], [ -3.000777, 57.241492 ], [ -3.00429, 57.242694 ], [ -3.005958, 57.243486 ], [ -3.007727, 57.244787 ], [ -3.009105, 57.245559 ], [ -3.009608, 57.245759 ], [ -3.010767, 57.246429 ], [ -3.011079, 57.246675 ], [ -3.013462, 57.247204 ], [ -3.014159, 57.247455 ], [ -3.014697, 57.24776 ], [ -3.015084, 57.248109 ], [ -3.015139, 57.248352 ], [ -3.015663, 57.248714 ], [ -3.015844, 57.248882 ], [ -3.016603, 57.249333 ], [ -3.017054, 57.24966 ], [ -3.017132, 57.249877 ], [ -3.018051, 57.250879 ], [ -3.018808, 57.251543 ], [ -3.019363, 57.252148 ], [ -3.018989, 57.255396 ], [ -3.019152, 57.257323 ], [ -3.019058, 57.259858 ], [ -3.018884, 57.26128 ], [ -3.018903, 57.261404 ], [ -3.019075, 57.261689 ], [ -3.024774, 57.262736 ], [ -3.025282, 57.262868 ], [ -3.026083, 57.263287 ], [ -3.026367, 57.263361 ], [ -3.026647, 57.263579 ], [ -3.026932, 57.263689 ], [ -3.027097, 57.263957 ], [ -3.027442, 57.264134 ], [ -3.027614, 57.264384 ], [ -3.027669, 57.264568 ], [ -3.027796, 57.264643 ], [ -3.027988, 57.264691 ], [ -3.028001, 57.264884 ], [ -3.028262, 57.264999 ], [ -3.0282, 57.265152 ], [ -3.028226, 57.265201 ], [ -3.028511, 57.265333 ], [ -3.02858, 57.2654 ], [ -3.028656, 57.265745 ], [ -3.028645, 57.265975 ], [ -3.028788, 57.26605 ], [ -3.028806, 57.266095 ], [ -3.028718, 57.266199 ], [ -3.028736, 57.266252 ], [ -3.029071, 57.266362 ], [ -3.029201, 57.266585 ], [ -3.029206, 57.266756 ], [ -3.029566, 57.266874 ], [ -3.029735, 57.266994 ], [ -3.029745, 57.267057 ], [ -3.029595, 57.267332 ], [ -3.02975, 57.267524 ], [ -3.029762, 57.267677 ], [ -3.029708, 57.267794 ], [ -3.029803, 57.267955 ], [ -3.029586, 57.268204 ], [ -3.029597, 57.268276 ], [ -3.029699, 57.268374 ], [ -3.029603, 57.268496 ], [ -3.029644, 57.268535 ], [ -3.029845, 57.268566 ], [ -3.030049, 57.268726 ], [ -3.029877, 57.269122 ], [ -3.030003, 57.269166 ], [ -3.030236, 57.269191 ], [ -3.030329, 57.269253 ], [ -3.030324, 57.26937 ], [ -3.030449, 57.269715 ], [ -3.030313, 57.269864 ], [ -3.030424, 57.26998 ], [ -3.030221, 57.270139 ], [ -3.030397, 57.270205 ], [ -3.030644, 57.270459 ], [ -3.030548, 57.270586 ], [ -3.030369, 57.270695 ], [ -3.030315, 57.270843 ], [ -3.030209, 57.270916 ], [ -3.03041, 57.270995 ], [ -3.030496, 57.271076 ], [ -3.030618, 57.271317 ], [ -3.030597, 57.271448 ], [ -3.030817, 57.27158 ], [ -3.030905, 57.271777 ], [ -3.031224, 57.271932 ], [ -3.031289, 57.27217 ], [ -3.031416, 57.272272 ], [ -3.031306, 57.272488 ], [ -3.031381, 57.272497 ], [ -3.031578, 57.272428 ], [ -3.031687, 57.272454 ], [ -3.031677, 57.272683 ], [ -3.031884, 57.272686 ], [ -3.032165, 57.272643 ], [ -3.032208, 57.272701 ], [ -3.032118, 57.27276 ], [ -3.032088, 57.272859 ], [ -3.032137, 57.272947 ], [ -3.032707, 57.273052 ], [ -3.032984, 57.273166 ], [ -3.033325, 57.273222 ], [ -3.033363, 57.273406 ], [ -3.033582, 57.273525 ], [ -3.033741, 57.27356 ], [ -3.034342, 57.273407 ], [ -3.034441, 57.273406 ], [ -3.034471, 57.273585 ], [ -3.03454, 57.273683 ], [ -3.034691, 57.273727 ], [ -3.034923, 57.273739 ], [ -3.034794, 57.273875 ], [ -3.034813, 57.273937 ], [ -3.035185, 57.273898 ], [ -3.035352, 57.273937 ], [ -3.035578, 57.274025 ], [ -3.03584, 57.274212 ], [ -3.036039, 57.274201 ], [ -3.036189, 57.274236 ], [ -3.036904, 57.274293 ], [ -3.037021, 57.274332 ], [ -3.037346, 57.27437 ], [ -3.037569, 57.274332 ], [ -3.037677, 57.274354 ], [ -3.037906, 57.274518 ], [ -3.038013, 57.2748 ], [ -3.038137, 57.274799 ], [ -3.038372, 57.274892 ], [ -3.038425, 57.274994 ], [ -3.0385, 57.275025 ], [ -3.038842, 57.275072 ], [ -3.038993, 57.275142 ], [ -3.039231, 57.275666 ], [ -3.03946, 57.275817 ], [ -3.039456, 57.275988 ], [ -3.039548, 57.276014 ], [ -3.039738, 57.275972 ], [ -3.03989, 57.276065 ], [ -3.039887, 57.276285 ], [ -3.039782, 57.27638 ], [ -3.039991, 57.276432 ], [ -3.040131, 57.276687 ], [ -3.04043, 57.276875 ], [ -3.040513, 57.276994 ], [ -3.040823, 57.277131 ], [ -3.040869, 57.277278 ], [ -3.040961, 57.277314 ], [ -3.041101, 57.277268 ], [ -3.041201, 57.277285 ], [ -3.041243, 57.27732 ], [ -3.041214, 57.277451 ], [ -3.041465, 57.277543 ], [ -3.041605, 57.277798 ], [ -3.041698, 57.277842 ], [ -3.041973, 57.277898 ], [ -3.042652, 57.278171 ], [ -3.04281, 57.278183 ], [ -3.043174, 57.278144 ], [ -3.043366, 57.278192 ], [ -3.04346, 57.27856 ], [ -3.04373, 57.278764 ], [ -3.043818, 57.278777 ], [ -3.04393, 57.278727 ], [ -3.044064, 57.27851 ], [ -3.044327, 57.27844 ], [ -3.044749, 57.278118 ], [ -3.04489, 57.278121 ], [ -3.04482, 57.278279 ], [ -3.044854, 57.278323 ], [ -3.045038, 57.278362 ], [ -3.045171, 57.278357 ], [ -3.045342, 57.278274 ], [ -3.045592, 57.278016 ], [ -3.045781, 57.277956 ], [ -3.046047, 57.277959 ], [ -3.046061, 57.277882 ], [ -3.045871, 57.277623 ], [ -3.045894, 57.277538 ], [ -3.046314, 57.277435 ], [ -3.046926, 57.277394 ], [ -3.047256, 57.277329 ], [ -3.047541, 57.277142 ], [ -3.047632, 57.276858 ], [ -3.048199, 57.276935 ], [ -3.048438, 57.276901 ], [ -3.048824, 57.276781 ], [ -3.049363, 57.276768 ], [ -3.049519, 57.276721 ], [ -3.049854, 57.27653 ], [ -3.050035, 57.276493 ], [ -3.050244, 57.276536 ], [ -3.050506, 57.276731 ], [ -3.050656, 57.276734 ], [ -3.051, 57.276574 ], [ -3.050984, 57.276305 ], [ -3.051276, 57.276109 ], [ -3.051416, 57.276063 ], [ -3.052069, 57.275986 ], [ -3.052134, 57.275949 ], [ -3.052098, 57.275829 ], [ -3.052163, 57.275801 ], [ -3.052362, 57.275781 ], [ -3.052686, 57.27581 ], [ -3.053039, 57.275672 ], [ -3.053128, 57.275622 ], [ -3.053143, 57.275568 ], [ -3.05294, 57.275422 ], [ -3.052979, 57.275341 ], [ -3.053095, 57.275328 ], [ -3.053213, 57.275388 ], [ -3.053661, 57.275407 ], [ -3.053787, 57.275446 ], [ -3.053853, 57.275432 ], [ -3.053934, 57.275364 ], [ -3.053962, 57.27518 ], [ -3.054051, 57.275129 ], [ -3.05452, 57.275283 ], [ -3.054858, 57.2755 ], [ -3.054986, 57.275899 ], [ -3.055045, 57.275948 ], [ -3.055286, 57.275968 ], [ -3.055662, 57.276059 ], [ -3.057083, 57.276168 ], [ -3.057452, 57.2763 ], [ -3.05794, 57.27626 ], [ -3.058273, 57.276311 ], [ -3.058602, 57.276232 ], [ -3.059104, 57.276367 ], [ -3.059277, 57.276339 ], [ -3.059563, 57.276193 ], [ -3.059687, 57.276182 ], [ -3.060076, 57.276422 ], [ -3.060128, 57.276516 ], [ -3.060099, 57.276642 ], [ -3.060199, 57.27669 ], [ -3.060669, 57.276596 ], [ -3.06155, 57.276647 ], [ -3.061836, 57.27678 ], [ -3.06196, 57.27677 ], [ -3.062073, 57.276661 ], [ -3.062407, 57.276757 ], [ -3.062598, 57.276764 ], [ -3.062784, 57.276601 ], [ -3.063131, 57.276549 ], [ -3.063714, 57.27662 ], [ -3.063974, 57.276753 ], [ -3.064265, 57.276759 ], [ -3.064372, 57.276736 ], [ -3.06456, 57.276631 ], [ -3.064676, 57.276634 ], [ -3.064761, 57.27671 ], [ -3.064715, 57.276827 ], [ -3.064841, 57.276894 ], [ -3.064999, 57.276897 ], [ -3.06527, 57.276818 ], [ -3.065448, 57.276951 ], [ -3.065873, 57.277033 ], [ -3.066083, 57.277108 ], [ -3.06606, 57.277166 ], [ -3.065863, 57.277244 ], [ -3.065908, 57.277361 ], [ -3.066174, 57.277408 ], [ -3.066737, 57.277637 ], [ -3.066838, 57.277703 ], [ -3.066865, 57.277775 ], [ -3.066735, 57.277857 ], [ -3.067122, 57.278073 ], [ -3.067099, 57.278141 ], [ -3.066545, 57.278483 ], [ -3.06643, 57.278807 ], [ -3.066063, 57.279003 ], [ -3.066075, 57.279124 ], [ -3.066346, 57.27932 ], [ -3.066389, 57.279391 ], [ -3.066333, 57.279455 ], [ -3.066078, 57.279511 ], [ -3.066014, 57.279592 ], [ -3.066082, 57.279654 ], [ -3.06624, 57.27968 ], [ -3.06646, 57.280054 ], [ -3.066676, 57.280134 ], [ -3.067065, 57.280387 ], [ -3.067011, 57.280527 ], [ -3.067146, 57.280549 ], [ -3.067321, 57.280646 ], [ -3.067948, 57.280532 ], [ -3.068078, 57.280437 ], [ -3.068202, 57.280413 ], [ -3.068386, 57.280466 ], [ -3.068572, 57.280581 ], [ -3.068739, 57.28062 ], [ -3.068863, 57.280605 ], [ -3.068969, 57.280537 ], [ -3.069209, 57.280545 ], [ -3.06933, 57.280709 ], [ -3.069691, 57.280868 ], [ -3.070026, 57.281238 ], [ -3.070469, 57.281369 ], [ -3.07068, 57.281493 ], [ -3.070839, 57.281541 ], [ -3.071039, 57.28158 ], [ -3.071271, 57.281582 ], [ -3.071662, 57.281692 ], [ -3.072094, 57.281652 ], [ -3.072338, 57.281785 ], [ -3.072782, 57.281897 ], [ -3.073106, 57.28193 ], [ -3.073241, 57.281988 ], [ -3.073397, 57.281937 ], [ -3.073713, 57.281988 ], [ -3.07416, 57.281935 ], [ -3.074398, 57.281852 ], [ -3.074475, 57.281658 ], [ -3.074565, 57.281617 ], [ -3.074489, 57.281568 ], [ -3.074496, 57.281519 ], [ -3.074637, 57.281531 ], [ -3.074718, 57.281458 ], [ -3.075196, 57.281338 ], [ -3.075453, 57.281335 ], [ -3.075659, 57.281293 ], [ -3.075941, 57.281313 ], [ -3.076886, 57.281 ], [ -3.077552, 57.281075 ], [ -3.077802, 57.281145 ], [ -3.077996, 57.281255 ], [ -3.078163, 57.281272 ], [ -3.078519, 57.281246 ], [ -3.078716, 57.281191 ], [ -3.078989, 57.281175 ], [ -3.079212, 57.281119 ], [ -3.080151, 57.281201 ], [ -3.080557, 57.281179 ], [ -3.080813, 57.281128 ], [ -3.081195, 57.281151 ], [ -3.081573, 57.281328 ], [ -3.081642, 57.281417 ], [ -3.081825, 57.28142 ], [ -3.081902, 57.281514 ], [ -3.082011, 57.281535 ], [ -3.082233, 57.281497 ], [ -3.082607, 57.281508 ], [ -3.082945, 57.281433 ], [ -3.083185, 57.281413 ], [ -3.083462, 57.281258 ], [ -3.083785, 57.281132 ], [ -3.084422, 57.281066 ], [ -3.085569, 57.28127 ], [ -3.086073, 57.281236 ], [ -3.086946, 57.281098 ], [ -3.087835, 57.28109 ], [ -3.088968, 57.281199 ], [ -3.089753, 57.281412 ], [ -3.089977, 57.281547 ], [ -3.089979, 57.281992 ], [ -3.090366, 57.282476 ], [ -3.092396, 57.284307 ], [ -3.095109, 57.282928 ], [ -3.095838, 57.282708 ], [ -3.097135, 57.282417 ], [ -3.098136, 57.282147 ], [ -3.099751, 57.281854 ], [ -3.101124, 57.281527 ], [ -3.102223, 57.28122 ], [ -3.102341, 57.281142 ], [ -3.103182, 57.27991 ], [ -3.103788, 57.278895 ], [ -3.104182, 57.278481 ], [ -3.104671, 57.278322 ], [ -3.10562, 57.278136 ], [ -3.106188, 57.278071 ], [ -3.107954, 57.278044 ], [ -3.10849, 57.277986 ], [ -3.108773, 57.277912 ], [ -3.109724, 57.27744 ], [ -3.11022, 57.277151 ], [ -3.1109, 57.277525 ], [ -3.112211, 57.278434 ], [ -3.113295, 57.279084 ], [ -3.115011, 57.280305 ], [ -3.115379, 57.280528 ], [ -3.119221, 57.28167 ], [ -3.119977, 57.281271 ], [ -3.122011, 57.280314 ], [ -3.126762, 57.278899 ], [ -3.126977, 57.278742 ], [ -3.127303, 57.278276 ], [ -3.127713, 57.277328 ], [ -3.128423, 57.276151 ], [ -3.136578, 57.277717 ], [ -3.137625, 57.277856 ], [ -3.141077, 57.27811 ], [ -3.143619, 57.277986 ], [ -3.14272, 57.280119 ], [ -3.142667, 57.281949 ], [ -3.142788, 57.283755 ], [ -3.143563, 57.285364 ], [ -3.146173, 57.286742 ], [ -3.150448, 57.287999 ], [ -3.151546, 57.288702 ], [ -3.153217, 57.289518 ], [ -3.159401, 57.29002 ], [ -3.16613, 57.291286 ], [ -3.168525, 57.291873 ], [ -3.170163, 57.292309 ], [ -3.172173, 57.294097 ], [ -3.173434, 57.295083 ], [ -3.178266, 57.295858 ], [ -3.180353, 57.295874 ], [ -3.182884, 57.295696 ], [ -3.182367, 57.296506 ], [ -3.181929, 57.296919 ], [ -3.181815, 57.297205 ], [ -3.181843, 57.297324 ], [ -3.181254, 57.297654 ], [ -3.181274, 57.297756 ], [ -3.181485, 57.297937 ], [ -3.18156, 57.298487 ], [ -3.181665, 57.298695 ], [ -3.182232, 57.298952 ], [ -3.18227, 57.299121 ], [ -3.182193, 57.299255 ], [ -3.1822, 57.2995 ], [ -3.18233, 57.299698 ], [ -3.182554, 57.299759 ], [ -3.182943, 57.300102 ], [ -3.182842, 57.300307 ], [ -3.182885, 57.300596 ], [ -3.182847, 57.300716 ], [ -3.182729, 57.300855 ], [ -3.182741, 57.300997 ], [ -3.182942, 57.30112 ], [ -3.183107, 57.30114 ], [ -3.183285, 57.301041 ], [ -3.183434, 57.30108 ], [ -3.183952, 57.301622 ], [ -3.183921, 57.301911 ], [ -3.184132, 57.302096 ], [ -3.184669, 57.302206 ], [ -3.185143, 57.302371 ], [ -3.185261, 57.302463 ], [ -3.1854, 57.302706 ], [ -3.185566, 57.302762 ], [ -3.18604, 57.302669 ], [ -3.186313, 57.302729 ], [ -3.186275, 57.303094 ], [ -3.186313, 57.303249 ], [ -3.186571, 57.303371 ], [ -3.186745, 57.303405 ], [ -3.186949, 57.30335 ], [ -3.187303, 57.303124 ], [ -3.187459, 57.303127 ], [ -3.188035, 57.303401 ], [ -3.188055, 57.303779 ], [ -3.188147, 57.303836 ], [ -3.188551, 57.303863 ], [ -3.188676, 57.303929 ], [ -3.188888, 57.30414 ], [ -3.18922, 57.304248 ], [ -3.18955, 57.304281 ], [ -3.189757, 57.304346 ], [ -3.189852, 57.304478 ], [ -3.189901, 57.304713 ], [ -3.190042, 57.304783 ], [ -3.190199, 57.304782 ], [ -3.190433, 57.304659 ], [ -3.190906, 57.304548 ], [ -3.191741, 57.304465 ], [ -3.191881, 57.30449 ], [ -3.191951, 57.304623 ], [ -3.191852, 57.304859 ], [ -3.191984, 57.304867 ], [ -3.193125, 57.30458 ], [ -3.193329, 57.304552 ], [ -3.194011, 57.304554 ], [ -3.194946, 57.30427 ], [ -3.195152, 57.304272 ], [ -3.195463, 57.304496 ], [ -3.195544, 57.304473 ], [ -3.195825, 57.304257 ], [ -3.196126, 57.304165 ], [ -3.196314, 57.304154 ], [ -3.197032, 57.304254 ], [ -3.197391, 57.304175 ], [ -3.197658, 57.304039 ], [ -3.198374, 57.303566 ], [ -3.198581, 57.303132 ], [ -3.199173, 57.302882 ], [ -3.199511, 57.302683 ], [ -3.199668, 57.302455 ], [ -3.199892, 57.302275 ], [ -3.200113, 57.302233 ], [ -3.200781, 57.302325 ], [ -3.20086, 57.302217 ], [ -3.201818, 57.301897 ], [ -3.202148, 57.301942 ], [ -3.20237, 57.30194 ], [ -3.202866, 57.301784 ], [ -3.203165, 57.301644 ], [ -3.20384, 57.301686 ], [ -3.20425, 57.301642 ], [ -3.20448, 57.301653 ], [ -3.205158, 57.301789 ], [ -3.20547, 57.301786 ], [ -3.205689, 57.301713 ], [ -3.205854, 57.301471 ], [ -3.205966, 57.301395 ], [ -3.206284, 57.301311 ], [ -3.206424, 57.301315 ], [ -3.20716, 57.301481 ], [ -3.207647, 57.30153 ], [ -3.207975, 57.301522 ], [ -3.208518, 57.301294 ], [ -3.208821, 57.301283 ], [ -3.209069, 57.30132 ], [ -3.209375, 57.30138 ], [ -3.2095, 57.301445 ], [ -3.209906, 57.301312 ], [ -3.210198, 57.301176 ], [ -3.210724, 57.300691 ], [ -3.211746, 57.300067 ], [ -3.211781, 57.299876 ], [ -3.212003, 57.299611 ], [ -3.211955, 57.299425 ], [ -3.212013, 57.299171 ], [ -3.212204, 57.299009 ], [ -3.21276, 57.298933 ], [ -3.212971, 57.298842 ], [ -3.213191, 57.298795 ], [ -3.213602, 57.2988 ], [ -3.213716, 57.298772 ], [ -3.21431, 57.298353 ], [ -3.215181, 57.298118 ], [ -3.215488, 57.297951 ], [ -3.215762, 57.297561 ], [ -3.215868, 57.29752 ], [ -3.216352, 57.297515 ], [ -3.2169, 57.297443 ], [ -3.217085, 57.297335 ], [ -3.217304, 57.296986 ], [ -3.217645, 57.296876 ], [ -3.218004, 57.296806 ], [ -3.21865, 57.296973 ], [ -3.218946, 57.29697 ], [ -3.219412, 57.296908 ], [ -3.219858, 57.296735 ], [ -3.220211, 57.296478 ], [ -3.220158, 57.296367 ], [ -3.219841, 57.296232 ], [ -3.219471, 57.295974 ], [ -3.219502, 57.295915 ], [ -3.22043, 57.295906 ], [ -3.221225, 57.295859 ], [ -3.221492, 57.295745 ], [ -3.221573, 57.295451 ], [ -3.221645, 57.29541 ], [ -3.221996, 57.295335 ], [ -3.222397, 57.295296 ], [ -3.223556, 57.29556 ], [ -3.224206, 57.295603 ], [ -3.224722, 57.295558 ], [ -3.224983, 57.295493 ], [ -3.225388, 57.295338 ], [ -3.225804, 57.295258 ], [ -3.227422, 57.29526 ], [ -3.227911, 57.295385 ], [ -3.227996, 57.295468 ], [ -3.227992, 57.295615 ], [ -3.22816, 57.295707 ], [ -3.228441, 57.295775 ], [ -3.228959, 57.295783 ], [ -3.229154, 57.29571 ], [ -3.230156, 57.295727 ], [ -3.230637, 57.295874 ], [ -3.231386, 57.295929 ], [ -3.23218, 57.295827 ], [ -3.233331, 57.295625 ], [ -3.233552, 57.295618 ], [ -3.233999, 57.295703 ], [ -3.234793, 57.295628 ], [ -3.235065, 57.29567 ], [ -3.236411, 57.295635 ], [ -3.236634, 57.295677 ], [ -3.236685, 57.295734 ], [ -3.236697, 57.29585 ], [ -3.236533, 57.296074 ], [ -3.236724, 57.296383 ], [ -3.236983, 57.296527 ], [ -3.237272, 57.296573 ], [ -3.23769, 57.296542 ], [ -3.23803, 57.296637 ], [ -3.238281, 57.296786 ], [ -3.23821, 57.297115 ], [ -3.238232, 57.297266 ], [ -3.238383, 57.297367 ], [ -3.239274, 57.297234 ], [ -3.239324, 57.297282 ], [ -3.239432, 57.297294 ], [ -3.240131, 57.297812 ], [ -3.240556, 57.298004 ], [ -3.240976, 57.298044 ], [ -3.241567, 57.298038 ], [ -3.241698, 57.298015 ], [ -3.241931, 57.298106 ], [ -3.242112, 57.298122 ], [ -3.242993, 57.298655 ], [ -3.243107, 57.298872 ], [ -3.242957, 57.299056 ], [ -3.242961, 57.299189 ], [ -3.243057, 57.299348 ], [ -3.243825, 57.299456 ], [ -3.244828, 57.299744 ], [ -3.245948, 57.299818 ], [ -3.246353, 57.299889 ], [ -3.247389, 57.300186 ], [ -3.24771, 57.300183 ], [ -3.248052, 57.300117 ], [ -3.24836, 57.299989 ], [ -3.248978, 57.299814 ], [ -3.249273, 57.299771 ], [ -3.249495, 57.299787 ], [ -3.249553, 57.2998 ], [ -3.249718, 57.300074 ], [ -3.249936, 57.300196 ], [ -3.249973, 57.300325 ], [ -3.249898, 57.300539 ], [ -3.250404, 57.300916 ], [ -3.250609, 57.30091 ], [ -3.250783, 57.300952 ], [ -3.252146, 57.300948 ], [ -3.252563, 57.300886 ], [ -3.253205, 57.300666 ], [ -3.253565, 57.300636 ], [ -3.254297, 57.300655 ], [ -3.254835, 57.300547 ], [ -3.255108, 57.300353 ], [ -3.255194, 57.299997 ], [ -3.25592, 57.299109 ], [ -3.256888, 57.298846 ], [ -3.257166, 57.298826 ], [ -3.257579, 57.29887 ], [ -3.257772, 57.298989 ], [ -3.257814, 57.299282 ], [ -3.257944, 57.29948 ], [ -3.257983, 57.299636 ], [ -3.258183, 57.299745 ], [ -3.258906, 57.299978 ], [ -3.258992, 57.300079 ], [ -3.259318, 57.300249 ], [ -3.259965, 57.300429 ], [ -3.261127, 57.30056 ], [ -3.261961, 57.300454 ], [ -3.262225, 57.300478 ], [ -3.262902, 57.300831 ], [ -3.262972, 57.300955 ], [ -3.262988, 57.301173 ], [ -3.263107, 57.301274 ], [ -3.26355, 57.301496 ], [ -3.263702, 57.301619 ], [ -3.263748, 57.30201 ], [ -3.263886, 57.302208 ], [ -3.264062, 57.302296 ], [ -3.264324, 57.302511 ], [ -3.264902, 57.303101 ], [ -3.26594, 57.303664 ], [ -3.266605, 57.304111 ], [ -3.267493, 57.304613 ], [ -3.268631, 57.304997 ], [ -3.269026, 57.305247 ], [ -3.269129, 57.305411 ], [ -3.268845, 57.305729 ], [ -3.268785, 57.306121 ], [ -3.268368, 57.306405 ], [ -3.26837, 57.306485 ], [ -3.268269, 57.30665 ], [ -3.268294, 57.306881 ], [ -3.26885, 57.307298 ], [ -3.269175, 57.307442 ], [ -3.269948, 57.307614 ], [ -3.270294, 57.307662 ], [ -3.270919, 57.307966 ], [ -3.271613, 57.308128 ], [ -3.27179, 57.308126 ], [ -3.27199, 57.308169 ], [ -3.272468, 57.308153 ], [ -3.272964, 57.308018 ], [ -3.27311, 57.308005 ], [ -3.273361, 57.308054 ], [ -3.273774, 57.308224 ], [ -3.274489, 57.308409 ], [ -3.274745, 57.30857 ], [ -3.275185, 57.30896 ], [ -3.275844, 57.309929 ], [ -3.276178, 57.310231 ], [ -3.276387, 57.310533 ], [ -3.276726, 57.310705 ], [ -3.277588, 57.310921 ], [ -3.278066, 57.311165 ], [ -3.278614, 57.311932 ], [ -3.278718, 57.312247 ], [ -3.278804, 57.312325 ], [ -3.278842, 57.312505 ], [ -3.279203, 57.312704 ], [ -3.279731, 57.312896 ], [ -3.280191, 57.312931 ], [ -3.281249, 57.312785 ], [ -3.281935, 57.313026 ], [ -3.282714, 57.313238 ], [ -3.283102, 57.313313 ], [ -3.283552, 57.313354 ], [ -3.284217, 57.313285 ], [ -3.284742, 57.313099 ], [ -3.285446, 57.312957 ], [ -3.286945, 57.312919 ], [ -3.287656, 57.312968 ], [ -3.289501, 57.312955 ], [ -3.292037, 57.312443 ], [ -3.29304, 57.312213 ], [ -3.293555, 57.312061 ], [ -3.294624, 57.312202 ], [ -3.295303, 57.312257 ], [ -3.296339, 57.312078 ], [ -3.297166, 57.311883 ], [ -3.297509, 57.311851 ], [ -3.298678, 57.31189 ], [ -3.299052, 57.311863 ], [ -3.299684, 57.311755 ], [ -3.300039, 57.311752 ], [ -3.301614, 57.311792 ], [ -3.302275, 57.311909 ], [ -3.30269, 57.312147 ], [ -3.30275, 57.312389 ], [ -3.30169, 57.313951 ], [ -3.301575, 57.31424 ], [ -3.301907, 57.314485 ], [ -3.302487, 57.31466 ], [ -3.303228, 57.314686 ], [ -3.303851, 57.314916 ], [ -3.304183, 57.315155 ], [ -3.304253, 57.315386 ], [ -3.304145, 57.315562 ], [ -3.304467, 57.316399 ], [ -3.304601, 57.317255 ], [ -3.304823, 57.317636 ], [ -3.305046, 57.317735 ], [ -3.305568, 57.318057 ], [ -3.306423, 57.31837 ], [ -3.306878, 57.318557 ], [ -3.307038, 57.318657 ], [ -3.307126, 57.31878 ], [ -3.307089, 57.318899 ], [ -3.306879, 57.31916 ], [ -3.306883, 57.319267 ], [ -3.307065, 57.319694 ], [ -3.307292, 57.319934 ], [ -3.307327, 57.320036 ], [ -3.307224, 57.320956 ], [ -3.307286, 57.321226 ], [ -3.307264, 57.321486 ], [ -3.30715, 57.321797 ], [ -3.307148, 57.322034 ], [ -3.307745, 57.322417 ], [ -3.308042, 57.322549 ], [ -3.30861, 57.32269 ], [ -3.308792, 57.322818 ], [ -3.308902, 57.322992 ], [ -3.30921, 57.323147 ], [ -3.310683, 57.323808 ], [ -3.311851, 57.324117 ], [ -3.312264, 57.324282 ], [ -3.312752, 57.32452 ], [ -3.313095, 57.324764 ], [ -3.313354, 57.325027 ], [ -3.313368, 57.325134 ], [ -3.313408, 57.325066 ], [ -3.313507, 57.325211 ], [ -3.313311, 57.325574 ], [ -3.312579, 57.32609 ], [ -3.312489, 57.326209 ], [ -3.312544, 57.326293 ], [ -3.312494, 57.326356 ], [ -3.31289, 57.326927 ], [ -3.313168, 57.32711 ], [ -3.313321, 57.327306 ], [ -3.314003, 57.327722 ], [ -3.314395, 57.327893 ], [ -3.315805, 57.32825 ], [ -3.316304, 57.328482 ], [ -3.316753, 57.32881 ], [ -3.316939, 57.329056 ], [ -3.316436, 57.329276 ], [ -3.316349, 57.329446 ], [ -3.316586, 57.329957 ], [ -3.316627, 57.330515 ], [ -3.316857, 57.330839 ], [ -3.316994, 57.330878 ], [ -3.317462, 57.331121 ], [ -3.317872, 57.331207 ], [ -3.318362, 57.331202 ], [ -3.318869, 57.331377 ], [ -3.31937, 57.331693 ], [ -3.319551, 57.332368 ], [ -3.319779, 57.332625 ], [ -3.319805, 57.332772 ], [ -3.319564, 57.333028 ], [ -3.319239, 57.333274 ], [ -3.318919, 57.333356 ], [ -3.318837, 57.333408 ], [ -3.318722, 57.333398 ], [ -3.318623, 57.33354 ], [ -3.318671, 57.333714 ], [ -3.318499, 57.334162 ], [ -3.318485, 57.334641 ], [ -3.31872, 57.335096 ], [ -3.318829, 57.335219 ], [ -3.318729, 57.335355 ], [ -3.318693, 57.335513 ], [ -3.31854, 57.335611 ], [ -3.318494, 57.335775 ], [ -3.319025, 57.33604 ], [ -3.319139, 57.335999 ], [ -3.319654, 57.336124 ], [ -3.320008, 57.336385 ], [ -3.320578, 57.336582 ], [ -3.321324, 57.336727 ], [ -3.322686, 57.33691 ], [ -3.323458, 57.336913 ], [ -3.323786, 57.337022 ], [ -3.323908, 57.337224 ], [ -3.323911, 57.33732 ], [ -3.323716, 57.337705 ], [ -3.32383, 57.337952 ], [ -3.323783, 57.338697 ], [ -3.323694, 57.338823 ], [ -3.323781, 57.338918 ], [ -3.323719, 57.338929 ], [ -3.323703, 57.339071 ], [ -3.323789, 57.339149 ], [ -3.323705, 57.339426 ], [ -3.323623, 57.339461 ], [ -3.32363, 57.340239 ], [ -3.323743, 57.34048 ], [ -3.323961, 57.340721 ], [ -3.32428, 57.340892 ], [ -3.324915, 57.341151 ], [ -3.325525, 57.341279 ], [ -3.326087, 57.341539 ], [ -3.325939, 57.341777 ], [ -3.325664, 57.341961 ], [ -3.325437, 57.342036 ], [ -3.325011, 57.342086 ], [ -3.324868, 57.342172 ], [ -3.32472, 57.342399 ], [ -3.32476, 57.342653 ], [ -3.325706, 57.343432 ], [ -3.326653, 57.343924 ], [ -3.327245, 57.344155 ], [ -3.327914, 57.344475 ], [ -3.328927, 57.345068 ], [ -3.329091, 57.345275 ], [ -3.329178, 57.345663 ], [ -3.329128, 57.346301 ], [ -3.329435, 57.346439 ], [ -3.330079, 57.346646 ], [ -3.330412, 57.346908 ], [ -3.330903, 57.347202 ], [ -3.331376, 57.347592 ], [ -3.331706, 57.348068 ], [ -3.331597, 57.348796 ], [ -3.331438, 57.349024 ], [ -3.330972, 57.349412 ], [ -3.330843, 57.349588 ], [ -3.330878, 57.349977 ], [ -3.331118, 57.350274 ], [ -3.33143, 57.350535 ], [ -3.331834, 57.350734 ], [ -3.331957, 57.350947 ], [ -3.331775, 57.351118 ], [ -3.33152, 57.351279 ], [ -3.331756, 57.351457 ], [ -3.332533, 57.351883 ], [ -3.333711, 57.352418 ], [ -3.33416, 57.352729 ], [ -3.334543, 57.353199 ], [ -3.334723, 57.353563 ], [ -3.334785, 57.354127 ], [ -3.335055, 57.35466 ], [ -3.335267, 57.354753 ], [ -3.335927, 57.354814 ], [ -3.336226, 57.354709 ], [ -3.336222, 57.354309 ], [ -3.336689, 57.353977 ], [ -3.336707, 57.353892 ], [ -3.336908, 57.353676 ], [ -3.337229, 57.353018 ], [ -3.337753, 57.352527 ], [ -3.338207, 57.352376 ], [ -3.339497, 57.352255 ], [ -3.339998, 57.352272 ], [ -3.34041, 57.352397 ], [ -3.34048, 57.352605 ], [ -3.340889, 57.352939 ], [ -3.340577, 57.353541 ], [ -3.340655, 57.353686 ], [ -3.34107, 57.353896 ], [ -3.341468, 57.353954 ], [ -3.342459, 57.353932 ], [ -3.343731, 57.353631 ], [ -3.343823, 57.353574 ], [ -3.34455, 57.35347 ], [ -3.344663, 57.353412 ], [ -3.345938, 57.35319 ], [ -3.346324, 57.353175 ], [ -3.347301, 57.353068 ], [ -3.3487, 57.353087 ], [ -3.349339, 57.353159 ], [ -3.350774, 57.353584 ], [ -3.35131, 57.353685 ], [ -3.351701, 57.353811 ], [ -3.353407, 57.354238 ], [ -3.354765, 57.354838 ], [ -3.355032, 57.35501 ], [ -3.35513, 57.355128 ], [ -3.355029, 57.355219 ], [ -3.355019, 57.355507 ], [ -3.355134, 57.356087 ], [ -3.355786, 57.356773 ], [ -3.355988, 57.356873 ], [ -3.356269, 57.357135 ], [ -3.356664, 57.35739 ], [ -3.35812, 57.358091 ], [ -3.358986, 57.35864 ], [ -3.359291, 57.35871 ], [ -3.360223, 57.359066 ], [ -3.360289, 57.359156 ], [ -3.360405, 57.3592 ], [ -3.360869, 57.359319 ], [ -3.361058, 57.359069 ], [ -3.362088, 57.358132 ], [ -3.362054, 57.358065 ], [ -3.362434, 57.357615 ], [ -3.362777, 57.357307 ], [ -3.363126, 57.357134 ], [ -3.363101, 57.357033 ], [ -3.363192, 57.356958 ], [ -3.363859, 57.356635 ], [ -3.3645, 57.356194 ], [ -3.364853, 57.355857 ], [ -3.364847, 57.355711 ], [ -3.364989, 57.355315 ], [ -3.364982, 57.355123 ], [ -3.365167, 57.354771 ], [ -3.365383, 57.35412 ], [ -3.365283, 57.353664 ], [ -3.365256, 57.353241 ], [ -3.365017, 57.352703 ], [ -3.364867, 57.352591 ], [ -3.364842, 57.35249 ], [ -3.364305, 57.351797 ], [ -3.363762, 57.350652 ], [ -3.363907, 57.350052 ], [ -3.364039, 57.347998 ], [ -3.364226, 57.347398 ], [ -3.36478, 57.346602 ], [ -3.365478, 57.346013 ], [ -3.366078, 57.345595 ], [ -3.36667, 57.345239 ], [ -3.367102, 57.345071 ], [ -3.368064, 57.344846 ], [ -3.368781, 57.344765 ], [ -3.369282, 57.344759 ], [ -3.370374, 57.344945 ], [ -3.37077, 57.344946 ], [ -3.371211, 57.345015 ], [ -3.372296, 57.345296 ], [ -3.372403, 57.345368 ], [ -3.373075, 57.345485 ], [ -3.374027, 57.345559 ], [ -3.374804, 57.345686 ], [ -3.374739, 57.345602 ], [ -3.375352, 57.345551 ], [ -3.375985, 57.345442 ], [ -3.376802, 57.345264 ], [ -3.377008, 57.345188 ], [ -3.377228, 57.345225 ], [ -3.377209, 57.345254 ], [ -3.377375, 57.345246 ], [ -3.377797, 57.345078 ], [ -3.377942, 57.34506 ], [ -3.378082, 57.344906 ], [ -3.378318, 57.344779 ], [ -3.378536, 57.344749 ], [ -3.378658, 57.344668 ], [ -3.378656, 57.344617 ], [ -3.378833, 57.344616 ], [ -3.378884, 57.34457 ], [ -3.379029, 57.344551 ], [ -3.379513, 57.344388 ], [ -3.379619, 57.344415 ], [ -3.37996, 57.344327 ], [ -3.380045, 57.344095 ], [ -3.380229, 57.343997 ], [ -3.380425, 57.343156 ], [ -3.380719, 57.343145 ], [ -3.380876, 57.343083 ], [ -3.381124, 57.34313 ], [ -3.38129, 57.343114 ], [ -3.381605, 57.343182 ], [ -3.381957, 57.343175 ], [ -3.382112, 57.343231 ], [ -3.382368, 57.343131 ], [ -3.38249, 57.343209 ], [ -3.382692, 57.343271 ], [ -3.382884, 57.343233 ], [ -3.38307, 57.343238 ], [ -3.383186, 57.34333 ], [ -3.383287, 57.343351 ], [ -3.383444, 57.343277 ], [ -3.38353, 57.343273 ], [ -3.383591, 57.34329 ], [ -3.383586, 57.343358 ], [ -3.383662, 57.343419 ], [ -3.383775, 57.343425 ], [ -3.383885, 57.34333 ], [ -3.384037, 57.343314 ], [ -3.384108, 57.34327 ], [ -3.384436, 57.343313 ], [ -3.384672, 57.343397 ], [ -3.384757, 57.34354 ], [ -3.384907, 57.343635 ], [ -3.385126, 57.343636 ], [ -3.385248, 57.343685 ], [ -3.385455, 57.343705 ], [ -3.385584, 57.343771 ], [ -3.385977, 57.343807 ], [ -3.386232, 57.343941 ], [ -3.386403, 57.343989 ], [ -3.386945, 57.344028 ], [ -3.387348, 57.344154 ], [ -3.387487, 57.34431 ], [ -3.387881, 57.344409 ], [ -3.388224, 57.344459 ], [ -3.388703, 57.344615 ], [ -3.388995, 57.344621 ], [ -3.389197, 57.344695 ], [ -3.389951, 57.344875 ], [ -3.390469, 57.344955 ], [ -3.39058, 57.34503 ], [ -3.390791, 57.345104 ], [ -3.390921, 57.34526 ], [ -3.391248, 57.345337 ], [ -3.391456, 57.345344 ], [ -3.391651, 57.345436 ], [ -3.391901, 57.345456 ], [ -3.392126, 57.345705 ], [ -3.392547, 57.345844 ], [ -3.392906, 57.345903 ], [ -3.393033, 57.345955 ], [ -3.393208, 57.345953 ], [ -3.39341, 57.346037 ], [ -3.393463, 57.346112 ], [ -3.393731, 57.346168 ], [ -3.393877, 57.346305 ], [ -3.394236, 57.346337 ], [ -3.394683, 57.346292 ], [ -3.394816, 57.346308 ], [ -3.395155, 57.346466 ], [ -3.395472, 57.346503 ], [ -3.395607, 57.346551 ], [ -3.395731, 57.346761 ], [ -3.396001, 57.34687 ], [ -3.3965, 57.346887 ], [ -3.396786, 57.346974 ], [ -3.397001, 57.346949 ], [ -3.397197, 57.347082 ], [ -3.397481, 57.347119 ], [ -3.397701, 57.347224 ], [ -3.397914, 57.347154 ], [ -3.398073, 57.347162 ], [ -3.39832, 57.347325 ], [ -3.398721, 57.347402 ], [ -3.399283, 57.347737 ], [ -3.399492, 57.347779 ], [ -3.400008, 57.347796 ], [ -3.400518, 57.347894 ], [ -3.400893, 57.348136 ], [ -3.401238, 57.34824 ], [ -3.401745, 57.348473 ], [ -3.402163, 57.348536 ], [ -3.402553, 57.348747 ], [ -3.403053, 57.348773 ], [ -3.403288, 57.348829 ], [ -3.403389, 57.348877 ], [ -3.403512, 57.349046 ], [ -3.403656, 57.349125 ], [ -3.404167, 57.349223 ], [ -3.404869, 57.349534 ], [ -3.406184, 57.35004 ], [ -3.406888, 57.350199 ], [ -3.407614, 57.350267 ], [ -3.408128, 57.350459 ], [ -3.408504, 57.350509 ], [ -3.408815, 57.350604 ], [ -3.409132, 57.350632 ], [ -3.40936, 57.350742 ], [ -3.410073, 57.3509 ], [ -3.410973, 57.351186 ], [ -3.411591, 57.351274 ], [ -3.411871, 57.351414 ], [ -3.412422, 57.351475 ], [ -3.412775, 57.351597 ], [ -3.413084, 57.351621 ], [ -3.413749, 57.351838 ], [ -3.413926, 57.351912 ], [ -3.414259, 57.35215 ], [ -3.414666, 57.352358 ], [ -3.41533, 57.352974 ], [ -3.415609, 57.353317 ], [ -3.415999, 57.353519 ], [ -3.41622, 57.353719 ], [ -3.420501, 57.35691 ], [ -3.420508, 57.356861 ], [ -3.424357, 57.354376 ], [ -3.42474, 57.353789 ], [ -3.42552, 57.352288 ], [ -3.426004, 57.35105 ], [ -3.426751, 57.350955 ], [ -3.42713, 57.350943 ], [ -3.431431, 57.351046 ], [ -3.43275, 57.349068 ], [ -3.433614, 57.347831 ], [ -3.433661, 57.347835 ] ] ] ] } }
]
}
