{
"type": "FeatureCollection",
"name": "boundaries_administrative_-_loch_lomond_and_trossachs_national_park",
"xy_coordinate_resolution": 1e-06,
"features": [
{ "type": "Feature", "properties": { "gml_id": "National_Park_Boundary_383.1" }, "geometry": { "type": "MultiPolygon", "coordinates": [ [ [ [ -4.326439, 56.476708 ], [ -4.326444, 56.476779 ], [ -4.32665, 56.476785 ], [ -4.326653, 56.476698 ], [ -4.327441, 56.476661 ], [ -4.328282, 56.4767 ], [ -4.328611, 56.476677 ], [ -4.329067, 56.476535 ], [ -4.329479, 56.476462 ], [ -4.330353, 56.476469 ], [ -4.33057, 56.476535 ], [ -4.330569, 56.47665 ], [ -4.330751, 56.476652 ], [ -4.332672, 56.477181 ], [ -4.335754, 56.472728 ], [ -4.336383, 56.47199 ], [ -4.337342, 56.471763 ], [ -4.337746, 56.470637 ], [ -4.338017, 56.469467 ], [ -4.337635, 56.468832 ], [ -4.337176, 56.468365 ], [ -4.337094, 56.467725 ], [ -4.337312, 56.467079 ], [ -4.337172, 56.466892 ], [ -4.337635, 56.46674 ], [ -4.339072, 56.466519 ], [ -4.340497, 56.466139 ], [ -4.341408, 56.465575 ], [ -4.344571, 56.464748 ], [ -4.347099, 56.464385 ], [ -4.34788, 56.46434 ], [ -4.352406, 56.464427 ], [ -4.356204, 56.463511 ], [ -4.360366, 56.462665 ], [ -4.362398, 56.463349 ], [ -4.363211, 56.463555 ], [ -4.364453, 56.463983 ], [ -4.365855, 56.464303 ], [ -4.368575, 56.464649 ], [ -4.371254, 56.464437 ], [ -4.374047, 56.464455 ], [ -4.37728, 56.464632 ], [ -4.379664, 56.464068 ], [ -4.382316, 56.463349 ], [ -4.385212, 56.462669 ], [ -4.38784, 56.462217 ], [ -4.391273, 56.462419 ], [ -4.394662, 56.463178 ], [ -4.396392, 56.463813 ], [ -4.400706, 56.4652 ], [ -4.403326, 56.466602 ], [ -4.409, 56.467682 ], [ -4.410742, 56.46838 ], [ -4.411907, 56.468981 ], [ -4.41324, 56.469502 ], [ -4.416923, 56.470001 ], [ -4.418175, 56.470095 ], [ -4.42058, 56.470096 ], [ -4.42243, 56.470131 ], [ -4.425473, 56.47069 ], [ -4.426151, 56.469868 ], [ -4.425718, 56.469139 ], [ -4.427641, 56.468639 ], [ -4.42883, 56.467604 ], [ -4.429395, 56.467367 ], [ -4.43003, 56.466879 ], [ -4.430801, 56.466507 ], [ -4.433342, 56.465601 ], [ -4.433978, 56.465274 ], [ -4.435212, 56.46475 ], [ -4.435693, 56.464489 ], [ -4.436946, 56.463093 ], [ -4.437944, 56.463177 ], [ -4.438589, 56.463595 ], [ -4.440012, 56.463597 ], [ -4.44172, 56.463445 ], [ -4.443001, 56.462914 ], [ -4.443952, 56.462256 ], [ -4.445195, 56.461964 ], [ -4.446587, 56.461907 ], [ -4.446993, 56.461542 ], [ -4.447737, 56.461409 ], [ -4.449344, 56.460946 ], [ -4.450441, 56.460672 ], [ -4.450685, 56.461128 ], [ -4.450753, 56.461765 ], [ -4.450686, 56.462391 ], [ -4.450855, 56.463146 ], [ -4.450726, 56.464055 ], [ -4.451357, 56.464682 ], [ -4.452443, 56.465299 ], [ -4.452997, 56.465971 ], [ -4.453367, 56.466707 ], [ -4.453947, 56.466964 ], [ -4.454774, 56.466888 ], [ -4.456381, 56.466826 ], [ -4.457214, 56.467047 ], [ -4.459586, 56.466763 ], [ -4.460814, 56.466248 ], [ -4.461496, 56.466829 ], [ -4.462057, 56.467204 ], [ -4.462671, 56.467147 ], [ -4.465608, 56.467936 ], [ -4.46661, 56.468065 ], [ -4.467347, 56.467842 ], [ -4.468404, 56.467985 ], [ -4.47016, 56.467741 ], [ -4.471289, 56.467764 ], [ -4.471835, 56.467807 ], [ -4.472597, 56.467625 ], [ -4.47343, 56.467661 ], [ -4.474539, 56.466956 ], [ -4.475406, 56.466463 ], [ -4.476373, 56.466057 ], [ -4.476803, 56.465647 ], [ -4.476483, 56.465267 ], [ -4.476225, 56.464619 ], [ -4.477222, 56.464257 ], [ -4.478599, 56.463962 ], [ -4.479227, 56.463295 ], [ -4.480089, 56.462936 ], [ -4.482294, 56.462372 ], [ -4.484298, 56.462228 ], [ -4.4856, 56.461622 ], [ -4.487123, 56.461101 ], [ -4.487993, 56.460653 ], [ -4.489212, 56.460405 ], [ -4.49025, 56.460265 ], [ -4.492002, 56.459963 ], [ -4.493878, 56.459925 ], [ -4.495535, 56.460011 ], [ -4.49603, 56.459793 ], [ -4.496271, 56.459372 ], [ -4.507697, 56.458621 ], [ -4.50902, 56.458743 ], [ -4.510487, 56.459011 ], [ -4.512935, 56.459972 ], [ -4.514607, 56.460463 ], [ -4.51651, 56.460566 ], [ -4.517882, 56.46078 ], [ -4.519232, 56.461064 ], [ -4.520901, 56.461498 ], [ -4.521716, 56.461822 ], [ -4.523796, 56.461564 ], [ -4.526793, 56.460342 ], [ -4.527528, 56.459876 ], [ -4.528921, 56.459194 ], [ -4.530105, 56.457945 ], [ -4.530443, 56.457213 ], [ -4.530883, 56.456717 ], [ -4.531258, 56.456875 ], [ -4.532619, 56.457055 ], [ -4.534874, 56.456992 ], [ -4.536172, 56.457465 ], [ -4.537253, 56.457419 ], [ -4.538408, 56.457026 ], [ -4.539719, 56.456714 ], [ -4.540846, 56.456882 ], [ -4.541583, 56.456664 ], [ -4.54223, 56.456377 ], [ -4.543831, 56.456559 ], [ -4.547138, 56.45592 ], [ -4.547403, 56.455392 ], [ -4.546943, 56.454925 ], [ -4.545505, 56.454622 ], [ -4.544703, 56.454187 ], [ -4.542813, 56.453536 ], [ -4.541984, 56.452697 ], [ -4.542431, 56.451998 ], [ -4.543351, 56.45098 ], [ -4.547197, 56.450069 ], [ -4.549701, 56.448963 ], [ -4.551559, 56.448529 ], [ -4.553676, 56.448081 ], [ -4.554616, 56.447373 ], [ -4.554701, 56.446396 ], [ -4.556061, 56.446201 ], [ -4.557813, 56.445428 ], [ -4.562723, 56.445017 ], [ -4.564966, 56.444543 ], [ -4.565953, 56.444214 ], [ -4.567478, 56.44392 ], [ -4.5689, 56.443316 ], [ -4.569126, 56.442245 ], [ -4.570829, 56.441402 ], [ -4.570806, 56.440427 ], [ -4.572315, 56.439896 ], [ -4.574673, 56.439297 ], [ -4.575938, 56.438561 ], [ -4.577065, 56.438086 ], [ -4.578355, 56.437488 ], [ -4.579036, 56.436927 ], [ -4.580157, 56.436357 ], [ -4.579759, 56.435556 ], [ -4.57993, 56.434911 ], [ -4.580331, 56.434023 ], [ -4.580223, 56.433371 ], [ -4.580711, 56.432826 ], [ -4.581366, 56.432669 ], [ -4.582345, 56.432554 ], [ -4.583215, 56.432084 ], [ -4.584947, 56.43168 ], [ -4.586299, 56.431057 ], [ -4.587129, 56.430945 ], [ -4.588582, 56.431021 ], [ -4.588924, 56.430681 ], [ -4.588673, 56.430139 ], [ -4.589805, 56.429759 ], [ -4.591818, 56.429384 ], [ -4.595417, 56.429285 ], [ -4.596728, 56.429638 ], [ -4.601584, 56.430511 ], [ -4.602958, 56.430994 ], [ -4.605464, 56.431559 ], [ -4.607234, 56.431391 ], [ -4.608266, 56.431108 ], [ -4.608876, 56.431868 ], [ -4.610141, 56.432317 ], [ -4.612002, 56.43286 ], [ -4.614017, 56.433294 ], [ -4.615922, 56.434157 ], [ -4.617373, 56.43528 ], [ -4.618986, 56.436268 ], [ -4.620828, 56.437157 ], [ -4.622625, 56.438474 ], [ -4.623558, 56.440012 ], [ -4.623643, 56.440628 ], [ -4.623262, 56.441326 ], [ -4.620743, 56.444174 ], [ -4.619874, 56.444656 ], [ -4.620295, 56.445146 ], [ -4.620023, 56.445723 ], [ -4.619583, 56.446881 ], [ -4.619759, 56.447975 ], [ -4.619761, 56.448617 ], [ -4.619569, 56.448954 ], [ -4.619383, 56.449672 ], [ -4.619997, 56.45017 ], [ -4.619992, 56.451514 ], [ -4.620228, 56.451972 ], [ -4.620194, 56.452722 ], [ -4.620362, 56.453301 ], [ -4.620056, 56.454152 ], [ -4.619206, 56.454586 ], [ -4.620485, 56.454452 ], [ -4.621454, 56.454491 ], [ -4.622625, 56.454977 ], [ -4.625684, 56.455591 ], [ -4.627662, 56.456238 ], [ -4.629296, 56.457202 ], [ -4.630182, 56.457445 ], [ -4.630575, 56.458162 ], [ -4.631223, 56.459135 ], [ -4.632339, 56.459754 ], [ -4.632704, 56.46021 ], [ -4.633242, 56.461316 ], [ -4.633782, 56.461982 ], [ -4.634068, 56.462701 ], [ -4.633517, 56.463866 ], [ -4.633538, 56.464508 ], [ -4.631034, 56.465869 ], [ -4.630221, 56.466231 ], [ -4.628775, 56.466595 ], [ -4.627408, 56.467325 ], [ -4.626305, 56.467539 ], [ -4.624521, 56.467517 ], [ -4.623888, 56.467685 ], [ -4.624458, 56.467851 ], [ -4.625886, 56.468 ], [ -4.627779, 56.468507 ], [ -4.628788, 56.469115 ], [ -4.630626, 56.470384 ], [ -4.631656, 56.470671 ], [ -4.632535, 56.470962 ], [ -4.632777, 56.471349 ], [ -4.63371, 56.472102 ], [ -4.633989, 56.47276 ], [ -4.634309, 56.472933 ], [ -4.635144, 56.4735 ], [ -4.63577, 56.473513 ], [ -4.636168, 56.473977 ], [ -4.636396, 56.474107 ], [ -4.636926, 56.474331 ], [ -4.638039, 56.474611 ], [ -4.63827, 56.474811 ], [ -4.638104, 56.475152 ], [ -4.63867, 56.475398 ], [ -4.638828, 56.475546 ], [ -4.638954, 56.475886 ], [ -4.639077, 56.47605 ], [ -4.639816, 56.475652 ], [ -4.641836, 56.474342 ], [ -4.642624, 56.47388 ], [ -4.643135, 56.473631 ], [ -4.643699, 56.473457 ], [ -4.644294, 56.473372 ], [ -4.646021, 56.473269 ], [ -4.647477, 56.473484 ], [ -4.647864, 56.47357 ], [ -4.649117, 56.473715 ], [ -4.65175, 56.473635 ], [ -4.652477, 56.473575 ], [ -4.653485, 56.47337 ], [ -4.654383, 56.473207 ], [ -4.655148, 56.473105 ], [ -4.655363, 56.473046 ], [ -4.657363, 56.471691 ], [ -4.65851, 56.470687 ], [ -4.658798, 56.470428 ], [ -4.659214, 56.469611 ], [ -4.660759, 56.469295 ], [ -4.660924, 56.469215 ], [ -4.661248, 56.468507 ], [ -4.661453, 56.468296 ], [ -4.661754, 56.468074 ], [ -4.661908, 56.467841 ], [ -4.661957, 56.467616 ], [ -4.661955, 56.467121 ], [ -4.662072, 56.466705 ], [ -4.662989, 56.465432 ], [ -4.663242, 56.464986 ], [ -4.663642, 56.464551 ], [ -4.66397, 56.464075 ], [ -4.664296, 56.463112 ], [ -4.664399, 56.462494 ], [ -4.664573, 56.4621 ], [ -4.665034, 56.461595 ], [ -4.6653, 56.461109 ], [ -4.665546, 56.460092 ], [ -4.666514, 56.461518 ], [ -4.670618, 56.461471 ], [ -4.671192, 56.46144 ], [ -4.672498, 56.461304 ], [ -4.673371, 56.461254 ], [ -4.675415, 56.461358 ], [ -4.676521, 56.461492 ], [ -4.678012, 56.461727 ], [ -4.67892, 56.461803 ], [ -4.684307, 56.462662 ], [ -4.685486, 56.462933 ], [ -4.686225, 56.46316 ], [ -4.686488, 56.463209 ], [ -4.68723, 56.463145 ], [ -4.687662, 56.462824 ], [ -4.688586, 56.462336 ], [ -4.688985, 56.462251 ], [ -4.689246, 56.462268 ], [ -4.69065, 56.462916 ], [ -4.691246, 56.462998 ], [ -4.691482, 56.463114 ], [ -4.691829, 56.46343 ], [ -4.692697, 56.463995 ], [ -4.693234, 56.464586 ], [ -4.693524, 56.46502 ], [ -4.693737, 56.465164 ], [ -4.694076, 56.465242 ], [ -4.694537, 56.465223 ], [ -4.694854, 56.465117 ], [ -4.695028, 56.464938 ], [ -4.695147, 56.464899 ], [ -4.695414, 56.464885 ], [ -4.695571, 56.464913 ], [ -4.695664, 56.464969 ], [ -4.695756, 56.465124 ], [ -4.695839, 56.465491 ], [ -4.700088, 56.467367 ], [ -4.700264, 56.466761 ], [ -4.700491, 56.46641 ], [ -4.702037, 56.465083 ], [ -4.702074, 56.464591 ], [ -4.702501, 56.464062 ], [ -4.702635, 56.463456 ], [ -4.702759, 56.46326 ], [ -4.702946, 56.463031 ], [ -4.704176, 56.462065 ], [ -4.704513, 56.4619 ], [ -4.706855, 56.46141 ], [ -4.711952, 56.460455 ], [ -4.712845, 56.46002 ], [ -4.714803, 56.459586 ], [ -4.715462, 56.459495 ], [ -4.716193, 56.459272 ], [ -4.716769, 56.459264 ], [ -4.718402, 56.458954 ], [ -4.719127, 56.458983 ], [ -4.719466, 56.458962 ], [ -4.719715, 56.458916 ], [ -4.720108, 56.458746 ], [ -4.720832, 56.458658 ], [ -4.721992, 56.458867 ], [ -4.72258, 56.459033 ], [ -4.723157, 56.459272 ], [ -4.72402, 56.459532 ], [ -4.724693, 56.459863 ], [ -4.72488, 56.459868 ], [ -4.725562, 56.459759 ], [ -4.726144, 56.459616 ], [ -4.726545, 56.459432 ], [ -4.726875, 56.459168 ], [ -4.727104, 56.458849 ], [ -4.727206, 56.458464 ], [ -4.72752, 56.458314 ], [ -4.727626, 56.458208 ], [ -4.727767, 56.457873 ], [ -4.728377, 56.457805 ], [ -4.728863, 56.457691 ], [ -4.729695, 56.457178 ], [ -4.729912, 56.456917 ], [ -4.730381, 56.456112 ], [ -4.730494, 56.456091 ], [ -4.73121, 56.456116 ], [ -4.732846, 56.455163 ], [ -4.73334, 56.454932 ], [ -4.728991, 56.45314 ], [ -4.726831, 56.451763 ], [ -4.724092, 56.44977 ], [ -4.723055, 56.446399 ], [ -4.726354, 56.440793 ], [ -4.727263, 56.440348 ], [ -4.727548, 56.440139 ], [ -4.728292, 56.439422 ], [ -4.729984, 56.437565 ], [ -4.730655, 56.436408 ], [ -4.730956, 56.436195 ], [ -4.731291, 56.436111 ], [ -4.731829, 56.436041 ], [ -4.732287, 56.435752 ], [ -4.733122, 56.434498 ], [ -4.733404, 56.434254 ], [ -4.733719, 56.434121 ], [ -4.735548, 56.433829 ], [ -4.735935, 56.433798 ], [ -4.736984, 56.433833 ], [ -4.738536, 56.434164 ], [ -4.739139, 56.434141 ], [ -4.739912, 56.434061 ], [ -4.739968, 56.434387 ], [ -4.740063, 56.434462 ], [ -4.74078, 56.434626 ], [ -4.743079, 56.435011 ], [ -4.743295, 56.435082 ], [ -4.74362, 56.435318 ], [ -4.743838, 56.435407 ], [ -4.744134, 56.435459 ], [ -4.744897, 56.435474 ], [ -4.746168, 56.435432 ], [ -4.746814, 56.435503 ], [ -4.747458, 56.43566 ], [ -4.747825, 56.435804 ], [ -4.748145, 56.436009 ], [ -4.749117, 56.436288 ], [ -4.74995, 56.436481 ], [ -4.753092, 56.437076 ], [ -4.753654, 56.436956 ], [ -4.754892, 56.436605 ], [ -4.755437, 56.436521 ], [ -4.757604, 56.436648 ], [ -4.757887, 56.436633 ], [ -4.758262, 56.436543 ], [ -4.758607, 56.43641 ], [ -4.7592, 56.436289 ], [ -4.759695, 56.436287 ], [ -4.760154, 56.436236 ], [ -4.760464, 56.436148 ], [ -4.761408, 56.43575 ], [ -4.76169, 56.435717 ], [ -4.763878, 56.436018 ], [ -4.765376, 56.436102 ], [ -4.766414, 56.4362 ], [ -4.768091, 56.436504 ], [ -4.768363, 56.436345 ], [ -4.768529, 56.436171 ], [ -4.768499, 56.435987 ], [ -4.767124, 56.435258 ], [ -4.766954, 56.435079 ], [ -4.766607, 56.434444 ], [ -4.7666, 56.433859 ], [ -4.766269, 56.433489 ], [ -4.765118, 56.432563 ], [ -4.764587, 56.432043 ], [ -4.765406, 56.432151 ], [ -4.766044, 56.432114 ], [ -4.768586, 56.431701 ], [ -4.769101, 56.431552 ], [ -4.769473, 56.431422 ], [ -4.770081, 56.431085 ], [ -4.771109, 56.430396 ], [ -4.773465, 56.430035 ], [ -4.773771, 56.429739 ], [ -4.774674, 56.42945 ], [ -4.779258, 56.428358 ], [ -4.779854, 56.428183 ], [ -4.781796, 56.427018 ], [ -4.782959, 56.427229 ], [ -4.783928, 56.427337 ], [ -4.784231, 56.427263 ], [ -4.784771, 56.427327 ], [ -4.785798, 56.427308 ], [ -4.787647, 56.427362 ], [ -4.788113, 56.42728 ], [ -4.789221, 56.427294 ], [ -4.789474, 56.42732 ], [ -4.789917, 56.427299 ], [ -4.790346, 56.427004 ], [ -4.790858, 56.426498 ], [ -4.791423, 56.42569 ], [ -4.789748, 56.424261 ], [ -4.789528, 56.423981 ], [ -4.791817, 56.423511 ], [ -4.792545, 56.423326 ], [ -4.793505, 56.423244 ], [ -4.794346, 56.423089 ], [ -4.794999, 56.422929 ], [ -4.796727, 56.420974 ], [ -4.796836, 56.420413 ], [ -4.797658, 56.418908 ], [ -4.798118, 56.417252 ], [ -4.79827, 56.417001 ], [ -4.798304, 56.416796 ], [ -4.79997, 56.416644 ], [ -4.801575, 56.41641 ], [ -4.803128, 56.416276 ], [ -4.80377, 56.416249 ], [ -4.805118, 56.416631 ], [ -4.807406, 56.4171 ], [ -4.807809, 56.41728 ], [ -4.808242, 56.417409 ], [ -4.808932, 56.417453 ], [ -4.809532, 56.417451 ], [ -4.810346, 56.417604 ], [ -4.811356, 56.417667 ], [ -4.811676, 56.41761 ], [ -4.81184, 56.417516 ], [ -4.812655, 56.416914 ], [ -4.813131, 56.416501 ], [ -4.813469, 56.415754 ], [ -4.813704, 56.41542 ], [ -4.813941, 56.414903 ], [ -4.814377, 56.414322 ], [ -4.814496, 56.414072 ], [ -4.814678, 56.411888 ], [ -4.814872, 56.410495 ], [ -4.814154, 56.408341 ], [ -4.813001, 56.408501 ], [ -4.811801, 56.408529 ], [ -4.811878, 56.408099 ], [ -4.811974, 56.407914 ], [ -4.811993, 56.407626 ], [ -4.812159, 56.40726 ], [ -4.813217, 56.406852 ], [ -4.813834, 56.40664 ], [ -4.814247, 56.406536 ], [ -4.816394, 56.406079 ], [ -4.816032, 56.405781 ], [ -4.815375, 56.405356 ], [ -4.815631, 56.404973 ], [ -4.815928, 56.404713 ], [ -4.817291, 56.404724 ], [ -4.817004, 56.404456 ], [ -4.816749, 56.403756 ], [ -4.817381, 56.402874 ], [ -4.817321, 56.402062 ], [ -4.817244, 56.40179 ], [ -4.817069, 56.401441 ], [ -4.816744, 56.401104 ], [ -4.816557, 56.400608 ], [ -4.816654, 56.400464 ], [ -4.81643, 56.400338 ], [ -4.816265, 56.400139 ], [ -4.816153, 56.39986 ], [ -4.814812, 56.3989 ], [ -4.814286, 56.398603 ], [ -4.813446, 56.398317 ], [ -4.812589, 56.398118 ], [ -4.813313, 56.397769 ], [ -4.814395, 56.397316 ], [ -4.816494, 56.396567 ], [ -4.818008, 56.395903 ], [ -4.818962, 56.395428 ], [ -4.820625, 56.394725 ], [ -4.821017, 56.394526 ], [ -4.821762, 56.394295 ], [ -4.822803, 56.394022 ], [ -4.824134, 56.393598 ], [ -4.824399, 56.393452 ], [ -4.825389, 56.39319 ], [ -4.826406, 56.392876 ], [ -4.826981, 56.39276 ], [ -4.827383, 56.392611 ], [ -4.828119, 56.392487 ], [ -4.828657, 56.392304 ], [ -4.831135, 56.3912 ], [ -4.831698, 56.391025 ], [ -4.832167, 56.39083 ], [ -4.832699, 56.39068 ], [ -4.833506, 56.390503 ], [ -4.833981, 56.390349 ], [ -4.834778, 56.390145 ], [ -4.83525, 56.390158 ], [ -4.835739, 56.388946 ], [ -4.835728, 56.388506 ], [ -4.835954, 56.387086 ], [ -4.835385, 56.386137 ], [ -4.835344, 56.385792 ], [ -4.835212, 56.385552 ], [ -4.835103, 56.385069 ], [ -4.835184, 56.384514 ], [ -4.834996, 56.383737 ], [ -4.834874, 56.383622 ], [ -4.834508, 56.382481 ], [ -4.833186, 56.381133 ], [ -4.833701, 56.380134 ], [ -4.834049, 56.379329 ], [ -4.833808, 56.379081 ], [ -4.833478, 56.378855 ], [ -4.834498, 56.37788 ], [ -4.83538, 56.377492 ], [ -4.836063, 56.376881 ], [ -4.83667, 56.376615 ], [ -4.839158, 56.376527 ], [ -4.840885, 56.376022 ], [ -4.845464, 56.375203 ], [ -4.846335, 56.374529 ], [ -4.848381, 56.373781 ], [ -4.849416, 56.373317 ], [ -4.853776, 56.371193 ], [ -4.854522, 56.370573 ], [ -4.854495, 56.370422 ], [ -4.85425, 56.370171 ], [ -4.853899, 56.370027 ], [ -4.853227, 56.369269 ], [ -4.852714, 56.369424 ], [ -4.850168, 56.368755 ], [ -4.849909, 56.368761 ], [ -4.848715, 56.368957 ], [ -4.84543, 56.368311 ], [ -4.845013, 56.368258 ], [ -4.842185, 56.36813 ], [ -4.84057, 56.368086 ], [ -4.839845, 56.368026 ], [ -4.836484, 56.367357 ], [ -4.836172, 56.367236 ], [ -4.83557, 56.366921 ], [ -4.834793, 56.366643 ], [ -4.834305, 56.366809 ], [ -4.83389, 56.366891 ], [ -4.833123, 56.366922 ], [ -4.831935, 56.36688 ], [ -4.831563, 56.366782 ], [ -4.831016, 56.366354 ], [ -4.829667, 56.365767 ], [ -4.828091, 56.365173 ], [ -4.827158, 56.364433 ], [ -4.826798, 56.364203 ], [ -4.825308, 56.36375 ], [ -4.822101, 56.362681 ], [ -4.822452, 56.362495 ], [ -4.82094, 56.361384 ], [ -4.819658, 56.361501 ], [ -4.819227, 56.36132 ], [ -4.818845, 56.361079 ], [ -4.818873, 56.360591 ], [ -4.818697, 56.360238 ], [ -4.816434, 56.359667 ], [ -4.815192, 56.359304 ], [ -4.813853, 56.358743 ], [ -4.812734, 56.358133 ], [ -4.812069, 56.357642 ], [ -4.810094, 56.355843 ], [ -4.809706, 56.35609 ], [ -4.808674, 56.355745 ], [ -4.807991, 56.355387 ], [ -4.807724, 56.355285 ], [ -4.807554, 56.355289 ], [ -4.80714, 56.355379 ], [ -4.805453, 56.355497 ], [ -4.803368, 56.355496 ], [ -4.801139, 56.355654 ], [ -4.800863, 56.353936 ], [ -4.800527, 56.353445 ], [ -4.800205, 56.352857 ], [ -4.799883, 56.352412 ], [ -4.79892, 56.351245 ], [ -4.798436, 56.350781 ], [ -4.797553, 56.350123 ], [ -4.796801, 56.349367 ], [ -4.79498, 56.347886 ], [ -4.793747, 56.347354 ], [ -4.792424, 56.346612 ], [ -4.791285, 56.346114 ], [ -4.787933, 56.344847 ], [ -4.787001, 56.344443 ], [ -4.786431, 56.344253 ], [ -4.785125, 56.344187 ], [ -4.78453, 56.344123 ], [ -4.783136, 56.343896 ], [ -4.783516, 56.343518 ], [ -4.783506, 56.343311 ], [ -4.782756, 56.34264 ], [ -4.782805, 56.342473 ], [ -4.783021, 56.34232 ], [ -4.78259, 56.342037 ], [ -4.782427, 56.342059 ], [ -4.781696, 56.341454 ], [ -4.781525, 56.34103 ], [ -4.78111, 56.340326 ], [ -4.780442, 56.339573 ], [ -4.779834, 56.339564 ], [ -4.779536, 56.339468 ], [ -4.778962, 56.339197 ], [ -4.778751, 56.339018 ], [ -4.779815, 56.338405 ], [ -4.780607, 56.338059 ], [ -4.78165, 56.337888 ], [ -4.783582, 56.33737 ], [ -4.784724, 56.336938 ], [ -4.78504, 56.336715 ], [ -4.785181, 56.336545 ], [ -4.78537, 56.335921 ], [ -4.785639, 56.335614 ], [ -4.786372, 56.335238 ], [ -4.787463, 56.334963 ], [ -4.78846, 56.334912 ], [ -4.789174, 56.334651 ], [ -4.789444, 56.334423 ], [ -4.789809, 56.334325 ], [ -4.790328, 56.334236 ], [ -4.79079, 56.334024 ], [ -4.791027, 56.333722 ], [ -4.791413, 56.33347 ], [ -4.791681, 56.333375 ], [ -4.792918, 56.333164 ], [ -4.790759, 56.330121 ], [ -4.789992, 56.32886 ], [ -4.789574, 56.328007 ], [ -4.789258, 56.327004 ], [ -4.788902, 56.326229 ], [ -4.788553, 56.325872 ], [ -4.787518, 56.325152 ], [ -4.785806, 56.323745 ], [ -4.784624, 56.322304 ], [ -4.783563, 56.318904 ], [ -4.782576, 56.317094 ], [ -4.781417, 56.316455 ], [ -4.781491, 56.316001 ], [ -4.781904, 56.315207 ], [ -4.782672, 56.314595 ], [ -4.783546, 56.313077 ], [ -4.7864, 56.311432 ], [ -4.786692, 56.310159 ], [ -4.78911, 56.308998 ], [ -4.791501, 56.308338 ], [ -4.793496, 56.308418 ], [ -4.794753, 56.307837 ], [ -4.795451, 56.306412 ], [ -4.796508, 56.305514 ], [ -4.799504, 56.304358 ], [ -4.80056, 56.303888 ], [ -4.801849, 56.30352 ], [ -4.803653, 56.303402 ], [ -4.807697, 56.30488 ], [ -4.809556, 56.305444 ], [ -4.810504, 56.305387 ], [ -4.813625, 56.304484 ], [ -4.814962, 56.303478 ], [ -4.815756, 56.30264 ], [ -4.8175, 56.301922 ], [ -4.81881, 56.301131 ], [ -4.819841, 56.300169 ], [ -4.821299, 56.299933 ], [ -4.823214, 56.299795 ], [ -4.825118, 56.299085 ], [ -4.829762, 56.298551 ], [ -4.830831, 56.297968 ], [ -4.832183, 56.297009 ], [ -4.833554, 56.297049 ], [ -4.834975, 56.2966 ], [ -4.835604, 56.295861 ], [ -4.836152, 56.294885 ], [ -4.835542, 56.293865 ], [ -4.836638, 56.293221 ], [ -4.83708, 56.29226 ], [ -4.836089, 56.290427 ], [ -4.836195, 56.28926 ], [ -4.836029, 56.287741 ], [ -4.835524, 56.28698 ], [ -4.834466, 56.286124 ], [ -4.833971, 56.285505 ], [ -4.832893, 56.284805 ], [ -4.831287, 56.284616 ], [ -4.828534, 56.283822 ], [ -4.827515, 56.28362 ], [ -4.828154, 56.283296 ], [ -4.828714, 56.283069 ], [ -4.828892, 56.282732 ], [ -4.828224, 56.281796 ], [ -4.827681, 56.280809 ], [ -4.826392, 56.279852 ], [ -4.82565, 56.278335 ], [ -4.824593, 56.277634 ], [ -4.824155, 56.276907 ], [ -4.823493, 56.276053 ], [ -4.823261, 56.275512 ], [ -4.822963, 56.275033 ], [ -4.822128, 56.274576 ], [ -4.822762, 56.273947 ], [ -4.824157, 56.273154 ], [ -4.825504, 56.27268 ], [ -4.826945, 56.272516 ], [ -4.828892, 56.271961 ], [ -4.830218, 56.271978 ], [ -4.831137, 56.271695 ], [ -4.831969, 56.270951 ], [ -4.834517, 56.270194 ], [ -4.836325, 56.26902 ], [ -4.837092, 56.268122 ], [ -4.838316, 56.267345 ], [ -4.84008, 56.266353 ], [ -4.843357, 56.264875 ], [ -4.844466, 56.264837 ], [ -4.845745, 56.26394 ], [ -4.849628, 56.262656 ], [ -4.851438, 56.261906 ], [ -4.852583, 56.261511 ], [ -4.853804, 56.261269 ], [ -4.855724, 56.260071 ], [ -4.856996, 56.258806 ], [ -4.858244, 56.257765 ], [ -4.855919, 56.256963 ], [ -4.853571, 56.25584 ], [ -4.854812, 56.254043 ], [ -4.8548, 56.253875 ], [ -4.854921, 56.253674 ], [ -4.854835, 56.25337 ], [ -4.854857, 56.253265 ], [ -4.855259, 56.252932 ], [ -4.855321, 56.252726 ], [ -4.855452, 56.252587 ], [ -4.855451, 56.252345 ], [ -4.855834, 56.251931 ], [ -4.855834, 56.251877 ], [ -4.855771, 56.251833 ], [ -4.855479, 56.251754 ], [ -4.855273, 56.251454 ], [ -4.855011, 56.251208 ], [ -4.854955, 56.250917 ], [ -4.854847, 56.250672 ], [ -4.854874, 56.250567 ], [ -4.854725, 56.250459 ], [ -4.854632, 56.25024 ], [ -4.854744, 56.25003 ], [ -4.854625, 56.249862 ], [ -4.85473, 56.249667 ], [ -4.854832, 56.2496 ], [ -4.854862, 56.249433 ], [ -4.855069, 56.249288 ], [ -4.855022, 56.248944 ], [ -4.854741, 56.248722 ], [ -4.854613, 56.248269 ], [ -4.854428, 56.24814 ], [ -4.854425, 56.248035 ], [ -4.854688, 56.247896 ], [ -4.854768, 56.247771 ], [ -4.855016, 56.247603 ], [ -4.855067, 56.247478 ], [ -4.855028, 56.247191 ], [ -4.855178, 56.24714 ], [ -4.855381, 56.246908 ], [ -4.8553, 56.246488 ], [ -4.855062, 56.246327 ], [ -4.855006, 56.246041 ], [ -4.854806, 56.245929 ], [ -4.854775, 56.245804 ], [ -4.854811, 56.24571 ], [ -4.854573, 56.245672 ], [ -4.854549, 56.245486 ], [ -4.851994, 56.245815 ], [ -4.851392, 56.245194 ], [ -4.853558, 56.242116 ], [ -4.855307, 56.241243 ], [ -4.856544, 56.240929 ], [ -4.857736, 56.240878 ], [ -4.858857, 56.240733 ], [ -4.860508, 56.240255 ], [ -4.861792, 56.239714 ], [ -4.862608, 56.239493 ], [ -4.863305, 56.239108 ], [ -4.863646, 56.23866 ], [ -4.864425, 56.238226 ], [ -4.865301, 56.237956 ], [ -4.866249, 56.237494 ], [ -4.866817, 56.236815 ], [ -4.867486, 56.236621 ], [ -4.868991, 56.235908 ], [ -4.870057, 56.235598 ], [ -4.870843, 56.235116 ], [ -4.871086, 56.234373 ], [ -4.872233, 56.233716 ], [ -4.872735, 56.2333 ], [ -4.872791, 56.232621 ], [ -4.873085, 56.231984 ], [ -4.873664, 56.231733 ], [ -4.874185, 56.231566 ], [ -4.874778, 56.231493 ], [ -4.875607, 56.230879 ], [ -4.876286, 56.230828 ], [ -4.877344, 56.230981 ], [ -4.880013, 56.231561 ], [ -4.881909, 56.232064 ], [ -4.884583, 56.233132 ], [ -4.889363, 56.234494 ], [ -4.890513, 56.234104 ], [ -4.890714, 56.234 ], [ -4.89092, 56.233835 ], [ -4.8914, 56.233612 ], [ -4.891504, 56.233519 ], [ -4.891516, 56.233334 ], [ -4.891678, 56.233109 ], [ -4.891664, 56.232869 ], [ -4.891924, 56.232601 ], [ -4.891938, 56.232499 ], [ -4.892151, 56.232325 ], [ -4.892191, 56.232207 ], [ -4.892281, 56.232155 ], [ -4.892409, 56.231988 ], [ -4.892928, 56.231727 ], [ -4.893152, 56.231417 ], [ -4.893183, 56.231198 ], [ -4.89335, 56.231106 ], [ -4.893418, 56.230923 ], [ -4.893808, 56.230657 ], [ -4.894108, 56.230371 ], [ -4.894129, 56.230131 ], [ -4.894244, 56.229909 ], [ -4.894207, 56.229775 ], [ -4.8944, 56.229399 ], [ -4.894371, 56.229157 ], [ -4.894591, 56.228898 ], [ -4.89457, 56.228601 ], [ -4.894708, 56.228386 ], [ -4.894701, 56.228296 ], [ -4.894808, 56.228241 ], [ -4.895062, 56.228209 ], [ -4.895262, 56.227974 ], [ -4.89516, 56.227893 ], [ -4.89521, 56.227827 ], [ -4.895523, 56.227694 ], [ -4.895501, 56.227616 ], [ -4.895191, 56.227521 ], [ -4.895101, 56.227463 ], [ -4.895114, 56.227347 ], [ -4.895001, 56.227292 ], [ -4.894852, 56.227132 ], [ -4.894944, 56.227039 ], [ -4.894952, 56.226918 ], [ -4.894786, 56.226762 ], [ -4.894764, 56.226608 ], [ -4.894483, 56.226458 ], [ -4.894431, 56.226383 ], [ -4.894478, 56.226322 ], [ -4.895087, 56.226113 ], [ -4.895175, 56.226038 ], [ -4.895196, 56.225916 ], [ -4.895154, 56.225871 ], [ -4.895083, 56.22584 ], [ -4.89496, 56.225843 ], [ -4.89494, 56.225808 ], [ -4.895011, 56.225675 ], [ -4.894935, 56.225556 ], [ -4.895016, 56.225504 ], [ -4.895105, 56.225499 ], [ -4.895254, 56.225555 ], [ -4.895231, 56.225477 ], [ -4.895143, 56.225415 ], [ -4.894963, 56.225364 ], [ -4.894903, 56.225178 ], [ -4.894565, 56.224941 ], [ -4.894529, 56.224854 ], [ -4.894555, 56.224385 ], [ -4.894238, 56.224171 ], [ -4.894395, 56.224101 ], [ -4.89445, 56.223976 ], [ -4.894216, 56.223284 ], [ -4.894151, 56.222986 ], [ -4.894175, 56.222822 ], [ -4.894068, 56.222648 ], [ -4.894016, 56.222297 ], [ -4.894078, 56.222248 ], [ -4.894871, 56.221954 ], [ -4.895242, 56.221721 ], [ -4.895763, 56.221519 ], [ -4.896029, 56.221309 ], [ -4.896102, 56.221205 ], [ -4.896122, 56.221021 ], [ -4.89604, 56.220946 ], [ -4.895935, 56.220719 ], [ -4.89559, 56.220565 ], [ -4.895369, 56.220565 ], [ -4.895311, 56.220488 ], [ -4.895332, 56.220419 ], [ -4.895469, 56.220306 ], [ -4.895437, 56.220059 ], [ -4.895584, 56.219887 ], [ -4.895661, 56.219717 ], [ -4.895655, 56.219553 ], [ -4.895775, 56.21945 ], [ -4.895868, 56.219215 ], [ -4.896055, 56.219027 ], [ -4.896058, 56.218672 ], [ -4.8962, 56.218467 ], [ -4.896597, 56.218177 ], [ -4.896592, 56.218108 ], [ -4.896501, 56.218032 ], [ -4.896467, 56.217679 ], [ -4.896709, 56.217004 ], [ -4.896607, 56.216531 ], [ -4.896543, 56.216471 ], [ -4.896363, 56.216401 ], [ -4.89623, 56.216279 ], [ -4.895893, 56.216115 ], [ -4.895917, 56.215931 ], [ -4.895971, 56.215878 ], [ -4.896797, 56.215566 ], [ -4.896862, 56.215462 ], [ -4.896692, 56.215223 ], [ -4.89669, 56.215138 ], [ -4.896874, 56.214924 ], [ -4.896938, 56.214697 ], [ -4.897838, 56.214429 ], [ -4.898266, 56.214224 ], [ -4.898765, 56.21405 ], [ -4.899797, 56.213902 ], [ -4.900358, 56.213715 ], [ -4.90051, 56.213421 ], [ -4.900583, 56.213365 ], [ -4.90173, 56.212946 ], [ -4.902008, 56.212885 ], [ -4.902555, 56.212608 ], [ -4.903381, 56.212277 ], [ -4.903979, 56.21193 ], [ -4.904751, 56.211598 ], [ -4.904969, 56.211405 ], [ -4.905187, 56.211024 ], [ -4.905367, 56.210917 ], [ -4.905655, 56.210951 ], [ -4.905866, 56.210923 ], [ -4.906032, 56.210859 ], [ -4.906368, 56.210639 ], [ -4.906636, 56.210512 ], [ -4.906851, 56.210428 ], [ -4.907465, 56.210302 ], [ -4.907925, 56.210117 ], [ -4.90849, 56.209791 ], [ -4.90914, 56.209487 ], [ -4.909451, 56.209425 ], [ -4.909632, 56.209273 ], [ -4.910347, 56.208914 ], [ -4.910558, 56.208745 ], [ -4.910974, 56.208661 ], [ -4.911601, 56.208038 ], [ -4.91176, 56.207934 ], [ -4.912189, 56.207801 ], [ -4.91252, 56.207776 ], [ -4.912791, 56.207808 ], [ -4.912903, 56.207755 ], [ -4.913034, 56.207567 ], [ -4.913068, 56.207409 ], [ -4.913338, 56.207141 ], [ -4.913385, 56.206997 ], [ -4.914003, 56.206195 ], [ -4.914538, 56.206444 ], [ -4.915198, 56.20651 ], [ -4.915636, 56.206718 ], [ -4.916212, 56.206773 ], [ -4.916499, 56.2069 ], [ -4.916913, 56.206876 ], [ -4.917307, 56.206892 ], [ -4.917773, 56.206965 ], [ -4.918067, 56.206958 ], [ -4.918246, 56.207042 ], [ -4.919267, 56.207215 ], [ -4.919586, 56.2072 ], [ -4.91978, 56.207227 ], [ -4.920422, 56.207123 ], [ -4.920837, 56.20718 ], [ -4.921029, 56.207176 ], [ -4.921239, 56.207202 ], [ -4.921472, 56.207379 ], [ -4.921604, 56.207436 ], [ -4.921811, 56.207452 ], [ -4.921988, 56.207424 ], [ -4.922282, 56.207189 ], [ -4.922371, 56.207185 ], [ -4.92281, 56.2073 ], [ -4.923249, 56.207347 ], [ -4.923639, 56.20734 ], [ -4.924042, 56.207249 ], [ -4.924251, 56.207245 ], [ -4.924915, 56.207445 ], [ -4.925655, 56.207556 ], [ -4.925886, 56.207627 ], [ -4.926571, 56.207937 ], [ -4.927342, 56.208163 ], [ -4.927666, 56.208443 ], [ -4.928068, 56.208388 ], [ -4.928185, 56.20841 ], [ -4.928431, 56.208596 ], [ -4.929445, 56.209072 ], [ -4.929968, 56.209128 ], [ -4.930134, 56.209188 ], [ -4.9308, 56.209715 ], [ -4.93099, 56.209806 ], [ -4.931782, 56.209966 ], [ -4.932102, 56.210243 ], [ -4.932476, 56.210455 ], [ -4.932758, 56.210727 ], [ -4.933385, 56.211109 ], [ -4.933792, 56.211285 ], [ -4.934425, 56.211444 ], [ -4.935428, 56.211603 ], [ -4.936374, 56.211966 ], [ -4.936613, 56.212015 ], [ -4.937148, 56.212209 ], [ -4.93725, 56.212195 ], [ -4.937325, 56.212129 ], [ -4.937217, 56.211986 ], [ -4.937191, 56.211868 ], [ -4.937344, 56.211814 ], [ -4.937422, 56.211829 ], [ -4.937509, 56.211901 ], [ -4.937569, 56.212039 ], [ -4.937663, 56.212042 ], [ -4.937731, 56.211988 ], [ -4.93782, 56.211979 ], [ -4.938033, 56.212033 ], [ -4.937998, 56.212179 ], [ -4.937912, 56.212269 ], [ -4.938676, 56.212501 ], [ -4.938977, 56.212653 ], [ -4.939083, 56.212807 ], [ -4.939028, 56.212886 ], [ -4.939725, 56.213015 ], [ -4.940047, 56.212986 ], [ -4.940158, 56.213155 ], [ -4.940337, 56.213148 ], [ -4.940608, 56.213236 ], [ -4.940774, 56.21323 ], [ -4.940862, 56.213264 ], [ -4.940941, 56.2134 ], [ -4.941039, 56.213455 ], [ -4.941334, 56.213517 ], [ -4.941419, 56.213512 ], [ -4.941566, 56.213371 ], [ -4.941633, 56.213352 ], [ -4.941946, 56.213421 ], [ -4.942116, 56.213422 ], [ -4.942418, 56.2136 ], [ -4.942609, 56.213665 ], [ -4.942874, 56.213668 ], [ -4.94296, 56.213742 ], [ -4.943029, 56.213916 ], [ -4.943502, 56.213957 ], [ -4.944244, 56.213949 ], [ -4.944801, 56.213867 ], [ -4.946087, 56.213772 ], [ -4.946598, 56.213593 ], [ -4.946989, 56.213298 ], [ -4.947042, 56.213154 ], [ -4.947202, 56.213075 ], [ -4.947349, 56.212921 ], [ -4.947941, 56.212629 ], [ -4.948154, 56.21241 ], [ -4.948379, 56.212052 ], [ -4.948711, 56.211885 ], [ -4.948873, 56.211708 ], [ -4.949181, 56.211053 ], [ -4.949204, 56.210627 ], [ -4.949377, 56.209995 ], [ -4.949861, 56.209515 ], [ -4.950465, 56.209161 ], [ -4.950553, 56.209075 ], [ -4.95084, 56.208545 ], [ -4.950983, 56.207905 ], [ -4.952088, 56.206663 ], [ -4.953738, 56.206966 ], [ -4.954205, 56.207489 ], [ -4.954988, 56.207962 ], [ -4.95625, 56.208065 ], [ -4.957307, 56.207951 ], [ -4.958064, 56.207383 ], [ -4.959249, 56.206849 ], [ -4.961031, 56.206434 ], [ -4.961658, 56.205745 ], [ -4.962634, 56.205126 ], [ -4.963701, 56.204292 ], [ -4.965122, 56.20364 ], [ -4.965988, 56.203524 ], [ -4.966735, 56.202971 ], [ -4.967804, 56.202446 ], [ -4.96904, 56.20175 ], [ -4.9685, 56.201109 ], [ -4.967938, 56.19991 ], [ -4.968315, 56.198997 ], [ -4.9678, 56.197844 ], [ -4.966732, 56.196886 ], [ -4.965616, 56.195751 ], [ -4.96505, 56.193107 ], [ -4.962809, 56.192845 ], [ -4.961206, 56.192958 ], [ -4.96067, 56.192488 ], [ -4.960668, 56.191596 ], [ -4.959116, 56.190704 ], [ -4.9569, 56.190051 ], [ -4.955177, 56.189312 ], [ -4.954162, 56.189113 ], [ -4.952586, 56.188556 ], [ -4.955303, 56.187915 ], [ -4.957202, 56.18592 ], [ -4.956854, 56.184478 ], [ -4.956041, 56.183438 ], [ -4.956154, 56.183175 ], [ -4.956787, 56.182305 ], [ -4.955951, 56.181758 ], [ -4.953467, 56.180784 ], [ -4.949883, 56.179513 ], [ -4.948358, 56.1788 ], [ -4.949599, 56.177201 ], [ -4.950578, 56.176202 ], [ -4.95084, 56.1749 ], [ -4.952143, 56.17437 ], [ -4.953566, 56.17361 ], [ -4.957593, 56.172206 ], [ -4.958185, 56.171311 ], [ -4.958953, 56.171044 ], [ -4.960434, 56.170615 ], [ -4.961079, 56.170136 ], [ -4.961608, 56.169814 ], [ -4.961575, 56.169375 ], [ -4.960415, 56.167607 ], [ -4.960811, 56.166932 ], [ -4.961103, 56.165736 ], [ -4.96146, 56.165121 ], [ -4.961542, 56.163418 ], [ -4.962535, 56.162752 ], [ -4.963261, 56.162497 ], [ -4.964198, 56.16276 ], [ -4.965038, 56.162882 ], [ -4.965977, 56.16261 ], [ -4.967108, 56.162916 ], [ -4.968718, 56.163067 ], [ -4.971834, 56.162982 ], [ -4.974464, 56.163228 ], [ -4.976668, 56.162925 ], [ -4.977762, 56.162668 ], [ -4.981148, 56.162439 ], [ -4.981253, 56.162367 ], [ -4.981427, 56.162358 ], [ -4.981761, 56.161915 ], [ -4.982108, 56.161714 ], [ -4.98248, 56.161365 ], [ -4.982442, 56.161151 ], [ -4.982634, 56.160969 ], [ -4.982599, 56.160786 ], [ -4.982907, 56.160363 ], [ -4.983122, 56.160196 ], [ -4.983211, 56.160075 ], [ -4.983242, 56.15976 ], [ -4.983373, 56.159616 ], [ -4.98336, 56.15945 ], [ -4.983523, 56.159349 ], [ -4.98364, 56.159151 ], [ -4.983547, 56.158999 ], [ -4.983657, 56.158742 ], [ -4.983504, 56.158474 ], [ -4.983724, 56.157898 ], [ -4.983815, 56.157791 ], [ -4.983776, 56.157659 ], [ -4.983847, 56.157626 ], [ -4.984001, 56.15762 ], [ -4.984241, 56.157698 ], [ -4.984484, 56.157592 ], [ -4.984824, 56.157631 ], [ -4.985006, 56.15756 ], [ -4.985074, 56.157616 ], [ -4.985357, 56.157565 ], [ -4.98546, 56.157597 ], [ -4.985595, 56.157548 ], [ -4.985671, 56.157599 ], [ -4.985876, 56.15762 ], [ -4.985968, 56.157713 ], [ -4.986032, 56.157711 ], [ -4.986106, 56.157601 ], [ -4.986256, 56.157723 ], [ -4.986611, 56.157607 ], [ -4.986752, 56.157522 ], [ -4.987147, 56.15753 ], [ -4.987282, 56.157622 ], [ -4.987213, 56.157825 ], [ -4.987324, 56.157882 ], [ -4.987449, 56.157855 ], [ -4.987686, 56.157739 ], [ -4.987944, 56.157846 ], [ -4.98825, 56.157842 ], [ -4.988389, 56.157896 ], [ -4.988726, 56.157873 ], [ -4.988864, 56.157931 ], [ -4.988919, 56.158054 ], [ -4.989049, 56.158084 ], [ -4.989635, 56.158017 ], [ -4.98971, 56.158039 ], [ -4.989888, 56.158027 ], [ -4.990204, 56.158188 ], [ -4.990285, 56.158144 ], [ -4.990338, 56.158016 ], [ -4.990419, 56.15799 ], [ -4.990543, 56.158019 ], [ -4.990589, 56.158121 ], [ -4.99068, 56.15814 ], [ -4.990834, 56.158129 ], [ -4.991448, 56.158232 ], [ -4.991583, 56.15823 ], [ -4.992196, 56.158403 ], [ -4.992574, 56.158408 ], [ -4.992964, 56.158501 ], [ -4.993385, 56.158439 ], [ -4.99375, 56.158311 ], [ -4.994656, 56.158227 ], [ -4.994888, 56.15826 ], [ -4.995288, 56.15825 ], [ -4.99593, 56.158173 ], [ -4.996562, 56.1583 ], [ -4.996924, 56.158301 ], [ -4.997622, 56.158393 ], [ -4.999898, 56.15839 ], [ -5.000191, 56.158435 ], [ -5.000412, 56.158425 ], [ -5.000795, 56.158507 ], [ -5.001445, 56.158544 ], [ -5.00205, 56.158534 ], [ -5.002296, 56.158468 ], [ -5.002575, 56.158438 ], [ -5.002887, 56.158502 ], [ -5.003208, 56.158515 ], [ -5.003824, 56.158393 ], [ -5.003974, 56.158397 ], [ -5.004657, 56.158518 ], [ -5.006543, 56.158546 ], [ -5.007527, 56.158603 ], [ -5.008094, 56.158484 ], [ -5.008348, 56.158526 ], [ -5.0086, 56.158529 ], [ -5.00915, 56.158375 ], [ -5.009469, 56.158413 ], [ -5.009809, 56.158409 ], [ -5.010333, 56.158516 ], [ -5.010844, 56.158455 ], [ -5.011143, 56.158465 ], [ -5.011426, 56.158537 ], [ -5.011681, 56.158742 ], [ -5.011799, 56.158787 ], [ -5.012561, 56.158992 ], [ -5.012811, 56.15913 ], [ -5.013192, 56.15943 ], [ -5.013839, 56.159693 ], [ -5.013877, 56.159737 ], [ -5.01392, 56.160067 ], [ -5.013837, 56.160277 ], [ -5.013824, 56.160533 ], [ -5.013972, 56.160684 ], [ -5.014312, 56.160833 ], [ -5.014355, 56.160884 ], [ -5.014114, 56.161146 ], [ -5.013736, 56.16136 ], [ -5.013787, 56.161642 ], [ -5.013731, 56.161898 ], [ -5.013836, 56.162012 ], [ -5.013991, 56.16206 ], [ -5.014197, 56.162079 ], [ -5.014454, 56.16219 ], [ -5.014613, 56.1626 ], [ -5.015027, 56.163046 ], [ -5.015645, 56.163204 ], [ -5.015751, 56.163259 ], [ -5.016092, 56.163584 ], [ -5.016557, 56.163744 ], [ -5.016821, 56.164065 ], [ -5.017387, 56.16437 ], [ -5.018228, 56.164939 ], [ -5.018636, 56.165086 ], [ -5.01963, 56.165324 ], [ -5.020298, 56.165959 ], [ -5.020662, 56.166164 ], [ -5.021121, 56.166502 ], [ -5.021364, 56.166616 ], [ -5.021641, 56.166837 ], [ -5.021864, 56.166953 ], [ -5.022382, 56.167138 ], [ -5.022817, 56.167467 ], [ -5.023206, 56.16768 ], [ -5.023378, 56.167824 ], [ -5.023647, 56.167961 ], [ -5.023977, 56.168065 ], [ -5.024748, 56.168712 ], [ -5.024987, 56.168822 ], [ -5.025359, 56.168927 ], [ -5.025544, 56.169027 ], [ -5.025841, 56.169229 ], [ -5.026009, 56.169413 ], [ -5.026872, 56.16994 ], [ -5.027052, 56.169987 ], [ -5.027369, 56.170007 ], [ -5.028868, 56.16998 ], [ -5.029975, 56.170182 ], [ -5.030193, 56.170185 ], [ -5.030367, 56.170129 ], [ -5.030639, 56.170325 ], [ -5.031173, 56.169962 ], [ -5.031624, 56.169737 ], [ -5.031988, 56.16959 ], [ -5.032248, 56.169536 ], [ -5.032499, 56.169642 ], [ -5.033445, 56.169588 ], [ -5.033588, 56.1696 ], [ -5.034109, 56.169674 ], [ -5.035054, 56.169926 ], [ -5.035173, 56.169928 ], [ -5.035539, 56.169817 ], [ -5.036164, 56.169521 ], [ -5.036693, 56.169139 ], [ -5.036927, 56.169033 ], [ -5.0375, 56.168941 ], [ -5.038127, 56.168897 ], [ -5.039284, 56.168749 ], [ -5.039964, 56.168573 ], [ -5.040703, 56.168267 ], [ -5.040919, 56.168134 ], [ -5.041173, 56.167844 ], [ -5.041342, 56.166962 ], [ -5.041511, 56.166678 ], [ -5.041718, 56.166549 ], [ -5.042134, 56.166474 ], [ -5.042543, 56.166246 ], [ -5.042837, 56.166188 ], [ -5.043499, 56.165887 ], [ -5.044105, 56.165415 ], [ -5.044759, 56.165004 ], [ -5.04511, 56.164855 ], [ -5.045743, 56.164516 ], [ -5.046047, 56.164254 ], [ -5.046316, 56.163936 ], [ -5.046776, 56.163673 ], [ -5.048079, 56.163493 ], [ -5.048322, 56.163334 ], [ -5.048728, 56.162973 ], [ -5.048976, 56.162867 ], [ -5.049832, 56.162755 ], [ -5.050308, 56.162563 ], [ -5.051296, 56.16242 ], [ -5.053142, 56.161963 ], [ -5.054076, 56.161521 ], [ -5.054681, 56.161454 ], [ -5.056431, 56.161126 ], [ -5.057008, 56.160919 ], [ -5.057476, 56.160695 ], [ -5.057952, 56.160423 ], [ -5.058251, 56.159962 ], [ -5.058342, 56.159472 ], [ -5.058221, 56.159074 ], [ -5.057939, 56.158612 ], [ -5.057941, 56.158474 ], [ -5.058124, 56.158265 ], [ -5.058217, 56.158249 ], [ -5.058554, 56.158302 ], [ -5.058703, 56.158412 ], [ -5.058768, 56.158423 ], [ -5.058984, 56.15836 ], [ -5.059447, 56.158313 ], [ -5.0596, 56.158255 ], [ -5.060117, 56.158485 ], [ -5.060461, 56.158578 ], [ -5.060933, 56.158609 ], [ -5.061103, 56.158476 ], [ -5.061611, 56.158373 ], [ -5.061709, 56.158324 ], [ -5.061795, 56.158119 ], [ -5.06148, 56.157725 ], [ -5.061447, 56.157208 ], [ -5.061546, 56.15603 ], [ -5.061435, 56.155681 ], [ -5.060969, 56.154708 ], [ -5.060757, 56.15439 ], [ -5.060381, 56.153988 ], [ -5.060092, 56.153568 ], [ -5.059772, 56.153206 ], [ -5.059584, 56.152875 ], [ -5.059178, 56.152521 ], [ -5.058851, 56.152365 ], [ -5.058352, 56.151778 ], [ -5.058085, 56.151576 ], [ -5.058575, 56.151685 ], [ -5.058867, 56.15187 ], [ -5.059256, 56.152056 ], [ -5.059722, 56.152206 ], [ -5.060074, 56.15208 ], [ -5.060266, 56.151709 ], [ -5.060807, 56.151524 ], [ -5.061603, 56.151564 ], [ -5.062038, 56.151485 ], [ -5.062364, 56.151479 ], [ -5.063407, 56.151577 ], [ -5.063921, 56.151566 ], [ -5.064185, 56.151496 ], [ -5.064308, 56.15139 ], [ -5.064757, 56.150766 ], [ -5.064917, 56.150631 ], [ -5.065077, 56.150558 ], [ -5.065408, 56.15049 ], [ -5.065571, 56.150289 ], [ -5.065504, 56.150086 ], [ -5.065614, 56.150085 ], [ -5.065915, 56.14989 ], [ -5.06628, 56.149767 ], [ -5.066827, 56.149679 ], [ -5.067884, 56.149794 ], [ -5.068168, 56.149775 ], [ -5.06833, 56.149725 ], [ -5.068637, 56.149463 ], [ -5.068867, 56.14911 ], [ -5.069124, 56.148968 ], [ -5.069248, 56.148913 ], [ -5.06965, 56.148824 ], [ -5.070027, 56.148851 ], [ -5.070329, 56.148798 ], [ -5.070464, 56.14873 ], [ -5.070931, 56.148165 ], [ -5.071054, 56.148105 ], [ -5.071423, 56.148031 ], [ -5.071665, 56.147921 ], [ -5.071815, 56.147765 ], [ -5.071895, 56.14738 ], [ -5.07212, 56.14711 ], [ -5.072602, 56.146953 ], [ -5.07326, 56.146868 ], [ -5.073674, 56.146446 ], [ -5.073955, 56.146239 ], [ -5.074429, 56.146094 ], [ -5.07487, 56.145898 ], [ -5.075995, 56.145158 ], [ -5.076066, 56.145087 ], [ -5.076088, 56.144932 ], [ -5.076211, 56.144829 ], [ -5.076893, 56.144613 ], [ -5.077592, 56.144248 ], [ -5.078141, 56.143754 ], [ -5.079742, 56.142791 ], [ -5.080162, 56.142069 ], [ -5.080363, 56.141869 ], [ -5.080681, 56.141697 ], [ -5.08139, 56.141399 ], [ -5.081762, 56.141145 ], [ -5.081804, 56.140985 ], [ -5.081774, 56.140712 ], [ -5.082095, 56.140523 ], [ -5.082591, 56.140387 ], [ -5.08297, 56.140168 ], [ -5.083104, 56.139932 ], [ -5.083215, 56.139558 ], [ -5.083219, 56.139079 ], [ -5.083275, 56.138921 ], [ -5.083691, 56.138639 ], [ -5.084408, 56.138343 ], [ -5.084542, 56.138129 ], [ -5.084538, 56.137989 ], [ -5.084357, 56.137536 ], [ -5.084377, 56.137422 ], [ -5.084539, 56.137104 ], [ -5.085163, 56.13622 ], [ -5.085207, 56.136081 ], [ -5.085159, 56.135913 ], [ -5.084833, 56.135614 ], [ -5.084829, 56.135567 ], [ -5.085077, 56.135311 ], [ -5.085644, 56.135159 ], [ -5.085648, 56.135099 ], [ -5.085585, 56.135053 ], [ -5.085429, 56.135028 ], [ -5.085373, 56.134966 ], [ -5.085373, 56.134859 ], [ -5.085627, 56.134631 ], [ -5.085625, 56.134339 ], [ -5.086197, 56.133977 ], [ -5.086146, 56.133712 ], [ -5.086305, 56.133413 ], [ -5.086331, 56.133258 ], [ -5.086229, 56.133099 ], [ -5.086345, 56.132632 ], [ -5.086275, 56.132082 ], [ -5.08621, 56.131925 ], [ -5.08623, 56.131845 ], [ -5.086557, 56.131561 ], [ -5.086571, 56.131507 ], [ -5.086304, 56.130898 ], [ -5.086342, 56.130746 ], [ -5.086505, 56.130592 ], [ -5.086479, 56.130481 ], [ -5.086563, 56.130415 ], [ -5.086961, 56.130334 ], [ -5.087109, 56.130265 ], [ -5.087103, 56.130082 ], [ -5.087227, 56.129877 ], [ -5.087531, 56.128899 ], [ -5.087979, 56.128419 ], [ -5.088212, 56.127833 ], [ -5.088398, 56.12771 ], [ -5.088442, 56.127563 ], [ -5.088641, 56.127337 ], [ -5.088653, 56.127167 ], [ -5.088923, 56.12698 ], [ -5.088895, 56.126836 ], [ -5.088964, 56.126749 ], [ -5.089059, 56.126651 ], [ -5.089216, 56.126595 ], [ -5.089906, 56.125962 ], [ -5.090069, 56.125653 ], [ -5.090246, 56.125525 ], [ -5.090089, 56.125375 ], [ -5.090063, 56.125266 ], [ -5.089962, 56.125173 ], [ -5.09002, 56.125041 ], [ -5.08991, 56.124782 ], [ -5.090019, 56.124333 ], [ -5.089888, 56.124247 ], [ -5.089867, 56.124148 ], [ -5.089761, 56.124048 ], [ -5.089796, 56.123948 ], [ -5.089758, 56.123896 ], [ -5.089803, 56.123831 ], [ -5.090019, 56.123757 ], [ -5.090146, 56.123639 ], [ -5.09012, 56.123107 ], [ -5.090402, 56.123007 ], [ -5.090815, 56.122742 ], [ -5.09083, 56.122618 ], [ -5.090968, 56.122529 ], [ -5.095925, 56.119642 ], [ -5.095627, 56.11892 ], [ -5.094543, 56.117723 ], [ -5.092889, 56.117231 ], [ -5.094176, 56.116295 ], [ -5.092874, 56.114924 ], [ -5.090508, 56.11399 ], [ -5.091245, 56.112134 ], [ -5.091363, 56.110418 ], [ -5.091296, 56.109588 ], [ -5.091417, 56.108705 ], [ -5.091453, 56.107301 ], [ -5.088948, 56.106055 ], [ -5.087537, 56.104901 ], [ -5.086779, 56.103945 ], [ -5.084635, 56.103214 ], [ -5.082911, 56.103209 ], [ -5.079891, 56.102167 ], [ -5.079116, 56.10152 ], [ -5.081775, 56.099845 ], [ -5.082679, 56.098173 ], [ -5.082067, 56.096785 ], [ -5.082135, 56.095208 ], [ -5.079498, 56.095226 ], [ -5.0764, 56.096397 ], [ -5.074889, 56.097143 ], [ -5.073183, 56.097144 ], [ -5.071955, 56.096675 ], [ -5.070505, 56.096354 ], [ -5.067376, 56.095831 ], [ -5.065827, 56.095067 ], [ -5.064907, 56.094733 ], [ -5.063555, 56.094315 ], [ -5.061228, 56.093499 ], [ -5.059883, 56.093217 ], [ -5.06069, 56.0924 ], [ -5.061029, 56.091844 ], [ -5.061792, 56.091005 ], [ -5.062674, 56.090721 ], [ -5.06246, 56.089906 ], [ -5.062501, 56.08962 ], [ -5.062255, 56.089198 ], [ -5.062864, 56.088564 ], [ -5.063597, 56.088153 ], [ -5.064516, 56.087536 ], [ -5.064802, 56.086851 ], [ -5.065565, 56.086285 ], [ -5.066464, 56.085823 ], [ -5.06655, 56.085297 ], [ -5.066971, 56.084573 ], [ -5.067371, 56.083719 ], [ -5.068584, 56.082131 ], [ -5.0694, 56.08129 ], [ -5.069473, 56.08061 ], [ -5.069848, 56.080233 ], [ -5.070208, 56.079688 ], [ -5.071067, 56.079524 ], [ -5.071703, 56.079235 ], [ -5.071859, 56.078791 ], [ -5.072304, 56.078233 ], [ -5.072974, 56.077562 ], [ -5.073397, 56.076874 ], [ -5.074071, 56.076262 ], [ -5.075242, 56.076281 ], [ -5.075691, 56.076043 ], [ -5.075873, 56.075659 ], [ -5.076769, 56.07516 ], [ -5.077124, 56.07508 ], [ -5.077812, 56.074635 ], [ -5.077871, 56.074039 ], [ -5.07858, 56.073736 ], [ -5.07895, 56.073263 ], [ -5.078638, 56.072866 ], [ -5.078748, 56.072376 ], [ -5.081486, 56.072058 ], [ -5.083229, 56.071514 ], [ -5.083741, 56.071002 ], [ -5.084486, 56.070353 ], [ -5.085345, 56.068905 ], [ -5.087326, 56.067178 ], [ -5.087689, 56.066408 ], [ -5.087778, 56.064957 ], [ -5.088425, 56.063773 ], [ -5.089142, 56.063173 ], [ -5.089546, 56.061854 ], [ -5.090013, 56.060642 ], [ -5.089248, 56.060518 ], [ -5.088522, 56.059811 ], [ -5.088265, 56.058723 ], [ -5.087569, 56.058265 ], [ -5.087814, 56.057803 ], [ -5.088374, 56.056463 ], [ -5.091121, 56.052395 ], [ -5.091069, 56.051007 ], [ -5.091228, 56.050503 ], [ -5.091462, 56.049228 ], [ -5.092314, 56.034602 ], [ -5.096187, 56.031085 ], [ -5.09497, 56.029308 ], [ -5.093886, 56.028498 ], [ -5.097365, 56.024738 ], [ -5.09991, 56.024284 ], [ -5.102108, 56.021769 ], [ -5.097615, 56.020336 ], [ -5.097355, 56.02011 ], [ -5.092537, 56.019393 ], [ -5.089374, 56.018874 ], [ -5.089128, 56.01888 ], [ -5.089119, 56.018975 ], [ -5.088922, 56.019175 ], [ -5.088803, 56.019592 ], [ -5.088512, 56.019885 ], [ -5.088306, 56.020389 ], [ -5.08796, 56.020731 ], [ -5.087762, 56.021016 ], [ -5.087762, 56.021131 ], [ -5.087315, 56.021427 ], [ -5.087254, 56.021519 ], [ -5.087215, 56.021672 ], [ -5.087369, 56.021892 ], [ -5.087377, 56.022001 ], [ -5.087349, 56.022074 ], [ -5.08707, 56.022304 ], [ -5.087061, 56.022404 ], [ -5.087143, 56.022573 ], [ -5.087074, 56.022727 ], [ -5.086895, 56.022922 ], [ -5.086897, 56.023055 ], [ -5.086754, 56.023082 ], [ -5.086577, 56.023196 ], [ -5.086353, 56.023473 ], [ -5.086337, 56.023597 ], [ -5.086492, 56.023836 ], [ -5.086423, 56.023928 ], [ -5.086147, 56.024149 ], [ -5.085994, 56.024139 ], [ -5.085852, 56.024175 ], [ -5.085519, 56.024365 ], [ -5.085347, 56.02455 ], [ -5.085031, 56.024738 ], [ -5.084795, 56.025091 ], [ -5.084699, 56.025155 ], [ -5.08464, 56.025266 ], [ -5.084516, 56.025317 ], [ -5.084512, 56.025374 ], [ -5.084684, 56.025451 ], [ -5.084688, 56.025498 ], [ -5.084605, 56.025524 ], [ -5.084214, 56.02552 ], [ -5.083742, 56.025574 ], [ -5.083305, 56.025733 ], [ -5.083119, 56.025952 ], [ -5.082736, 56.026052 ], [ -5.08263, 56.026107 ], [ -5.082364, 56.026399 ], [ -5.082517, 56.026713 ], [ -5.082238, 56.027001 ], [ -5.082095, 56.027129 ], [ -5.081518, 56.027447 ], [ -5.081142, 56.027742 ], [ -5.081026, 56.027778 ], [ -5.080831, 56.027788 ], [ -5.080944, 56.027709 ], [ -5.08108, 56.027492 ], [ -5.081278, 56.026897 ], [ -5.081264, 56.026826 ], [ -5.081183, 56.026761 ], [ -5.080941, 56.026715 ], [ -5.080867, 56.026641 ], [ -5.081018, 56.026622 ], [ -5.081224, 56.026641 ], [ -5.081332, 56.026614 ], [ -5.081406, 56.026479 ], [ -5.081365, 56.026385 ], [ -5.081003, 56.026109 ], [ -5.081132, 56.025811 ], [ -5.081019, 56.025561 ], [ -5.081045, 56.025518 ], [ -5.080976, 56.025287 ], [ -5.081117, 56.025031 ], [ -5.081156, 56.024778 ], [ -5.081374, 56.024473 ], [ -5.081336, 56.024426 ], [ -5.081839, 56.023809 ], [ -5.082122, 56.023736 ], [ -5.082559, 56.023459 ], [ -5.082604, 56.023386 ], [ -5.082466, 56.023147 ], [ -5.082712, 56.022989 ], [ -5.082943, 56.022902 ], [ -5.083198, 56.022691 ], [ -5.083588, 56.022463 ], [ -5.083741, 56.022259 ], [ -5.083664, 56.021923 ], [ -5.0837, 56.021637 ], [ -5.083609, 56.021506 ], [ -5.083628, 56.021101 ], [ -5.083587, 56.021021 ], [ -5.083632, 56.020516 ], [ -5.083489, 56.020319 ], [ -5.083775, 56.019808 ], [ -5.08368, 56.019254 ], [ -5.08378, 56.019118 ], [ -5.083833, 56.01857 ], [ -5.083964, 56.0184 ], [ -5.08396, 56.018234 ], [ -5.084429, 56.017251 ], [ -5.08448, 56.016937 ], [ -5.084413, 56.016734 ], [ -5.084279, 56.016651 ], [ -5.084196, 56.016354 ], [ -5.084068, 56.01618 ], [ -5.083961, 56.016117 ], [ -5.084022, 56.015934 ], [ -5.08382, 56.015735 ], [ -5.083755, 56.015416 ], [ -5.078675, 56.016832 ], [ -5.076862, 56.016673 ], [ -5.073643, 56.016292 ], [ -5.072997, 56.01666 ], [ -5.069829, 56.017567 ], [ -5.068642, 56.017592 ], [ -5.065211, 56.017972 ], [ -5.062958, 56.018855 ], [ -5.062005, 56.019521 ], [ -5.059808, 56.019776 ], [ -5.058251, 56.020442 ], [ -5.055721, 56.021794 ], [ -5.054008, 56.021156 ], [ -5.052865, 56.021038 ], [ -5.051641, 56.021034 ], [ -5.050758, 56.0206 ], [ -5.049742, 56.019945 ], [ -5.049493, 56.019323 ], [ -5.048287, 56.018458 ], [ -5.046324, 56.017846 ], [ -5.046273, 56.016505 ], [ -5.045491, 56.016225 ], [ -5.044856, 56.015922 ], [ -5.043831, 56.015314 ], [ -5.041938, 56.014948 ], [ -5.040321, 56.014534 ], [ -5.039862, 56.014236 ], [ -5.03933, 56.013952 ], [ -5.038795, 56.013358 ], [ -5.03839, 56.012786 ], [ -5.037009, 56.012511 ], [ -5.035791, 56.011601 ], [ -5.034925, 56.011373 ], [ -5.033997, 56.011288 ], [ -5.03405, 56.010918 ], [ -5.03394, 56.010588 ], [ -5.032416, 56.009567 ], [ -5.031902, 56.008973 ], [ -5.030679, 56.008802 ], [ -5.029164, 56.00803 ], [ -5.027467, 56.007763 ], [ -5.025204, 56.008686 ], [ -5.024161, 56.008652 ], [ -5.02336, 56.008993 ], [ -5.022804, 56.009482 ], [ -5.02227, 56.009709 ], [ -5.021503, 56.010359 ], [ -5.019201, 56.011926 ], [ -5.018447, 56.01173 ], [ -5.017975, 56.011397 ], [ -5.017298, 56.011413 ], [ -5.016131, 56.010609 ], [ -5.01526, 56.010166 ], [ -5.01327, 56.010263 ], [ -5.011766, 56.010573 ], [ -5.010629, 56.010696 ], [ -5.009391, 56.010608 ], [ -5.007648, 56.010032 ], [ -5.006532, 56.010154 ], [ -5.005766, 56.010125 ], [ -5.005525, 56.009762 ], [ -5.004889, 56.009362 ], [ -5.002803, 56.008735 ], [ -5.001589, 56.00786 ], [ -5.000318, 56.007618 ], [ -4.998861, 56.006345 ], [ -4.99885, 56.005867 ], [ -4.994713, 56.005557 ], [ -4.994279, 56.005586 ], [ -4.99401, 56.005513 ], [ -4.993936, 56.005524 ], [ -4.993562, 56.005787 ], [ -4.993313, 56.005825 ], [ -4.992883, 56.005979 ], [ -4.992539, 56.006162 ], [ -4.992171, 56.006501 ], [ -4.991591, 56.007209 ], [ -4.991073, 56.007591 ], [ -4.990955, 56.007776 ], [ -4.990828, 56.007828 ], [ -4.990672, 56.007847 ], [ -4.988205, 56.007998 ], [ -4.987852, 56.008084 ], [ -4.987531, 56.008301 ], [ -4.987, 56.008557 ], [ -4.986721, 56.008637 ], [ -4.98662, 56.008696 ], [ -4.986541, 56.008886 ], [ -4.986756, 56.009036 ], [ -4.986747, 56.009187 ], [ -4.986566, 56.009554 ], [ -4.986231, 56.009903 ], [ -4.985619, 56.010132 ], [ -4.98542, 56.01024 ], [ -4.985111, 56.010334 ], [ -4.983869, 56.010458 ], [ -4.983405, 56.010535 ], [ -4.983389, 56.010264 ], [ -4.983969, 56.009539 ], [ -4.98399, 56.009424 ], [ -4.983878, 56.008768 ], [ -4.983348, 56.007922 ], [ -4.983018, 56.006334 ], [ -4.982781, 56.005782 ], [ -4.982619, 56.005608 ], [ -4.982061, 56.005259 ], [ -4.981842, 56.005063 ], [ -4.981478, 56.004915 ], [ -4.981545, 56.004842 ], [ -4.981137, 56.004726 ], [ -4.98109, 56.004779 ], [ -4.981022, 56.004781 ], [ -4.980714, 56.004684 ], [ -4.980309, 56.004508 ], [ -4.97985, 56.004217 ], [ -4.97881, 56.00311 ], [ -4.978435, 56.002762 ], [ -4.978191, 56.00263 ], [ -4.978005, 56.002578 ], [ -4.975896, 56.002255 ], [ -4.97446, 56.00219 ], [ -4.974265, 56.002138 ], [ -4.974191, 56.002061 ], [ -4.973551, 56.001907 ], [ -4.973272, 56.002133 ], [ -4.972575, 56.00255 ], [ -4.971458, 56.002959 ], [ -4.971015, 56.002958 ], [ -4.971144, 56.003062 ], [ -4.970274, 56.00334 ], [ -4.969496, 56.003544 ], [ -4.968551, 56.003667 ], [ -4.968137, 56.003691 ], [ -4.968051, 56.003688 ], [ -4.967961, 56.003559 ], [ -4.967841, 56.003541 ], [ -4.967465, 56.003728 ], [ -4.965083, 56.003783 ], [ -4.964211, 56.003921 ], [ -4.963218, 56.004373 ], [ -4.962716, 56.004966 ], [ -4.962352, 56.005038 ], [ -4.962183, 56.005127 ], [ -4.961943, 56.005348 ], [ -4.961577, 56.005506 ], [ -4.961477, 56.005526 ], [ -4.961323, 56.005507 ], [ -4.96104, 56.005252 ], [ -4.960773, 56.005373 ], [ -4.960266, 56.005175 ], [ -4.959729, 56.004905 ], [ -4.959183, 56.00458 ], [ -4.958481, 56.003759 ], [ -4.958073, 56.0032 ], [ -4.95749, 56.002686 ], [ -4.956855, 56.002312 ], [ -4.955266, 56.001912 ], [ -4.954921, 56.001784 ], [ -4.953881, 56.000951 ], [ -4.951923, 55.999534 ], [ -4.951811, 55.99935 ], [ -4.951642, 55.99881 ], [ -4.951587, 55.998354 ], [ -4.951342, 55.998056 ], [ -4.950795, 55.997593 ], [ -4.95034, 55.9974 ], [ -4.950018, 55.99715 ], [ -4.949952, 55.997151 ], [ -4.949859, 55.997212 ], [ -4.949709, 55.99719 ], [ -4.949705, 55.997028 ], [ -4.949576, 55.99684 ], [ -4.949092, 55.996505 ], [ -4.948631, 55.996079 ], [ -4.948507, 55.995373 ], [ -4.948521, 55.994795 ], [ -4.948584, 55.994788 ], [ -4.948628, 55.994866 ], [ -4.948793, 55.995304 ], [ -4.948865, 55.995305 ], [ -4.949517, 55.994947 ], [ -4.949805, 55.994721 ], [ -4.950115, 55.994382 ], [ -4.950198, 55.994184 ], [ -4.950212, 55.994074 ], [ -4.9501, 55.993803 ], [ -4.949611, 55.993401 ], [ -4.949472, 55.993243 ], [ -4.949255, 55.992513 ], [ -4.949173, 55.992441 ], [ -4.948975, 55.992457 ], [ -4.948625, 55.992542 ], [ -4.948444, 55.992482 ], [ -4.948249, 55.992523 ], [ -4.947711, 55.992549 ], [ -4.947258, 55.992534 ], [ -4.947121, 55.992416 ], [ -4.946811, 55.992522 ], [ -4.946496, 55.992563 ], [ -4.946294, 55.99265 ], [ -4.945653, 55.992699 ], [ -4.945439, 55.992673 ], [ -4.945341, 55.992609 ], [ -4.945371, 55.992501 ], [ -4.945529, 55.992334 ], [ -4.945535, 55.992257 ], [ -4.94526, 55.992227 ], [ -4.944935, 55.992343 ], [ -4.944881, 55.992422 ], [ -4.944876, 55.992572 ], [ -4.944775, 55.992574 ], [ -4.944662, 55.992497 ], [ -4.94459, 55.992491 ], [ -4.944013, 55.99264 ], [ -4.943876, 55.992751 ], [ -4.943852, 55.992896 ], [ -4.943611, 55.992966 ], [ -4.9437, 55.993009 ], [ -4.943708, 55.993064 ], [ -4.943617, 55.993152 ], [ -4.943442, 55.993107 ], [ -4.943281, 55.9932 ], [ -4.94282, 55.993196 ], [ -4.942671, 55.993231 ], [ -4.942383, 55.993381 ], [ -4.942371, 55.993446 ], [ -4.942219, 55.993518 ], [ -4.941978, 55.993576 ], [ -4.941827, 55.993545 ], [ -4.941812, 55.993667 ], [ -4.941738, 55.993687 ], [ -4.941586, 55.993663 ], [ -4.941544, 55.993808 ], [ -4.941354, 55.993863 ], [ -4.941184, 55.993966 ], [ -4.941113, 55.993987 ], [ -4.941023, 55.99397 ], [ -4.940882, 55.9939 ], [ -4.94071, 55.993928 ], [ -4.94044, 55.994113 ], [ -4.94052, 55.994273 ], [ -4.940192, 55.994268 ], [ -4.939713, 55.994493 ], [ -4.939487, 55.994533 ], [ -4.939267, 55.994519 ], [ -4.938898, 55.994328 ], [ -4.938323, 55.994179 ], [ -4.937666, 55.994081 ], [ -4.937019, 55.993885 ], [ -4.936385, 55.993639 ], [ -4.935662, 55.993287 ], [ -4.935332, 55.993076 ], [ -4.934709, 55.992751 ], [ -4.934307, 55.992427 ], [ -4.933873, 55.992297 ], [ -4.932662, 55.99147 ], [ -4.931446, 55.990731 ], [ -4.931063, 55.990609 ], [ -4.930605, 55.99033 ], [ -4.929673, 55.990012 ], [ -4.929267, 55.989815 ], [ -4.928818, 55.989535 ], [ -4.928708, 55.989428 ], [ -4.928535, 55.989052 ], [ -4.928473, 55.988727 ], [ -4.928392, 55.988576 ], [ -4.928318, 55.988534 ], [ -4.928191, 55.988541 ], [ -4.927849, 55.98868 ], [ -4.927127, 55.988892 ], [ -4.926651, 55.988921 ], [ -4.925087, 55.988791 ], [ -4.923997, 55.988744 ], [ -4.922491, 55.988746 ], [ -4.921003, 55.988596 ], [ -4.920255, 55.98858 ], [ -4.919813, 55.988524 ], [ -4.919292, 55.988367 ], [ -4.918686, 55.988094 ], [ -4.918385, 55.987917 ], [ -4.917979, 55.987528 ], [ -4.917577, 55.986896 ], [ -4.917421, 55.986724 ], [ -4.917074, 55.986453 ], [ -4.916728, 55.986273 ], [ -4.915851, 55.986268 ], [ -4.915023, 55.986321 ], [ -4.914451, 55.986265 ], [ -4.914004, 55.986188 ], [ -4.913749, 55.986188 ], [ -4.913387, 55.986062 ], [ -4.912792, 55.985748 ], [ -4.911596, 55.985429 ], [ -4.91094, 55.985333 ], [ -4.910676, 55.98532 ], [ -4.910257, 55.985223 ], [ -4.909286, 55.985177 ], [ -4.909066, 55.985135 ], [ -4.908583, 55.984932 ], [ -4.908328, 55.984867 ], [ -4.907586, 55.984833 ], [ -4.906599, 55.984648 ], [ -4.906067, 55.984454 ], [ -4.904961, 55.983914 ], [ -4.904792, 55.983808 ], [ -4.904723, 55.983672 ], [ -4.904408, 55.983421 ], [ -4.903448, 55.98311 ], [ -4.903045, 55.983046 ], [ -4.902746, 55.982945 ], [ -4.902274, 55.982698 ], [ -4.901357, 55.982299 ], [ -4.900661, 55.981933 ], [ -4.900515, 55.981878 ], [ -4.899869, 55.981763 ], [ -4.89964, 55.981799 ], [ -4.899427, 55.981897 ], [ -4.899185, 55.982064 ], [ -4.898943, 55.982176 ], [ -4.898864, 55.982264 ], [ -4.898802, 55.982558 ], [ -4.898644, 55.982659 ], [ -4.898042, 55.982835 ], [ -4.897296, 55.983188 ], [ -4.897331, 55.983263 ], [ -4.897501, 55.983369 ], [ -4.897441, 55.983427 ], [ -4.897354, 55.983438 ], [ -4.897111, 55.983319 ], [ -4.896646, 55.983798 ], [ -4.895961, 55.985028 ], [ -4.895356, 55.985726 ], [ -4.895336, 55.986195 ], [ -4.895212, 55.986636 ], [ -4.895193, 55.98695 ], [ -4.895037, 55.987413 ], [ -4.894709, 55.989626 ], [ -4.894664, 55.992283 ], [ -4.894535, 55.993696 ], [ -4.89463, 55.994174 ], [ -4.894621, 55.995249 ], [ -4.894715, 55.995471 ], [ -4.894628, 55.995556 ], [ -4.894608, 55.995866 ], [ -4.894511, 55.996138 ], [ -4.89429, 55.996508 ], [ -4.894283, 55.996822 ], [ -4.894168, 55.997162 ], [ -4.894191, 55.997301 ], [ -4.894456, 55.997493 ], [ -4.894526, 55.997621 ], [ -4.894452, 55.997791 ], [ -4.89407, 55.998066 ], [ -4.894072, 55.99818 ], [ -4.894273, 55.998414 ], [ -4.895034, 55.998619 ], [ -4.895277, 55.998824 ], [ -4.895555, 55.999537 ], [ -4.896439, 56.001323 ], [ -4.896628, 56.002069 ], [ -4.896815, 56.003217 ], [ -4.896952, 56.003677 ], [ -4.897358, 56.004807 ], [ -4.897655, 56.005195 ], [ -4.897647, 56.005311 ], [ -4.897505, 56.005464 ], [ -4.897047, 56.006258 ], [ -4.896734, 56.006393 ], [ -4.896518, 56.006622 ], [ -4.896447, 56.006921 ], [ -4.896777, 56.007248 ], [ -4.897464, 56.008198 ], [ -4.898922, 56.009188 ], [ -4.899186, 56.009249 ], [ -4.899412, 56.009505 ], [ -4.899853, 56.009784 ], [ -4.900717, 56.010562 ], [ -4.901051, 56.01111 ], [ -4.901719, 56.012516 ], [ -4.90188, 56.012965 ], [ -4.902005, 56.013608 ], [ -4.902078, 56.01548 ], [ -4.902043, 56.015725 ], [ -4.901928, 56.015968 ], [ -4.901823, 56.016612 ], [ -4.901456, 56.017132 ], [ -4.899968, 56.01816 ], [ -4.899535, 56.018614 ], [ -4.899409, 56.018886 ], [ -4.8989, 56.019203 ], [ -4.89865, 56.019597 ], [ -4.898647, 56.019743 ], [ -4.898564, 56.019834 ], [ -4.898581, 56.020006 ], [ -4.899077, 56.020784 ], [ -4.899507, 56.021174 ], [ -4.899578, 56.021314 ], [ -4.899802, 56.02136 ], [ -4.899973, 56.021521 ], [ -4.90033, 56.021752 ], [ -4.901614, 56.022832 ], [ -4.90202, 56.023326 ], [ -4.902135, 56.023604 ], [ -4.902077, 56.024089 ], [ -4.902134, 56.024735 ], [ -4.902097, 56.024884 ], [ -4.902219, 56.025119 ], [ -4.902284, 56.025842 ], [ -4.902336, 56.025986 ], [ -4.903141, 56.026834 ], [ -4.903256, 56.027041 ], [ -4.903367, 56.027957 ], [ -4.903497, 56.028253 ], [ -4.903537, 56.028994 ], [ -4.903964, 56.029213 ], [ -4.90383, 56.029369 ], [ -4.903869, 56.029435 ], [ -4.904375, 56.029783 ], [ -4.905174, 56.030528 ], [ -4.905817, 56.031309 ], [ -4.906365, 56.032168 ], [ -4.906617, 56.032697 ], [ -4.906517, 56.033292 ], [ -4.905605, 56.034505 ], [ -4.905533, 56.035055 ], [ -4.90562, 56.035879 ], [ -4.905836, 56.036102 ], [ -4.906405, 56.036391 ], [ -4.906606, 56.036611 ], [ -4.906763, 56.036871 ], [ -4.907001, 56.037047 ], [ -4.90715, 56.037281 ], [ -4.907169, 56.037578 ], [ -4.90699, 56.038155 ], [ -4.906971, 56.039637 ], [ -4.907297, 56.040908 ], [ -4.908115, 56.041903 ], [ -4.908204, 56.042306 ], [ -4.90813, 56.042455 ], [ -4.908195, 56.042654 ], [ -4.908067, 56.04283 ], [ -4.908214, 56.043125 ], [ -4.908146, 56.04352 ], [ -4.907991, 56.043727 ], [ -4.907686, 56.04394 ], [ -4.907418, 56.044196 ], [ -4.907251, 56.044628 ], [ -4.907275, 56.04494 ], [ -4.907506, 56.045174 ], [ -4.908875, 56.046012 ], [ -4.90934, 56.046194 ], [ -4.909555, 56.046368 ], [ -4.909621, 56.046645 ], [ -4.909576, 56.046836 ], [ -4.909692, 56.046919 ], [ -4.909502, 56.046985 ], [ -4.90964, 56.047238 ], [ -4.910067, 56.047748 ], [ -4.910867, 56.04886 ], [ -4.911173, 56.049543 ], [ -4.911068, 56.049717 ], [ -4.911024, 56.049932 ], [ -4.91092, 56.05001 ], [ -4.910921, 56.050139 ], [ -4.910857, 56.050187 ], [ -4.910599, 56.05026 ], [ -4.910519, 56.050328 ], [ -4.910531, 56.05049 ], [ -4.909899, 56.050904 ], [ -4.909252, 56.051115 ], [ -4.909075, 56.051243 ], [ -4.908243, 56.051257 ], [ -4.908074, 56.05139 ], [ -4.907864, 56.051414 ], [ -4.907674, 56.051494 ], [ -4.906608, 56.052124 ], [ -4.906175, 56.052125 ], [ -4.905902, 56.052226 ], [ -4.905581, 56.052978 ], [ -4.905913, 56.053168 ], [ -4.906083, 56.053447 ], [ -4.906402, 56.053784 ], [ -4.906494, 56.053996 ], [ -4.906405, 56.054311 ], [ -4.905855, 56.054658 ], [ -4.905181, 56.055338 ], [ -4.904956, 56.055473 ], [ -4.904698, 56.055765 ], [ -4.904423, 56.055952 ], [ -4.904027, 56.05612 ], [ -4.903744, 56.056192 ], [ -4.902938, 56.056215 ], [ -4.902851, 56.056194 ], [ -4.902576, 56.056267 ], [ -4.9024, 56.056414 ], [ -4.902087, 56.056892 ], [ -4.901816, 56.057008 ], [ -4.901032, 56.057212 ], [ -4.900713, 56.057262 ], [ -4.900108, 56.057529 ], [ -4.899787, 56.057635 ], [ -4.899602, 56.057846 ], [ -4.899249, 56.057915 ], [ -4.898807, 56.058171 ], [ -4.898465, 56.058238 ], [ -4.898187, 56.05837 ], [ -4.898128, 56.058429 ], [ -4.897898, 56.058493 ], [ -4.897836, 56.058571 ], [ -4.897903, 56.058907 ], [ -4.897486, 56.059231 ], [ -4.897409, 56.059341 ], [ -4.896901, 56.059631 ], [ -4.896835, 56.059723 ], [ -4.896527, 56.059933 ], [ -4.896372, 56.060142 ], [ -4.896293, 56.060522 ], [ -4.896157, 56.060534 ], [ -4.896117, 56.06059 ], [ -4.896213, 56.060641 ], [ -4.89603, 56.060771 ], [ -4.895819, 56.060852 ], [ -4.895742, 56.060993 ], [ -4.89535, 56.061349 ], [ -4.894686, 56.061706 ], [ -4.894543, 56.061831 ], [ -4.8942, 56.061973 ], [ -4.894088, 56.062088 ], [ -4.894, 56.062082 ], [ -4.893885, 56.062264 ], [ -4.893747, 56.062353 ], [ -4.893589, 56.062711 ], [ -4.893611, 56.062792 ], [ -4.893367, 56.06318 ], [ -4.892789, 56.0638 ], [ -4.892811, 56.064145 ], [ -4.892684, 56.064183 ], [ -4.892648, 56.064254 ], [ -4.892558, 56.064186 ], [ -4.892423, 56.064248 ], [ -4.892267, 56.064511 ], [ -4.892274, 56.064612 ], [ -4.892374, 56.064662 ], [ -4.892638, 56.064969 ], [ -4.892643, 56.06504 ], [ -4.892377, 56.06523 ], [ -4.892319, 56.065491 ], [ -4.892256, 56.065547 ], [ -4.891635, 56.06569 ], [ -4.891349, 56.065686 ], [ -4.891145, 56.065734 ], [ -4.891058, 56.065795 ], [ -4.890998, 56.06593 ], [ -4.891045, 56.066055 ], [ -4.89112, 56.066115 ], [ -4.891124, 56.0663 ], [ -4.890484, 56.066931 ], [ -4.890332, 56.06732 ], [ -4.890378, 56.067717 ], [ -4.890536, 56.067884 ], [ -4.890556, 56.068067 ], [ -4.890362, 56.068287 ], [ -4.88965, 56.068762 ], [ -4.88955, 56.068898 ], [ -4.888917, 56.069415 ], [ -4.888199, 56.069949 ], [ -4.88787, 56.070108 ], [ -4.887662, 56.070443 ], [ -4.887758, 56.070734 ], [ -4.887668, 56.071 ], [ -4.88767, 56.071308 ], [ -4.887288, 56.071666 ], [ -4.887077, 56.071938 ], [ -4.886975, 56.072192 ], [ -4.887074, 56.072336 ], [ -4.886961, 56.07282 ], [ -4.886643, 56.073177 ], [ -4.886396, 56.073368 ], [ -4.886306, 56.073591 ], [ -4.885771, 56.074252 ], [ -4.885698, 56.074314 ], [ -4.885551, 56.074362 ], [ -4.884856, 56.074437 ], [ -4.884198, 56.074674 ], [ -4.883397, 56.074831 ], [ -4.882977, 56.074976 ], [ -4.882754, 56.075107 ], [ -4.882687, 56.075661 ], [ -4.882593, 56.075972 ], [ -4.882392, 56.076269 ], [ -4.882361, 56.076414 ], [ -4.882548, 56.076931 ], [ -4.882549, 56.077085 ], [ -4.882342, 56.077299 ], [ -4.882091, 56.077661 ], [ -4.882025, 56.07796 ], [ -4.881864, 56.078087 ], [ -4.881879, 56.078156 ], [ -4.881817, 56.078256 ], [ -4.881872, 56.07841 ], [ -4.881789, 56.078571 ], [ -4.881514, 56.078798 ], [ -4.881159, 56.078956 ], [ -4.881006, 56.079084 ], [ -4.880892, 56.079088 ], [ -4.880754, 56.079021 ], [ -4.880371, 56.079241 ], [ -4.880145, 56.07949 ], [ -4.880115, 56.079763 ], [ -4.879405, 56.080272 ], [ -4.879134, 56.080643 ], [ -4.878764, 56.080853 ], [ -4.878678, 56.081056 ], [ -4.878511, 56.082055 ], [ -4.878308, 56.082504 ], [ -4.878353, 56.082625 ], [ -4.878571, 56.082898 ], [ -4.878626, 56.083093 ], [ -4.878599, 56.083284 ], [ -4.878428, 56.083556 ], [ -4.878071, 56.083772 ], [ -4.877672, 56.083904 ], [ -4.877441, 56.083915 ], [ -4.877272, 56.083802 ], [ -4.877157, 56.083774 ], [ -4.876787, 56.083785 ], [ -4.876462, 56.08389 ], [ -4.876026, 56.084135 ], [ -4.875747, 56.084137 ], [ -4.875345, 56.084579 ], [ -4.87466, 56.084926 ], [ -4.874554, 56.085251 ], [ -4.874583, 56.085659 ], [ -4.874497, 56.085765 ], [ -4.8743, 56.085874 ], [ -4.874024, 56.086363 ], [ -4.874382, 56.086908 ], [ -4.874444, 56.087288 ], [ -4.874398, 56.08755 ], [ -4.874293, 56.087713 ], [ -4.874381, 56.087895 ], [ -4.874346, 56.08815 ], [ -4.874058, 56.088608 ], [ -4.874137, 56.088751 ], [ -4.874121, 56.089426 ], [ -4.874226, 56.089614 ], [ -4.874471, 56.089872 ], [ -4.874438, 56.090082 ], [ -4.87459, 56.090411 ], [ -4.874669, 56.090791 ], [ -4.874669, 56.090964 ], [ -4.874559, 56.091359 ], [ -4.874632, 56.091459 ], [ -4.874888, 56.091549 ], [ -4.874981, 56.091646 ], [ -4.875143, 56.092013 ], [ -4.875167, 56.092272 ], [ -4.874984, 56.092652 ], [ -4.874963, 56.092831 ], [ -4.875485, 56.093429 ], [ -4.875503, 56.093666 ], [ -4.875206, 56.09394 ], [ -4.875267, 56.094 ], [ -4.875415, 56.094004 ], [ -4.875392, 56.094123 ], [ -4.875574, 56.094188 ], [ -4.875853, 56.094223 ], [ -4.876391, 56.094168 ], [ -4.876789, 56.094197 ], [ -4.877308, 56.094472 ], [ -4.87793, 56.094683 ], [ -4.878199, 56.094715 ], [ -4.878868, 56.094989 ], [ -4.879061, 56.095022 ], [ -4.87932, 56.094973 ], [ -4.879616, 56.094979 ], [ -4.880488, 56.095095 ], [ -4.882007, 56.095432 ], [ -4.882877, 56.095671 ], [ -4.884005, 56.096041 ], [ -4.884443, 56.096261 ], [ -4.884539, 56.096369 ], [ -4.884523, 56.096771 ], [ -4.884614, 56.097064 ], [ -4.884754, 56.097191 ], [ -4.886042, 56.097988 ], [ -4.886342, 56.098088 ], [ -4.88713, 56.098169 ], [ -4.887329, 56.098121 ], [ -4.887804, 56.098128 ], [ -4.888395, 56.09808 ], [ -4.888575, 56.098118 ], [ -4.888685, 56.098263 ], [ -4.888715, 56.098513 ], [ -4.888653, 56.098829 ], [ -4.888221, 56.099124 ], [ -4.887562, 56.099318 ], [ -4.887406, 56.099501 ], [ -4.887231, 56.099582 ], [ -4.887075, 56.099907 ], [ -4.887108, 56.100051 ], [ -4.88719, 56.100063 ], [ -4.887616, 56.099983 ], [ -4.88802, 56.100003 ], [ -4.888177, 56.099947 ], [ -4.888721, 56.099874 ], [ -4.888845, 56.099806 ], [ -4.889141, 56.099787 ], [ -4.889433, 56.099694 ], [ -4.889668, 56.099739 ], [ -4.889886, 56.099685 ], [ -4.890583, 56.099735 ], [ -4.891197, 56.09984 ], [ -4.891421, 56.099932 ], [ -4.891535, 56.100152 ], [ -4.891731, 56.100234 ], [ -4.892202, 56.100338 ], [ -4.892362, 56.100411 ], [ -4.892725, 56.100642 ], [ -4.89284, 56.100758 ], [ -4.892881, 56.101151 ], [ -4.892593, 56.102138 ], [ -4.892519, 56.10271 ], [ -4.89255, 56.102871 ], [ -4.892814, 56.103052 ], [ -4.893135, 56.103106 ], [ -4.893592, 56.103312 ], [ -4.89382, 56.103322 ], [ -4.894257, 56.102963 ], [ -4.894618, 56.102899 ], [ -4.895201, 56.102867 ], [ -4.896023, 56.102908 ], [ -4.896886, 56.102891 ], [ -4.897165, 56.102961 ], [ -4.897277, 56.102958 ], [ -4.897505, 56.103052 ], [ -4.897532, 56.103136 ], [ -4.897643, 56.10322 ], [ -4.897879, 56.103251 ], [ -4.898984, 56.10352 ], [ -4.89962, 56.103763 ], [ -4.900882, 56.104635 ], [ -4.900957, 56.104849 ], [ -4.901207, 56.105063 ], [ -4.901508, 56.105246 ], [ -4.902268, 56.105591 ], [ -4.902416, 56.105861 ], [ -4.902362, 56.105993 ], [ -4.902129, 56.106191 ], [ -4.902154, 56.106361 ], [ -4.902097, 56.10657 ], [ -4.902147, 56.106664 ], [ -4.902293, 56.106768 ], [ -4.902397, 56.106729 ], [ -4.902438, 56.106996 ], [ -4.902631, 56.107164 ], [ -4.902868, 56.107337 ], [ -4.903284, 56.107493 ], [ -4.904187, 56.107682 ], [ -4.905089, 56.108004 ], [ -4.905257, 56.108261 ], [ -4.905311, 56.108715 ], [ -4.905196, 56.108721 ], [ -4.905199, 56.108899 ], [ -4.905328, 56.109056 ], [ -4.905594, 56.109199 ], [ -4.90579, 56.10926 ], [ -4.906355, 56.109556 ], [ -4.906557, 56.109699 ], [ -4.906643, 56.109989 ], [ -4.906788, 56.110223 ], [ -4.908206, 56.11167 ], [ -4.908547, 56.111947 ], [ -4.908696, 56.112236 ], [ -4.908721, 56.112711 ], [ -4.908371, 56.113433 ], [ -4.908397, 56.113491 ], [ -4.90827, 56.113643 ], [ -4.908282, 56.11394 ], [ -4.908238, 56.114035 ], [ -4.908071, 56.114165 ], [ -4.907775, 56.114273 ], [ -4.90762, 56.114369 ], [ -4.907498, 56.114553 ], [ -4.907425, 56.114989 ], [ -4.907541, 56.115117 ], [ -4.907368, 56.115234 ], [ -4.907402, 56.115394 ], [ -4.907209, 56.11566 ], [ -4.907187, 56.115797 ], [ -4.90724, 56.11592 ], [ -4.907587, 56.11615 ], [ -4.909742, 56.117205 ], [ -4.909878, 56.117321 ], [ -4.910101, 56.117402 ], [ -4.910138, 56.117523 ], [ -4.910485, 56.117686 ], [ -4.91036, 56.11785 ], [ -4.91048, 56.118054 ], [ -4.910659, 56.118185 ], [ -4.910598, 56.118231 ], [ -4.910692, 56.118652 ], [ -4.910862, 56.118933 ], [ -4.910701, 56.119335 ], [ -4.910488, 56.119542 ], [ -4.910431, 56.119853 ], [ -4.910552, 56.120381 ], [ -4.910559, 56.120843 ], [ -4.910396, 56.121297 ], [ -4.910086, 56.121901 ], [ -4.909327, 56.12249 ], [ -4.909125, 56.122689 ], [ -4.90901, 56.123087 ], [ -4.908504, 56.123644 ], [ -4.908081, 56.124386 ], [ -4.907974, 56.124495 ], [ -4.907905, 56.124758 ], [ -4.907942, 56.124932 ], [ -4.908011, 56.125154 ], [ -4.908368, 56.125776 ], [ -4.908416, 56.126007 ], [ -4.908309, 56.126263 ], [ -4.90832, 56.126519 ], [ -4.9079, 56.127679 ], [ -4.907771, 56.12788 ], [ -4.90757, 56.128054 ], [ -4.907251, 56.128139 ], [ -4.906702, 56.12822 ], [ -4.906425, 56.128396 ], [ -4.906705, 56.129287 ], [ -4.906806, 56.129808 ], [ -4.906704, 56.130161 ], [ -4.906167, 56.130626 ], [ -4.905486, 56.130878 ], [ -4.905248, 56.131023 ], [ -4.904993, 56.131384 ], [ -4.904783, 56.131586 ], [ -4.904269, 56.131918 ], [ -4.903147, 56.132407 ], [ -4.902784, 56.132501 ], [ -4.902287, 56.132816 ], [ -4.901629, 56.132986 ], [ -4.901461, 56.133098 ], [ -4.901443, 56.133292 ], [ -4.901599, 56.133549 ], [ -4.901854, 56.134469 ], [ -4.90153, 56.134872 ], [ -4.900943, 56.135205 ], [ -4.900731, 56.13535 ], [ -4.900649, 56.135468 ], [ -4.900629, 56.135621 ], [ -4.900835, 56.136012 ], [ -4.901065, 56.136281 ], [ -4.901074, 56.136411 ], [ -4.900745, 56.136738 ], [ -4.900659, 56.137086 ], [ -4.900413, 56.137343 ], [ -4.900141, 56.137799 ], [ -4.900115, 56.138415 ], [ -4.89967, 56.13921 ], [ -4.899668, 56.139471 ], [ -4.899771, 56.139731 ], [ -4.900575, 56.140342 ], [ -4.900847, 56.140692 ], [ -4.901144, 56.140959 ], [ -4.901231, 56.141551 ], [ -4.900768, 56.142056 ], [ -4.900748, 56.142205 ], [ -4.900557, 56.142358 ], [ -4.900541, 56.14243 ], [ -4.900677, 56.142403 ], [ -4.900775, 56.14243 ], [ -4.900819, 56.142745 ], [ -4.900303, 56.143579 ], [ -4.900299, 56.144023 ], [ -4.900379, 56.144372 ], [ -4.900315, 56.14495 ], [ -4.900206, 56.145294 ], [ -4.899868, 56.14565 ], [ -4.899756, 56.145835 ], [ -4.899741, 56.145957 ], [ -4.899845, 56.146372 ], [ -4.89973, 56.146504 ], [ -4.89979, 56.146592 ], [ -4.899938, 56.14664 ], [ -4.899912, 56.146838 ], [ -4.900061, 56.147001 ], [ -4.900058, 56.147167 ], [ -4.900137, 56.147251 ], [ -4.90037, 56.147369 ], [ -4.900532, 56.147579 ], [ -4.900646, 56.147922 ], [ -4.900807, 56.148031 ], [ -4.901405, 56.148273 ], [ -4.901534, 56.148373 ], [ -4.901786, 56.149048 ], [ -4.90206, 56.149381 ], [ -4.902417, 56.149624 ], [ -4.902608, 56.149912 ], [ -4.902823, 56.150094 ], [ -4.903099, 56.150224 ], [ -4.904023, 56.150526 ], [ -4.904348, 56.150666 ], [ -4.90501, 56.151118 ], [ -4.905226, 56.151311 ], [ -4.905585, 56.151824 ], [ -4.905909, 56.152174 ], [ -4.906307, 56.152521 ], [ -4.906551, 56.153181 ], [ -4.906541, 56.15337 ], [ -4.906608, 56.153512 ], [ -4.90675, 56.153684 ], [ -4.907215, 56.154091 ], [ -4.907387, 56.154387 ], [ -4.90796, 56.154676 ], [ -4.908077, 56.154844 ], [ -4.908236, 56.15524 ], [ -4.908324, 56.155337 ], [ -4.908845, 56.155522 ], [ -4.9091, 56.155761 ], [ -4.90997, 56.155859 ], [ -4.910778, 56.156052 ], [ -4.910989, 56.156383 ], [ -4.911148, 56.15647 ], [ -4.911289, 56.156633 ], [ -4.911297, 56.156785 ], [ -4.911201, 56.156919 ], [ -4.911295, 56.157041 ], [ -4.911472, 56.15712 ], [ -4.911494, 56.15728 ], [ -4.911652, 56.157396 ], [ -4.911716, 56.157537 ], [ -4.911727, 56.157742 ], [ -4.911594, 56.15779 ], [ -4.91149, 56.15791 ], [ -4.911556, 56.158236 ], [ -4.911444, 56.158441 ], [ -4.911357, 56.158763 ], [ -4.911384, 56.158935 ], [ -4.912716, 56.161176 ], [ -4.913072, 56.161512 ], [ -4.91403, 56.161769 ], [ -4.914665, 56.162009 ], [ -4.915188, 56.1623 ], [ -4.915459, 56.162645 ], [ -4.915655, 56.1627 ], [ -4.915837, 56.162708 ], [ -4.916077, 56.162779 ], [ -4.916525, 56.163066 ], [ -4.916448, 56.16324 ], [ -4.91664, 56.163735 ], [ -4.916574, 56.163861 ], [ -4.916735, 56.164291 ], [ -4.916692, 56.164551 ], [ -4.916307, 56.164825 ], [ -4.915783, 56.165366 ], [ -4.915094, 56.165983 ], [ -4.91454, 56.166394 ], [ -4.914391, 56.16682 ], [ -4.913565, 56.16731 ], [ -4.91333, 56.167493 ], [ -4.913025, 56.167627 ], [ -4.912998, 56.16772 ], [ -4.913189, 56.167822 ], [ -4.913183, 56.167895 ], [ -4.912924, 56.167822 ], [ -4.912815, 56.167832 ], [ -4.912606, 56.167943 ], [ -4.912366, 56.167935 ], [ -4.912217, 56.167993 ], [ -4.912083, 56.16797 ], [ -4.912006, 56.168014 ], [ -4.912027, 56.168069 ], [ -4.911912, 56.168069 ], [ -4.911754, 56.168018 ], [ -4.911504, 56.16786 ], [ -4.911656, 56.167737 ], [ -4.911665, 56.167687 ], [ -4.911523, 56.167721 ], [ -4.911365, 56.167888 ], [ -4.911244, 56.167937 ], [ -4.911069, 56.16792 ], [ -4.910791, 56.167967 ], [ -4.910676, 56.16802 ], [ -4.91045, 56.168061 ], [ -4.910322, 56.168138 ], [ -4.910173, 56.168136 ], [ -4.910035, 56.168287 ], [ -4.909957, 56.168317 ], [ -4.909693, 56.1682 ], [ -4.909526, 56.168201 ], [ -4.909411, 56.168254 ], [ -4.909338, 56.168363 ], [ -4.909234, 56.168403 ], [ -4.909111, 56.168402 ], [ -4.908929, 56.168258 ], [ -4.908753, 56.168235 ], [ -4.90863, 56.168246 ], [ -4.908419, 56.168392 ], [ -4.908296, 56.168394 ], [ -4.908181, 56.168347 ], [ -4.907863, 56.168468 ], [ -4.907572, 56.168499 ], [ -4.907467, 56.168431 ], [ -4.907346, 56.16844 ], [ -4.907254, 56.168409 ], [ -4.907148, 56.168431 ], [ -4.906951, 56.168562 ], [ -4.906471, 56.168504 ], [ -4.906435, 56.168476 ], [ -4.906282, 56.16849 ], [ -4.906246, 56.168519 ], [ -4.90604, 56.16848 ], [ -4.905969, 56.168516 ], [ -4.905015, 56.168529 ], [ -4.904959, 56.168573 ], [ -4.905018, 56.168619 ], [ -4.904995, 56.168665 ], [ -4.904838, 56.168661 ], [ -4.904666, 56.168696 ], [ -4.904049, 56.169001 ], [ -4.903734, 56.169063 ], [ -4.903734, 56.16912 ], [ -4.903668, 56.169153 ], [ -4.903134, 56.169263 ], [ -4.902166, 56.169143 ], [ -4.901959, 56.169095 ], [ -4.901864, 56.169028 ], [ -4.901776, 56.169045 ], [ -4.901717, 56.169001 ], [ -4.901536, 56.168639 ], [ -4.901534, 56.168492 ], [ -4.901628, 56.168273 ], [ -4.901634, 56.168016 ], [ -4.901457, 56.167692 ], [ -4.90148, 56.167496 ], [ -4.901415, 56.167374 ], [ -4.901539, 56.166408 ], [ -4.901394, 56.165912 ], [ -4.90128, 56.16581 ], [ -4.90123, 56.165657 ], [ -4.901591, 56.165101 ], [ -4.901561, 56.165012 ], [ -4.901094, 56.164585 ], [ -4.900994, 56.164383 ], [ -4.900656, 56.164093 ], [ -4.900178, 56.163745 ], [ -4.899831, 56.163601 ], [ -4.899844, 56.163551 ], [ -4.899402, 56.16332 ], [ -4.899311, 56.163222 ], [ -4.899337, 56.163181 ], [ -4.899121, 56.162947 ], [ -4.899008, 56.162872 ], [ -4.898852, 56.162825 ], [ -4.898591, 56.162538 ], [ -4.898503, 56.161882 ], [ -4.898226, 56.161373 ], [ -4.898238, 56.161306 ], [ -4.898201, 56.161256 ], [ -4.898107, 56.161238 ], [ -4.898078, 56.161093 ], [ -4.897943, 56.161053 ], [ -4.897905, 56.160895 ], [ -4.897775, 56.160753 ], [ -4.897471, 56.160179 ], [ -4.897296, 56.159993 ], [ -4.896927, 56.159396 ], [ -4.896535, 56.158951 ], [ -4.896313, 56.158497 ], [ -4.896309, 56.158093 ], [ -4.896239, 56.157906 ], [ -4.895758, 56.157487 ], [ -4.895304, 56.157219 ], [ -4.894993, 56.156979 ], [ -4.894456, 56.156295 ], [ -4.893457, 56.155201 ], [ -4.893144, 56.154999 ], [ -4.892663, 56.154551 ], [ -4.891509, 56.153827 ], [ -4.890844, 56.153486 ], [ -4.890388, 56.153199 ], [ -4.889715, 56.152632 ], [ -4.889307, 56.152145 ], [ -4.888995, 56.152133 ], [ -4.889185, 56.152045 ], [ -4.889206, 56.15199 ], [ -4.889012, 56.151735 ], [ -4.888092, 56.151172 ], [ -4.887811, 56.150936 ], [ -4.887235, 56.150585 ], [ -4.887134, 56.15049 ], [ -4.887037, 56.149772 ], [ -4.886651, 56.149201 ], [ -4.886576, 56.148962 ], [ -4.886324, 56.148611 ], [ -4.886333, 56.148397 ], [ -4.886437, 56.148185 ], [ -4.886311, 56.147984 ], [ -4.885942, 56.147609 ], [ -4.885731, 56.147296 ], [ -4.885785, 56.147219 ], [ -4.885762, 56.147088 ], [ -4.885365, 56.146743 ], [ -4.885166, 56.146322 ], [ -4.885126, 56.146099 ], [ -4.885016, 56.145943 ], [ -4.884257, 56.145257 ], [ -4.88423, 56.145119 ], [ -4.884338, 56.144966 ], [ -4.884284, 56.144813 ], [ -4.883497, 56.143671 ], [ -4.883334, 56.14289 ], [ -4.883376, 56.142823 ], [ -4.883317, 56.142764 ], [ -4.883109, 56.142098 ], [ -4.883046, 56.142055 ], [ -4.88298, 56.141838 ], [ -4.883427, 56.141451 ], [ -4.883574, 56.141255 ], [ -4.88394, 56.140517 ], [ -4.883995, 56.139825 ], [ -4.883887, 56.139579 ], [ -4.88351, 56.139212 ], [ -4.88342, 56.139033 ], [ -4.88341, 56.138898 ], [ -4.883454, 56.138687 ], [ -4.883692, 56.138225 ], [ -4.883784, 56.137914 ], [ -4.883841, 56.136487 ], [ -4.883981, 56.136233 ], [ -4.8842, 56.135968 ], [ -4.884462, 56.135489 ], [ -4.884487, 56.135302 ], [ -4.88424, 56.134982 ], [ -4.884213, 56.134783 ], [ -4.884505, 56.134123 ], [ -4.884467, 56.133845 ], [ -4.884538, 56.133605 ], [ -4.884781, 56.133255 ], [ -4.885124, 56.132327 ], [ -4.885169, 56.132019 ], [ -4.885411, 56.131611 ], [ -4.885955, 56.130859 ], [ -4.886214, 56.130392 ], [ -4.886353, 56.130193 ], [ -4.886432, 56.130177 ], [ -4.886603, 56.129788 ], [ -4.887019, 56.129476 ], [ -4.887651, 56.129285 ], [ -4.888232, 56.129022 ], [ -4.889093, 56.128345 ], [ -4.88941, 56.127922 ], [ -4.889347, 56.127816 ], [ -4.889373, 56.127601 ], [ -4.889738, 56.127419 ], [ -4.88976, 56.127366 ], [ -4.889866, 56.127362 ], [ -4.89019, 56.127083 ], [ -4.890344, 56.126917 ], [ -4.890318, 56.126685 ], [ -4.890678, 56.126377 ], [ -4.890764, 56.126163 ], [ -4.89088, 56.126118 ], [ -4.890897, 56.126063 ], [ -4.891036, 56.125983 ], [ -4.891034, 56.125907 ], [ -4.891438, 56.125044 ], [ -4.891447, 56.124822 ], [ -4.891311, 56.124548 ], [ -4.891529, 56.124041 ], [ -4.891486, 56.123701 ], [ -4.891671, 56.123105 ], [ -4.891655, 56.122865 ], [ -4.891587, 56.122831 ], [ -4.89159, 56.122641 ], [ -4.891477, 56.122553 ], [ -4.891444, 56.122452 ], [ -4.891499, 56.122229 ], [ -4.891447, 56.122213 ], [ -4.891508, 56.122013 ], [ -4.891648, 56.121826 ], [ -4.891562, 56.121138 ], [ -4.891503, 56.121095 ], [ -4.891555, 56.12105 ], [ -4.891335, 56.120591 ], [ -4.891389, 56.120479 ], [ -4.891157, 56.119485 ], [ -4.89126, 56.119098 ], [ -4.891132, 56.118865 ], [ -4.891022, 56.118137 ], [ -4.890959, 56.118096 ], [ -4.89087, 56.118096 ], [ -4.890808, 56.118009 ], [ -4.890624, 56.117429 ], [ -4.890543, 56.117369 ], [ -4.889976, 56.116229 ], [ -4.889519, 56.115528 ], [ -4.889139, 56.114552 ], [ -4.888796, 56.114004 ], [ -4.888727, 56.113735 ], [ -4.88879, 56.113526 ], [ -4.888682, 56.11317 ], [ -4.888702, 56.113088 ], [ -4.888353, 56.112049 ], [ -4.888293, 56.111721 ], [ -4.88818, 56.111518 ], [ -4.887882, 56.111183 ], [ -4.887738, 56.111134 ], [ -4.887769, 56.111098 ], [ -4.887676, 56.110991 ], [ -4.887279, 56.10989 ], [ -4.887261, 56.109659 ], [ -4.887068, 56.109362 ], [ -4.887016, 56.109104 ], [ -4.886534, 56.108509 ], [ -4.886089, 56.108212 ], [ -4.885843, 56.107992 ], [ -4.885689, 56.107479 ], [ -4.885111, 56.106967 ], [ -4.884899, 56.106677 ], [ -4.884963, 56.106583 ], [ -4.884681, 56.105952 ], [ -4.884466, 56.105805 ], [ -4.884346, 56.105565 ], [ -4.884396, 56.105493 ], [ -4.884233, 56.105425 ], [ -4.884149, 56.105263 ], [ -4.884034, 56.105206 ], [ -4.884058, 56.105023 ], [ -4.88369, 56.10483 ], [ -4.883656, 56.104761 ], [ -4.883333, 56.104542 ], [ -4.883206, 56.104384 ], [ -4.883186, 56.104175 ], [ -4.883274, 56.104097 ], [ -4.883186, 56.104004 ], [ -4.883068, 56.10402 ], [ -4.882915, 56.103955 ], [ -4.882189, 56.103867 ], [ -4.881439, 56.103906 ], [ -4.880476, 56.104005 ], [ -4.878784, 56.10409 ], [ -4.877243, 56.10421 ], [ -4.876807, 56.104123 ], [ -4.876658, 56.104222 ], [ -4.876466, 56.104277 ], [ -4.874847, 56.104372 ], [ -4.873598, 56.104334 ], [ -4.873133, 56.104271 ], [ -4.872631, 56.104266 ], [ -4.872232, 56.104223 ], [ -4.871862, 56.104116 ], [ -4.871504, 56.103941 ], [ -4.870955, 56.103759 ], [ -4.869315, 56.103283 ], [ -4.868099, 56.102678 ], [ -4.86711, 56.102076 ], [ -4.866874, 56.101818 ], [ -4.866201, 56.101256 ], [ -4.865569, 56.100623 ], [ -4.865096, 56.100414 ], [ -4.863052, 56.100105 ], [ -4.862316, 56.100086 ], [ -4.86217, 56.100039 ], [ -4.862009, 56.099883 ], [ -4.861782, 56.099904 ], [ -4.861708, 56.099825 ], [ -4.861581, 56.099839 ], [ -4.861349, 56.100006 ], [ -4.861327, 56.100078 ], [ -4.861477, 56.100156 ], [ -4.861642, 56.100125 ], [ -4.861695, 56.100229 ], [ -4.861045, 56.10086 ], [ -4.860186, 56.101441 ], [ -4.859045, 56.102363 ], [ -4.859077, 56.102443 ], [ -4.859029, 56.102533 ], [ -4.85846, 56.10299 ], [ -4.858425, 56.103274 ], [ -4.857782, 56.103704 ], [ -4.857651, 56.104172 ], [ -4.857504, 56.104484 ], [ -4.857389, 56.104523 ], [ -4.857164, 56.105015 ], [ -4.856754, 56.105342 ], [ -4.856414, 56.105711 ], [ -4.856344, 56.105956 ], [ -4.85645, 56.106304 ], [ -4.856351, 56.10658 ], [ -4.856194, 56.106762 ], [ -4.855949, 56.107199 ], [ -4.855397, 56.107631 ], [ -4.85544, 56.108066 ], [ -4.855336, 56.108674 ], [ -4.855089, 56.109143 ], [ -4.854381, 56.109922 ], [ -4.854206, 56.110403 ], [ -4.853995, 56.110678 ], [ -4.85382, 56.111057 ], [ -4.853775, 56.111819 ], [ -4.853343, 56.112375 ], [ -4.853141, 56.112725 ], [ -4.852635, 56.113153 ], [ -4.85261, 56.113249 ], [ -4.85247, 56.113353 ], [ -4.851883, 56.113486 ], [ -4.850854, 56.114177 ], [ -4.850295, 56.114319 ], [ -4.850025, 56.114551 ], [ -4.849918, 56.114793 ], [ -4.849962, 56.114856 ], [ -4.849769, 56.115128 ], [ -4.849598, 56.115256 ], [ -4.849363, 56.115529 ], [ -4.849044, 56.115666 ], [ -4.84817, 56.11652 ], [ -4.84817, 56.11696 ], [ -4.847993, 56.117148 ], [ -4.847583, 56.117347 ], [ -4.847096, 56.117984 ], [ -4.845951, 56.11848 ], [ -4.845533, 56.118715 ], [ -4.845099, 56.11904 ], [ -4.844887, 56.119045 ], [ -4.844574, 56.119136 ], [ -4.844306, 56.119255 ], [ -4.843868, 56.119527 ], [ -4.842593, 56.120431 ], [ -4.842607, 56.120608 ], [ -4.842294, 56.120835 ], [ -4.842017, 56.121115 ], [ -4.841551, 56.121435 ], [ -4.841339, 56.121737 ], [ -4.839982, 56.122679 ], [ -4.839502, 56.122951 ], [ -4.839223, 56.123065 ], [ -4.838809, 56.12308 ], [ -4.837236, 56.123407 ], [ -4.836884, 56.123397 ], [ -4.836552, 56.12337 ], [ -4.835742, 56.123204 ], [ -4.835141, 56.122991 ], [ -4.834798, 56.122964 ], [ -4.834768, 56.122889 ], [ -4.833647, 56.122895 ], [ -4.832926, 56.122989 ], [ -4.832552, 56.123105 ], [ -4.832186, 56.123339 ], [ -4.83183, 56.12371 ], [ -4.831697, 56.123927 ], [ -4.831697, 56.124076 ], [ -4.831459, 56.124456 ], [ -4.831476, 56.124687 ], [ -4.831303, 56.125095 ], [ -4.830497, 56.126 ], [ -4.83034, 56.126061 ], [ -4.830053, 56.126325 ], [ -4.829782, 56.126694 ], [ -4.829324, 56.127133 ], [ -4.828871, 56.127488 ], [ -4.828814, 56.127578 ], [ -4.828657, 56.127624 ], [ -4.828567, 56.127741 ], [ -4.828528, 56.127931 ], [ -4.82867, 56.128044 ], [ -4.828735, 56.12816 ], [ -4.828721, 56.128254 ], [ -4.828893, 56.128367 ], [ -4.829053, 56.129006 ], [ -4.829166, 56.130055 ], [ -4.82896, 56.13116 ], [ -4.828644, 56.132339 ], [ -4.828351, 56.132724 ], [ -4.828255, 56.133156 ], [ -4.827912, 56.133699 ], [ -4.82773, 56.134125 ], [ -4.827508, 56.134434 ], [ -4.827407, 56.134669 ], [ -4.827414, 56.136317 ], [ -4.827196, 56.138211 ], [ -4.827151, 56.138419 ], [ -4.826966, 56.138677 ], [ -4.826879, 56.139205 ], [ -4.826493, 56.139732 ], [ -4.826446, 56.13998 ], [ -4.826527, 56.14046 ], [ -4.826407, 56.141053 ], [ -4.826031, 56.141436 ], [ -4.825468, 56.141889 ], [ -4.824543, 56.142486 ], [ -4.823911, 56.143024 ], [ -4.823244, 56.143367 ], [ -4.82297, 56.143408 ], [ -4.82268, 56.143516 ], [ -4.821733, 56.144108 ], [ -4.82132, 56.144295 ], [ -4.821227, 56.144619 ], [ -4.821086, 56.144751 ], [ -4.821061, 56.144974 ], [ -4.821122, 56.14508 ], [ -4.821068, 56.145212 ], [ -4.821054, 56.145508 ], [ -4.820915, 56.145804 ], [ -4.820849, 56.146138 ], [ -4.820275, 56.14695 ], [ -4.819882, 56.147766 ], [ -4.819555, 56.148261 ], [ -4.819388, 56.148449 ], [ -4.819074, 56.14867 ], [ -4.818703, 56.14884 ], [ -4.818505, 56.149002 ], [ -4.818155, 56.149158 ], [ -4.817773, 56.149235 ], [ -4.817476, 56.14939 ], [ -4.816926, 56.149581 ], [ -4.817038, 56.150186 ], [ -4.81681, 56.150624 ], [ -4.81664, 56.150777 ], [ -4.816709, 56.15084 ], [ -4.816828, 56.150862 ], [ -4.816794, 56.150981 ], [ -4.816907, 56.151222 ], [ -4.817251, 56.151444 ], [ -4.817351, 56.151611 ], [ -4.817265, 56.151857 ], [ -4.81701, 56.152041 ], [ -4.816778, 56.152076 ], [ -4.816544, 56.15223 ], [ -4.816575, 56.15236 ], [ -4.81677, 56.152574 ], [ -4.816819, 56.15269 ], [ -4.816824, 56.152991 ], [ -4.816265, 56.153508 ], [ -4.816041, 56.153651 ], [ -4.815708, 56.154045 ], [ -4.815003, 56.154459 ], [ -4.814482, 56.154864 ], [ -4.814499, 56.155 ], [ -4.814242, 56.155416 ], [ -4.813971, 56.155648 ], [ -4.813097, 56.156072 ], [ -4.812404, 56.156361 ], [ -4.812398, 56.156421 ], [ -4.811201, 56.156947 ], [ -4.810871, 56.157135 ], [ -4.810188, 56.157964 ], [ -4.809977, 56.158129 ], [ -4.809776, 56.158151 ], [ -4.808392, 56.15933 ], [ -4.808022, 56.159586 ], [ -4.807992, 56.159834 ], [ -4.807584, 56.160668 ], [ -4.806868, 56.161204 ], [ -4.806087, 56.161618 ], [ -4.805918, 56.161789 ], [ -4.805282, 56.162094 ], [ -4.804993, 56.162334 ], [ -4.804645, 56.162975 ], [ -4.80434, 56.163239 ], [ -4.803629, 56.164005 ], [ -4.802853, 56.165344 ], [ -4.802535, 56.165634 ], [ -4.801711, 56.166051 ], [ -4.800996, 56.166329 ], [ -4.80027, 56.16675 ], [ -4.800004, 56.167045 ], [ -4.799705, 56.167619 ], [ -4.799434, 56.168 ], [ -4.798886, 56.168672 ], [ -4.798217, 56.169294 ], [ -4.797966, 56.169645 ], [ -4.797895, 56.169834 ], [ -4.797347, 56.170152 ], [ -4.79702, 56.170429 ], [ -4.796371, 56.171304 ], [ -4.796394, 56.171571 ], [ -4.796787, 56.172093 ], [ -4.796947, 56.172635 ], [ -4.7969, 56.172769 ], [ -4.796169, 56.173239 ], [ -4.795658, 56.173633 ], [ -4.794445, 56.173987 ], [ -4.793195, 56.174533 ], [ -4.792752, 56.174768 ], [ -4.79183, 56.175611 ], [ -4.791516, 56.176167 ], [ -4.791145, 56.176602 ], [ -4.791089, 56.176729 ], [ -4.791126, 56.177012 ], [ -4.791085, 56.177116 ], [ -4.790752, 56.177585 ], [ -4.790159, 56.180337 ], [ -4.790247, 56.181216 ], [ -4.790107, 56.181511 ], [ -4.789702, 56.181919 ], [ -4.78932, 56.182236 ], [ -4.789183, 56.182309 ], [ -4.789049, 56.182326 ], [ -4.789022, 56.182386 ], [ -4.788847, 56.182473 ], [ -4.788625, 56.182496 ], [ -4.78796, 56.182737 ], [ -4.78741, 56.182983 ], [ -4.786992, 56.183222 ], [ -4.786706, 56.183498 ], [ -4.786396, 56.1839 ], [ -4.786363, 56.183991 ], [ -4.786444, 56.184331 ], [ -4.786428, 56.184668 ], [ -4.78638, 56.184894 ], [ -4.786299, 56.185008 ], [ -4.786007, 56.185213 ], [ -4.785055, 56.185634 ], [ -4.78469, 56.185714 ], [ -4.784337, 56.185731 ], [ -4.783507, 56.185624 ], [ -4.783438, 56.185515 ], [ -4.783271, 56.185584 ], [ -4.782799, 56.185523 ], [ -4.782146, 56.185295 ], [ -4.782102, 56.185251 ], [ -4.782164, 56.185213 ], [ -4.782135, 56.185142 ], [ -4.781955, 56.18511 ], [ -4.781886, 56.185044 ], [ -4.781674, 56.185018 ], [ -4.781603, 56.18492 ], [ -4.781026, 56.184749 ], [ -4.780891, 56.184667 ], [ -4.780557, 56.184598 ], [ -4.780373, 56.184703 ], [ -4.779252, 56.184824 ], [ -4.779169, 56.184917 ], [ -4.778492, 56.185072 ], [ -4.778252, 56.185155 ], [ -4.777516, 56.185682 ], [ -4.777383, 56.185851 ], [ -4.776995, 56.186194 ], [ -4.777069, 56.186342 ], [ -4.777266, 56.186551 ], [ -4.777377, 56.186905 ], [ -4.777432, 56.187374 ], [ -4.777686, 56.187796 ], [ -4.778113, 56.188238 ], [ -4.778363, 56.188598 ], [ -4.779022, 56.189235 ], [ -4.779283, 56.18962 ], [ -4.779426, 56.189743 ], [ -4.779327, 56.189785 ], [ -4.779537, 56.189902 ], [ -4.779502, 56.18997 ], [ -4.779274, 56.190042 ], [ -4.778942, 56.190419 ], [ -4.778776, 56.190483 ], [ -4.778352, 56.190791 ], [ -4.777881, 56.190937 ], [ -4.777088, 56.191323 ], [ -4.776926, 56.19144 ], [ -4.77662, 56.191774 ], [ -4.776167, 56.191998 ], [ -4.77564, 56.192384 ], [ -4.77418, 56.19313 ], [ -4.773009, 56.193594 ], [ -4.772551, 56.193721 ], [ -4.772097, 56.193902 ], [ -4.771134, 56.194364 ], [ -4.769961, 56.194809 ], [ -4.769331, 56.195236 ], [ -4.768425, 56.195542 ], [ -4.767902, 56.195655 ], [ -4.767382, 56.195726 ], [ -4.765685, 56.195842 ], [ -4.764669, 56.196406 ], [ -4.764294, 56.196521 ], [ -4.76382, 56.196609 ], [ -4.763276, 56.196666 ], [ -4.76297, 56.196652 ], [ -4.762698, 56.196581 ], [ -4.762194, 56.196532 ], [ -4.761854, 56.196409 ], [ -4.761548, 56.196408 ], [ -4.761095, 56.196527 ], [ -4.760879, 56.196645 ], [ -4.760008, 56.196851 ], [ -4.759863, 56.19685 ], [ -4.759722, 56.196907 ], [ -4.759664, 56.197397 ], [ -4.759536, 56.197537 ], [ -4.759055, 56.197827 ], [ -4.758247, 56.19816 ], [ -4.757115, 56.198881 ], [ -4.756569, 56.199149 ], [ -4.756301, 56.199417 ], [ -4.755764, 56.200285 ], [ -4.755557, 56.200763 ], [ -4.755156, 56.201344 ], [ -4.754664, 56.202227 ], [ -4.75453, 56.202341 ], [ -4.754215, 56.202495 ], [ -4.753606, 56.203237 ], [ -4.752858, 56.203762 ], [ -4.752383, 56.203832 ], [ -4.751937, 56.203854 ], [ -4.75161, 56.203829 ], [ -4.750455, 56.203869 ], [ -4.750269, 56.203951 ], [ -4.750161, 56.203929 ], [ -4.750259, 56.203808 ], [ -4.750469, 56.203774 ], [ -4.750348, 56.203717 ], [ -4.750077, 56.203657 ], [ -4.749889, 56.203555 ], [ -4.749651, 56.203512 ], [ -4.749464, 56.20344 ], [ -4.749264, 56.203468 ], [ -4.749203, 56.203368 ], [ -4.748557, 56.203281 ], [ -4.748206, 56.202998 ], [ -4.748086, 56.203007 ], [ -4.74794, 56.203084 ], [ -4.747794, 56.203054 ], [ -4.747763, 56.203209 ], [ -4.747646, 56.203224 ], [ -4.747621, 56.203091 ], [ -4.747685, 56.202872 ], [ -4.747574, 56.202778 ], [ -4.747198, 56.202769 ], [ -4.746756, 56.20256 ], [ -4.746348, 56.202225 ], [ -4.746127, 56.20211 ], [ -4.746088, 56.202022 ], [ -4.745965, 56.20193 ], [ -4.746236, 56.201267 ], [ -4.746346, 56.201165 ], [ -4.746415, 56.200931 ], [ -4.746589, 56.200822 ], [ -4.746752, 56.200569 ], [ -4.747526, 56.200076 ], [ -4.747613, 56.199925 ], [ -4.748072, 56.19979 ], [ -4.748745, 56.199496 ], [ -4.749223, 56.199331 ], [ -4.749439, 56.199213 ], [ -4.74956, 56.199121 ], [ -4.749754, 56.198737 ], [ -4.749953, 56.198601 ], [ -4.749929, 56.198314 ], [ -4.749662, 56.197953 ], [ -4.749275, 56.1968 ], [ -4.749269, 56.196534 ], [ -4.749393, 56.196194 ], [ -4.749437, 56.195765 ], [ -4.749726, 56.195446 ], [ -4.750777, 56.19493 ], [ -4.751201, 56.19478 ], [ -4.752693, 56.194432 ], [ -4.752807, 56.19437 ], [ -4.753392, 56.193845 ], [ -4.753573, 56.193434 ], [ -4.753665, 56.193335 ], [ -4.753972, 56.193166 ], [ -4.754509, 56.192989 ], [ -4.755943, 56.192156 ], [ -4.756252, 56.192073 ], [ -4.756689, 56.192048 ], [ -4.756888, 56.191995 ], [ -4.75699, 56.191928 ], [ -4.757028, 56.191705 ], [ -4.757129, 56.191563 ], [ -4.758843, 56.190505 ], [ -4.760756, 56.189733 ], [ -4.76136, 56.189536 ], [ -4.761649, 56.189404 ], [ -4.762283, 56.18903 ], [ -4.762629, 56.189022 ], [ -4.763609, 56.189086 ], [ -4.764099, 56.189076 ], [ -4.764433, 56.188897 ], [ -4.764457, 56.188711 ], [ -4.764592, 56.188518 ], [ -4.764892, 56.188392 ], [ -4.765581, 56.188186 ], [ -4.767113, 56.18754 ], [ -4.768081, 56.187062 ], [ -4.768386, 56.187037 ], [ -4.7689, 56.187197 ], [ -4.769296, 56.187251 ], [ -4.769651, 56.187261 ], [ -4.769816, 56.187176 ], [ -4.769943, 56.187018 ], [ -4.769971, 56.18681 ], [ -4.770311, 56.186053 ], [ -4.77047, 56.185307 ], [ -4.770591, 56.185066 ], [ -4.770988, 56.184796 ], [ -4.771592, 56.184557 ], [ -4.771859, 56.184348 ], [ -4.771817, 56.183765 ], [ -4.77195, 56.183488 ], [ -4.772462, 56.182987 ], [ -4.772915, 56.182695 ], [ -4.773143, 56.182464 ], [ -4.773391, 56.182345 ], [ -4.77359, 56.182151 ], [ -4.773923, 56.181457 ], [ -4.774273, 56.181175 ], [ -4.774627, 56.180719 ], [ -4.774903, 56.18026 ], [ -4.775121, 56.180023 ], [ -4.776242, 56.179437 ], [ -4.776919, 56.178995 ], [ -4.777267, 56.178893 ], [ -4.778442, 56.178205 ], [ -4.77885, 56.178057 ], [ -4.778943, 56.177893 ], [ -4.779637, 56.177684 ], [ -4.779959, 56.177352 ], [ -4.780114, 56.177044 ], [ -4.780436, 56.176729 ], [ -4.780888, 56.176492 ], [ -4.780933, 56.17623 ], [ -4.780868, 56.175989 ], [ -4.780969, 56.175552 ], [ -4.781406, 56.175108 ], [ -4.781474, 56.174869 ], [ -4.781498, 56.174348 ], [ -4.781769, 56.1735 ], [ -4.781885, 56.173331 ], [ -4.782056, 56.172821 ], [ -4.782228, 56.172622 ], [ -4.782705, 56.172325 ], [ -4.782971, 56.17185 ], [ -4.783373, 56.171416 ], [ -4.783695, 56.170811 ], [ -4.784593, 56.169469 ], [ -4.784808, 56.169208 ], [ -4.785264, 56.168834 ], [ -4.785401, 56.168498 ], [ -4.785784, 56.16816 ], [ -4.786617, 56.167271 ], [ -4.786854, 56.167095 ], [ -4.787025, 56.166907 ], [ -4.787512, 56.165844 ], [ -4.787901, 56.165364 ], [ -4.787699, 56.16531 ], [ -4.786834, 56.165271 ], [ -4.786735, 56.165243 ], [ -4.7864, 56.164975 ], [ -4.786032, 56.164763 ], [ -4.785651, 56.164614 ], [ -4.785312, 56.164538 ], [ -4.785095, 56.164248 ], [ -4.785039, 56.163897 ], [ -4.784782, 56.163868 ], [ -4.78454, 56.163773 ], [ -4.784416, 56.163766 ], [ -4.784128, 56.163673 ], [ -4.783726, 56.163475 ], [ -4.783564, 56.163488 ], [ -4.782668, 56.163211 ], [ -4.782283, 56.163223 ], [ -4.781976, 56.16297 ], [ -4.781468, 56.162677 ], [ -4.780897, 56.162899 ], [ -4.780704, 56.162884 ], [ -4.780358, 56.162935 ], [ -4.780123, 56.162933 ], [ -4.778629, 56.162781 ], [ -4.778326, 56.162714 ], [ -4.777554, 56.162465 ], [ -4.775393, 56.162224 ], [ -4.773614, 56.161788 ], [ -4.772263, 56.161493 ], [ -4.77075, 56.161075 ], [ -4.769257, 56.160711 ], [ -4.76884, 56.160544 ], [ -4.767376, 56.15968 ], [ -4.76598, 56.158769 ], [ -4.765754, 56.158644 ], [ -4.765232, 56.15844 ], [ -4.76373, 56.157922 ], [ -4.760934, 56.157266 ], [ -4.758336, 56.156567 ], [ -4.757582, 56.156401 ], [ -4.75522, 56.155665 ], [ -4.754704, 56.155605 ], [ -4.754358, 56.155532 ], [ -4.754134, 56.155377 ], [ -4.754063, 56.155041 ], [ -4.753912, 56.154842 ], [ -4.753681, 56.154705 ], [ -4.753228, 56.154565 ], [ -4.752204, 56.154435 ], [ -4.751344, 56.15444 ], [ -4.750267, 56.1541 ], [ -4.749628, 56.154046 ], [ -4.747458, 56.154137 ], [ -4.745471, 56.154607 ], [ -4.744979, 56.154689 ], [ -4.744462, 56.154732 ], [ -4.742922, 56.154645 ], [ -4.739035, 56.154581 ], [ -4.738857, 56.154349 ], [ -4.73857, 56.15409 ], [ -4.738314, 56.154052 ], [ -4.738342, 56.154155 ], [ -4.738042, 56.154247 ], [ -4.737461, 56.15422 ], [ -4.735871, 56.153672 ], [ -4.734594, 56.153387 ], [ -4.734387, 56.153301 ], [ -4.733757, 56.152595 ], [ -4.733463, 56.15203 ], [ -4.733949, 56.151923 ], [ -4.734171, 56.151934 ], [ -4.734676, 56.151848 ], [ -4.734707, 56.151622 ], [ -4.734886, 56.151273 ], [ -4.735185, 56.151069 ], [ -4.735415, 56.150803 ], [ -4.735438, 56.150636 ], [ -4.735622, 56.150467 ], [ -4.735829, 56.150389 ], [ -4.736198, 56.150152 ], [ -4.736447, 56.149567 ], [ -4.736538, 56.149458 ], [ -4.736801, 56.149371 ], [ -4.736915, 56.149057 ], [ -4.73747, 56.148481 ], [ -4.737604, 56.148188 ], [ -4.737671, 56.147881 ], [ -4.738428, 56.147428 ], [ -4.73881, 56.147258 ], [ -4.738871, 56.147156 ], [ -4.738963, 56.147131 ], [ -4.739148, 56.147162 ], [ -4.739298, 56.147104 ], [ -4.739342, 56.146944 ], [ -4.739446, 56.146851 ], [ -4.739503, 56.146578 ], [ -4.739975, 56.146326 ], [ -4.740209, 56.146145 ], [ -4.740334, 56.146099 ], [ -4.740347, 56.146049 ], [ -4.740934, 56.145729 ], [ -4.740962, 56.145642 ], [ -4.741131, 56.145476 ], [ -4.741337, 56.145404 ], [ -4.741376, 56.1453 ], [ -4.741479, 56.145248 ], [ -4.741502, 56.145154 ], [ -4.741817, 56.14494 ], [ -4.742211, 56.144759 ], [ -4.742838, 56.144595 ], [ -4.743483, 56.144252 ], [ -4.743665, 56.144112 ], [ -4.744613, 56.143773 ], [ -4.745198, 56.143617 ], [ -4.745175, 56.143186 ], [ -4.743929, 56.14184 ], [ -4.742886, 56.14156 ], [ -4.743047, 56.140896 ], [ -4.743453, 56.140317 ], [ -4.743241, 56.13959 ], [ -4.742556, 56.138946 ], [ -4.743059, 56.138382 ], [ -4.744248, 56.138034 ], [ -4.746337, 56.137276 ], [ -4.747166, 56.136902 ], [ -4.749009, 56.136929 ], [ -4.750226, 56.136527 ], [ -4.751026, 56.136099 ], [ -4.752439, 56.136211 ], [ -4.752544, 56.135887 ], [ -4.753324, 56.135406 ], [ -4.753882, 56.134948 ], [ -4.754727, 56.134697 ], [ -4.755529, 56.134305 ], [ -4.756162, 56.133773 ], [ -4.757019, 56.132808 ], [ -4.756162, 56.131098 ], [ -4.755355, 56.130527 ], [ -4.757371, 56.129911 ], [ -4.758973, 56.129323 ], [ -4.762182, 56.128644 ], [ -4.765254, 56.12829 ], [ -4.766426, 56.128817 ], [ -4.767777, 56.128947 ], [ -4.769578, 56.128675 ], [ -4.771419, 56.128527 ], [ -4.772661, 56.129355 ], [ -4.774361, 56.129905 ], [ -4.776854, 56.129938 ], [ -4.778303, 56.129656 ], [ -4.779268, 56.129082 ], [ -4.780727, 56.127622 ], [ -4.781511, 56.125214 ], [ -4.78244, 56.123481 ], [ -4.782701, 56.122226 ], [ -4.783329, 56.121427 ], [ -4.783305, 56.120643 ], [ -4.784936, 56.117806 ], [ -4.786367, 56.116846 ], [ -4.785962, 56.116106 ], [ -4.785845, 56.114932 ], [ -4.785918, 56.113949 ], [ -4.785212, 56.113019 ], [ -4.785528, 56.112531 ], [ -4.786345, 56.112352 ], [ -4.78622, 56.111944 ], [ -4.786417, 56.111583 ], [ -4.787222, 56.110495 ], [ -4.786918, 56.109241 ], [ -4.786098, 56.107904 ], [ -4.785709, 56.106652 ], [ -4.785634, 56.106202 ], [ -4.781886, 56.104889 ], [ -4.775346, 56.103247 ], [ -4.775786, 56.102707 ], [ -4.775666, 56.10252 ], [ -4.775834, 56.102216 ], [ -4.775824, 56.102161 ], [ -4.775766, 56.10209 ], [ -4.775767, 56.101968 ], [ -4.77555, 56.101795 ], [ -4.775637, 56.101627 ], [ -4.775531, 56.101533 ], [ -4.775526, 56.101455 ], [ -4.775628, 56.101341 ], [ -4.775596, 56.101187 ], [ -4.775676, 56.101121 ], [ -4.775814, 56.100598 ], [ -4.775774, 56.100534 ], [ -4.775821, 56.100176 ], [ -4.775749, 56.100002 ], [ -4.775842, 56.099866 ], [ -4.77608, 56.099029 ], [ -4.776071, 56.098861 ], [ -4.775964, 56.098623 ], [ -4.776008, 56.098524 ], [ -4.775876, 56.098106 ], [ -4.775882, 56.097958 ], [ -4.775984, 56.097832 ], [ -4.776035, 56.09765 ], [ -4.775604, 56.097104 ], [ -4.775583, 56.096869 ], [ -4.775472, 56.09669 ], [ -4.775501, 56.096499 ], [ -4.775457, 56.096334 ], [ -4.775497, 56.096216 ], [ -4.775401, 56.096066 ], [ -4.77552, 56.095581 ], [ -4.775528, 56.095122 ], [ -4.775339, 56.095019 ], [ -4.775242, 56.094802 ], [ -4.775163, 56.094728 ], [ -4.77499, 56.094656 ], [ -4.774648, 56.094638 ], [ -4.774389, 56.094413 ], [ -4.774341, 56.094297 ], [ -4.774467, 56.094073 ], [ -4.774115, 56.093804 ], [ -4.773993, 56.093676 ], [ -4.77396, 56.093468 ], [ -4.773643, 56.093223 ], [ -4.773648, 56.093105 ], [ -4.77379, 56.093001 ], [ -4.773773, 56.092747 ], [ -4.77351, 56.092544 ], [ -4.773507, 56.09238 ], [ -4.773318, 56.091949 ], [ -4.772941, 56.091905 ], [ -4.772918, 56.091879 ], [ -4.772905, 56.091763 ], [ -4.772606, 56.091389 ], [ -4.772572, 56.091269 ], [ -4.77261, 56.091035 ], [ -4.77254, 56.090899 ], [ -4.772207, 56.090602 ], [ -4.771925, 56.090075 ], [ -4.771904, 56.089918 ], [ -4.772056, 56.089594 ], [ -4.771837, 56.089329 ], [ -4.771395, 56.0891 ], [ -4.771344, 56.088985 ], [ -4.771363, 56.08878 ], [ -4.771497, 56.088774 ], [ -4.771418, 56.088351 ], [ -4.771347, 56.087425 ], [ -4.772218, 56.085881 ], [ -4.772535, 56.085546 ], [ -4.771681, 56.084616 ], [ -4.771277, 56.084547 ], [ -4.771197, 56.084396 ], [ -4.771606, 56.083637 ], [ -4.771837, 56.083419 ], [ -4.772385, 56.083102 ], [ -4.773039, 56.082973 ], [ -4.77319, 56.082822 ], [ -4.773071, 56.082649 ], [ -4.772736, 56.082485 ], [ -4.772879, 56.082108 ], [ -4.772884, 56.081944 ], [ -4.772793, 56.081628 ], [ -4.772749, 56.081136 ], [ -4.77248, 56.080588 ], [ -4.772567, 56.080018 ], [ -4.772558, 56.079714 ], [ -4.772703, 56.079541 ], [ -4.772773, 56.079216 ], [ -4.772981, 56.078796 ], [ -4.772972, 56.07867 ], [ -4.772465, 56.078246 ], [ -4.772217, 56.077876 ], [ -4.772216, 56.077797 ], [ -4.77247, 56.077728 ], [ -4.772545, 56.077638 ], [ -4.773002, 56.077492 ], [ -4.77315, 56.077399 ], [ -4.773234, 56.077221 ], [ -4.773623, 56.077021 ], [ -4.773602, 56.076958 ], [ -4.77315, 56.076652 ], [ -4.773089, 56.076574 ], [ -4.773128, 56.076521 ], [ -4.773473, 56.076356 ], [ -4.773514, 56.076272 ], [ -4.773426, 56.076056 ], [ -4.773591, 56.075861 ], [ -4.773956, 56.075682 ], [ -4.774558, 56.075471 ], [ -4.774626, 56.07541 ], [ -4.774626, 56.075294 ], [ -4.77436, 56.075145 ], [ -4.774425, 56.074806 ], [ -4.77426, 56.074586 ], [ -4.774261, 56.074538 ], [ -4.774483, 56.074438 ], [ -4.774449, 56.074018 ], [ -4.774832, 56.073788 ], [ -4.775577, 56.073443 ], [ -4.77555, 56.07283 ], [ -4.775398, 56.072548 ], [ -4.775492, 56.072145 ], [ -4.775297, 56.071564 ], [ -4.775377, 56.07126 ], [ -4.775516, 56.071059 ], [ -4.7755, 56.07095 ], [ -4.775309, 56.070726 ], [ -4.774977, 56.070487 ], [ -4.774955, 56.070354 ], [ -4.775051, 56.070157 ], [ -4.775206, 56.070051 ], [ -4.775822, 56.069816 ], [ -4.776073, 56.069634 ], [ -4.77614, 56.069509 ], [ -4.776128, 56.068991 ], [ -4.77587, 56.06877 ], [ -4.775893, 56.068561 ], [ -4.775774, 56.067964 ], [ -4.7757, 56.067887 ], [ -4.77549, 56.067792 ], [ -4.775384, 56.067804 ], [ -4.775337, 56.067867 ], [ -4.774259, 56.067842 ], [ -4.773835, 56.067786 ], [ -4.77361, 56.06767 ], [ -4.773601, 56.067606 ], [ -4.774222, 56.067319 ], [ -4.774412, 56.067175 ], [ -4.774774, 56.066296 ], [ -4.774965, 56.066123 ], [ -4.774918, 56.065936 ], [ -4.774809, 56.065898 ], [ -4.774539, 56.065927 ], [ -4.774295, 56.065893 ], [ -4.774145, 56.065813 ], [ -4.774141, 56.065759 ], [ -4.774469, 56.065651 ], [ -4.774755, 56.065669 ], [ -4.774916, 56.065539 ], [ -4.774945, 56.065415 ], [ -4.774909, 56.065266 ], [ -4.774814, 56.065132 ], [ -4.774674, 56.065014 ], [ -4.774481, 56.064933 ], [ -4.774734, 56.064895 ], [ -4.775476, 56.065167 ], [ -4.775525, 56.065021 ], [ -4.775807, 56.065046 ], [ -4.777471, 56.063351 ], [ -4.78064, 56.0603 ], [ -4.782501, 56.057945 ], [ -4.783621, 56.055939 ], [ -4.784316, 56.05401 ], [ -4.783835, 56.053899 ], [ -4.777169, 56.049154 ], [ -4.774067, 56.046994 ], [ -4.771672, 56.047842 ], [ -4.770848, 56.047153 ], [ -4.76944, 56.046373 ], [ -4.76193, 56.04342 ], [ -4.759795, 56.042422 ], [ -4.756025, 56.040232 ], [ -4.751834, 56.037608 ], [ -4.751836, 56.037581 ], [ -4.746528, 56.037302 ], [ -4.743129, 56.03595 ], [ -4.741768, 56.036593 ], [ -4.741409, 56.036593 ], [ -4.741326, 56.036623 ], [ -4.740803, 56.036918 ], [ -4.740501, 56.036851 ], [ -4.740284, 56.036953 ], [ -4.739735, 56.037008 ], [ -4.739362, 56.037135 ], [ -4.739143, 56.037152 ], [ -4.738822, 56.037067 ], [ -4.738515, 56.036928 ], [ -4.738102, 56.036854 ], [ -4.737721, 56.036879 ], [ -4.737514, 56.036839 ], [ -4.737349, 56.036847 ], [ -4.73727, 56.036935 ], [ -4.736677, 56.037138 ], [ -4.736328, 56.037184 ], [ -4.736067, 56.037151 ], [ -4.735829, 56.037218 ], [ -4.735657, 56.037303 ], [ -4.735288, 56.037733 ], [ -4.7346, 56.037743 ], [ -4.734374, 56.037722 ], [ -4.733839, 56.037434 ], [ -4.733488, 56.037335 ], [ -4.733338, 56.037191 ], [ -4.733215, 56.036713 ], [ -4.733115, 56.036442 ], [ -4.732994, 56.03629 ], [ -4.733007, 56.036237 ], [ -4.732936, 56.036139 ], [ -4.732767, 56.036024 ], [ -4.732383, 56.035468 ], [ -4.732252, 56.035174 ], [ -4.732079, 56.034954 ], [ -4.732084, 56.034838 ], [ -4.731976, 56.034579 ], [ -4.731655, 56.034293 ], [ -4.731239, 56.033701 ], [ -4.730951, 56.032758 ], [ -4.730874, 56.032689 ], [ -4.730912, 56.032621 ], [ -4.730632, 56.03203 ], [ -4.730271, 56.031724 ], [ -4.729922, 56.031601 ], [ -4.72982, 56.031599 ], [ -4.72976, 56.031467 ], [ -4.729429, 56.031237 ], [ -4.728622, 56.030872 ], [ -4.728561, 56.030785 ], [ -4.72817, 56.030606 ], [ -4.72803, 56.030485 ], [ -4.727888, 56.030452 ], [ -4.727648, 56.030308 ], [ -4.726953, 56.030024 ], [ -4.726672, 56.029959 ], [ -4.726544, 56.029831 ], [ -4.726349, 56.029773 ], [ -4.726184, 56.029605 ], [ -4.726276, 56.029466 ], [ -4.726175, 56.029411 ], [ -4.726151, 56.029197 ], [ -4.726057, 56.029126 ], [ -4.726115, 56.029043 ], [ -4.726061, 56.028938 ], [ -4.726123, 56.028853 ], [ -4.726016, 56.028725 ], [ -4.726182, 56.028426 ], [ -4.72615, 56.028393 ], [ -4.725976, 56.028345 ], [ -4.72588, 56.028238 ], [ -4.725611, 56.028108 ], [ -4.725357, 56.028116 ], [ -4.725024, 56.028024 ], [ -4.72436, 56.027952 ], [ -4.723949, 56.027843 ], [ -4.723805, 56.027725 ], [ -4.723556, 56.027653 ], [ -4.723258, 56.027655 ], [ -4.722856, 56.027758 ], [ -4.72234, 56.027726 ], [ -4.721769, 56.027763 ], [ -4.720817, 56.027211 ], [ -4.718761, 56.026849 ], [ -4.718642, 56.026775 ], [ -4.718732, 56.026184 ], [ -4.718601, 56.025824 ], [ -4.718249, 56.025737 ], [ -4.717583, 56.025699 ], [ -4.71728, 56.025741 ], [ -4.716957, 56.025852 ], [ -4.716641, 56.025893 ], [ -4.716388, 56.025913 ], [ -4.715843, 56.025883 ], [ -4.715479, 56.026035 ], [ -4.715243, 56.025965 ], [ -4.715155, 56.025897 ], [ -4.715048, 56.02591 ], [ -4.714954, 56.025873 ], [ -4.714764, 56.025899 ], [ -4.71441, 56.025822 ], [ -4.714208, 56.025906 ], [ -4.714032, 56.025934 ], [ -4.713297, 56.025986 ], [ -4.712872, 56.02626 ], [ -4.712438, 56.026392 ], [ -4.712123, 56.02638 ], [ -4.711953, 56.026319 ], [ -4.711768, 56.026345 ], [ -4.711706, 56.026375 ], [ -4.711644, 56.026496 ], [ -4.711307, 56.026663 ], [ -4.710971, 56.026674 ], [ -4.710564, 56.0268 ], [ -4.710186, 56.026746 ], [ -4.710095, 56.026777 ], [ -4.709751, 56.026772 ], [ -4.70965, 56.026784 ], [ -4.70957, 56.026864 ], [ -4.70948, 56.026842 ], [ -4.708965, 56.026956 ], [ -4.706413, 56.027054 ], [ -4.706107, 56.026776 ], [ -4.706011, 56.026476 ], [ -4.705663, 56.025892 ], [ -4.705452, 56.025792 ], [ -4.704376, 56.025515 ], [ -4.702521, 56.025488 ], [ -4.702329, 56.025409 ], [ -4.702056, 56.025398 ], [ -4.701917, 56.025351 ], [ -4.701582, 56.025113 ], [ -4.701032, 56.024967 ], [ -4.699911, 56.024603 ], [ -4.69961, 56.024475 ], [ -4.699302, 56.024393 ], [ -4.699135, 56.024301 ], [ -4.698816, 56.02424 ], [ -4.698311, 56.024083 ], [ -4.698061, 56.024064 ], [ -4.697765, 56.024084 ], [ -4.697464, 56.024149 ], [ -4.697174, 56.024325 ], [ -4.697093, 56.024428 ], [ -4.697102, 56.024578 ], [ -4.697249, 56.024674 ], [ -4.697511, 56.024742 ], [ -4.697953, 56.025019 ], [ -4.69861, 56.025245 ], [ -4.69896, 56.025458 ], [ -4.699006, 56.025552 ], [ -4.698925, 56.025683 ], [ -4.698731, 56.025754 ], [ -4.69848, 56.025752 ], [ -4.697447, 56.025368 ], [ -4.696546, 56.024898 ], [ -4.696457, 56.024812 ], [ -4.694934, 56.024165 ], [ -4.693909, 56.023587 ], [ -4.692908, 56.023249 ], [ -4.692534, 56.02319 ], [ -4.692327, 56.023264 ], [ -4.692239, 56.023408 ], [ -4.692223, 56.023963 ], [ -4.691887, 56.024446 ], [ -4.691586, 56.02463 ], [ -4.691342, 56.02468 ], [ -4.690857, 56.025015 ], [ -4.690687, 56.025083 ], [ -4.690386, 56.025026 ], [ -4.689323, 56.024635 ], [ -4.688115, 56.024426 ], [ -4.687988, 56.024443 ], [ -4.687871, 56.024524 ], [ -4.687727, 56.024539 ], [ -4.6877, 56.024576 ], [ -4.688019, 56.024816 ], [ -4.688412, 56.025406 ], [ -4.688433, 56.02553 ], [ -4.688337, 56.025674 ], [ -4.688053, 56.025861 ], [ -4.687832, 56.025918 ], [ -4.687566, 56.025934 ], [ -4.687198, 56.025846 ], [ -4.685277, 56.024848 ], [ -4.684692, 56.024489 ], [ -4.683974, 56.024369 ], [ -4.684233, 56.024023 ], [ -4.684283, 56.023893 ], [ -4.684613, 56.023772 ], [ -4.684777, 56.023649 ], [ -4.685035, 56.023598 ], [ -4.685151, 56.023465 ], [ -4.685257, 56.023429 ], [ -4.685419, 56.023447 ], [ -4.685621, 56.023425 ], [ -4.685983, 56.023299 ], [ -4.686007, 56.023253 ], [ -4.685892, 56.022976 ], [ -4.686127, 56.022836 ], [ -4.686202, 56.022709 ], [ -4.686394, 56.022637 ], [ -4.686453, 56.022569 ], [ -4.686614, 56.02257 ], [ -4.686809, 56.022323 ], [ -4.686804, 56.022197 ], [ -4.68663, 56.022068 ], [ -4.686604, 56.022006 ], [ -4.686659, 56.021866 ], [ -4.686494, 56.02176 ], [ -4.686474, 56.02159 ], [ -4.686399, 56.021468 ], [ -4.686454, 56.021342 ], [ -4.68635, 56.021209 ], [ -4.686359, 56.020917 ], [ -4.686258, 56.020786 ], [ -4.686364, 56.020654 ], [ -4.686394, 56.020291 ], [ -4.686521, 56.020204 ], [ -4.686574, 56.020094 ], [ -4.686554, 56.019986 ], [ -4.686644, 56.019856 ], [ -4.686613, 56.019628 ], [ -4.686714, 56.019563 ], [ -4.686617, 56.019491 ], [ -4.68651, 56.019012 ], [ -4.686715, 56.018845 ], [ -4.686765, 56.01875 ], [ -4.687098, 56.018522 ], [ -4.687526, 56.018491 ], [ -4.687913, 56.018295 ], [ -4.688099, 56.018278 ], [ -4.688283, 56.0182 ], [ -4.688539, 56.017956 ], [ -4.688544, 56.017774 ], [ -4.688666, 56.017697 ], [ -4.688746, 56.017583 ], [ -4.688915, 56.017568 ], [ -4.688983, 56.017524 ], [ -4.689033, 56.017435 ], [ -4.68892, 56.017314 ], [ -4.689069, 56.017158 ], [ -4.6891, 56.017027 ], [ -4.688912, 56.016856 ], [ -4.688722, 56.016818 ], [ -4.689099, 56.016317 ], [ -4.689668, 56.016247 ], [ -4.689499, 56.016061 ], [ -4.68056, 56.013735 ], [ -4.671587, 56.011368 ], [ -4.67094, 56.011175 ], [ -4.670118, 56.010995 ], [ -4.669067, 56.010654 ], [ -4.668496, 56.010514 ], [ -4.668231, 56.010393 ], [ -4.666601, 56.009912 ], [ -4.666082, 56.009712 ], [ -4.664076, 56.008776 ], [ -4.658711, 56.008145 ], [ -4.657459, 56.007844 ], [ -4.654854, 56.007649 ], [ -4.65366, 56.007478 ], [ -4.652953, 56.008112 ], [ -4.651129, 56.007655 ], [ -4.649804, 56.007263 ], [ -4.647801, 56.006888 ], [ -4.645029, 56.00627 ], [ -4.641617, 56.005422 ], [ -4.638914, 56.004459 ], [ -4.637465, 56.004431 ], [ -4.636887, 56.004363 ], [ -4.636379, 56.004199 ], [ -4.636257, 56.004066 ], [ -4.634951, 56.003736 ], [ -4.634387, 56.003468 ], [ -4.63393, 56.00346 ], [ -4.631606, 56.002912 ], [ -4.630969, 56.002775 ], [ -4.630353, 56.002684 ], [ -4.628013, 56.000527 ], [ -4.626753, 56.000997 ], [ -4.62487, 56.001278 ], [ -4.624499, 56.001307 ], [ -4.623462, 56.001291 ], [ -4.622746, 56.001245 ], [ -4.621899, 56.001137 ], [ -4.621288, 56.00114 ], [ -4.619041, 56.001426 ], [ -4.617249, 56.001164 ], [ -4.615967, 56.000911 ], [ -4.615143, 56.000893 ], [ -4.613567, 56.000683 ], [ -4.608898, 56.000742 ], [ -4.606037, 56.000353 ], [ -4.603877, 55.999982 ], [ -4.600209, 55.999886 ], [ -4.599142, 55.999807 ], [ -4.599008, 55.999764 ], [ -4.598626, 55.999473 ], [ -4.598621, 55.99933 ], [ -4.598529, 55.999252 ], [ -4.59849, 55.99905 ], [ -4.598375, 55.99891 ], [ -4.599048, 55.998682 ], [ -4.599246, 55.998313 ], [ -4.599137, 55.998025 ], [ -4.597573, 55.997744 ], [ -4.596469, 55.99797 ], [ -4.596094, 55.998596 ], [ -4.59591, 55.998676 ], [ -4.591426, 55.999549 ], [ -4.591339, 55.99943 ], [ -4.590767, 55.99961 ], [ -4.590733, 55.999575 ], [ -4.590241, 55.999689 ], [ -4.589968, 55.999701 ], [ -4.589336, 55.999616 ], [ -4.58915, 55.999479 ], [ -4.589039, 55.999502 ], [ -4.588572, 55.998832 ], [ -4.588316, 55.998878 ], [ -4.588265, 55.99926 ], [ -4.587896, 55.999762 ], [ -4.587691, 55.999945 ], [ -4.587275, 56.000201 ], [ -4.586854, 56.000372 ], [ -4.581477, 56.001445 ], [ -4.581459, 56.001405 ], [ -4.581375, 56.00138 ], [ -4.580943, 56.000892 ], [ -4.582044, 56.000664 ], [ -4.581738, 56.000348 ], [ -4.581536, 56.000035 ], [ -4.581183, 55.999283 ], [ -4.580818, 55.998639 ], [ -4.57895, 55.999079 ], [ -4.578861, 55.999014 ], [ -4.578029, 55.999255 ], [ -4.57884, 56.000116 ], [ -4.578814, 56.00013 ], [ -4.579837, 56.001016 ], [ -4.579896, 56.001013 ], [ -4.579976, 56.001067 ], [ -4.580613, 56.001605 ], [ -4.577618, 56.002192 ], [ -4.575225, 56.002782 ], [ -4.574548, 56.002714 ], [ -4.574282, 56.002832 ], [ -4.57428, 56.002986 ], [ -4.574173, 56.003122 ], [ -4.57235, 56.003804 ], [ -4.57064, 56.004606 ], [ -4.569816, 56.005055 ], [ -4.568949, 56.004704 ], [ -4.568686, 56.004902 ], [ -4.568413, 56.00501 ], [ -4.56812, 56.005071 ], [ -4.567702, 56.005101 ], [ -4.564626, 56.005064 ], [ -4.564119, 56.004971 ], [ -4.563897, 56.00488 ], [ -4.563663, 56.004724 ], [ -4.563098, 56.004973 ], [ -4.562682, 56.005041 ], [ -4.56232, 56.005023 ], [ -4.562105, 56.004972 ], [ -4.559846, 56.00413 ], [ -4.559395, 56.003909 ], [ -4.559261, 56.003788 ], [ -4.559037, 56.003877 ], [ -4.556148, 56.003734 ], [ -4.555617, 56.002923 ], [ -4.555629, 56.002725 ], [ -4.555378, 56.002408 ], [ -4.555459, 56.002383 ], [ -4.555254, 56.002277 ], [ -4.554393, 56.002275 ], [ -4.554134, 56.002358 ], [ -4.553971, 56.002303 ], [ -4.553828, 56.002195 ], [ -4.553661, 56.002167 ], [ -4.553308, 56.002321 ], [ -4.552906, 56.002344 ], [ -4.552682, 56.002411 ], [ -4.552621, 56.00245 ], [ -4.55263, 56.002497 ], [ -4.552767, 56.002579 ], [ -4.552774, 56.002625 ], [ -4.55271, 56.002676 ], [ -4.552355, 56.002738 ], [ -4.552203, 56.002828 ], [ -4.551835, 56.002962 ], [ -4.551687, 56.002977 ], [ -4.551574, 56.003049 ], [ -4.551458, 56.003171 ], [ -4.551392, 56.003186 ], [ -4.55123, 56.003436 ], [ -4.551111, 56.003505 ], [ -4.55109, 56.003566 ], [ -4.550593, 56.003882 ], [ -4.550577, 56.003947 ], [ -4.550474, 56.004017 ], [ -4.550317, 56.004231 ], [ -4.550243, 56.004239 ], [ -4.550055, 56.004413 ], [ -4.549855, 56.004518 ], [ -4.549544, 56.004815 ], [ -4.549414, 56.004888 ], [ -4.549374, 56.004987 ], [ -4.548961, 56.005314 ], [ -4.548862, 56.005459 ], [ -4.54845, 56.005739 ], [ -4.547927, 56.006419 ], [ -4.547927, 56.006485 ], [ -4.547629, 56.006865 ], [ -4.547526, 56.007128 ], [ -4.547422, 56.007253 ], [ -4.547303, 56.007661 ], [ -4.547336, 56.007758 ], [ -4.547498, 56.007826 ], [ -4.547488, 56.007923 ], [ -4.547181, 56.008043 ], [ -4.546874, 56.008089 ], [ -4.545311, 56.008138 ], [ -4.544064, 56.008213 ], [ -4.5438, 56.008051 ], [ -4.543454, 56.007976 ], [ -4.543, 56.007977 ], [ -4.542657, 56.008064 ], [ -4.542193, 56.008046 ], [ -4.541596, 56.00812 ], [ -4.541522, 56.008071 ], [ -4.541443, 56.007921 ], [ -4.5413, 56.007885 ], [ -4.540546, 56.007814 ], [ -4.540212, 56.007834 ], [ -4.539669, 56.008007 ], [ -4.539549, 56.008016 ], [ -4.539464, 56.008055 ], [ -4.539418, 56.008157 ], [ -4.539352, 56.008183 ], [ -4.53898, 56.008238 ], [ -4.538797, 56.008343 ], [ -4.5386, 56.008519 ], [ -4.537953, 56.008543 ], [ -4.537747, 56.00866 ], [ -4.537429, 56.008682 ], [ -4.537181, 56.008838 ], [ -4.536687, 56.009072 ], [ -4.536265, 56.009197 ], [ -4.535952, 56.009242 ], [ -4.535501, 56.009425 ], [ -4.535108, 56.009383 ], [ -4.534473, 56.00949 ], [ -4.53399, 56.009523 ], [ -4.533523, 56.009691 ], [ -4.532734, 56.009856 ], [ -4.532602, 56.009953 ], [ -4.532233, 56.010086 ], [ -4.532007, 56.010123 ], [ -4.531617, 56.01027 ], [ -4.53105, 56.010664 ], [ -4.528805, 56.011274 ], [ -4.528118, 56.011098 ], [ -4.528053, 56.011004 ], [ -4.527278, 56.010775 ], [ -4.527132, 56.010685 ], [ -4.526785, 56.010759 ], [ -4.526269, 56.010736 ], [ -4.525953, 56.010826 ], [ -4.525876, 56.010821 ], [ -4.525458, 56.010624 ], [ -4.525422, 56.010535 ], [ -4.525248, 56.010372 ], [ -4.525004, 56.010229 ], [ -4.524445, 56.010108 ], [ -4.524175, 56.01013 ], [ -4.523924, 56.009994 ], [ -4.523565, 56.009955 ], [ -4.523359, 56.009852 ], [ -4.522904, 56.009928 ], [ -4.520634, 56.010065 ], [ -4.519143, 56.010191 ], [ -4.518838, 56.010256 ], [ -4.516995, 56.010829 ], [ -4.513183, 56.011882 ], [ -4.508309, 56.013574 ], [ -4.507978, 56.013767 ], [ -4.507418, 56.014232 ], [ -4.507184, 56.014363 ], [ -4.506905, 56.014507 ], [ -4.50549, 56.015077 ], [ -4.504294, 56.015163 ], [ -4.50227, 56.01525 ], [ -4.50149, 56.015256 ], [ -4.500514, 56.015205 ], [ -4.499846, 56.014976 ], [ -4.499395, 56.014902 ], [ -4.499124, 56.014909 ], [ -4.498953, 56.014951 ], [ -4.498086, 56.015268 ], [ -4.497983, 56.015194 ], [ -4.497867, 56.014975 ], [ -4.497581, 56.014805 ], [ -4.497269, 56.014721 ], [ -4.496949, 56.014685 ], [ -4.496569, 56.014728 ], [ -4.494654, 56.01511 ], [ -4.494399, 56.015112 ], [ -4.49217, 56.014905 ], [ -4.48955, 56.015094 ], [ -4.482739, 56.015664 ], [ -4.482288, 56.015652 ], [ -4.481669, 56.015533 ], [ -4.481634, 56.015575 ], [ -4.481007, 56.015337 ], [ -4.480805, 56.015363 ], [ -4.480538, 56.015476 ], [ -4.480636, 56.015515 ], [ -4.48058, 56.015564 ], [ -4.480613, 56.015611 ], [ -4.480851, 56.015776 ], [ -4.480766, 56.015975 ], [ -4.480548, 56.016094 ], [ -4.480551, 56.016139 ], [ -4.480681, 56.016185 ], [ -4.480717, 56.0164 ], [ -4.480958, 56.016462 ], [ -4.480992, 56.016513 ], [ -4.48069, 56.016719 ], [ -4.480744, 56.017089 ], [ -4.480407, 56.0172 ], [ -4.480287, 56.017322 ], [ -4.480256, 56.017425 ], [ -4.480358, 56.017617 ], [ -4.480376, 56.017774 ], [ -4.480225, 56.017867 ], [ -4.479945, 56.017933 ], [ -4.479942, 56.018092 ], [ -4.479657, 56.018349 ], [ -4.479647, 56.018455 ], [ -4.479555, 56.018544 ], [ -4.479561, 56.018708 ], [ -4.479451, 56.018877 ], [ -4.479443, 56.018979 ], [ -4.479392, 56.019049 ], [ -4.479229, 56.019093 ], [ -4.478969, 56.019272 ], [ -4.479179, 56.019572 ], [ -4.479137, 56.020029 ], [ -4.479195, 56.020084 ], [ -4.479254, 56.020083 ], [ -4.479392, 56.019974 ], [ -4.479465, 56.019972 ], [ -4.479898, 56.020057 ], [ -4.480138, 56.020147 ], [ -4.480419, 56.02016 ], [ -4.480575, 56.020284 ], [ -4.480669, 56.020309 ], [ -4.480824, 56.020457 ], [ -4.480849, 56.020578 ], [ -4.480658, 56.020907 ], [ -4.480663, 56.021059 ], [ -4.480367, 56.021412 ], [ -4.480484, 56.021661 ], [ -4.480722, 56.021843 ], [ -4.480807, 56.022094 ], [ -4.481, 56.022204 ], [ -4.481128, 56.022218 ], [ -4.481342, 56.022444 ], [ -4.482693, 56.022825 ], [ -4.483297, 56.022928 ], [ -4.485477, 56.022696 ], [ -4.485783, 56.022828 ], [ -4.48658, 56.023266 ], [ -4.488539, 56.024411 ], [ -4.488827, 56.024861 ], [ -4.487914, 56.02566 ], [ -4.487833, 56.025785 ], [ -4.488107, 56.027081 ], [ -4.488202, 56.027171 ], [ -4.488165, 56.027246 ], [ -4.488445, 56.027562 ], [ -4.488469, 56.027715 ], [ -4.488737, 56.027931 ], [ -4.488977, 56.027968 ], [ -4.489006, 56.028001 ], [ -4.488753, 56.02822 ], [ -4.488543, 56.028317 ], [ -4.488304, 56.028303 ], [ -4.488117, 56.028232 ], [ -4.487968, 56.028233 ], [ -4.487899, 56.028277 ], [ -4.487874, 56.028359 ], [ -4.487912, 56.028408 ], [ -4.488258, 56.02851 ], [ -4.488455, 56.028677 ], [ -4.488103, 56.029065 ], [ -4.488221, 56.029396 ], [ -4.488147, 56.0295 ], [ -4.488057, 56.029544 ], [ -4.487647, 56.029546 ], [ -4.487265, 56.029708 ], [ -4.48674, 56.029707 ], [ -4.485475, 56.029623 ], [ -4.485171, 56.029724 ], [ -4.48491, 56.029881 ], [ -4.484814, 56.029905 ], [ -4.484283, 56.029908 ], [ -4.484222, 56.029878 ], [ -4.484057, 56.029627 ], [ -4.483959, 56.029566 ], [ -4.483736, 56.029516 ], [ -4.483497, 56.029503 ], [ -4.483072, 56.029583 ], [ -4.482996, 56.029722 ], [ -4.48298, 56.029975 ], [ -4.482689, 56.030165 ], [ -4.482619, 56.030325 ], [ -4.482303, 56.030534 ], [ -4.481774, 56.030671 ], [ -4.481681, 56.03089 ], [ -4.481689, 56.030966 ], [ -4.481847, 56.03107 ], [ -4.481839, 56.031327 ], [ -4.481509, 56.031743 ], [ -4.481383, 56.031821 ], [ -4.480888, 56.032055 ], [ -4.480583, 56.032142 ], [ -4.480334, 56.032102 ], [ -4.480039, 56.031929 ], [ -4.479799, 56.031847 ], [ -4.47944, 56.031847 ], [ -4.479233, 56.031939 ], [ -4.479112, 56.032186 ], [ -4.479053, 56.032256 ], [ -4.478953, 56.032291 ], [ -4.478138, 56.032426 ], [ -4.477404, 56.032431 ], [ -4.477093, 56.032485 ], [ -4.476873, 56.032571 ], [ -4.47651, 56.032794 ], [ -4.476405, 56.032949 ], [ -4.476443, 56.033019 ], [ -4.476553, 56.033074 ], [ -4.476932, 56.033086 ], [ -4.477242, 56.032976 ], [ -4.477691, 56.032937 ], [ -4.477802, 56.032957 ], [ -4.477951, 56.033175 ], [ -4.477685, 56.033436 ], [ -4.477531, 56.033487 ], [ -4.476735, 56.033455 ], [ -4.476439, 56.033542 ], [ -4.476398, 56.033639 ], [ -4.476642, 56.033924 ], [ -4.477241, 56.034246 ], [ -4.477401, 56.034579 ], [ -4.477661, 56.03484 ], [ -4.477689, 56.035052 ], [ -4.4776, 56.035438 ], [ -4.47767, 56.035784 ], [ -4.477603, 56.035866 ], [ -4.47731, 56.035872 ], [ -4.476955, 56.03597 ], [ -4.476821, 56.036062 ], [ -4.476309, 56.036561 ], [ -4.475918, 56.037079 ], [ -4.475723, 56.037193 ], [ -4.475419, 56.03732 ], [ -4.475168, 56.037347 ], [ -4.47495, 56.037291 ], [ -4.474376, 56.037018 ], [ -4.473584, 56.037114 ], [ -4.472956, 56.037132 ], [ -4.471844, 56.037273 ], [ -4.471319, 56.037298 ], [ -4.471214, 56.03726 ], [ -4.471178, 56.037136 ], [ -4.471503, 56.036773 ], [ -4.471422, 56.036657 ], [ -4.471299, 56.036664 ], [ -4.47116, 56.036607 ], [ -4.470994, 56.036601 ], [ -4.470176, 56.03671 ], [ -4.469927, 56.03686 ], [ -4.469526, 56.037034 ], [ -4.469463, 56.037112 ], [ -4.469219, 56.037129 ], [ -4.469001, 56.037185 ], [ -4.468784, 56.037382 ], [ -4.468098, 56.037756 ], [ -4.467214, 56.038767 ], [ -4.467018, 56.039068 ], [ -4.466655, 56.039229 ], [ -4.466215, 56.039257 ], [ -4.466119, 56.039288 ], [ -4.466012, 56.039333 ], [ -4.465509, 56.039716 ], [ -4.464762, 56.03995 ], [ -4.464653, 56.040021 ], [ -4.463381, 56.040322 ], [ -4.463228, 56.040325 ], [ -4.46283, 56.040222 ], [ -4.462627, 56.040127 ], [ -4.462328, 56.039701 ], [ -4.462202, 56.039682 ], [ -4.461846, 56.039699 ], [ -4.461489, 56.039763 ], [ -4.461247, 56.039827 ], [ -4.461103, 56.039907 ], [ -4.461006, 56.040139 ], [ -4.461014, 56.040312 ], [ -4.461468, 56.040759 ], [ -4.461344, 56.040827 ], [ -4.460899, 56.040843 ], [ -4.460511, 56.040817 ], [ -4.460315, 56.040733 ], [ -4.460347, 56.04008 ], [ -4.460281, 56.040008 ], [ -4.4601, 56.039956 ], [ -4.459725, 56.039936 ], [ -4.459563, 56.040006 ], [ -4.45933, 56.040249 ], [ -4.459387, 56.040906 ], [ -4.459011, 56.041346 ], [ -4.458918, 56.04141 ], [ -4.458808, 56.041431 ], [ -4.458702, 56.041426 ], [ -4.458533, 56.041343 ], [ -4.458513, 56.041256 ], [ -4.458649, 56.041074 ], [ -4.458692, 56.040914 ], [ -4.458568, 56.040712 ], [ -4.458404, 56.040649 ], [ -4.458205, 56.04061 ], [ -4.458047, 56.040612 ], [ -4.457128, 56.04073 ], [ -4.456253, 56.04059 ], [ -4.455249, 56.040696 ], [ -4.453944, 56.040686 ], [ -4.453841, 56.040674 ], [ -4.453762, 56.040626 ], [ -4.45318, 56.040087 ], [ -4.453065, 56.040035 ], [ -4.452919, 56.040025 ], [ -4.452677, 56.040042 ], [ -4.452435, 56.040102 ], [ -4.45143, 56.040487 ], [ -4.451322, 56.04056 ], [ -4.451278, 56.040728 ], [ -4.451412, 56.041265 ], [ -4.451344, 56.04138 ], [ -4.451179, 56.041429 ], [ -4.451003, 56.041408 ], [ -4.450579, 56.04129 ], [ -4.450672, 56.041219 ], [ -4.450671, 56.04116 ], [ -4.450073, 56.040737 ], [ -4.449819, 56.040652 ], [ -4.449399, 56.040619 ], [ -4.449081, 56.040702 ], [ -4.44838, 56.040721 ], [ -4.447837, 56.040844 ], [ -4.447472, 56.040855 ], [ -4.446761, 56.040962 ], [ -4.446523, 56.040965 ], [ -4.446345, 56.040897 ], [ -4.446166, 56.040893 ], [ -4.445735, 56.041075 ], [ -4.445309, 56.041317 ], [ -4.444236, 56.041683 ], [ -4.44417, 56.041836 ], [ -4.444268, 56.041918 ], [ -4.444763, 56.04202 ], [ -4.445265, 56.042021 ], [ -4.445823, 56.042135 ], [ -4.4463, 56.042408 ], [ -4.44632, 56.042462 ], [ -4.44628, 56.042496 ], [ -4.445771, 56.042635 ], [ -4.444786, 56.042794 ], [ -4.444243, 56.042935 ], [ -4.443638, 56.043376 ], [ -4.443371, 56.043726 ], [ -4.442872, 56.04396 ], [ -4.441811, 56.044114 ], [ -4.439656, 56.044568 ], [ -4.439275, 56.044782 ], [ -4.438982, 56.045126 ], [ -4.438442, 56.045595 ], [ -4.438009, 56.045872 ], [ -4.436604, 56.046293 ], [ -4.436501, 56.046352 ], [ -4.436321, 56.046393 ], [ -4.436177, 56.046399 ], [ -4.436136, 56.046374 ], [ -4.435858, 56.046404 ], [ -4.435797, 56.046631 ], [ -4.43563, 56.046883 ], [ -4.435366, 56.04703 ], [ -4.434883, 56.047208 ], [ -4.434674, 56.047417 ], [ -4.43468, 56.047562 ], [ -4.434242, 56.047672 ], [ -4.434179, 56.04761 ], [ -4.433737, 56.047702 ], [ -4.433047, 56.047914 ], [ -4.431914, 56.048056 ], [ -4.430817, 56.048395 ], [ -4.431006, 56.048634 ], [ -4.430935, 56.048721 ], [ -4.43028, 56.049188 ], [ -4.430033, 56.049247 ], [ -4.428074, 56.049375 ], [ -4.425741, 56.049639 ], [ -4.424522, 56.049286 ], [ -4.422583, 56.048937 ], [ -4.420419, 56.048782 ], [ -4.418826, 56.048844 ], [ -4.417725, 56.048834 ], [ -4.416958, 56.04888 ], [ -4.416476, 56.048982 ], [ -4.414918, 56.049406 ], [ -4.414711, 56.049505 ], [ -4.414494, 56.049702 ], [ -4.414169, 56.04986 ], [ -4.414308, 56.049976 ], [ -4.4147, 56.050751 ], [ -4.415015, 56.051156 ], [ -4.415535, 56.052746 ], [ -4.416515, 56.054556 ], [ -4.418535, 56.059268 ], [ -4.418527, 56.059822 ], [ -4.41815, 56.063303 ], [ -4.418173, 56.063593 ], [ -4.418393, 56.064128 ], [ -4.419219, 56.066583 ], [ -4.41877, 56.067024 ], [ -4.41763, 56.068291 ], [ -4.416823, 56.069322 ], [ -4.416304, 56.069727 ], [ -4.416064, 56.07011 ], [ -4.415577, 56.071494 ], [ -4.415518, 56.071576 ], [ -4.414671, 56.072226 ], [ -4.41487, 56.072341 ], [ -4.414821, 56.073365 ], [ -4.414757, 56.07344 ], [ -4.41463, 56.074901 ], [ -4.414679, 56.07504 ], [ -4.414825, 56.075172 ], [ -4.415544, 56.075534 ], [ -4.415562, 56.075642 ], [ -4.41542, 56.075815 ], [ -4.415486, 56.07587 ], [ -4.415584, 56.075876 ], [ -4.41583, 56.075816 ], [ -4.416283, 56.075765 ], [ -4.416565, 56.075672 ], [ -4.416642, 56.075706 ], [ -4.41685, 56.075923 ], [ -4.416917, 56.076126 ], [ -4.417063, 56.076342 ], [ -4.418045, 56.076955 ], [ -4.418475, 56.077045 ], [ -4.418735, 56.077226 ], [ -4.419132, 56.077348 ], [ -4.419232, 56.077569 ], [ -4.419538, 56.077846 ], [ -4.419088, 56.078121 ], [ -4.419082, 56.078316 ], [ -4.419006, 56.078393 ], [ -4.418979, 56.078632 ], [ -4.418886, 56.078727 ], [ -4.418586, 56.078861 ], [ -4.418364, 56.078918 ], [ -4.417775, 56.078889 ], [ -4.417684, 56.078927 ], [ -4.417203, 56.079466 ], [ -4.416709, 56.080329 ], [ -4.416262, 56.080524 ], [ -4.41601, 56.080574 ], [ -4.415886, 56.080638 ], [ -4.415835, 56.080768 ], [ -4.416128, 56.081437 ], [ -4.416449, 56.081745 ], [ -4.417195, 56.082184 ], [ -4.417251, 56.082338 ], [ -4.417318, 56.082389 ], [ -4.41766, 56.082485 ], [ -4.418478, 56.082575 ], [ -4.418764, 56.082655 ], [ -4.418825, 56.082809 ], [ -4.419301, 56.082949 ], [ -4.419291, 56.083054 ], [ -4.419684, 56.083027 ], [ -4.420087, 56.082939 ], [ -4.420266, 56.082937 ], [ -4.42061, 56.083069 ], [ -4.420949, 56.083121 ], [ -4.421103, 56.082997 ], [ -4.421157, 56.082974 ], [ -4.421217, 56.08299 ], [ -4.421386, 56.083239 ], [ -4.421768, 56.083498 ], [ -4.421984, 56.083814 ], [ -4.422042, 56.083863 ], [ -4.422293, 56.08393 ], [ -4.42236, 56.083983 ], [ -4.422453, 56.084385 ], [ -4.422354, 56.08477 ], [ -4.422375, 56.084832 ], [ -4.422602, 56.084999 ], [ -4.422669, 56.085107 ], [ -4.422511, 56.085509 ], [ -4.422602, 56.086078 ], [ -4.423066, 56.086428 ], [ -4.423258, 56.086636 ], [ -4.424044, 56.087227 ], [ -4.424389, 56.087324 ], [ -4.424432, 56.087379 ], [ -4.424435, 56.087695 ], [ -4.42454, 56.087952 ], [ -4.424512, 56.08811 ], [ -4.424463, 56.088203 ], [ -4.424271, 56.088342 ], [ -4.424121, 56.088393 ], [ -4.424023, 56.088321 ], [ -4.423964, 56.088391 ], [ -4.423988, 56.088443 ], [ -4.423925, 56.088456 ], [ -4.423848, 56.088572 ], [ -4.423958, 56.088834 ], [ -4.424153, 56.088963 ], [ -4.424157, 56.089165 ], [ -4.424454, 56.089416 ], [ -4.424781, 56.089892 ], [ -4.424903, 56.089994 ], [ -4.424903, 56.090206 ], [ -4.424966, 56.09026 ], [ -4.425542, 56.090415 ], [ -4.425782, 56.09052 ], [ -4.426053, 56.090564 ], [ -4.42625, 56.09065 ], [ -4.426494, 56.090548 ], [ -4.426754, 56.090485 ], [ -4.427043, 56.09048 ], [ -4.427822, 56.090563 ], [ -4.427895, 56.090635 ], [ -4.427887, 56.090847 ], [ -4.428288, 56.091143 ], [ -4.428475, 56.091344 ], [ -4.428784, 56.091454 ], [ -4.428805, 56.091516 ], [ -4.428741, 56.091582 ], [ -4.428795, 56.091618 ], [ -4.428893, 56.091621 ], [ -4.428997, 56.091583 ], [ -4.429046, 56.091487 ], [ -4.429122, 56.091479 ], [ -4.429475, 56.091614 ], [ -4.429687, 56.091808 ], [ -4.429774, 56.091832 ], [ -4.42995, 56.091803 ], [ -4.430159, 56.09187 ], [ -4.430642, 56.09157 ], [ -4.43075, 56.091597 ], [ -4.431171, 56.091938 ], [ -4.431354, 56.091999 ], [ -4.431722, 56.092233 ], [ -4.43186, 56.092262 ], [ -4.431876, 56.092311 ], [ -4.43182, 56.092377 ], [ -4.431556, 56.092439 ], [ -4.431602, 56.092564 ], [ -4.431493, 56.092723 ], [ -4.43158, 56.092812 ], [ -4.431782, 56.092913 ], [ -4.43183, 56.093009 ], [ -4.431978, 56.09299 ], [ -4.432074, 56.093054 ], [ -4.431655, 56.094779 ], [ -4.431403, 56.095424 ], [ -4.431092, 56.095797 ], [ -4.43071, 56.096112 ], [ -4.429462, 56.096849 ], [ -4.428939, 56.097232 ], [ -4.4286, 56.09762 ], [ -4.427109, 56.099584 ], [ -4.426955, 56.099925 ], [ -4.426573, 56.100267 ], [ -4.425837, 56.100812 ], [ -4.424246, 56.101733 ], [ -4.420702, 56.103194 ], [ -4.4188, 56.104824 ], [ -4.417013, 56.105297 ], [ -4.414391, 56.106132 ], [ -4.414153, 56.106175 ], [ -4.412706, 56.106839 ], [ -4.411396, 56.107372 ], [ -4.40948, 56.108473 ], [ -4.406384, 56.110162 ], [ -4.405598, 56.110721 ], [ -4.405038, 56.111207 ], [ -4.400991, 56.117359 ], [ -4.400197, 56.118349 ], [ -4.395741, 56.122331 ], [ -4.388273, 56.129177 ], [ -4.387963, 56.129392 ], [ -4.388311, 56.129872 ], [ -4.38853, 56.130014 ], [ -4.388614, 56.130143 ], [ -4.388726, 56.130716 ], [ -4.387857, 56.131735 ], [ -4.387727, 56.131626 ], [ -4.387328, 56.131547 ], [ -4.386175, 56.131599 ], [ -4.38575, 56.131538 ], [ -4.385681, 56.131596 ], [ -4.384728, 56.131958 ], [ -4.383371, 56.132598 ], [ -4.383137, 56.132745 ], [ -4.38248, 56.133059 ], [ -4.381519, 56.133292 ], [ -4.38092, 56.133315 ], [ -4.380518, 56.13328 ], [ -4.379215, 56.13308 ], [ -4.378951, 56.133083 ], [ -4.378708, 56.133149 ], [ -4.378452, 56.133275 ], [ -4.377295, 56.13412 ], [ -4.376666, 56.134762 ], [ -4.376121, 56.135113 ], [ -4.375944, 56.135074 ], [ -4.375875, 56.135196 ], [ -4.375565, 56.135352 ], [ -4.375515, 56.135503 ], [ -4.375417, 56.135569 ], [ -4.37496, 56.13582 ], [ -4.372434, 56.13692 ], [ -4.37166, 56.137137 ], [ -4.37143, 56.137151 ], [ -4.371181, 56.137099 ], [ -4.370826, 56.136861 ], [ -4.370391, 56.136375 ], [ -4.370392, 56.136111 ], [ -4.370205, 56.136112 ], [ -4.370126, 56.136147 ], [ -4.3699, 56.136284 ], [ -4.369727, 56.136447 ], [ -4.369361, 56.136594 ], [ -4.369217, 56.136744 ], [ -4.369146, 56.136755 ], [ -4.369044, 56.136717 ], [ -4.368696, 56.136366 ], [ -4.368475, 56.136304 ], [ -4.36834, 56.136321 ], [ -4.367829, 56.136538 ], [ -4.367576, 56.136859 ], [ -4.367342, 56.136859 ], [ -4.367161, 56.136815 ], [ -4.366954, 56.136576 ], [ -4.366791, 56.136475 ], [ -4.366489, 56.136345 ], [ -4.3662, 56.136286 ], [ -4.365827, 56.13632 ], [ -4.365431, 56.136465 ], [ -4.364802, 56.136406 ], [ -4.364587, 56.136441 ], [ -4.364085, 56.136539 ], [ -4.363294, 56.136815 ], [ -4.362876, 56.136809 ], [ -4.362271, 56.136739 ], [ -4.362021, 56.136825 ], [ -4.361957, 56.136886 ], [ -4.361966, 56.136974 ], [ -4.361474, 56.137347 ], [ -4.361367, 56.137551 ], [ -4.361288, 56.137586 ], [ -4.360684, 56.137519 ], [ -4.360201, 56.137355 ], [ -4.359726, 56.137114 ], [ -4.359232, 56.136974 ], [ -4.358838, 56.136722 ], [ -4.358479, 56.13671 ], [ -4.358178, 56.136798 ], [ -4.358255, 56.136894 ], [ -4.358168, 56.136993 ], [ -4.358571, 56.137316 ], [ -4.358619, 56.137415 ], [ -4.359053, 56.13782 ], [ -4.359597, 56.138143 ], [ -4.361428, 56.139668 ], [ -4.361701, 56.140005 ], [ -4.361845, 56.14033 ], [ -4.361888, 56.14082 ], [ -4.361838, 56.141227 ], [ -4.359929, 56.146057 ], [ -4.359853, 56.146358 ], [ -4.359802, 56.146973 ], [ -4.359936, 56.147567 ], [ -4.361722, 56.152851 ], [ -4.360919, 56.153207 ], [ -4.36067, 56.15327 ], [ -4.360351, 56.153283 ], [ -4.360144, 56.153353 ], [ -4.357681, 56.155032 ], [ -4.357447, 56.155239 ], [ -4.357142, 56.15521 ], [ -4.356637, 56.155229 ], [ -4.354332, 56.15558 ], [ -4.353314, 56.15543 ], [ -4.352962, 56.155333 ], [ -4.352832, 56.155216 ], [ -4.352807, 56.155012 ], [ -4.352897, 56.154476 ], [ -4.352855, 56.154308 ], [ -4.3526, 56.154076 ], [ -4.352304, 56.153902 ], [ -4.350978, 56.153468 ], [ -4.350729, 56.153301 ], [ -4.350688, 56.153154 ], [ -4.350728, 56.152972 ], [ -4.350938, 56.152692 ], [ -4.351022, 56.152443 ], [ -4.351129, 56.152314 ], [ -4.351739, 56.151835 ], [ -4.352015, 56.1515 ], [ -4.352064, 56.151306 ], [ -4.351716, 56.150588 ], [ -4.35134, 56.150194 ], [ -4.351209, 56.150132 ], [ -4.350834, 56.150061 ], [ -4.350586, 56.150051 ], [ -4.35017, 56.150117 ], [ -4.34993, 56.150199 ], [ -4.349534, 56.150489 ], [ -4.349021, 56.150966 ], [ -4.348825, 56.1517 ], [ -4.348724, 56.151885 ], [ -4.348369, 56.152181 ], [ -4.347791, 56.152489 ], [ -4.34636, 56.152845 ], [ -4.345907, 56.153036 ], [ -4.345774, 56.153296 ], [ -4.345729, 56.153532 ], [ -4.345733, 56.15402 ], [ -4.345587, 56.154218 ], [ -4.345445, 56.154261 ], [ -4.345004, 56.154274 ], [ -4.344634, 56.154236 ], [ -4.344409, 56.154169 ], [ -4.344083, 56.153998 ], [ -4.3435, 56.15352 ], [ -4.343102, 56.153361 ], [ -4.342755, 56.153323 ], [ -4.342547, 56.153343 ], [ -4.342318, 56.153421 ], [ -4.342114, 56.153572 ], [ -4.34197, 56.153776 ], [ -4.3426, 56.153918 ], [ -4.342642, 56.153983 ], [ -4.342539, 56.154187 ], [ -4.342568, 56.154379 ], [ -4.342532, 56.154492 ], [ -4.342597, 56.154606 ], [ -4.342738, 56.154659 ], [ -4.342781, 56.15473 ], [ -4.3426, 56.154761 ], [ -4.342224, 56.154745 ], [ -4.341965, 56.154836 ], [ -4.341648, 56.15473 ], [ -4.341525, 56.154742 ], [ -4.341022, 56.155017 ], [ -4.34078, 56.155098 ], [ -4.34069, 56.155228 ], [ -4.340467, 56.155351 ], [ -4.34046, 56.155439 ], [ -4.340589, 56.155672 ], [ -4.340479, 56.155829 ], [ -4.337246, 56.158016 ], [ -4.336297, 56.158595 ], [ -4.336253, 56.158653 ], [ -4.334168, 56.159883 ], [ -4.330382, 56.161049 ], [ -4.329443, 56.161647 ], [ -4.3289, 56.162109 ], [ -4.327179, 56.163319 ], [ -4.325545, 56.163858 ], [ -4.321233, 56.161699 ], [ -4.321252, 56.161608 ], [ -4.316536, 56.159286 ], [ -4.304637, 56.158262 ], [ -4.303298, 56.156664 ], [ -4.300462, 56.156928 ], [ -4.298721, 56.156562 ], [ -4.298582, 56.156542 ], [ -4.298436, 56.156603 ], [ -4.298339, 56.156467 ], [ -4.295337, 56.156583 ], [ -4.29493, 56.15939 ], [ -4.29292, 56.159438 ], [ -4.289304, 56.159716 ], [ -4.28857, 56.159792 ], [ -4.282143, 56.160677 ], [ -4.282085, 56.160748 ], [ -4.282601, 56.161767 ], [ -4.282527, 56.161817 ], [ -4.282422, 56.161833 ], [ -4.280433, 56.162071 ], [ -4.277849, 56.158992 ], [ -4.277697, 56.159025 ], [ -4.277641, 56.158949 ], [ -4.274044, 56.159619 ], [ -4.269526, 56.161502 ], [ -4.265139, 56.163004 ], [ -4.264659, 56.163372 ], [ -4.263987, 56.163651 ], [ -4.263347, 56.163831 ], [ -4.263157, 56.163913 ], [ -4.263885, 56.164244 ], [ -4.263995, 56.164335 ], [ -4.264287, 56.164771 ], [ -4.264572, 56.165249 ], [ -4.264906, 56.166593 ], [ -4.264884, 56.166669 ], [ -4.264542, 56.166981 ], [ -4.263902, 56.167375 ], [ -4.26389, 56.167465 ], [ -4.264109, 56.167704 ], [ -4.266617, 56.169564 ], [ -4.267434, 56.17025 ], [ -4.268259, 56.171277 ], [ -4.269243, 56.172262 ], [ -4.269348, 56.172307 ], [ -4.270276, 56.172479 ], [ -4.272553, 56.172825 ], [ -4.272955, 56.172837 ], [ -4.273042, 56.172873 ], [ -4.273086, 56.173178 ], [ -4.273161, 56.173241 ], [ -4.273395, 56.173348 ], [ -4.274261, 56.173613 ], [ -4.2746, 56.173768 ], [ -4.275061, 56.174068 ], [ -4.275232, 56.174216 ], [ -4.275114, 56.174414 ], [ -4.2751, 56.174782 ], [ -4.27547, 56.175151 ], [ -4.275779, 56.17556 ], [ -4.275885, 56.175615 ], [ -4.276381, 56.175735 ], [ -4.276541, 56.175804 ], [ -4.276659, 56.175909 ], [ -4.276846, 56.176131 ], [ -4.277566, 56.177767 ], [ -4.277683, 56.177946 ], [ -4.277973, 56.178242 ], [ -4.27827, 56.17846 ], [ -4.278916, 56.178758 ], [ -4.279515, 56.178941 ], [ -4.280124, 56.179069 ], [ -4.280523, 56.179054 ], [ -4.280789, 56.179096 ], [ -4.280907, 56.179145 ], [ -4.283228, 56.180576 ], [ -4.283239, 56.18077 ], [ -4.283121, 56.181371 ], [ -4.283184, 56.181781 ], [ -4.284826, 56.184835 ], [ -4.281409, 56.185041 ], [ -4.280294, 56.18524 ], [ -4.279089, 56.185355 ], [ -4.2783, 56.185399 ], [ -4.276844, 56.185402 ], [ -4.275425, 56.185454 ], [ -4.272886, 56.185608 ], [ -4.272161, 56.185624 ], [ -4.271429, 56.185626 ], [ -4.27055, 56.185576 ], [ -4.269089, 56.185568 ], [ -4.267314, 56.185606 ], [ -4.266607, 56.185544 ], [ -4.265706, 56.185519 ], [ -4.262609, 56.185267 ], [ -4.261886, 56.185238 ], [ -4.252408, 56.186457 ], [ -4.251726, 56.186531 ], [ -4.251565, 56.186515 ], [ -4.251142, 56.186676 ], [ -4.251146, 56.186972 ], [ -4.250383, 56.192344 ], [ -4.250436, 56.192864 ], [ -4.250284, 56.193168 ], [ -4.249673, 56.193618 ], [ -4.248185, 56.195087 ], [ -4.247465, 56.195993 ], [ -4.246365, 56.196336 ], [ -4.243228, 56.199041 ], [ -4.240761, 56.201587 ], [ -4.239036, 56.203868 ], [ -4.238926, 56.204121 ], [ -4.238976, 56.204751 ], [ -4.238901, 56.20507 ], [ -4.23751, 56.206049 ], [ -4.23692, 56.206564 ], [ -4.23512, 56.208552 ], [ -4.235009, 56.20872 ], [ -4.235033, 56.208971 ], [ -4.234975, 56.209282 ], [ -4.235812, 56.210032 ], [ -4.235945, 56.210245 ], [ -4.235566, 56.21209 ], [ -4.235376, 56.212414 ], [ -4.235155, 56.212609 ], [ -4.233935, 56.213275 ], [ -4.233186, 56.213933 ], [ -4.232771, 56.214068 ], [ -4.231861, 56.214589 ], [ -4.231038, 56.215198 ], [ -4.230208, 56.215915 ], [ -4.229862, 56.21609 ], [ -4.229242, 56.216219 ], [ -4.228709, 56.21628 ], [ -4.227447, 56.21603 ], [ -4.226428, 56.215903 ], [ -4.225831, 56.215875 ], [ -4.225231, 56.215903 ], [ -4.224858, 56.215983 ], [ -4.223478, 56.216391 ], [ -4.22149, 56.21677 ], [ -4.219963, 56.217118 ], [ -4.218949, 56.217461 ], [ -4.217634, 56.217684 ], [ -4.215939, 56.217705 ], [ -4.213094, 56.218118 ], [ -4.212759, 56.218143 ], [ -4.212529, 56.218138 ], [ -4.211596, 56.217959 ], [ -4.21116, 56.217986 ], [ -4.208405, 56.218361 ], [ -4.208255, 56.218323 ], [ -4.208115, 56.218345 ], [ -4.207998, 56.218418 ], [ -4.206555, 56.218605 ], [ -4.204414, 56.218503 ], [ -4.204214, 56.218514 ], [ -4.203831, 56.218745 ], [ -4.202788, 56.21951 ], [ -4.202251, 56.220014 ], [ -4.202008, 56.220139 ], [ -4.201543, 56.220238 ], [ -4.201343, 56.220213 ], [ -4.201229, 56.219785 ], [ -4.200954, 56.219457 ], [ -4.200763, 56.219334 ], [ -4.199642, 56.218986 ], [ -4.199252, 56.218948 ], [ -4.197003, 56.219068 ], [ -4.196743, 56.219045 ], [ -4.196646, 56.219146 ], [ -4.196347, 56.219209 ], [ -4.19628, 56.21925 ], [ -4.196237, 56.219481 ], [ -4.195971, 56.219555 ], [ -4.195797, 56.219576 ], [ -4.195662, 56.219554 ], [ -4.195422, 56.219446 ], [ -4.195278, 56.219448 ], [ -4.195013, 56.219588 ], [ -4.193954, 56.219629 ], [ -4.193689, 56.21969 ], [ -4.193204, 56.219738 ], [ -4.192789, 56.219461 ], [ -4.192479, 56.21932 ], [ -4.191082, 56.218935 ], [ -4.190545, 56.218885 ], [ -4.190059, 56.218908 ], [ -4.188629, 56.218779 ], [ -4.188121, 56.218776 ], [ -4.187943, 56.218743 ], [ -4.187498, 56.218591 ], [ -4.187055, 56.218364 ], [ -4.186978, 56.21823 ], [ -4.186882, 56.218206 ], [ -4.18643, 56.217818 ], [ -4.186192, 56.217678 ], [ -4.185837, 56.21752 ], [ -4.185104, 56.217291 ], [ -4.184303, 56.217115 ], [ -4.182824, 56.216887 ], [ -4.180462, 56.216649 ], [ -4.179371, 56.216655 ], [ -4.178684, 56.216752 ], [ -4.177987, 56.216739 ], [ -4.178028, 56.217093 ], [ -4.17818, 56.217175 ], [ -4.178255, 56.217361 ], [ -4.178297, 56.217751 ], [ -4.178129, 56.218368 ], [ -4.177973, 56.218733 ], [ -4.177981, 56.218883 ], [ -4.177852, 56.219163 ], [ -4.17789, 56.219354 ], [ -4.177847, 56.219663 ], [ -4.177893, 56.220176 ], [ -4.17784, 56.220379 ], [ -4.177879, 56.221436 ], [ -4.178005, 56.222083 ], [ -4.177889, 56.222788 ], [ -4.177834, 56.222876 ], [ -4.177867, 56.222999 ], [ -4.177787, 56.223162 ], [ -4.177381, 56.223338 ], [ -4.176865, 56.223494 ], [ -4.176765, 56.223704 ], [ -4.177141, 56.224081 ], [ -4.177449, 56.224279 ], [ -4.17755, 56.224293 ], [ -4.17771, 56.224379 ], [ -4.177769, 56.224539 ], [ -4.176969, 56.225077 ], [ -4.176871, 56.22518 ], [ -4.17693, 56.225413 ], [ -4.177304, 56.225738 ], [ -4.177646, 56.225904 ], [ -4.178006, 56.226017 ], [ -4.178687, 56.226129 ], [ -4.17906, 56.226231 ], [ -4.179624, 56.226244 ], [ -4.180296, 56.226169 ], [ -4.181149, 56.225966 ], [ -4.181476, 56.225939 ], [ -4.18191, 56.225839 ], [ -4.182363, 56.225857 ], [ -4.182702, 56.225955 ], [ -4.18292, 56.226184 ], [ -4.183155, 56.226687 ], [ -4.183445, 56.227057 ], [ -4.183841, 56.227447 ], [ -4.184539, 56.227843 ], [ -4.18462, 56.227925 ], [ -4.184745, 56.228187 ], [ -4.184855, 56.228619 ], [ -4.184778, 56.229407 ], [ -4.184693, 56.229582 ], [ -4.184482, 56.229773 ], [ -4.183575, 56.230184 ], [ -4.183133, 56.230305 ], [ -4.182755, 56.230301 ], [ -4.182084, 56.230383 ], [ -4.181079, 56.230358 ], [ -4.180623, 56.230305 ], [ -4.179577, 56.230301 ], [ -4.179305, 56.230371 ], [ -4.179055, 56.230577 ], [ -4.178604, 56.231141 ], [ -4.178689, 56.231508 ], [ -4.178839, 56.231709 ], [ -4.179031, 56.231853 ], [ -4.18023, 56.232404 ], [ -4.180749, 56.232603 ], [ -4.181426, 56.232755 ], [ -4.181923, 56.232796 ], [ -4.182191, 56.232767 ], [ -4.182852, 56.2329 ], [ -4.182968, 56.232952 ], [ -4.183199, 56.233194 ], [ -4.183259, 56.23333 ], [ -4.183196, 56.233581 ], [ -4.183017, 56.233734 ], [ -4.182562, 56.233995 ], [ -4.181346, 56.234503 ], [ -4.180118, 56.234903 ], [ -4.179622, 56.235147 ], [ -4.179565, 56.235246 ], [ -4.179667, 56.235463 ], [ -4.179942, 56.235753 ], [ -4.18007, 56.235972 ], [ -4.180031, 56.2363 ], [ -4.179737, 56.236843 ], [ -4.179078, 56.237801 ], [ -4.178451, 56.238223 ], [ -4.178172, 56.238337 ], [ -4.177768, 56.238434 ], [ -4.176977, 56.238461 ], [ -4.175805, 56.238287 ], [ -4.175025, 56.238036 ], [ -4.174234, 56.238035 ], [ -4.17374, 56.238103 ], [ -4.173591, 56.238154 ], [ -4.173444, 56.238314 ], [ -4.173385, 56.238553 ], [ -4.173618, 56.238819 ], [ -4.173825, 56.239204 ], [ -4.174269, 56.239827 ], [ -4.174651, 56.240175 ], [ -4.174833, 56.240484 ], [ -4.17472, 56.240755 ], [ -4.17474, 56.24099 ], [ -4.174861, 56.241176 ], [ -4.174883, 56.24148 ], [ -4.174832, 56.241578 ], [ -4.17464, 56.241741 ], [ -4.174191, 56.241972 ], [ -4.173933, 56.241932 ], [ -4.173649, 56.241801 ], [ -4.173337, 56.241742 ], [ -4.173091, 56.241778 ], [ -4.172381, 56.242025 ], [ -4.172053, 56.242172 ], [ -4.172012, 56.242234 ], [ -4.17201, 56.24251 ], [ -4.171962, 56.242549 ], [ -4.172256, 56.24262 ], [ -4.172457, 56.242787 ], [ -4.173271, 56.243245 ], [ -4.174032, 56.243749 ], [ -4.174218, 56.243793 ], [ -4.174339, 56.243889 ], [ -4.174816, 56.244085 ], [ -4.17631, 56.244588 ], [ -4.176845, 56.244836 ], [ -4.177199, 56.244709 ], [ -4.177527, 56.24452 ], [ -4.178026, 56.244527 ], [ -4.178556, 56.244685 ], [ -4.178851, 56.244813 ], [ -4.180061, 56.245035 ], [ -4.180551, 56.245233 ], [ -4.180663, 56.245396 ], [ -4.18114, 56.245818 ], [ -4.181327, 56.246141 ], [ -4.181337, 56.24624 ], [ -4.181072, 56.246509 ], [ -4.180645, 56.246732 ], [ -4.180599, 56.246891 ], [ -4.180641, 56.246964 ], [ -4.180749, 56.247081 ], [ -4.181199, 56.247319 ], [ -4.181517, 56.247452 ], [ -4.181998, 56.247574 ], [ -4.183025, 56.248061 ], [ -4.183429, 56.248305 ], [ -4.183651, 56.248492 ], [ -4.183838, 56.248731 ], [ -4.183903, 56.249317 ], [ -4.184124, 56.249407 ], [ -4.18464, 56.24943 ], [ -4.185532, 56.249193 ], [ -4.185732, 56.249176 ], [ -4.186041, 56.249047 ], [ -4.186938, 56.248862 ], [ -4.187065, 56.248855 ], [ -4.187312, 56.248917 ], [ -4.187679, 56.249053 ], [ -4.188038, 56.249477 ], [ -4.188022, 56.249634 ], [ -4.187783, 56.249934 ], [ -4.187813, 56.250146 ], [ -4.188013, 56.250425 ], [ -4.188336, 56.250732 ], [ -4.188585, 56.251102 ], [ -4.188879, 56.251372 ], [ -4.189527, 56.251733 ], [ -4.190123, 56.251991 ], [ -4.190559, 56.252225 ], [ -4.190817, 56.252385 ], [ -4.191083, 56.252644 ], [ -4.191511, 56.252887 ], [ -4.191926, 56.253018 ], [ -4.192303, 56.253258 ], [ -4.193123, 56.253574 ], [ -4.19398, 56.253788 ], [ -4.194243, 56.253899 ], [ -4.19439, 56.253925 ], [ -4.194653, 56.254141 ], [ -4.194853, 56.254226 ], [ -4.194961, 56.254324 ], [ -4.195101, 56.254371 ], [ -4.195482, 56.254626 ], [ -4.195674, 56.254868 ], [ -4.19595, 56.255062 ], [ -4.196031, 56.255275 ], [ -4.196538, 56.255864 ], [ -4.196797, 56.256244 ], [ -4.197124, 56.256998 ], [ -4.197233, 56.257402 ], [ -4.197106, 56.257986 ], [ -4.19719, 56.258358 ], [ -4.197632, 56.258697 ], [ -4.198245, 56.25929 ], [ -4.198843, 56.259776 ], [ -4.199006, 56.2601 ], [ -4.198988, 56.26033 ], [ -4.198881, 56.260548 ], [ -4.198639, 56.260759 ], [ -4.198123, 56.261014 ], [ -4.198034, 56.261094 ], [ -4.198025, 56.261163 ], [ -4.198327, 56.261435 ], [ -4.1984, 56.261629 ], [ -4.198364, 56.261894 ], [ -4.198185, 56.262304 ], [ -4.198003, 56.262492 ], [ -4.197476, 56.262689 ], [ -4.197346, 56.262768 ], [ -4.197182, 56.262954 ], [ -4.197214, 56.262996 ], [ -4.197165, 56.263228 ], [ -4.197389, 56.263547 ], [ -4.197507, 56.263937 ], [ -4.197632, 56.264105 ], [ -4.197859, 56.264829 ], [ -4.198167, 56.265142 ], [ -4.199009, 56.26581 ], [ -4.199742, 56.266848 ], [ -4.199799, 56.266971 ], [ -4.199771, 56.26732 ], [ -4.199705, 56.267463 ], [ -4.199327, 56.267851 ], [ -4.199331, 56.267922 ], [ -4.199558, 56.268083 ], [ -4.199834, 56.268189 ], [ -4.200434, 56.268364 ], [ -4.200865, 56.268436 ], [ -4.201045, 56.268522 ], [ -4.201344, 56.269114 ], [ -4.201541, 56.269795 ], [ -4.201584, 56.270197 ], [ -4.201791, 56.270646 ], [ -4.201721, 56.270765 ], [ -4.201575, 56.270826 ], [ -4.20156, 56.270927 ], [ -4.201413, 56.270993 ], [ -4.201384, 56.271086 ], [ -4.201623, 56.272032 ], [ -4.201463, 56.272289 ], [ -4.201469, 56.272476 ], [ -4.201726, 56.272967 ], [ -4.201575, 56.273053 ], [ -4.200873, 56.273261 ], [ -4.200732, 56.273331 ], [ -4.20052, 56.273513 ], [ -4.20024, 56.273914 ], [ -4.199797, 56.274204 ], [ -4.199727, 56.274297 ], [ -4.199715, 56.27475 ], [ -4.199799, 56.275003 ], [ -4.199785, 56.275096 ], [ -4.200011, 56.275367 ], [ -4.20001, 56.275534 ], [ -4.199797, 56.275668 ], [ -4.199228, 56.275866 ], [ -4.199068, 56.275985 ], [ -4.199007, 56.276127 ], [ -4.199099, 56.276454 ], [ -4.199067, 56.276528 ], [ -4.198912, 56.276618 ], [ -4.198635, 56.276743 ], [ -4.19813, 56.276871 ], [ -4.197712, 56.276895 ], [ -4.19664, 56.277237 ], [ -4.196411, 56.277285 ], [ -4.196181, 56.277525 ], [ -4.196273, 56.277635 ], [ -4.196264, 56.277771 ], [ -4.196231, 56.277899 ], [ -4.196116, 56.278053 ], [ -4.195561, 56.278248 ], [ -4.195291, 56.278498 ], [ -4.194946, 56.278627 ], [ -4.194725, 56.278805 ], [ -4.194817, 56.279152 ], [ -4.194705, 56.279365 ], [ -4.194589, 56.279387 ], [ -4.194256, 56.279382 ], [ -4.194104, 56.279339 ], [ -4.193538, 56.279313 ], [ -4.193384, 56.279468 ], [ -4.192897, 56.27959 ], [ -4.192707, 56.279984 ], [ -4.192688, 56.280124 ], [ -4.192595, 56.280229 ], [ -4.192315, 56.280424 ], [ -4.191813, 56.280667 ], [ -4.191679, 56.280763 ], [ -4.191584, 56.280903 ], [ -4.191561, 56.28122 ], [ -4.191437, 56.281726 ], [ -4.191625, 56.281856 ], [ -4.191612, 56.281916 ], [ -4.191382, 56.282018 ], [ -4.190789, 56.282191 ], [ -4.190196, 56.28253 ], [ -4.190118, 56.282628 ], [ -4.190119, 56.282806 ], [ -4.190395, 56.283146 ], [ -4.190216, 56.283228 ], [ -4.190277, 56.283393 ], [ -4.190283, 56.283643 ], [ -4.190029, 56.283695 ], [ -4.189794, 56.283704 ], [ -4.189724, 56.283748 ], [ -4.189565, 56.284137 ], [ -4.189228, 56.284646 ], [ -4.189152, 56.284879 ], [ -4.189188, 56.285215 ], [ -4.189062, 56.285444 ], [ -4.189166, 56.285487 ], [ -4.189089, 56.285582 ], [ -4.189107, 56.285723 ], [ -4.18925, 56.285832 ], [ -4.189638, 56.285973 ], [ -4.189833, 56.286165 ], [ -4.189982, 56.28675 ], [ -4.190035, 56.286854 ], [ -4.190213, 56.287013 ], [ -4.190721, 56.287183 ], [ -4.191234, 56.287255 ], [ -4.19159, 56.287279 ], [ -4.191897, 56.287151 ], [ -4.192014, 56.287143 ], [ -4.192222, 56.287231 ], [ -4.192294, 56.287298 ], [ -4.192296, 56.287369 ], [ -4.192197, 56.287428 ], [ -4.192251, 56.287482 ], [ -4.192591, 56.287532 ], [ -4.193351, 56.287537 ], [ -4.194049, 56.289013 ], [ -4.194068, 56.289314 ], [ -4.194005, 56.289589 ], [ -4.193893, 56.289686 ], [ -4.193907, 56.289862 ], [ -4.194247, 56.290153 ], [ -4.195167, 56.290396 ], [ -4.195116, 56.290805 ], [ -4.194843, 56.291048 ], [ -4.19482, 56.291118 ], [ -4.19498, 56.291752 ], [ -4.195093, 56.291974 ], [ -4.195109, 56.292216 ], [ -4.195161, 56.2923 ], [ -4.195495, 56.292466 ], [ -4.195638, 56.292577 ], [ -4.195802, 56.292862 ], [ -4.195871, 56.293194 ], [ -4.196014, 56.293462 ], [ -4.196145, 56.293588 ], [ -4.196572, 56.293833 ], [ -4.196469, 56.294227 ], [ -4.196189, 56.294636 ], [ -4.196105, 56.29493 ], [ -4.195523, 56.295635 ], [ -4.195546, 56.295887 ], [ -4.195402, 56.296616 ], [ -4.195292, 56.296702 ], [ -4.194551, 56.296846 ], [ -4.194568, 56.296941 ], [ -4.193795, 56.297523 ], [ -4.195075, 56.298187 ], [ -4.195143, 56.298476 ], [ -4.195257, 56.299722 ], [ -4.195369, 56.300172 ], [ -4.196274, 56.301785 ], [ -4.199701, 56.305231 ], [ -4.199913, 56.305572 ], [ -4.200083, 56.305926 ], [ -4.200127, 56.306317 ], [ -4.199985, 56.307188 ], [ -4.200392, 56.308334 ], [ -4.200815, 56.30898 ], [ -4.201276, 56.309554 ], [ -4.202415, 56.310402 ], [ -4.202678, 56.310516 ], [ -4.203324, 56.310956 ], [ -4.203796, 56.311352 ], [ -4.204227, 56.311784 ], [ -4.204669, 56.312775 ], [ -4.204651, 56.313203 ], [ -4.204505, 56.314014 ], [ -4.203624, 56.317657 ], [ -4.201744, 56.318626 ], [ -4.200781, 56.318919 ], [ -4.200286, 56.319034 ], [ -4.199933, 56.319207 ], [ -4.199446, 56.319301 ], [ -4.199329, 56.319397 ], [ -4.199081, 56.319493 ], [ -4.198562, 56.319636 ], [ -4.198422, 56.319645 ], [ -4.197736, 56.319965 ], [ -4.197516, 56.320192 ], [ -4.196845, 56.320415 ], [ -4.196561, 56.32048 ], [ -4.196173, 56.320636 ], [ -4.196065, 56.320713 ], [ -4.195664, 56.320857 ], [ -4.195191, 56.320979 ], [ -4.195073, 56.321079 ], [ -4.195047, 56.321296 ], [ -4.194784, 56.321337 ], [ -4.194511, 56.321498 ], [ -4.194455, 56.321649 ], [ -4.194549, 56.321922 ], [ -4.19453, 56.321983 ], [ -4.194326, 56.322091 ], [ -4.193988, 56.322426 ], [ -4.193707, 56.322559 ], [ -4.193507, 56.322721 ], [ -4.193418, 56.32274 ], [ -4.192404, 56.322753 ], [ -4.192281, 56.322845 ], [ -4.192356, 56.323021 ], [ -4.192095, 56.32311 ], [ -4.191965, 56.323111 ], [ -4.192141, 56.324059 ], [ -4.192245, 56.324294 ], [ -4.192661, 56.324691 ], [ -4.192671, 56.324788 ], [ -4.193251, 56.32542 ], [ -4.19359, 56.32603 ], [ -4.193607, 56.326115 ], [ -4.19348, 56.326264 ], [ -4.193429, 56.326444 ], [ -4.193299, 56.326632 ], [ -4.193297, 56.326891 ], [ -4.193406, 56.327303 ], [ -4.193715, 56.327918 ], [ -4.194073, 56.328418 ], [ -4.194131, 56.328595 ], [ -4.194116, 56.328755 ], [ -4.194399, 56.329024 ], [ -4.194454, 56.329151 ], [ -4.194429, 56.329612 ], [ -4.194523, 56.329699 ], [ -4.194734, 56.32979 ], [ -4.194751, 56.329851 ], [ -4.194624, 56.329986 ], [ -4.194628, 56.330099 ], [ -4.19481, 56.330512 ], [ -4.19503, 56.330869 ], [ -4.195229, 56.33109 ], [ -4.195253, 56.331215 ], [ -4.195457, 56.33142 ], [ -4.195552, 56.33179 ], [ -4.195621, 56.331851 ], [ -4.195966, 56.331949 ], [ -4.196199, 56.332128 ], [ -4.19652, 56.332267 ], [ -4.196604, 56.33236 ], [ -4.196556, 56.332514 ], [ -4.196688, 56.332682 ], [ -4.196692, 56.332799 ], [ -4.196739, 56.332872 ], [ -4.196928, 56.332966 ], [ -4.19699, 56.333069 ], [ -4.196895, 56.333199 ], [ -4.196996, 56.3334 ], [ -4.196975, 56.333626 ], [ -4.197164, 56.333797 ], [ -4.197212, 56.334065 ], [ -4.19738, 56.334197 ], [ -4.19756, 56.334503 ], [ -4.197375, 56.334786 ], [ -4.197439, 56.334845 ], [ -4.197875, 56.334851 ], [ -4.197937, 56.334879 ], [ -4.197994, 56.334982 ], [ -4.197692, 56.335073 ], [ -4.197605, 56.335129 ], [ -4.197578, 56.335482 ], [ -4.197611, 56.335514 ], [ -4.197943, 56.335509 ], [ -4.198202, 56.335611 ], [ -4.198308, 56.33583 ], [ -4.198541, 56.335922 ], [ -4.198565, 56.335973 ], [ -4.198491, 56.336022 ], [ -4.198503, 56.336123 ], [ -4.198577, 56.336274 ], [ -4.198774, 56.336464 ], [ -4.198739, 56.336559 ], [ -4.198608, 56.336565 ], [ -4.198563, 56.336594 ], [ -4.198549, 56.336762 ], [ -4.198364, 56.336795 ], [ -4.198326, 56.33684 ], [ -4.198289, 56.336984 ], [ -4.198369, 56.337159 ], [ -4.19833, 56.337235 ], [ -4.198053, 56.337299 ], [ -4.198272, 56.337355 ], [ -4.198161, 56.337486 ], [ -4.198144, 56.337588 ], [ -4.198238, 56.337696 ], [ -4.19822, 56.337804 ], [ -4.198268, 56.337874 ], [ -4.198221, 56.337962 ], [ -4.197959, 56.338012 ], [ -4.197959, 56.33806 ], [ -4.19815, 56.338142 ], [ -4.1982, 56.338265 ], [ -4.198388, 56.338325 ], [ -4.198396, 56.338383 ], [ -4.198302, 56.338615 ], [ -4.198153, 56.338715 ], [ -4.198187, 56.338923 ], [ -4.197987, 56.339089 ], [ -4.198003, 56.339232 ], [ -4.198068, 56.339311 ], [ -4.198026, 56.339464 ], [ -4.198204, 56.339886 ], [ -4.198491, 56.340276 ], [ -4.198754, 56.340756 ], [ -4.19887, 56.341234 ], [ -4.198807, 56.341597 ], [ -4.198545, 56.342044 ], [ -4.198442, 56.342374 ], [ -4.198536, 56.342745 ], [ -4.198496, 56.343164 ], [ -4.198601, 56.343386 ], [ -4.200257, 56.343671 ], [ -4.19984, 56.344225 ], [ -4.199537, 56.344551 ], [ -4.199712, 56.344976 ], [ -4.198813, 56.345349 ], [ -4.197257, 56.344901 ], [ -4.195837, 56.344784 ], [ -4.19521, 56.345056 ], [ -4.195239, 56.345377 ], [ -4.195806, 56.345747 ], [ -4.196273, 56.346404 ], [ -4.19595, 56.347136 ], [ -4.196081, 56.347549 ], [ -4.195813, 56.348648 ], [ -4.196102, 56.349582 ], [ -4.19682, 56.350532 ], [ -4.196608, 56.351309 ], [ -4.195193, 56.351274 ], [ -4.194686, 56.351402 ], [ -4.194678, 56.35164 ], [ -4.192474, 56.352214 ], [ -4.190708, 56.352412 ], [ -4.190259, 56.352788 ], [ -4.190437, 56.353653 ], [ -4.191791, 56.354116 ], [ -4.192611, 56.354589 ], [ -4.193275, 56.35535 ], [ -4.193296, 56.355719 ], [ -4.191268, 56.356385 ], [ -4.191335, 56.3568 ], [ -4.190916, 56.35733 ], [ -4.190999, 56.358042 ], [ -4.190889, 56.358733 ], [ -4.190394, 56.359075 ], [ -4.189108, 56.359646 ], [ -4.187557, 56.36095 ], [ -4.186016, 56.36153 ], [ -4.18498, 56.362143 ], [ -4.184002, 56.362636 ], [ -4.182282, 56.362904 ], [ -4.180474, 56.362924 ], [ -4.178299, 56.363093 ], [ -4.176533, 56.363314 ], [ -4.17123, 56.362895 ], [ -4.169344, 56.362489 ], [ -4.167578, 56.363257 ], [ -4.165302, 56.363154 ], [ -4.16423, 56.36391 ], [ -4.163408, 56.363746 ], [ -4.161955, 56.363058 ], [ -4.161315, 56.362344 ], [ -4.159719, 56.362526 ], [ -4.158332, 56.362432 ], [ -4.1545, 56.363212 ], [ -4.153975, 56.36378 ], [ -4.153121, 56.364412 ], [ -4.151271, 56.364647 ], [ -4.15026, 56.36495 ], [ -4.149819, 56.365861 ], [ -4.149088, 56.366385 ], [ -4.14826, 56.366506 ], [ -4.147266, 56.366357 ], [ -4.146616, 56.365845 ], [ -4.145957, 56.365548 ], [ -4.145197, 56.365382 ], [ -4.144374, 56.365587 ], [ -4.144359, 56.366086 ], [ -4.143998, 56.366532 ], [ -4.143132, 56.366738 ], [ -4.142532, 56.366736 ], [ -4.141142, 56.368127 ], [ -4.139979, 56.368765 ], [ -4.138576, 56.368576 ], [ -4.137441, 56.368583 ], [ -4.1364, 56.368352 ], [ -4.135147, 56.367969 ], [ -4.134673, 56.367549 ], [ -4.13344, 56.367713 ], [ -4.132375, 56.367815 ], [ -4.131242, 56.36787 ], [ -4.130571, 56.367739 ], [ -4.129487, 56.367306 ], [ -4.127403, 56.367591 ], [ -4.126209, 56.368063 ], [ -4.124759, 56.368385 ], [ -4.124012, 56.368848 ], [ -4.123224, 56.36909 ], [ -4.12192, 56.369338 ], [ -4.121861, 56.369992 ], [ -4.119995, 56.370547 ], [ -4.118084, 56.371222 ], [ -4.119973, 56.371689 ], [ -4.120487, 56.372263 ], [ -4.119069, 56.372573 ], [ -4.117112, 56.37282 ], [ -4.116561, 56.372925 ], [ -4.115995, 56.372958 ], [ -4.115473, 56.373217 ], [ -4.114801, 56.373454 ], [ -4.114032, 56.374097 ], [ -4.113177, 56.374302 ], [ -4.11353, 56.374866 ], [ -4.112602, 56.375334 ], [ -4.11196, 56.376118 ], [ -4.11193, 56.376736 ], [ -4.111365, 56.376984 ], [ -4.110539, 56.377164 ], [ -4.109586, 56.377739 ], [ -4.109303, 56.378244 ], [ -4.108713, 56.378812 ], [ -4.107754, 56.379292 ], [ -4.106793, 56.379356 ], [ -4.106289, 56.379531 ], [ -4.105767, 56.37979 ], [ -4.105718, 56.380052 ], [ -4.105421, 56.380307 ], [ -4.10491, 56.380375 ], [ -4.104307, 56.380314 ], [ -4.103839, 56.379989 ], [ -4.103547, 56.379352 ], [ -4.102656, 56.379521 ], [ -4.101227, 56.379237 ], [ -4.100564, 56.379272 ], [ -4.099727, 56.37925 ], [ -4.098362, 56.378976 ], [ -4.097582, 56.379203 ], [ -4.096863, 56.379762 ], [ -4.096027, 56.379765 ], [ -4.09517, 56.380259 ], [ -4.095349, 56.380484 ], [ -4.09571, 56.38073 ], [ -4.096134, 56.380878 ], [ -4.096388, 56.38089 ], [ -4.096441, 56.380938 ], [ -4.096457, 56.381072 ], [ -4.096207, 56.381433 ], [ -4.096033, 56.381548 ], [ -4.095883, 56.381614 ], [ -4.095334, 56.381754 ], [ -4.094951, 56.382125 ], [ -4.094496, 56.382349 ], [ -4.094107, 56.382441 ], [ -4.093769, 56.382606 ], [ -4.09365, 56.382629 ], [ -4.093335, 56.382661 ], [ -4.092325, 56.382683 ], [ -4.091754, 56.382749 ], [ -4.089315, 56.383128 ], [ -4.089065, 56.38318 ], [ -4.088779, 56.383289 ], [ -4.088446, 56.383307 ], [ -4.088329, 56.383363 ], [ -4.088142, 56.383547 ], [ -4.087969, 56.383907 ], [ -4.087784, 56.38405 ], [ -4.08759, 56.384113 ], [ -4.087173, 56.384094 ], [ -4.086557, 56.384118 ], [ -4.086222, 56.384093 ], [ -4.085881, 56.384137 ], [ -4.085704, 56.384266 ], [ -4.085594, 56.384606 ], [ -4.08531, 56.3849 ], [ -4.085173, 56.385147 ], [ -4.084804, 56.385451 ], [ -4.084618, 56.385568 ], [ -4.084353, 56.385666 ], [ -4.084037, 56.385689 ], [ -4.083667, 56.385653 ], [ -4.08197, 56.385261 ], [ -4.081671, 56.38514 ], [ -4.082032, 56.385469 ], [ -4.081962, 56.38551 ], [ -4.082383, 56.385846 ], [ -4.082473, 56.386006 ], [ -4.082603, 56.386104 ], [ -4.083442, 56.386641 ], [ -4.084482, 56.387158 ], [ -4.085456, 56.387413 ], [ -4.088631, 56.388134 ], [ -4.092627, 56.388978 ], [ -4.093808, 56.389493 ], [ -4.0942, 56.38961 ], [ -4.096779, 56.390673 ], [ -4.097579, 56.390963 ], [ -4.098059, 56.391102 ], [ -4.100177, 56.391884 ], [ -4.102085, 56.392744 ], [ -4.102253, 56.392848 ], [ -4.102862, 56.393387 ], [ -4.103539, 56.393777 ], [ -4.104002, 56.393919 ], [ -4.105269, 56.394204 ], [ -4.106192, 56.394229 ], [ -4.10665, 56.394133 ], [ -4.106922, 56.394108 ], [ -4.106846, 56.39443 ], [ -4.108687, 56.394384 ], [ -4.109231, 56.394301 ], [ -4.109241, 56.394555 ], [ -4.11006, 56.394641 ], [ -4.111056, 56.394965 ], [ -4.113501, 56.39376 ], [ -4.113596, 56.393287 ], [ -4.114149, 56.393235 ], [ -4.115131, 56.39324 ], [ -4.115446, 56.393265 ], [ -4.116221, 56.393248 ], [ -4.117534, 56.393586 ], [ -4.118197, 56.393789 ], [ -4.118811, 56.394035 ], [ -4.118908, 56.393964 ], [ -4.119133, 56.394039 ], [ -4.121181, 56.39491 ], [ -4.122913, 56.395728 ], [ -4.124271, 56.396257 ], [ -4.124653, 56.396437 ], [ -4.126016, 56.396782 ], [ -4.127378, 56.396984 ], [ -4.128301, 56.397166 ], [ -4.129149, 56.397279 ], [ -4.12943, 56.397234 ], [ -4.130918, 56.397339 ], [ -4.13172, 56.397464 ], [ -4.131878, 56.397394 ], [ -4.132681, 56.397425 ], [ -4.133587, 56.397679 ], [ -4.134568, 56.397842 ], [ -4.135245, 56.397911 ], [ -4.136636, 56.398157 ], [ -4.13686, 56.39817 ], [ -4.136876, 56.398112 ], [ -4.138108, 56.398184 ], [ -4.138217, 56.398332 ], [ -4.138997, 56.398368 ], [ -4.140106, 56.398483 ], [ -4.140566, 56.398448 ], [ -4.142307, 56.398144 ], [ -4.142672, 56.398012 ], [ -4.143411, 56.397892 ], [ -4.145264, 56.397716 ], [ -4.145978, 56.397721 ], [ -4.147488, 56.397493 ], [ -4.147772, 56.397498 ], [ -4.149069, 56.397227 ], [ -4.150313, 56.397152 ], [ -4.15146, 56.397235 ], [ -4.151871, 56.397197 ], [ -4.152351, 56.397233 ], [ -4.152649, 56.397201 ], [ -4.153917, 56.39726 ], [ -4.155015, 56.397214 ], [ -4.155594, 56.397222 ], [ -4.156032, 56.397089 ], [ -4.156208, 56.397086 ], [ -4.156439, 56.397162 ], [ -4.156907, 56.397145 ], [ -4.157277, 56.397089 ], [ -4.158194, 56.396841 ], [ -4.158873, 56.396442 ], [ -4.160441, 56.396019 ], [ -4.161052, 56.395658 ], [ -4.16142, 56.395575 ], [ -4.162631, 56.395486 ], [ -4.164284, 56.395166 ], [ -4.165533, 56.39504 ], [ -4.168112, 56.394857 ], [ -4.169171, 56.39481 ], [ -4.169969, 56.394734 ], [ -4.172125, 56.394646 ], [ -4.172953, 56.394565 ], [ -4.17558, 56.394397 ], [ -4.176529, 56.394416 ], [ -4.1787, 56.394261 ], [ -4.179836, 56.394237 ], [ -4.180326, 56.394188 ], [ -4.18136, 56.394199 ], [ -4.18247, 56.394024 ], [ -4.184641, 56.393892 ], [ -4.186945, 56.393662 ], [ -4.18776, 56.393608 ], [ -4.190472, 56.39356 ], [ -4.19111, 56.393475 ], [ -4.1917, 56.39336 ], [ -4.192326, 56.393294 ], [ -4.193468, 56.39326 ], [ -4.193777, 56.393178 ], [ -4.195205, 56.393041 ], [ -4.196204, 56.39304 ], [ -4.197572, 56.392899 ], [ -4.197655, 56.392862 ], [ -4.197835, 56.392859 ], [ -4.197885, 56.392901 ], [ -4.198531, 56.392882 ], [ -4.199891, 56.392904 ], [ -4.200315, 56.392882 ], [ -4.201294, 56.39291 ], [ -4.203334, 56.392907 ], [ -4.204026, 56.392856 ], [ -4.204962, 56.392883 ], [ -4.205354, 56.392857 ], [ -4.205349, 56.392766 ], [ -4.20585, 56.392819 ], [ -4.208043, 56.392859 ], [ -4.209127, 56.392851 ], [ -4.210089, 56.392739 ], [ -4.213343, 56.392519 ], [ -4.215721, 56.392061 ], [ -4.218308, 56.391465 ], [ -4.218917, 56.391346 ], [ -4.21984, 56.391231 ], [ -4.222316, 56.391129 ], [ -4.223908, 56.39116 ], [ -4.22601, 56.391327 ], [ -4.22762, 56.391355 ], [ -4.230448, 56.391497 ], [ -4.230733, 56.391594 ], [ -4.230992, 56.391634 ], [ -4.232057, 56.391746 ], [ -4.232084, 56.391684 ], [ -4.233507, 56.391672 ], [ -4.23436, 56.391747 ], [ -4.234699, 56.391827 ], [ -4.235066, 56.391872 ], [ -4.236639, 56.392015 ], [ -4.240102, 56.392247 ], [ -4.240995, 56.392251 ], [ -4.241091, 56.392377 ], [ -4.241568, 56.39225 ], [ -4.242328, 56.392198 ], [ -4.242402, 56.39214 ], [ -4.242791, 56.392121 ], [ -4.242835, 56.392217 ], [ -4.243466, 56.392169 ], [ -4.24603, 56.391724 ], [ -4.246868, 56.391514 ], [ -4.248449, 56.391024 ], [ -4.251286, 56.390287 ], [ -4.252331, 56.390051 ], [ -4.252858, 56.38997 ], [ -4.253421, 56.389922 ], [ -4.253391, 56.389813 ], [ -4.253879, 56.389624 ], [ -4.254204, 56.389696 ], [ -4.254886, 56.389488 ], [ -4.257282, 56.389046 ], [ -4.257993, 56.389796 ], [ -4.259973, 56.392192 ], [ -4.260121, 56.392317 ], [ -4.261887, 56.39337 ], [ -4.262658, 56.393941 ], [ -4.263084, 56.394361 ], [ -4.265363, 56.39383 ], [ -4.266195, 56.393753 ], [ -4.267081, 56.393739 ], [ -4.266815, 56.394241 ], [ -4.266158, 56.396022 ], [ -4.265443, 56.396693 ], [ -4.26958, 56.397992 ], [ -4.270787, 56.398798 ], [ -4.271337, 56.399471 ], [ -4.270939, 56.400634 ], [ -4.270514, 56.402416 ], [ -4.270316, 56.404285 ], [ -4.272983, 56.406042 ], [ -4.273109, 56.408161 ], [ -4.273852, 56.409208 ], [ -4.275459, 56.409768 ], [ -4.276789, 56.411394 ], [ -4.279438, 56.412312 ], [ -4.280536, 56.413258 ], [ -4.280567, 56.413776 ], [ -4.281288, 56.414447 ], [ -4.282712, 56.415505 ], [ -4.281008, 56.41688 ], [ -4.282737, 56.417343 ], [ -4.282781, 56.418255 ], [ -4.283854, 56.419657 ], [ -4.285445, 56.419933 ], [ -4.285855, 56.421004 ], [ -4.287683, 56.420429 ], [ -4.298868, 56.419679 ], [ -4.298944, 56.419898 ], [ -4.299448, 56.420043 ], [ -4.299647, 56.420534 ], [ -4.299739, 56.420622 ], [ -4.300093, 56.420881 ], [ -4.300272, 56.42086 ], [ -4.300548, 56.42092 ], [ -4.30054, 56.421 ], [ -4.300618, 56.421082 ], [ -4.300662, 56.421245 ], [ -4.300898, 56.42146 ], [ -4.301097, 56.42181 ], [ -4.301414, 56.422004 ], [ -4.301424, 56.422249 ], [ -4.301652, 56.422627 ], [ -4.301696, 56.422814 ], [ -4.301501, 56.422951 ], [ -4.301133, 56.423036 ], [ -4.300894, 56.42324 ], [ -4.300766, 56.423273 ], [ -4.300631, 56.423416 ], [ -4.300452, 56.423517 ], [ -4.30041, 56.423611 ], [ -4.300457, 56.423822 ], [ -4.300422, 56.423915 ], [ -4.30031, 56.42405 ], [ -4.300312, 56.42415 ], [ -4.300183, 56.424282 ], [ -4.300037, 56.4246 ], [ -4.300104, 56.424758 ], [ -4.300057, 56.424819 ], [ -4.300212, 56.42488 ], [ -4.30011, 56.425219 ], [ -4.299933, 56.425334 ], [ -4.299961, 56.425435 ], [ -4.299904, 56.42556 ], [ -4.299952, 56.425823 ], [ -4.300098, 56.425975 ], [ -4.30015, 56.426448 ], [ -4.300042, 56.426662 ], [ -4.299903, 56.427211 ], [ -4.299509, 56.427763 ], [ -4.299583, 56.427871 ], [ -4.29955, 56.427924 ], [ -4.29948, 56.427961 ], [ -4.29931, 56.42798 ], [ -4.299049, 56.428093 ], [ -4.299019, 56.428148 ], [ -4.29918, 56.428238 ], [ -4.299184, 56.428308 ], [ -4.298995, 56.428513 ], [ -4.298674, 56.428726 ], [ -4.298602, 56.428878 ], [ -4.298608, 56.429049 ], [ -4.298552, 56.429187 ], [ -4.298644, 56.429371 ], [ -4.298727, 56.429411 ], [ -4.298686, 56.429782 ], [ -4.298764, 56.429928 ], [ -4.298736, 56.430046 ], [ -4.298804, 56.430121 ], [ -4.298796, 56.430364 ], [ -4.298899, 56.43055 ], [ -4.298798, 56.430594 ], [ -4.298802, 56.430654 ], [ -4.29901, 56.430842 ], [ -4.298799, 56.430986 ], [ -4.298882, 56.431119 ], [ -4.298846, 56.431189 ], [ -4.298684, 56.431282 ], [ -4.298626, 56.431462 ], [ -4.29825, 56.431567 ], [ -4.297818, 56.431812 ], [ -4.297894, 56.43227 ], [ -4.297786, 56.432493 ], [ -4.29783, 56.432967 ], [ -4.297738, 56.433269 ], [ -4.297532, 56.433378 ], [ -4.297601, 56.433568 ], [ -4.297537, 56.433741 ], [ -4.297518, 56.434444 ], [ -4.297424, 56.434503 ], [ -4.297176, 56.435028 ], [ -4.297088, 56.435096 ], [ -4.296883, 56.435136 ], [ -4.296601, 56.43524 ], [ -4.296177, 56.43556 ], [ -4.295769, 56.43566 ], [ -4.295489, 56.435991 ], [ -4.295085, 56.436264 ], [ -4.294876, 56.436906 ], [ -4.294735, 56.436963 ], [ -4.294531, 56.436918 ], [ -4.294227, 56.436943 ], [ -4.294044, 56.437052 ], [ -4.293994, 56.43719 ], [ -4.294079, 56.437272 ], [ -4.293834, 56.437397 ], [ -4.293802, 56.437453 ], [ -4.293948, 56.437561 ], [ -4.293546, 56.43782 ], [ -4.29307, 56.438254 ], [ -4.292602, 56.438553 ], [ -4.292088, 56.439009 ], [ -4.292115, 56.439072 ], [ -4.292283, 56.439187 ], [ -4.292297, 56.439252 ], [ -4.292084, 56.439434 ], [ -4.292136, 56.439567 ], [ -4.292405, 56.439733 ], [ -4.292532, 56.440059 ], [ -4.292516, 56.440144 ], [ -4.292304, 56.440259 ], [ -4.2923, 56.440455 ], [ -4.292535, 56.440655 ], [ -4.29288, 56.440779 ], [ -4.293098, 56.44094 ], [ -4.293067, 56.441112 ], [ -4.293012, 56.441149 ], [ -4.292793, 56.441157 ], [ -4.292704, 56.441206 ], [ -4.292534, 56.441343 ], [ -4.292497, 56.441456 ], [ -4.292677, 56.441669 ], [ -4.292666, 56.441967 ], [ -4.292788, 56.44231 ], [ -4.293143, 56.442752 ], [ -4.293194, 56.44294 ], [ -4.293382, 56.443275 ], [ -4.293237, 56.444212 ], [ -4.293143, 56.444386 ], [ -4.293151, 56.444634 ], [ -4.293319, 56.445007 ], [ -4.293211, 56.445636 ], [ -4.293208, 56.44676 ], [ -4.293274, 56.446979 ], [ -4.293698, 56.447772 ], [ -4.293813, 56.448236 ], [ -4.294263, 56.448581 ], [ -4.294306, 56.448769 ], [ -4.294268, 56.449057 ], [ -4.294402, 56.449354 ], [ -4.294421, 56.44958 ], [ -4.294564, 56.449843 ], [ -4.294549, 56.449922 ], [ -4.294381, 56.450116 ], [ -4.29447, 56.450559 ], [ -4.294377, 56.450944 ], [ -4.294467, 56.451393 ], [ -4.294641, 56.451785 ], [ -4.294639, 56.452031 ], [ -4.29455, 56.452276 ], [ -4.294654, 56.453202 ], [ -4.294647, 56.453528 ], [ -4.294784, 56.454058 ], [ -4.295014, 56.454215 ], [ -4.29531, 56.454609 ], [ -4.295697, 56.454823 ], [ -4.295942, 56.455033 ], [ -4.296122, 56.455693 ], [ -4.296096, 56.455843 ], [ -4.296363, 56.456119 ], [ -4.29651, 56.456353 ], [ -4.296605, 56.456775 ], [ -4.296678, 56.456844 ], [ -4.29679, 56.456883 ], [ -4.297467, 56.456925 ], [ -4.297825, 56.457024 ], [ -4.29798, 56.457111 ], [ -4.298142, 56.457363 ], [ -4.298324, 56.457519 ], [ -4.298563, 56.457658 ], [ -4.298701, 56.457786 ], [ -4.299135, 56.457979 ], [ -4.299336, 56.458107 ], [ -4.299423, 56.458293 ], [ -4.29939, 56.458613 ], [ -4.299335, 56.458694 ], [ -4.29892, 56.458883 ], [ -4.298795, 56.45901 ], [ -4.298923, 56.459243 ], [ -4.298946, 56.459735 ], [ -4.299214, 56.459977 ], [ -4.299321, 56.460173 ], [ -4.299133, 56.460373 ], [ -4.298603, 56.460698 ], [ -4.298563, 56.460894 ], [ -4.298672, 56.461259 ], [ -4.298857, 56.461577 ], [ -4.298914, 56.461673 ], [ -4.299105, 56.461803 ], [ -4.299243, 56.461958 ], [ -4.299342, 56.462212 ], [ -4.2993, 56.462292 ], [ -4.299184, 56.462356 ], [ -4.298795, 56.462498 ], [ -4.298746, 56.462621 ], [ -4.298403, 56.462658 ], [ -4.298294, 56.462712 ], [ -4.298203, 56.462904 ], [ -4.298564, 56.463309 ], [ -4.298973, 56.464105 ], [ -4.299236, 56.464357 ], [ -4.29959, 56.464543 ], [ -4.300434, 56.464827 ], [ -4.301053, 56.465215 ], [ -4.301875, 56.465459 ], [ -4.302432, 56.465572 ], [ -4.302532, 56.465627 ], [ -4.302709, 56.465867 ], [ -4.302736, 56.466277 ], [ -4.302674, 56.466531 ], [ -4.302945, 56.466851 ], [ -4.303053, 56.467075 ], [ -4.30298, 56.46721 ], [ -4.302729, 56.467331 ], [ -4.302585, 56.467453 ], [ -4.302459, 56.467655 ], [ -4.302141, 56.467979 ], [ -4.302085, 56.468189 ], [ -4.301653, 56.469029 ], [ -4.301652, 56.469148 ], [ -4.30171, 56.46923 ], [ -4.302106, 56.469456 ], [ -4.302114, 56.469506 ], [ -4.301811, 56.469623 ], [ -4.301975, 56.469663 ], [ -4.301991, 56.469713 ], [ -4.30226, 56.469758 ], [ -4.302635, 56.46971 ], [ -4.30325, 56.469937 ], [ -4.303357, 56.469994 ], [ -4.303367, 56.470089 ], [ -4.303283, 56.470198 ], [ -4.30322, 56.470225 ], [ -4.302958, 56.470209 ], [ -4.302938, 56.4703 ], [ -4.303498, 56.470622 ], [ -4.303714, 56.470684 ], [ -4.304301, 56.470944 ], [ -4.304793, 56.471078 ], [ -4.305136, 56.471067 ], [ -4.305662, 56.470957 ], [ -4.306248, 56.470551 ], [ -4.306799, 56.470427 ], [ -4.306887, 56.470433 ], [ -4.30693, 56.470473 ], [ -4.306878, 56.470509 ], [ -4.30658, 56.470641 ], [ -4.3067, 56.470791 ], [ -4.306906, 56.470772 ], [ -4.307236, 56.470499 ], [ -4.308755, 56.471347 ], [ -4.308989, 56.471232 ], [ -4.309584, 56.470853 ], [ -4.309703, 56.470743 ], [ -4.309838, 56.470685 ], [ -4.310438, 56.470514 ], [ -4.311012, 56.470461 ], [ -4.311398, 56.470507 ], [ -4.31187, 56.470636 ], [ -4.312319, 56.470828 ], [ -4.312593, 56.471093 ], [ -4.313079, 56.471285 ], [ -4.313523, 56.471519 ], [ -4.314212, 56.471654 ], [ -4.314725, 56.471605 ], [ -4.316017, 56.471372 ], [ -4.316532, 56.47119 ], [ -4.316851, 56.471134 ], [ -4.317509, 56.470765 ], [ -4.317571, 56.470619 ], [ -4.317883, 56.470489 ], [ -4.318111, 56.470416 ], [ -4.318644, 56.470415 ], [ -4.319044, 56.470645 ], [ -4.319219, 56.470807 ], [ -4.319499, 56.471203 ], [ -4.320241, 56.473081 ], [ -4.320255, 56.473248 ], [ -4.32014, 56.473992 ], [ -4.319805, 56.474627 ], [ -4.319786, 56.474778 ], [ -4.319848, 56.475013 ], [ -4.320127, 56.475437 ], [ -4.320897, 56.476301 ], [ -4.321111, 56.47682 ], [ -4.321166, 56.476876 ], [ -4.321358, 56.476921 ], [ -4.321422, 56.476976 ], [ -4.321683, 56.477276 ], [ -4.321954, 56.477779 ], [ -4.322249, 56.478099 ], [ -4.322317, 56.47827 ], [ -4.322276, 56.478444 ], [ -4.322334, 56.478547 ], [ -4.322253, 56.478632 ], [ -4.322443, 56.478599 ], [ -4.322544, 56.478672 ], [ -4.322716, 56.47869 ], [ -4.323102, 56.478597 ], [ -4.323414, 56.478595 ], [ -4.324057, 56.478436 ], [ -4.324055, 56.478334 ], [ -4.324647, 56.478181 ], [ -4.325176, 56.478259 ], [ -4.325539, 56.478366 ], [ -4.32555, 56.478295 ], [ -4.325312, 56.478197 ], [ -4.32502, 56.477575 ], [ -4.324349, 56.47763 ], [ -4.323943, 56.477077 ], [ -4.325413, 56.476792 ], [ -4.326439, 56.476708 ] ] ] ] } }
]
}
