{
"type": "FeatureCollection",
"name": "National_Nature_Reserves",
"xy_coordinate_resolution": 1e-06,
"features": [
{ "type": "Feature", "properties": { "NAME": "St Kilda" }, "geometry": { "type": "MultiPolygon", "coordinates": [ [ [ [ -8.612894, 57.822192 ], [ -8.612603, 57.822276 ], [ -8.612654, 57.822385 ], [ -8.612917, 57.822284 ], [ -8.612894, 57.822192 ] ] ] ] } },
{ "type": "Feature", "properties": { "NAME": "St Kilda" }, "geometry": { "type": "MultiPolygon", "coordinates": [ [ [ [ -8.579387, 57.823751 ], [ -8.579239, 57.823769 ], [ -8.579048, 57.823875 ], [ -8.579457, 57.823863 ], [ -8.579387, 57.823751 ] ] ] ] } },
{ "type": "Feature", "properties": { "NAME": "St Kilda" }, "geometry": { "type": "MultiPolygon", "coordinates": [ [ [ [ -8.57617, 57.823849 ], [ -8.576056, 57.823898 ], [ -8.576149, 57.823936 ], [ -8.57624, 57.823901 ], [ -8.57617, 57.823849 ] ] ] ] } },
{ "type": "Feature", "properties": { "NAME": "St Kilda" }, "geometry": { "type": "MultiPolygon", "coordinates": [ [ [ [ -8.603033, 57.822493 ], [ -8.60312, 57.822504 ], [ -8.603153, 57.822414 ], [ -8.603033, 57.822493 ] ] ] ] } },
{ "type": "Feature", "properties": { "NAME": "St Kilda" }, "geometry": { "type": "MultiPolygon", "coordinates": [ [ [ [ -8.575844, 57.823777 ], [ -8.575867, 57.823837 ], [ -8.575963, 57.823793 ], [ -8.575844, 57.823777 ] ] ] ] } },
{ "type": "Feature", "properties": { "NAME": "St Kilda" }, "geometry": { "type": "MultiPolygon", "coordinates": [ [ [ [ -8.572611, 57.823686 ], [ -8.572498, 57.823737 ], [ -8.572553, 57.823838 ], [ -8.572671, 57.823744 ], [ -8.572611, 57.823686 ] ] ] ] } },
{ "type": "Feature", "properties": { "NAME": "St Kilda" }, "geometry": { "type": "MultiPolygon", "coordinates": [ [ [ [ -8.602816, 57.821881 ], [ -8.60241, 57.822037 ], [ -8.602542, 57.822192 ], [ -8.602829, 57.822119 ], [ -8.602816, 57.821881 ] ] ] ] } },
{ "type": "Feature", "properties": { "NAME": "St Kilda" }, "geometry": { "type": "MultiPolygon", "coordinates": [ [ [ [ -8.572457, 57.823244 ], [ -8.572348, 57.823286 ], [ -8.57238, 57.823358 ], [ -8.572501, 57.823315 ], [ -8.572457, 57.823244 ] ] ] ] } },
{ "type": "Feature", "properties": { "NAME": "St Kilda" }, "geometry": { "type": "MultiPolygon", "coordinates": [ [ [ [ -8.612305, 57.819866 ], [ -8.612191, 57.819934 ], [ -8.612262, 57.819986 ], [ -8.612301, 57.819964 ], [ -8.612305, 57.819866 ] ] ] ] } },
{ "type": "Feature", "properties": { "NAME": "St Kilda" }, "geometry": { "type": "MultiPolygon", "coordinates": [ [ [ [ -8.612395, 57.819707 ], [ -8.612383, 57.819775 ], [ -8.61258, 57.819852 ], [ -8.612553, 57.819751 ], [ -8.612395, 57.819707 ] ] ] ] } },
{ "type": "Feature", "properties": { "NAME": "St Kilda" }, "geometry": { "type": "MultiPolygon", "coordinates": [ [ [ [ -8.612605, 57.819014 ], [ -8.612613, 57.819172 ], [ -8.612926, 57.819107 ], [ -8.612916, 57.818987 ], [ -8.612605, 57.819014 ] ] ] ] } },
{ "type": "Feature", "properties": { "NAME": "St Kilda" }, "geometry": { "type": "MultiPolygon", "coordinates": [ [ [ [ -8.563825, 57.82134 ], [ -8.563379, 57.821529 ], [ -8.56342, 57.821587 ], [ -8.563832, 57.821576 ], [ -8.56394, 57.821416 ], [ -8.563825, 57.82134 ] ] ] ] } },
{ "type": "Feature", "properties": { "NAME": "St Kilda" }, "geometry": { "type": "MultiPolygon", "coordinates": [ [ [ [ -8.612487, 57.818933 ], [ -8.612367, 57.818964 ], [ -8.612374, 57.819003 ], [ -8.612501, 57.818996 ], [ -8.612487, 57.818933 ] ] ] ] } },
{ "type": "Feature", "properties": { "NAME": "St Kilda" }, "geometry": { "type": "MultiPolygon", "coordinates": [ [ [ [ -8.61282, 57.817971 ], [ -8.612897, 57.818023 ], [ -8.612998, 57.817935 ], [ -8.61282, 57.817971 ] ] ] ] } },
{ "type": "Feature", "properties": { "NAME": "St Kilda" }, "geometry": { "type": "MultiPolygon", "coordinates": [ [ [ [ -8.612739, 57.81725 ], [ -8.612528, 57.817404 ], [ -8.612331, 57.817364 ], [ -8.61262, 57.817687 ], [ -8.613016, 57.817527 ], [ -8.612891, 57.817287 ], [ -8.612739, 57.81725 ] ] ] ] } },
{ "type": "Feature", "properties": { "NAME": "St Kilda" }, "geometry": { "type": "MultiPolygon", "coordinates": [ [ [ [ -8.615253, 57.816831 ], [ -8.615169, 57.816943 ], [ -8.615457, 57.816963 ], [ -8.615462, 57.817024 ], [ -8.61573, 57.817083 ], [ -8.615886, 57.81683 ], [ -8.615253, 57.816831 ] ] ] ] } },
{ "type": "Feature", "properties": { "NAME": "St Kilda" }, "geometry": { "type": "MultiPolygon", "coordinates": [ [ [ [ -8.613645, 57.817005 ], [ -8.613597, 57.817043 ], [ -8.61374, 57.817136 ], [ -8.613775, 57.817092 ], [ -8.613645, 57.817005 ] ] ] ] } },
{ "type": "Feature", "properties": { "NAME": "St Kilda" }, "geometry": { "type": "MultiPolygon", "coordinates": [ [ [ [ -8.61095, 57.816093 ], [ -8.611093, 57.816134 ], [ -8.611083, 57.816079 ], [ -8.61095, 57.816093 ] ] ] ] } },
{ "type": "Feature", "properties": { "NAME": "St Kilda" }, "geometry": { "type": "MultiPolygon", "coordinates": [ [ [ [ -8.609979, 57.815735 ], [ -8.610079, 57.815742 ], [ -8.610065, 57.815666 ], [ -8.609979, 57.815735 ] ] ] ] } },
{ "type": "Feature", "properties": { "NAME": "St Kilda" }, "geometry": { "type": "MultiPolygon", "coordinates": [ [ [ [ -8.610354, 57.815596 ], [ -8.61034, 57.81567 ], [ -8.610435, 57.815697 ], [ -8.61044, 57.815628 ], [ -8.610354, 57.815596 ] ] ] ] } },
{ "type": "Feature", "properties": { "NAME": "St Kilda" }, "geometry": { "type": "MultiPolygon", "coordinates": [ [ [ [ -8.61098, 57.815517 ], [ -8.610905, 57.815583 ], [ -8.611031, 57.815592 ], [ -8.611043, 57.81556 ], [ -8.61098, 57.815517 ] ] ] ] } },
{ "type": "Feature", "properties": { "NAME": "St Kilda" }, "geometry": { "type": "MultiPolygon", "coordinates": [ [ [ [ -8.610627, 57.815477 ], [ -8.610552, 57.815571 ], [ -8.610638, 57.815593 ], [ -8.6107, 57.815536 ], [ -8.610627, 57.815477 ] ] ] ] } },
{ "type": "Feature", "properties": { "NAME": "St Kilda" }, "geometry": { "type": "MultiPolygon", "coordinates": [ [ [ [ -8.610321, 57.815482 ], [ -8.610468, 57.815507 ], [ -8.610488, 57.815468 ], [ -8.610321, 57.815482 ] ] ] ] } },
{ "type": "Feature", "properties": { "NAME": "St Kilda" }, "geometry": { "type": "MultiPolygon", "coordinates": [ [ [ [ -8.610556, 57.815214 ], [ -8.61034, 57.815315 ], [ -8.610523, 57.815373 ], [ -8.610611, 57.815344 ], [ -8.610556, 57.815214 ] ] ] ] } },
{ "type": "Feature", "properties": { "NAME": "St Kilda" }, "geometry": { "type": "MultiPolygon", "coordinates": [ [ [ [ -8.609866, 57.81529 ], [ -8.609831, 57.815394 ], [ -8.609899, 57.815403 ], [ -8.609939, 57.815354 ], [ -8.609866, 57.81529 ] ] ] ] } },
{ "type": "Feature", "properties": { "NAME": "St Kilda" }, "geometry": { "type": "MultiPolygon", "coordinates": [ [ [ [ -8.610075, 57.815255 ], [ -8.610185, 57.81528 ], [ -8.610182, 57.815231 ], [ -8.610075, 57.815255 ] ] ] ] } },
{ "type": "Feature", "properties": { "NAME": "St Kilda" }, "geometry": { "type": "MultiPolygon", "coordinates": [ [ [ [ -8.508281, 57.792605 ], [ -8.508202, 57.792667 ], [ -8.508369, 57.792699 ], [ -8.508395, 57.792666 ], [ -8.508281, 57.792605 ] ] ] ] } },
{ "type": "Feature", "properties": { "NAME": "St Kilda" }, "geometry": { "type": "MultiPolygon", "coordinates": [ [ [ [ -8.511033, 57.791181 ], [ -8.509735, 57.791851 ], [ -8.509186, 57.792047 ], [ -8.509248, 57.792181 ], [ -8.510133, 57.792259 ], [ -8.510987, 57.792446 ], [ -8.511382, 57.792425 ], [ -8.511922, 57.792248 ], [ -8.512087, 57.792059 ], [ -8.511834, 57.791419 ], [ -8.511033, 57.791181 ] ] ] ] } },
{ "type": "Feature", "properties": { "NAME": "St Kilda" }, "geometry": { "type": "MultiPolygon", "coordinates": [ [ [ [ -8.608824, 57.814507 ], [ -8.608804, 57.814567 ], [ -8.608917, 57.814575 ], [ -8.608939, 57.814528 ], [ -8.608824, 57.814507 ] ] ] ] } },
{ "type": "Feature", "properties": { "NAME": "St Kilda" }, "geometry": { "type": "MultiPolygon", "coordinates": [ [ [ [ -8.610297, 57.811986 ], [ -8.609835, 57.81209 ], [ -8.610158, 57.812505 ], [ -8.610049, 57.813155 ], [ -8.610306, 57.813207 ], [ -8.61051, 57.813141 ], [ -8.610361, 57.812769 ], [ -8.610591, 57.812674 ], [ -8.610507, 57.812252 ], [ -8.610297, 57.811986 ] ] ] ] } },
{ "type": "Feature", "properties": { "NAME": "St Kilda" }, "geometry": { "type": "MultiPolygon", "coordinates": [ [ [ [ -8.551286, 57.813987 ], [ -8.550606, 57.814123 ], [ -8.550527, 57.814233 ], [ -8.550712, 57.814299 ], [ -8.55123, 57.814274 ], [ -8.551316, 57.814154 ], [ -8.551603, 57.814139 ], [ -8.551633, 57.814062 ], [ -8.551286, 57.813987 ] ] ] ] } },
{ "type": "Feature", "properties": { "NAME": "St Kilda" }, "geometry": { "type": "MultiPolygon", "coordinates": [ [ [ [ -8.610432, 57.810845 ], [ -8.610178, 57.810942 ], [ -8.610114, 57.811065 ], [ -8.61053, 57.811145 ], [ -8.61056, 57.811036 ], [ -8.610432, 57.810845 ] ] ] ] } },
{ "type": "Feature", "properties": { "NAME": "St Kilda" }, "geometry": { "type": "MultiPolygon", "coordinates": [ [ [ [ -8.609837, 57.810697 ], [ -8.609747, 57.810782 ], [ -8.609925, 57.81081 ], [ -8.609942, 57.810769 ], [ -8.609837, 57.810697 ] ] ] ] } },
{ "type": "Feature", "properties": { "NAME": "St Kilda" }, "geometry": { "type": "MultiPolygon", "coordinates": [ [ [ [ -8.610105, 57.810218 ], [ -8.610078, 57.81029 ], [ -8.610218, 57.810279 ], [ -8.610213, 57.810233 ], [ -8.610105, 57.810218 ] ] ] ] } },
{ "type": "Feature", "properties": { "NAME": "St Kilda" }, "geometry": { "type": "MultiPolygon", "coordinates": [ [ [ [ -8.612674, 57.80958 ], [ -8.612494, 57.80971 ], [ -8.612706, 57.809859 ], [ -8.612891, 57.809856 ], [ -8.612819, 57.809634 ], [ -8.6127, 57.809659 ], [ -8.612674, 57.80958 ] ] ] ] } },
{ "type": "Feature", "properties": { "NAME": "St Kilda" }, "geometry": { "type": "MultiPolygon", "coordinates": [ [ [ [ -8.612394, 57.809604 ], [ -8.612246, 57.80964 ], [ -8.612301, 57.809702 ], [ -8.612362, 57.809701 ], [ -8.612394, 57.809604 ] ] ] ] } },
{ "type": "Feature", "properties": { "NAME": "St Kilda" }, "geometry": { "type": "MultiPolygon", "coordinates": [ [ [ [ -8.610974, 57.808679 ], [ -8.610889, 57.808859 ], [ -8.611063, 57.808964 ], [ -8.611232, 57.808909 ], [ -8.61121, 57.808821 ], [ -8.610974, 57.808679 ] ] ] ] } },
{ "type": "Feature", "properties": { "NAME": "St Kilda" }, "geometry": { "type": "MultiPolygon", "coordinates": [ [ [ [ -8.607317, 57.808787 ], [ -8.607035, 57.808901 ], [ -8.607137, 57.809016 ], [ -8.607378, 57.808951 ], [ -8.607317, 57.808787 ] ] ] ] } },
{ "type": "Feature", "properties": { "NAME": "St Kilda" }, "geometry": { "type": "MultiPolygon", "coordinates": [ [ [ [ -8.602238, 57.808424 ], [ -8.602109, 57.808477 ], [ -8.602079, 57.808546 ], [ -8.602239, 57.80853 ], [ -8.602238, 57.808424 ] ] ] ] } },
{ "type": "Feature", "properties": { "NAME": "St Kilda" }, "geometry": { "type": "MultiPolygon", "coordinates": [ [ [ [ -8.598704, 57.807769 ], [ -8.598625, 57.807841 ], [ -8.598764, 57.807927 ], [ -8.598819, 57.807825 ], [ -8.598704, 57.807769 ] ] ] ] } },
{ "type": "Feature", "properties": { "NAME": "St Kilda" }, "geometry": { "type": "MultiPolygon", "coordinates": [ [ [ [ -8.597927, 57.807236 ], [ -8.597806, 57.807283 ], [ -8.597896, 57.807438 ], [ -8.597976, 57.807369 ], [ -8.597927, 57.807236 ] ] ] ] } },
{ "type": "Feature", "properties": { "NAME": "St Kilda" }, "geometry": { "type": "MultiPolygon", "coordinates": [ [ [ [ -8.597214, 57.80724 ], [ -8.597327, 57.807284 ], [ -8.597345, 57.807215 ], [ -8.597214, 57.80724 ] ] ] ] } },
{ "type": "Feature", "properties": { "NAME": "St Kilda" }, "geometry": { "type": "MultiPolygon", "coordinates": [ [ [ [ -8.631882, 57.824519 ], [ -8.631748, 57.824554 ], [ -8.631783, 57.824579 ], [ -8.631869, 57.824581 ], [ -8.631882, 57.824519 ] ] ] ] } },
{ "type": "Feature", "properties": { "NAME": "St Kilda" }, "geometry": { "type": "MultiPolygon", "coordinates": [ [ [ [ -8.637384, 57.823945 ], [ -8.637415, 57.823995 ], [ -8.637535, 57.823964 ], [ -8.637384, 57.823945 ] ] ] ] } },
{ "type": "Feature", "properties": { "NAME": "St Kilda" }, "geometry": { "type": "MultiPolygon", "coordinates": [ [ [ [ -8.637661, 57.823822 ], [ -8.637656, 57.82384 ], [ -8.637825, 57.823844 ], [ -8.637661, 57.823822 ] ] ] ] } },
{ "type": "Feature", "properties": { "NAME": "St Kilda" }, "geometry": { "type": "MultiPolygon", "coordinates": [ [ [ [ -8.638142, 57.823683 ], [ -8.63842, 57.823766 ], [ -8.638411, 57.823684 ], [ -8.638142, 57.823683 ] ] ] ] } },
{ "type": "Feature", "properties": { "NAME": "St Kilda" }, "geometry": { "type": "MultiPolygon", "coordinates": [ [ [ [ -8.608637, 57.82513 ], [ -8.608598, 57.825186 ], [ -8.608666, 57.825219 ], [ -8.608746, 57.825198 ], [ -8.608637, 57.82513 ] ] ] ] } },
{ "type": "Feature", "properties": { "NAME": "St Kilda" }, "geometry": { "type": "MultiPolygon", "coordinates": [ [ [ [ -8.489677, 57.863072 ], [ -8.489591, 57.863127 ], [ -8.489611, 57.863167 ], [ -8.489728, 57.863128 ], [ -8.489677, 57.863072 ] ] ] ] } },
{ "type": "Feature", "properties": { "NAME": "St Kilda" }, "geometry": { "type": "MultiPolygon", "coordinates": [ [ [ [ -8.485247, 57.863065 ], [ -8.485219, 57.863119 ], [ -8.485412, 57.863127 ], [ -8.485424, 57.863087 ], [ -8.485247, 57.863065 ] ] ] ] } },
{ "type": "Feature", "properties": { "NAME": "St Kilda" }, "geometry": { "type": "MultiPolygon", "coordinates": [ [ [ [ -8.628108, 57.834815 ], [ -8.627865, 57.834843 ], [ -8.627965, 57.83497 ], [ -8.628134, 57.834958 ], [ -8.628108, 57.834815 ] ] ] ] } },
{ "type": "Feature", "properties": { "NAME": "St Kilda" }, "geometry": { "type": "MultiPolygon", "coordinates": [ [ [ [ -8.644957, 57.833213 ], [ -8.644505, 57.833277 ], [ -8.644297, 57.833474 ], [ -8.643208, 57.833598 ], [ -8.64307, 57.833709 ], [ -8.643134, 57.833825 ], [ -8.643554, 57.833918 ], [ -8.64432, 57.833927 ], [ -8.644831, 57.833882 ], [ -8.645045, 57.833755 ], [ -8.645263, 57.833774 ], [ -8.645276, 57.833648 ], [ -8.645025, 57.833579 ], [ -8.64511, 57.833376 ], [ -8.644957, 57.833213 ] ] ] ] } },
{ "type": "Feature", "properties": { "NAME": "St Kilda" }, "geometry": { "type": "MultiPolygon", "coordinates": [ [ [ [ -8.631832, 57.834229 ], [ -8.631564, 57.834402 ], [ -8.631777, 57.834464 ], [ -8.632079, 57.834428 ], [ -8.632098, 57.834333 ], [ -8.631832, 57.834229 ] ] ] ] } },
{ "type": "Feature", "properties": { "NAME": "St Kilda" }, "geometry": { "type": "MultiPolygon", "coordinates": [ [ [ [ -8.627074, 57.834269 ], [ -8.627545, 57.834442 ], [ -8.627471, 57.834268 ], [ -8.627074, 57.834269 ] ] ] ] } },
{ "type": "Feature", "properties": { "NAME": "St Kilda" }, "geometry": { "type": "MultiPolygon", "coordinates": [ [ [ [ -8.624817, 57.833888 ], [ -8.625208, 57.834141 ], [ -8.626091, 57.834223 ], [ -8.626226, 57.834325 ], [ -8.627675, 57.833617 ], [ -8.628367, 57.833576 ], [ -8.629109, 57.833098 ], [ -8.632854, 57.832352 ], [ -8.634721, 57.832191 ], [ -8.634786, 57.832148 ], [ -8.634538, 57.832027 ], [ -8.634706, 57.831915 ], [ -8.63659, 57.831411 ], [ -8.637225, 57.831462 ], [ -8.638154, 57.831395 ], [ -8.639799, 57.831655 ], [ -8.639858, 57.831955 ], [ -8.640117, 57.832036 ], [ -8.640314, 57.832047 ], [ -8.640643, 57.831908 ], [ -8.64155, 57.832169 ], [ -8.64228, 57.832119 ], [ -8.642711, 57.831971 ], [ -8.643126, 57.83194 ], [ -8.643335, 57.831827 ], [ -8.644149, 57.831063 ], [ -8.644347, 57.831074 ], [ -8.644434, 57.831347 ], [ -8.64486, 57.831373 ], [ -8.64563, 57.830398 ], [ -8.64622, 57.830496 ], [ -8.646638, 57.830313 ], [ -8.64663, 57.830237 ], [ -8.646222, 57.83026 ], [ -8.646067, 57.830119 ], [ -8.647886, 57.829533 ], [ -8.648026, 57.82923 ], [ -8.648441, 57.829132 ], [ -8.649318, 57.828728 ], [ -8.649363, 57.828606 ], [ -8.649144, 57.828449 ], [ -8.649443, 57.828321 ], [ -8.649457, 57.828037 ], [ -8.649871, 57.828092 ], [ -8.649945, 57.827966 ], [ -8.649669, 57.827794 ], [ -8.649438, 57.827968 ], [ -8.648926, 57.828007 ], [ -8.648419, 57.828235 ], [ -8.648001, 57.828304 ], [ -8.64718, 57.828357 ], [ -8.646826, 57.828259 ], [ -8.646423, 57.828444 ], [ -8.645201, 57.82877 ], [ -8.645128, 57.828861 ], [ -8.644712, 57.828755 ], [ -8.644874, 57.828433 ], [ -8.644701, 57.828289 ], [ -8.644561, 57.828226 ], [ -8.643983, 57.828242 ], [ -8.643461, 57.828011 ], [ -8.643155, 57.827381 ], [ -8.642751, 57.827308 ], [ -8.642301, 57.827113 ], [ -8.642203, 57.827375 ], [ -8.64174, 57.827423 ], [ -8.640866, 57.826881 ], [ -8.640698, 57.826471 ], [ -8.640776, 57.826397 ], [ -8.641245, 57.826317 ], [ -8.641528, 57.826388 ], [ -8.641634, 57.826532 ], [ -8.641811, 57.826478 ], [ -8.641919, 57.826335 ], [ -8.641642, 57.82623 ], [ -8.641733, 57.826155 ], [ -8.641883, 57.826175 ], [ -8.64206, 57.826004 ], [ -8.641965, 57.825688 ], [ -8.641598, 57.82589 ], [ -8.641643, 57.826032 ], [ -8.641079, 57.826179 ], [ -8.640643, 57.826071 ], [ -8.639764, 57.825672 ], [ -8.639498, 57.825658 ], [ -8.639849, 57.825385 ], [ -8.640624, 57.825011 ], [ -8.641529, 57.824972 ], [ -8.64206, 57.824646 ], [ -8.641684, 57.824636 ], [ -8.642219, 57.824297 ], [ -8.642206, 57.824093 ], [ -8.641832, 57.823993 ], [ -8.641682, 57.823758 ], [ -8.640774, 57.823451 ], [ -8.640821, 57.823373 ], [ -8.640968, 57.823441 ], [ -8.641326, 57.823422 ], [ -8.641316, 57.823334 ], [ -8.640928, 57.82321 ], [ -8.640164, 57.823115 ], [ -8.639446, 57.823255 ], [ -8.639151, 57.823479 ], [ -8.639108, 57.823713 ], [ -8.63793, 57.823879 ], [ -8.637117, 57.82412 ], [ -8.636545, 57.824061 ], [ -8.636262, 57.823765 ], [ -8.635852, 57.823765 ], [ -8.635031, 57.823894 ], [ -8.635003, 57.824039 ], [ -8.634862, 57.824074 ], [ -8.634665, 57.824332 ], [ -8.634198, 57.82426 ], [ -8.633414, 57.824378 ], [ -8.632924, 57.824309 ], [ -8.632555, 57.824557 ], [ -8.631804, 57.824758 ], [ -8.631619, 57.824598 ], [ -8.631042, 57.824714 ], [ -8.630941, 57.825081 ], [ -8.630682, 57.825313 ], [ -8.62979, 57.825545 ], [ -8.629414, 57.82574 ], [ -8.629406, 57.826031 ], [ -8.62904, 57.826032 ], [ -8.628351, 57.826219 ], [ -8.628036, 57.826336 ], [ -8.62772, 57.826589 ], [ -8.62697, 57.826695 ], [ -8.62667, 57.826629 ], [ -8.626159, 57.826392 ], [ -8.626152, 57.826151 ], [ -8.625998, 57.82611 ], [ -8.625983, 57.826297 ], [ -8.625699, 57.826416 ], [ -8.625547, 57.826693 ], [ -8.625207, 57.826794 ], [ -8.624819, 57.82679 ], [ -8.624628, 57.826926 ], [ -8.624649, 57.827113 ], [ -8.624446, 57.827185 ], [ -8.624388, 57.827396 ], [ -8.624632, 57.827585 ], [ -8.624283, 57.827735 ], [ -8.624453, 57.827986 ], [ -8.62487, 57.82816 ], [ -8.624958, 57.828319 ], [ -8.624826, 57.828586 ], [ -8.624968, 57.828775 ], [ -8.624824, 57.828926 ], [ -8.624939, 57.829098 ], [ -8.624774, 57.829299 ], [ -8.62486, 57.829714 ], [ -8.624466, 57.830081 ], [ -8.624461, 57.83042 ], [ -8.624617, 57.830648 ], [ -8.624979, 57.830626 ], [ -8.625043, 57.830708 ], [ -8.624732, 57.831538 ], [ -8.624966, 57.831749 ], [ -8.625567, 57.831763 ], [ -8.625388, 57.831919 ], [ -8.625483, 57.83215 ], [ -8.625316, 57.832171 ], [ -8.624956, 57.832753 ], [ -8.624793, 57.832798 ], [ -8.624817, 57.833888 ] ] ] ] } },
{ "type": "Feature", "properties": { "NAME": "St Kilda" }, "geometry": { "type": "MultiPolygon", "coordinates": [ [ [ [ -8.629668, 57.833571 ], [ -8.630373, 57.833666 ], [ -8.630365, 57.833603 ], [ -8.629668, 57.833571 ] ] ] ] } },
{ "type": "Feature", "properties": { "NAME": "St Kilda" }, "geometry": { "type": "MultiPolygon", "coordinates": [ [ [ [ -8.631074, 57.833182 ], [ -8.631131, 57.833264 ], [ -8.631927, 57.833454 ], [ -8.632038, 57.833392 ], [ -8.631764, 57.833233 ], [ -8.631074, 57.833182 ] ] ] ] } },
{ "type": "Feature", "properties": { "NAME": "St Kilda" }, "geometry": { "type": "MultiPolygon", "coordinates": [ [ [ [ -8.642177, 57.83239 ], [ -8.641944, 57.832495 ], [ -8.642608, 57.832459 ], [ -8.642578, 57.832397 ], [ -8.642177, 57.83239 ] ] ] ] } },
{ "type": "Feature", "properties": { "NAME": "St Kilda" }, "geometry": { "type": "MultiPolygon", "coordinates": [ [ [ [ -8.64954, 57.830538 ], [ -8.649469, 57.830593 ], [ -8.649593, 57.830643 ], [ -8.649634, 57.830608 ], [ -8.64954, 57.830538 ] ] ] ] } },
{ "type": "Feature", "properties": { "NAME": "St Kilda" }, "geometry": { "type": "MultiPolygon", "coordinates": [ [ [ [ -8.649223, 57.830503 ], [ -8.649255, 57.830567 ], [ -8.649356, 57.830528 ], [ -8.649223, 57.830503 ] ] ] ] } },
{ "type": "Feature", "properties": { "NAME": "St Kilda" }, "geometry": { "type": "MultiPolygon", "coordinates": [ [ [ [ -8.647285, 57.828295 ], [ -8.647314, 57.82832 ], [ -8.647446, 57.828284 ], [ -8.647285, 57.828295 ] ] ] ] } },
{ "type": "Feature", "properties": { "NAME": "St Kilda" }, "geometry": { "type": "MultiPolygon", "coordinates": [ [ [ [ -8.647908, 57.828136 ], [ -8.647715, 57.828251 ], [ -8.647737, 57.828285 ], [ -8.647993, 57.828217 ], [ -8.647908, 57.828136 ] ] ] ] } },
{ "type": "Feature", "properties": { "NAME": "St Kilda" }, "geometry": { "type": "MultiPolygon", "coordinates": [ [ [ [ -8.648491, 57.828096 ], [ -8.64839, 57.828129 ], [ -8.648392, 57.828206 ], [ -8.64851, 57.828161 ], [ -8.648491, 57.828096 ] ] ] ] } },
{ "type": "Feature", "properties": { "NAME": "St Kilda" }, "geometry": { "type": "MultiPolygon", "coordinates": [ [ [ [ -8.647223, 57.828113 ], [ -8.647137, 57.828166 ], [ -8.647145, 57.828227 ], [ -8.647238, 57.828223 ], [ -8.647223, 57.828113 ] ] ] ] } },
{ "type": "Feature", "properties": { "NAME": "St Kilda" }, "geometry": { "type": "MultiPolygon", "coordinates": [ [ [ [ -8.62049, 57.827877 ], [ -8.620014, 57.827969 ], [ -8.619286, 57.82829 ], [ -8.619179, 57.828291 ], [ -8.619177, 57.828116 ], [ -8.618225, 57.828373 ], [ -8.617989, 57.828612 ], [ -8.618114, 57.828816 ], [ -8.617604, 57.829043 ], [ -8.617643, 57.829123 ], [ -8.618058, 57.829214 ], [ -8.618346, 57.829178 ], [ -8.618158, 57.829529 ], [ -8.618985, 57.829193 ], [ -8.619877, 57.828461 ], [ -8.621205, 57.828208 ], [ -8.62128, 57.828011 ], [ -8.621173, 57.82793 ], [ -8.62049, 57.827877 ] ] ] ] } },
{ "type": "Feature", "properties": { "NAME": "St Kilda" }, "geometry": { "type": "MultiPolygon", "coordinates": [ [ [ [ -8.622253, 57.827987 ], [ -8.621787, 57.828146 ], [ -8.621921, 57.828209 ], [ -8.62155, 57.828357 ], [ -8.621565, 57.828688 ], [ -8.621827, 57.82868 ], [ -8.622553, 57.828216 ], [ -8.622476, 57.828035 ], [ -8.622253, 57.827987 ] ] ] ] } },
{ "type": "Feature", "properties": { "NAME": "St Kilda" }, "geometry": { "type": "MultiPolygon", "coordinates": [ [ [ [ -8.643114, 57.827248 ], [ -8.643312, 57.827343 ], [ -8.64345, 57.827295 ], [ -8.643383, 57.827265 ], [ -8.643114, 57.827248 ] ] ] ] } },
{ "type": "Feature", "properties": { "NAME": "St Kilda" }, "geometry": { "type": "MultiPolygon", "coordinates": [ [ [ [ -8.611983, 57.821509 ], [ -8.611996, 57.821343 ], [ -8.611884, 57.821334 ], [ -8.611564, 57.82146 ], [ -8.611096, 57.821876 ], [ -8.610816, 57.82175 ], [ -8.610942, 57.821323 ], [ -8.611667, 57.820604 ], [ -8.61155, 57.820281 ], [ -8.611039, 57.820167 ], [ -8.611071, 57.819758 ], [ -8.611615, 57.819585 ], [ -8.612098, 57.819066 ], [ -8.612351, 57.81828 ], [ -8.612286, 57.818124 ], [ -8.612208, 57.818205 ], [ -8.612167, 57.818146 ], [ -8.612196, 57.817821 ], [ -8.612412, 57.817798 ], [ -8.612435, 57.81772 ], [ -8.612139, 57.817395 ], [ -8.612369, 57.817248 ], [ -8.612467, 57.81698 ], [ -8.61219, 57.816873 ], [ -8.611608, 57.817135 ], [ -8.611564, 57.817061 ], [ -8.611205, 57.81699 ], [ -8.611111, 57.816702 ], [ -8.610731, 57.816515 ], [ -8.610573, 57.816261 ], [ -8.610018, 57.816046 ], [ -8.60998, 57.815838 ], [ -8.609651, 57.815698 ], [ -8.609662, 57.815373 ], [ -8.609792, 57.815271 ], [ -8.609697, 57.815174 ], [ -8.609203, 57.814906 ], [ -8.608503, 57.814999 ], [ -8.608202, 57.814471 ], [ -8.609148, 57.814101 ], [ -8.609371, 57.813904 ], [ -8.60926, 57.813706 ], [ -8.608774, 57.81341 ], [ -8.608615, 57.813184 ], [ -8.608862, 57.812872 ], [ -8.60925, 57.812731 ], [ -8.609263, 57.81257 ], [ -8.609108, 57.812513 ], [ -8.608937, 57.812192 ], [ -8.609044, 57.812063 ], [ -8.608954, 57.811759 ], [ -8.609095, 57.811622 ], [ -8.609147, 57.810943 ], [ -8.609786, 57.810613 ], [ -8.609611, 57.810434 ], [ -8.60976, 57.810235 ], [ -8.609373, 57.809931 ], [ -8.60983, 57.810095 ], [ -8.610005, 57.810077 ], [ -8.610333, 57.80976 ], [ -8.610204, 57.80939 ], [ -8.609881, 57.809281 ], [ -8.60944, 57.809319 ], [ -8.609229, 57.809448 ], [ -8.609155, 57.809785 ], [ -8.60872, 57.809974 ], [ -8.608404, 57.809935 ], [ -8.608298, 57.810064 ], [ -8.607847, 57.809995 ], [ -8.60781, 57.809796 ], [ -8.607572, 57.809707 ], [ -8.607361, 57.809805 ], [ -8.607386, 57.809908 ], [ -8.607161, 57.809926 ], [ -8.607458, 57.810065 ], [ -8.607371, 57.810131 ], [ -8.607126, 57.810088 ], [ -8.606868, 57.809997 ], [ -8.606766, 57.809814 ], [ -8.607216, 57.809355 ], [ -8.607256, 57.809097 ], [ -8.607117, 57.80908 ], [ -8.607075, 57.809224 ], [ -8.60687, 57.809284 ], [ -8.606096, 57.808991 ], [ -8.605153, 57.809065 ], [ -8.604874, 57.808777 ], [ -8.605157, 57.808704 ], [ -8.605525, 57.80832 ], [ -8.605342, 57.808027 ], [ -8.605186, 57.808088 ], [ -8.605055, 57.808015 ], [ -8.604729, 57.808053 ], [ -8.604383, 57.808287 ], [ -8.603713, 57.808525 ], [ -8.603893, 57.808631 ], [ -8.603828, 57.808744 ], [ -8.603402, 57.80876 ], [ -8.603257, 57.80886 ], [ -8.603041, 57.808739 ], [ -8.602301, 57.80887 ], [ -8.602245, 57.808782 ], [ -8.601963, 57.80876 ], [ -8.601922, 57.808663 ], [ -8.601328, 57.808677 ], [ -8.600779, 57.808794 ], [ -8.600685, 57.808749 ], [ -8.600902, 57.808556 ], [ -8.60091, 57.808395 ], [ -8.600521, 57.808113 ], [ -8.600478, 57.808214 ], [ -8.6002, 57.808247 ], [ -8.600255, 57.80838 ], [ -8.599672, 57.808194 ], [ -8.599342, 57.808249 ], [ -8.598856, 57.808039 ], [ -8.59791, 57.808036 ], [ -8.597412, 57.807374 ], [ -8.597071, 57.807265 ], [ -8.597218, 57.807091 ], [ -8.597107, 57.806909 ], [ -8.59612, 57.806361 ], [ -8.595956, 57.806339 ], [ -8.595669, 57.806428 ], [ -8.595167, 57.806235 ], [ -8.594945, 57.805682 ], [ -8.594764, 57.805568 ], [ -8.594456, 57.805507 ], [ -8.593621, 57.8056 ], [ -8.593071, 57.805515 ], [ -8.592908, 57.805671 ], [ -8.592297, 57.805703 ], [ -8.591953, 57.805848 ], [ -8.592038, 57.805386 ], [ -8.591849, 57.805332 ], [ -8.591761, 57.805191 ], [ -8.591342, 57.80516 ], [ -8.590841, 57.80489 ], [ -8.59058, 57.804916 ], [ -8.590096, 57.805324 ], [ -8.589992, 57.806021 ], [ -8.589808, 57.806129 ], [ -8.589441, 57.806111 ], [ -8.589106, 57.806249 ], [ -8.588249, 57.806323 ], [ -8.588028, 57.806458 ], [ -8.588014, 57.806616 ], [ -8.587605, 57.806511 ], [ -8.587661, 57.806376 ], [ -8.587429, 57.806138 ], [ -8.587163, 57.806003 ], [ -8.586898, 57.806005 ], [ -8.586552, 57.806106 ], [ -8.586573, 57.806355 ], [ -8.586761, 57.806574 ], [ -8.585332, 57.806543 ], [ -8.585056, 57.806687 ], [ -8.584936, 57.806505 ], [ -8.585154, 57.806411 ], [ -8.585214, 57.806219 ], [ -8.585471, 57.806067 ], [ -8.585427, 57.805659 ], [ -8.58494, 57.805715 ], [ -8.584865, 57.805781 ], [ -8.584008, 57.805683 ], [ -8.582529, 57.804946 ], [ -8.581898, 57.804837 ], [ -8.582369, 57.804053 ], [ -8.582343, 57.803554 ], [ -8.582566, 57.803154 ], [ -8.581607, 57.802568 ], [ -8.581278, 57.802524 ], [ -8.580977, 57.802601 ], [ -8.580818, 57.802545 ], [ -8.580827, 57.801933 ], [ -8.58069, 57.801811 ], [ -8.580761, 57.801554 ], [ -8.580478, 57.801661 ], [ -8.580301, 57.801908 ], [ -8.580079, 57.801945 ], [ -8.579762, 57.801899 ], [ -8.579419, 57.801561 ], [ -8.579299, 57.801437 ], [ -8.579376, 57.801319 ], [ -8.579232, 57.80124 ], [ -8.579289, 57.801009 ], [ -8.579096, 57.801072 ], [ -8.57863, 57.800735 ], [ -8.578445, 57.800312 ], [ -8.57874, 57.800371 ], [ -8.579112, 57.800278 ], [ -8.579557, 57.79981 ], [ -8.579366, 57.799777 ], [ -8.578755, 57.800018 ], [ -8.578618, 57.800007 ], [ -8.578458, 57.800148 ], [ -8.578306, 57.800091 ], [ -8.579064, 57.799592 ], [ -8.57881, 57.799303 ], [ -8.578491, 57.79935 ], [ -8.577808, 57.799833 ], [ -8.577635, 57.799836 ], [ -8.577495, 57.799692 ], [ -8.577757, 57.799469 ], [ -8.577901, 57.799023 ], [ -8.577518, 57.79879 ], [ -8.577063, 57.798798 ], [ -8.576939, 57.798694 ], [ -8.576561, 57.798905 ], [ -8.576381, 57.798868 ], [ -8.576338, 57.798972 ], [ -8.57563, 57.798848 ], [ -8.575129, 57.798927 ], [ -8.575, 57.799097 ], [ -8.574553, 57.798988 ], [ -8.574473, 57.799057 ], [ -8.574368, 57.799019 ], [ -8.574342, 57.799147 ], [ -8.573863, 57.799144 ], [ -8.573363, 57.799448 ], [ -8.573334, 57.799628 ], [ -8.572968, 57.799586 ], [ -8.572762, 57.799826 ], [ -8.572181, 57.800001 ], [ -8.572241, 57.799674 ], [ -8.572671, 57.799235 ], [ -8.572522, 57.798706 ], [ -8.571988, 57.798166 ], [ -8.571721, 57.798125 ], [ -8.571582, 57.79828 ], [ -8.570941, 57.797926 ], [ -8.571863, 57.797329 ], [ -8.57223, 57.79731 ], [ -8.572349, 57.797232 ], [ -8.572879, 57.796558 ], [ -8.572585, 57.796302 ], [ -8.572088, 57.796118 ], [ -8.570446, 57.796055 ], [ -8.57005, 57.796286 ], [ -8.569617, 57.796416 ], [ -8.56885, 57.797021 ], [ -8.568891, 57.797176 ], [ -8.568422, 57.797599 ], [ -8.567976, 57.797495 ], [ -8.56854, 57.796877 ], [ -8.568594, 57.796633 ], [ -8.568396, 57.796597 ], [ -8.567973, 57.796915 ], [ -8.567728, 57.796897 ], [ -8.56765, 57.796772 ], [ -8.567821, 57.796405 ], [ -8.567768, 57.79625 ], [ -8.567566, 57.796125 ], [ -8.567321, 57.796138 ], [ -8.566989, 57.796485 ], [ -8.566572, 57.796535 ], [ -8.56679, 57.796918 ], [ -8.567022, 57.797039 ], [ -8.567218, 57.797305 ], [ -8.566281, 57.797416 ], [ -8.566043, 57.797679 ], [ -8.565445, 57.79755 ], [ -8.565119, 57.797555 ], [ -8.564781, 57.79785 ], [ -8.564674, 57.797843 ], [ -8.564577, 57.797749 ], [ -8.563071, 57.797331 ], [ -8.562985, 57.797048 ], [ -8.562581, 57.796899 ], [ -8.562915, 57.796613 ], [ -8.56276, 57.796337 ], [ -8.562791, 57.795592 ], [ -8.561651, 57.79525 ], [ -8.560901, 57.794712 ], [ -8.559904, 57.794375 ], [ -8.559709, 57.794354 ], [ -8.558924, 57.794793 ], [ -8.558798, 57.794611 ], [ -8.557827, 57.794162 ], [ -8.558036, 57.793817 ], [ -8.557911, 57.793521 ], [ -8.557505, 57.793431 ], [ -8.556776, 57.79363 ], [ -8.556629, 57.793977 ], [ -8.556891, 57.794056 ], [ -8.556904, 57.794314 ], [ -8.556654, 57.794639 ], [ -8.557011, 57.794954 ], [ -8.556584, 57.795087 ], [ -8.556413, 57.795062 ], [ -8.556182, 57.794812 ], [ -8.555846, 57.794727 ], [ -8.554514, 57.794926 ], [ -8.554272, 57.79455 ], [ -8.553417, 57.794076 ], [ -8.552115, 57.793901 ], [ -8.551516, 57.793932 ], [ -8.551143, 57.793819 ], [ -8.551024, 57.793945 ], [ -8.551284, 57.794188 ], [ -8.551074, 57.794677 ], [ -8.551866, 57.795093 ], [ -8.552213, 57.79517 ], [ -8.553001, 57.795052 ], [ -8.553058, 57.795333 ], [ -8.55332, 57.795415 ], [ -8.554225, 57.795285 ], [ -8.554136, 57.795641 ], [ -8.554432, 57.795709 ], [ -8.554786, 57.795549 ], [ -8.554995, 57.795544 ], [ -8.555519, 57.795931 ], [ -8.556264, 57.796071 ], [ -8.558483, 57.796783 ], [ -8.558736, 57.797035 ], [ -8.559355, 57.797175 ], [ -8.559404, 57.797259 ], [ -8.559643, 57.797247 ], [ -8.559833, 57.797036 ], [ -8.559964, 57.797113 ], [ -8.559869, 57.79717 ], [ -8.559957, 57.797311 ], [ -8.56029, 57.797463 ], [ -8.55999, 57.797513 ], [ -8.560067, 57.797629 ], [ -8.560756, 57.797781 ], [ -8.561591, 57.797692 ], [ -8.561945, 57.798158 ], [ -8.563211, 57.7987 ], [ -8.564064, 57.798708 ], [ -8.564401, 57.798555 ], [ -8.564978, 57.798809 ], [ -8.565035, 57.799173 ], [ -8.566654, 57.799619 ], [ -8.567051, 57.79966 ], [ -8.567473, 57.799574 ], [ -8.568089, 57.799748 ], [ -8.56885, 57.799826 ], [ -8.569213, 57.800057 ], [ -8.569835, 57.800235 ], [ -8.570553, 57.800308 ], [ -8.570782, 57.800497 ], [ -8.571736, 57.800447 ], [ -8.571381, 57.80095 ], [ -8.571416, 57.801188 ], [ -8.572153, 57.801171 ], [ -8.572518, 57.801261 ], [ -8.572511, 57.801955 ], [ -8.572655, 57.801997 ], [ -8.572752, 57.802203 ], [ -8.572953, 57.802078 ], [ -8.573045, 57.802241 ], [ -8.573256, 57.80232 ], [ -8.573135, 57.802718 ], [ -8.57322, 57.80286 ], [ -8.573463, 57.802791 ], [ -8.5734, 57.803059 ], [ -8.573695, 57.803532 ], [ -8.573429, 57.803645 ], [ -8.573041, 57.80365 ], [ -8.572369, 57.803992 ], [ -8.572224, 57.804199 ], [ -8.571408, 57.804795 ], [ -8.571733, 57.805363 ], [ -8.571539, 57.805665 ], [ -8.57168, 57.805874 ], [ -8.571619, 57.806006 ], [ -8.572134, 57.806178 ], [ -8.572189, 57.806693 ], [ -8.572457, 57.806863 ], [ -8.572276, 57.806965 ], [ -8.572619, 57.807551 ], [ -8.572527, 57.80805 ], [ -8.57234, 57.808215 ], [ -8.572143, 57.808772 ], [ -8.571665, 57.809242 ], [ -8.570778, 57.809922 ], [ -8.569824, 57.810404 ], [ -8.568451, 57.81093 ], [ -8.567948, 57.810968 ], [ -8.567765, 57.810891 ], [ -8.567352, 57.810946 ], [ -8.567139, 57.810799 ], [ -8.566606, 57.81083 ], [ -8.566222, 57.81057 ], [ -8.565755, 57.8106 ], [ -8.565483, 57.81044 ], [ -8.565192, 57.810431 ], [ -8.564158, 57.809968 ], [ -8.563164, 57.809871 ], [ -8.563139, 57.809807 ], [ -8.562991, 57.809848 ], [ -8.56328, 57.810098 ], [ -8.562911, 57.810126 ], [ -8.562761, 57.81029 ], [ -8.562567, 57.810287 ], [ -8.561741, 57.809767 ], [ -8.561427, 57.809681 ], [ -8.560002, 57.808744 ], [ -8.559156, 57.808882 ], [ -8.558397, 57.808815 ], [ -8.558015, 57.808904 ], [ -8.557198, 57.808896 ], [ -8.556581, 57.809059 ], [ -8.556382, 57.809268 ], [ -8.556217, 57.809184 ], [ -8.556065, 57.809235 ], [ -8.555906, 57.809318 ], [ -8.555959, 57.809402 ], [ -8.554517, 57.810198 ], [ -8.553697, 57.810278 ], [ -8.553414, 57.810703 ], [ -8.552933, 57.810865 ], [ -8.552198, 57.810965 ], [ -8.552195, 57.811152 ], [ -8.5516, 57.811233 ], [ -8.551365, 57.811177 ], [ -8.550849, 57.811278 ], [ -8.54963, 57.812479 ], [ -8.549617, 57.812617 ], [ -8.550474, 57.812914 ], [ -8.551311, 57.813716 ], [ -8.551882, 57.814047 ], [ -8.551959, 57.814572 ], [ -8.552534, 57.814996 ], [ -8.552643, 57.815183 ], [ -8.553438, 57.815416 ], [ -8.553842, 57.815786 ], [ -8.554899, 57.816428 ], [ -8.554968, 57.816605 ], [ -8.555249, 57.816777 ], [ -8.555299, 57.816993 ], [ -8.5556, 57.817003 ], [ -8.55636, 57.817212 ], [ -8.556918, 57.817612 ], [ -8.557341, 57.81754 ], [ -8.557609, 57.817371 ], [ -8.558595, 57.817388 ], [ -8.558712, 57.817482 ], [ -8.558546, 57.817527 ], [ -8.558544, 57.817652 ], [ -8.558756, 57.818011 ], [ -8.558945, 57.818121 ], [ -8.559504, 57.817893 ], [ -8.55982, 57.817858 ], [ -8.560261, 57.818083 ], [ -8.560528, 57.818412 ], [ -8.559978, 57.819082 ], [ -8.56026, 57.819518 ], [ -8.5602, 57.819667 ], [ -8.560479, 57.819764 ], [ -8.560479, 57.81959 ], [ -8.560662, 57.819469 ], [ -8.560878, 57.819461 ], [ -8.561626, 57.819773 ], [ -8.561248, 57.82002 ], [ -8.561262, 57.820162 ], [ -8.560706, 57.820732 ], [ -8.560802, 57.820783 ], [ -8.560732, 57.820942 ], [ -8.561334, 57.820715 ], [ -8.561564, 57.820405 ], [ -8.562605, 57.820059 ], [ -8.56285, 57.820102 ], [ -8.563472, 57.820477 ], [ -8.563985, 57.820575 ], [ -8.564142, 57.820819 ], [ -8.565087, 57.820866 ], [ -8.564943, 57.821166 ], [ -8.564468, 57.82143 ], [ -8.564532, 57.821629 ], [ -8.564226, 57.822083 ], [ -8.564012, 57.822209 ], [ -8.56399, 57.822565 ], [ -8.5636, 57.823089 ], [ -8.564042, 57.823632 ], [ -8.565972, 57.824178 ], [ -8.566393, 57.824405 ], [ -8.566458, 57.824557 ], [ -8.566354, 57.824668 ], [ -8.564781, 57.825359 ], [ -8.564813, 57.82547 ], [ -8.565107, 57.82551 ], [ -8.565355, 57.825777 ], [ -8.565611, 57.825814 ], [ -8.567208, 57.825594 ], [ -8.568319, 57.825337 ], [ -8.569092, 57.825067 ], [ -8.570105, 57.824479 ], [ -8.570592, 57.823907 ], [ -8.570481, 57.823639 ], [ -8.570021, 57.823507 ], [ -8.570141, 57.823277 ], [ -8.570588, 57.823136 ], [ -8.571505, 57.822665 ], [ -8.572005, 57.822677 ], [ -8.57258, 57.822553 ], [ -8.573234, 57.822793 ], [ -8.573838, 57.823303 ], [ -8.574615, 57.823368 ], [ -8.575324, 57.823636 ], [ -8.575331, 57.823946 ], [ -8.575778, 57.823668 ], [ -8.576418, 57.823828 ], [ -8.577685, 57.823774 ], [ -8.578255, 57.823284 ], [ -8.578737, 57.82306 ], [ -8.579187, 57.823136 ], [ -8.579448, 57.823408 ], [ -8.579375, 57.823692 ], [ -8.579544, 57.823727 ], [ -8.579645, 57.823666 ], [ -8.579683, 57.823807 ], [ -8.579811, 57.823825 ], [ -8.581025, 57.823382 ], [ -8.581492, 57.823383 ], [ -8.581759, 57.823549 ], [ -8.581875, 57.824557 ], [ -8.582568, 57.824738 ], [ -8.582809, 57.825037 ], [ -8.583239, 57.825207 ], [ -8.583534, 57.82549 ], [ -8.584208, 57.825567 ], [ -8.585129, 57.825432 ], [ -8.585217, 57.825365 ], [ -8.58693, 57.825164 ], [ -8.587209, 57.825193 ], [ -8.587707, 57.825329 ], [ -8.588547, 57.825733 ], [ -8.588615, 57.825835 ], [ -8.588398, 57.826145 ], [ -8.588473, 57.826215 ], [ -8.589103, 57.82571 ], [ -8.589574, 57.825698 ], [ -8.589974, 57.825776 ], [ -8.58988, 57.826142 ], [ -8.590286, 57.826488 ], [ -8.59045, 57.826504 ], [ -8.59106, 57.826093 ], [ -8.592376, 57.825458 ], [ -8.592381, 57.825558 ], [ -8.59191, 57.825769 ], [ -8.591921, 57.825899 ], [ -8.592073, 57.825916 ], [ -8.592433, 57.825772 ], [ -8.593194, 57.825776 ], [ -8.592896, 57.825985 ], [ -8.592944, 57.826455 ], [ -8.592735, 57.82677 ], [ -8.592921, 57.826835 ], [ -8.592949, 57.826989 ], [ -8.593273, 57.827059 ], [ -8.594754, 57.826603 ], [ -8.594721, 57.82639 ], [ -8.595057, 57.825965 ], [ -8.594863, 57.825633 ], [ -8.594975, 57.825142 ], [ -8.5948, 57.825036 ], [ -8.594466, 57.825187 ], [ -8.594442, 57.824903 ], [ -8.595084, 57.82416 ], [ -8.594949, 57.823763 ], [ -8.595139, 57.823442 ], [ -8.59508, 57.823153 ], [ -8.595568, 57.822555 ], [ -8.595682, 57.822126 ], [ -8.596213, 57.821626 ], [ -8.59608, 57.821577 ], [ -8.595948, 57.821739 ], [ -8.595664, 57.821823 ], [ -8.59572, 57.821515 ], [ -8.596035, 57.8213 ], [ -8.595822, 57.820546 ], [ -8.596008, 57.820474 ], [ -8.596073, 57.820626 ], [ -8.596425, 57.820645 ], [ -8.597011, 57.820571 ], [ -8.597023, 57.820727 ], [ -8.597273, 57.820711 ], [ -8.597917, 57.82046 ], [ -8.597843, 57.820256 ], [ -8.597965, 57.820054 ], [ -8.598377, 57.819898 ], [ -8.598468, 57.819991 ], [ -8.598643, 57.819979 ], [ -8.59858, 57.820104 ], [ -8.598772, 57.820082 ], [ -8.599644, 57.820428 ], [ -8.602196, 57.820805 ], [ -8.60228, 57.820894 ], [ -8.602176, 57.82128 ], [ -8.602883, 57.821359 ], [ -8.602821, 57.821558 ], [ -8.603136, 57.821757 ], [ -8.603068, 57.822189 ], [ -8.603327, 57.822395 ], [ -8.603666, 57.822139 ], [ -8.604019, 57.822049 ], [ -8.603975, 57.822574 ], [ -8.604078, 57.82267 ], [ -8.603956, 57.822804 ], [ -8.604092, 57.822813 ], [ -8.604597, 57.822529 ], [ -8.604533, 57.822845 ], [ -8.604776, 57.822902 ], [ -8.605471, 57.822416 ], [ -8.605771, 57.822496 ], [ -8.605727, 57.82283 ], [ -8.605942, 57.822867 ], [ -8.605786, 57.823529 ], [ -8.605968, 57.823503 ], [ -8.606113, 57.82374 ], [ -8.60652, 57.823618 ], [ -8.60692, 57.823757 ], [ -8.60701, 57.82396 ], [ -8.607712, 57.824466 ], [ -8.607972, 57.824581 ], [ -8.608289, 57.824577 ], [ -8.608347, 57.824794 ], [ -8.608683, 57.824856 ], [ -8.609454, 57.825253 ], [ -8.608962, 57.825471 ], [ -8.608818, 57.826006 ], [ -8.608933, 57.826098 ], [ -8.60881, 57.826213 ], [ -8.609112, 57.826963 ], [ -8.609326, 57.826944 ], [ -8.609555, 57.827067 ], [ -8.609697, 57.827388 ], [ -8.610212, 57.827727 ], [ -8.610587, 57.827533 ], [ -8.610817, 57.827518 ], [ -8.610963, 57.827615 ], [ -8.610926, 57.827831 ], [ -8.611094, 57.827927 ], [ -8.611316, 57.827963 ], [ -8.611915, 57.827872 ], [ -8.613686, 57.828124 ], [ -8.615112, 57.828067 ], [ -8.615242, 57.828344 ], [ -8.615744, 57.82841 ], [ -8.617176, 57.828024 ], [ -8.617567, 57.82742 ], [ -8.617511, 57.827064 ], [ -8.617281, 57.826947 ], [ -8.617091, 57.827147 ], [ -8.617016, 57.82697 ], [ -8.617617, 57.825214 ], [ -8.61746, 57.824873 ], [ -8.617184, 57.824771 ], [ -8.617406, 57.824296 ], [ -8.617377, 57.824088 ], [ -8.616843, 57.823665 ], [ -8.616743, 57.823356 ], [ -8.616484, 57.823278 ], [ -8.616088, 57.823275 ], [ -8.615889, 57.822791 ], [ -8.615005, 57.82258 ], [ -8.614991, 57.822219 ], [ -8.614888, 57.82216 ], [ -8.614588, 57.822359 ], [ -8.61397, 57.822546 ], [ -8.613364, 57.823042 ], [ -8.613079, 57.822939 ], [ -8.613188, 57.822768 ], [ -8.612722, 57.822796 ], [ -8.612085, 57.822661 ], [ -8.611908, 57.822732 ], [ -8.611851, 57.822507 ], [ -8.612117, 57.822204 ], [ -8.612189, 57.821766 ], [ -8.612463, 57.821721 ], [ -8.612406, 57.821614 ], [ -8.61219, 57.821638 ], [ -8.611983, 57.821509 ] ] ] ] } },
{ "type": "Feature", "properties": { "NAME": "St Kilda" }, "geometry": { "type": "MultiPolygon", "coordinates": [ [ [ [ -8.62001, 57.827842 ], [ -8.619989, 57.827896 ], [ -8.620122, 57.827888 ], [ -8.62001, 57.827842 ] ] ] ] } },
{ "type": "Feature", "properties": { "NAME": "St Kilda" }, "geometry": { "type": "MultiPolygon", "coordinates": [ [ [ [ -8.619756, 57.827518 ], [ -8.619673, 57.827551 ], [ -8.619724, 57.827645 ], [ -8.619801, 57.827623 ], [ -8.619756, 57.827518 ] ] ] ] } },
{ "type": "Feature", "properties": { "NAME": "St Kilda" }, "geometry": { "type": "MultiPolygon", "coordinates": [ [ [ [ -8.624283, 57.826685 ], [ -8.624199, 57.826723 ], [ -8.624219, 57.826818 ], [ -8.624469, 57.82675 ], [ -8.624283, 57.826685 ] ] ] ] } },
{ "type": "Feature", "properties": { "NAME": "St Kilda" }, "geometry": { "type": "MultiPolygon", "coordinates": [ [ [ [ -8.624592, 57.826721 ], [ -8.624607, 57.82677 ], [ -8.624692, 57.826764 ], [ -8.624592, 57.826721 ] ] ] ] } },
{ "type": "Feature", "properties": { "NAME": "St Kilda" }, "geometry": { "type": "MultiPolygon", "coordinates": [ [ [ [ -8.624861, 57.826588 ], [ -8.624796, 57.826651 ], [ -8.624881, 57.826698 ], [ -8.624917, 57.826647 ], [ -8.624861, 57.826588 ] ] ] ] } },
{ "type": "Feature", "properties": { "NAME": "St Kilda" }, "geometry": { "type": "MultiPolygon", "coordinates": [ [ [ [ -8.625067, 57.826612 ], [ -8.625097, 57.826641 ], [ -8.625161, 57.826609 ], [ -8.625067, 57.826612 ] ] ] ] } },
{ "type": "Feature", "properties": { "NAME": "St Kilda" }, "geometry": { "type": "MultiPolygon", "coordinates": [ [ [ [ -8.624583, 57.826522 ], [ -8.624417, 57.826564 ], [ -8.624416, 57.826596 ], [ -8.624561, 57.826601 ], [ -8.624583, 57.826522 ] ] ] ] } },
{ "type": "Feature", "properties": { "NAME": "St Kilda" }, "geometry": { "type": "MultiPolygon", "coordinates": [ [ [ [ -8.617768, 57.826658 ], [ -8.617574, 57.826835 ], [ -8.61766, 57.826952 ], [ -8.61785, 57.826802 ], [ -8.617768, 57.826658 ] ] ] ] } },
{ "type": "Feature", "properties": { "NAME": "St Kilda" }, "geometry": { "type": "MultiPolygon", "coordinates": [ [ [ [ -8.624923, 57.826528 ], [ -8.624938, 57.826558 ], [ -8.625034, 57.826536 ], [ -8.624923, 57.826528 ] ] ] ] } },
{ "type": "Feature", "properties": { "NAME": "St Kilda" }, "geometry": { "type": "MultiPolygon", "coordinates": [ [ [ [ -8.624694, 57.826478 ], [ -8.624688, 57.826548 ], [ -8.624798, 57.826498 ], [ -8.624694, 57.826478 ] ] ] ] } },
{ "type": "Feature", "properties": { "NAME": "St Kilda" }, "geometry": { "type": "MultiPolygon", "coordinates": [ [ [ [ -8.626306, 57.826394 ], [ -8.626333, 57.826442 ], [ -8.626492, 57.826434 ], [ -8.626306, 57.826394 ] ] ] ] } },
{ "type": "Feature", "properties": { "NAME": "St Kilda" }, "geometry": { "type": "MultiPolygon", "coordinates": [ [ [ [ -8.62556, 57.825846 ], [ -8.625407, 57.825947 ], [ -8.625491, 57.826024 ], [ -8.625637, 57.825917 ], [ -8.62556, 57.825846 ] ] ] ] } },
{ "type": "Feature", "properties": { "NAME": "St Kilda" }, "geometry": { "type": "MultiPolygon", "coordinates": [ [ [ [ -8.624872, 57.82552 ], [ -8.62461, 57.825561 ], [ -8.624433, 57.825727 ], [ -8.624432, 57.825791 ], [ -8.624864, 57.825944 ], [ -8.625571, 57.82571 ], [ -8.625558, 57.825652 ], [ -8.625398, 57.825716 ], [ -8.625245, 57.825583 ], [ -8.624872, 57.82552 ] ] ] ] } },
{ "type": "Feature", "properties": { "NAME": "St Kilda" }, "geometry": { "type": "MultiPolygon", "coordinates": [ [ [ [ -8.642388, 57.823921 ], [ -8.642276, 57.823976 ], [ -8.642487, 57.824191 ], [ -8.642615, 57.824123 ], [ -8.642388, 57.823921 ] ] ] ] } },
{ "type": "Feature", "properties": { "NAME": "St Kilda" }, "geometry": { "type": "MultiPolygon", "coordinates": [ [ [ [ -8.595055, 57.826529 ], [ -8.594907, 57.826589 ], [ -8.594971, 57.826669 ], [ -8.595077, 57.826642 ], [ -8.595055, 57.826529 ] ] ] ] } },
{ "type": "Feature", "properties": { "NAME": "St Kilda" }, "geometry": { "type": "MultiPolygon", "coordinates": [ [ [ [ -8.631841, 57.824658 ], [ -8.631906, 57.824682 ], [ -8.631951, 57.824628 ], [ -8.631841, 57.824658 ] ] ] ] } },
{ "type": "Feature", "properties": { "NAME": "St Kilda" }, "geometry": { "type": "MultiPolygon", "coordinates": [ [ [ [ -8.610245, 57.815095 ], [ -8.610202, 57.815148 ], [ -8.61035, 57.815193 ], [ -8.610382, 57.815152 ], [ -8.610245, 57.815095 ] ] ] ] } },
{ "type": "Feature", "properties": { "NAME": "St Kilda" }, "geometry": { "type": "MultiPolygon", "coordinates": [ [ [ [ -8.608594, 57.814753 ], [ -8.608536, 57.814819 ], [ -8.608611, 57.814861 ], [ -8.608708, 57.814797 ], [ -8.608594, 57.814753 ] ] ] ] } },
{ "type": "Feature", "properties": { "NAME": "St Kilda" }, "geometry": { "type": "MultiPolygon", "coordinates": [ [ [ [ -8.608939, 57.814747 ], [ -8.608836, 57.814774 ], [ -8.608854, 57.814822 ], [ -8.608954, 57.814809 ], [ -8.608939, 57.814747 ] ] ] ] } },
{ "type": "Feature", "properties": { "NAME": "St Kilda" }, "geometry": { "type": "MultiPolygon", "coordinates": [ [ [ [ -8.608859, 57.814661 ], [ -8.608978, 57.814689 ], [ -8.608993, 57.814633 ], [ -8.608859, 57.814661 ] ] ] ] } },
{ "type": "Feature", "properties": { "NAME": "St Kilda" }, "geometry": { "type": "MultiPolygon", "coordinates": [ [ [ [ -8.60865, 57.814652 ], [ -8.608754, 57.814681 ], [ -8.608769, 57.814611 ], [ -8.60865, 57.814652 ] ] ] ] } },
{ "type": "Feature", "properties": { "NAME": "St Kilda" }, "geometry": { "type": "MultiPolygon", "coordinates": [ [ [ [ -8.608415, 57.824867 ], [ -8.608376, 57.824928 ], [ -8.608502, 57.824957 ], [ -8.608526, 57.824926 ], [ -8.608415, 57.824867 ] ] ] ] } },
{ "type": "Feature", "properties": { "NAME": "St Kilda" }, "geometry": { "type": "MultiPolygon", "coordinates": [ [ [ [ -8.585318, 57.825487 ], [ -8.584987, 57.825688 ], [ -8.585138, 57.825943 ], [ -8.585273, 57.825844 ], [ -8.585318, 57.825487 ] ] ] ] } },
{ "type": "Feature", "properties": { "NAME": "St Kilda" }, "geometry": { "type": "MultiPolygon", "coordinates": [ [ [ [ -8.586866, 57.8256 ], [ -8.586756, 57.825714 ], [ -8.58693, 57.825732 ], [ -8.586932, 57.825673 ], [ -8.586866, 57.8256 ] ] ] ] } },
{ "type": "Feature", "properties": { "NAME": "St Kilda" }, "geometry": { "type": "MultiPolygon", "coordinates": [ [ [ [ -8.58629, 57.82538 ], [ -8.586135, 57.825518 ], [ -8.5862, 57.825556 ], [ -8.586467, 57.825443 ], [ -8.58629, 57.82538 ] ] ] ] } },
{ "type": "Feature", "properties": { "NAME": "St Kilda" }, "geometry": { "type": "MultiPolygon", "coordinates": [ [ [ [ -8.607089, 57.824399 ], [ -8.607194, 57.824436 ], [ -8.607233, 57.824382 ], [ -8.607089, 57.824399 ] ] ] ] } },
{ "type": "Feature", "properties": { "NAME": "St Kilda" }, "geometry": { "type": "MultiPolygon", "coordinates": [ [ [ [ -8.565855, 57.825948 ], [ -8.565569, 57.826123 ], [ -8.565489, 57.826294 ], [ -8.565806, 57.826441 ], [ -8.566733, 57.826448 ], [ -8.56742, 57.826082 ], [ -8.56719, 57.825925 ], [ -8.565855, 57.825948 ] ] ] ] } },
{ "type": "Feature", "properties": { "NAME": "St Kilda" }, "geometry": { "type": "MultiPolygon", "coordinates": [ [ [ [ -8.565205, 57.826179 ], [ -8.565332, 57.826231 ], [ -8.565373, 57.826152 ], [ -8.565205, 57.826179 ] ] ] ] } },
{ "type": "Feature", "properties": { "NAME": "St Kilda" }, "geometry": { "type": "MultiPolygon", "coordinates": [ [ [ [ -8.606656, 57.823985 ], [ -8.606735, 57.824033 ], [ -8.606868, 57.823988 ], [ -8.606656, 57.823985 ] ] ] ] } },
{ "type": "Feature", "properties": { "NAME": "St Kilda" }, "geometry": { "type": "MultiPolygon", "coordinates": [ [ [ [ -8.577679, 57.824871 ], [ -8.577532, 57.824936 ], [ -8.577486, 57.825222 ], [ -8.577847, 57.825186 ], [ -8.577821, 57.824993 ], [ -8.577949, 57.824909 ], [ -8.577679, 57.824871 ] ] ] ] } },
{ "type": "Feature", "properties": { "NAME": "St Kilda" }, "geometry": { "type": "MultiPolygon", "coordinates": [ [ [ [ -8.61676, 57.822768 ], [ -8.616488, 57.822869 ], [ -8.616573, 57.823148 ], [ -8.616654, 57.82304 ], [ -8.616871, 57.822987 ], [ -8.61676, 57.822768 ] ] ] ] } },
{ "type": "Feature", "properties": { "NAME": "St Kilda" }, "geometry": { "type": "MultiPolygon", "coordinates": [ [ [ [ -8.580899, 57.823776 ], [ -8.578882, 57.824398 ], [ -8.578478, 57.824701 ], [ -8.578483, 57.824798 ], [ -8.578637, 57.82487 ], [ -8.57925, 57.824874 ], [ -8.57989, 57.82474 ], [ -8.580298, 57.824523 ], [ -8.580967, 57.823883 ], [ -8.580899, 57.823776 ] ] ] ] } },
{ "type": "Feature", "properties": { "NAME": "St Kilda" }, "geometry": { "type": "MultiPolygon", "coordinates": [ [ [ [ -8.577904, 57.824701 ], [ -8.578055, 57.824759 ], [ -8.578069, 57.824702 ], [ -8.577904, 57.824701 ] ] ] ] } },
{ "type": "Feature", "properties": { "NAME": "Loch Maree Islands" }, "geometry": { "type": "MultiPolygon", "coordinates": [ [ [ [ -5.51109, 57.691432 ], [ -5.511075, 57.691574 ], [ -5.51122, 57.691673 ], [ -5.511594, 57.691701 ], [ -5.51181, 57.691645 ], [ -5.511683, 57.691438 ], [ -5.51109, 57.691432 ] ] ] ] } },
{ "type": "Feature", "properties": { "NAME": "Loch Maree Islands" }, "geometry": { "type": "MultiPolygon", "coordinates": [ [ [ [ -5.498231, 57.687657 ], [ -5.49808, 57.687875 ], [ -5.497294, 57.68797 ], [ -5.496513, 57.688293 ], [ -5.495885, 57.689125 ], [ -5.495972, 57.689317 ], [ -5.496438, 57.689401 ], [ -5.496914, 57.689671 ], [ -5.497278, 57.689772 ], [ -5.497752, 57.689768 ], [ -5.498036, 57.689658 ], [ -5.498649, 57.689035 ], [ -5.498393, 57.688704 ], [ -5.498625, 57.6886 ], [ -5.498609, 57.688531 ], [ -5.498017, 57.688483 ], [ -5.497987, 57.688349 ], [ -5.49921, 57.687954 ], [ -5.49851, 57.687682 ], [ -5.498231, 57.687657 ] ] ] ] } },
{ "type": "Feature", "properties": { "NAME": "Loch Maree Islands" }, "geometry": { "type": "MultiPolygon", "coordinates": [ [ [ [ -5.469089, 57.68733 ], [ -5.468493, 57.687578 ], [ -5.468012, 57.68761 ], [ -5.467651, 57.687844 ], [ -5.466431, 57.687473 ], [ -5.466031, 57.687608 ], [ -5.466018, 57.687684 ], [ -5.466171, 57.687812 ], [ -5.46621, 57.688057 ], [ -5.466624, 57.68807 ], [ -5.466749, 57.688161 ], [ -5.466555, 57.688455 ], [ -5.466605, 57.688556 ], [ -5.466845, 57.688585 ], [ -5.466984, 57.688354 ], [ -5.467348, 57.688255 ], [ -5.467921, 57.688455 ], [ -5.467996, 57.68871 ], [ -5.468568, 57.688997 ], [ -5.468568, 57.689315 ], [ -5.46886, 57.689364 ], [ -5.469027, 57.689478 ], [ -5.469584, 57.689501 ], [ -5.46963, 57.689564 ], [ -5.468492, 57.689836 ], [ -5.468302, 57.690068 ], [ -5.468448, 57.690277 ], [ -5.469655, 57.690352 ], [ -5.469952, 57.690293 ], [ -5.470222, 57.690118 ], [ -5.470457, 57.689571 ], [ -5.471018, 57.689005 ], [ -5.470854, 57.688812 ], [ -5.471248, 57.688613 ], [ -5.471611, 57.687933 ], [ -5.471052, 57.687459 ], [ -5.469848, 57.687625 ], [ -5.469411, 57.687377 ], [ -5.469089, 57.68733 ] ] ] ] } },
{ "type": "Feature", "properties": { "NAME": "Loch Maree Islands" }, "geometry": { "type": "MultiPolygon", "coordinates": [ [ [ [ -5.507784, 57.68696 ], [ -5.506887, 57.687332 ], [ -5.506414, 57.687438 ], [ -5.506855, 57.687444 ], [ -5.507087, 57.68734 ], [ -5.507497, 57.687294 ], [ -5.507594, 57.687139 ], [ -5.507937, 57.687067 ], [ -5.507784, 57.68696 ] ] ] ] } },
{ "type": "Feature", "properties": { "NAME": "Loch Maree Islands" }, "geometry": { "type": "MultiPolygon", "coordinates": [ [ [ [ -5.504782, 57.687143 ], [ -5.504633, 57.687434 ], [ -5.504705, 57.687501 ], [ -5.504908, 57.687459 ], [ -5.504974, 57.687248 ], [ -5.50493, 57.687148 ], [ -5.504782, 57.687143 ] ] ] ] } },
{ "type": "Feature", "properties": { "NAME": "Loch Maree Islands" }, "geometry": { "type": "MultiPolygon", "coordinates": [ [ [ [ -5.496977, 57.686299 ], [ -5.496363, 57.686473 ], [ -5.496071, 57.687111 ], [ -5.496127, 57.687341 ], [ -5.496355, 57.687557 ], [ -5.496626, 57.687669 ], [ -5.496973, 57.687692 ], [ -5.497271, 57.687642 ], [ -5.497595, 57.68724 ], [ -5.498223, 57.687033 ], [ -5.498442, 57.686795 ], [ -5.49835, 57.68665 ], [ -5.497915, 57.686435 ], [ -5.496977, 57.686299 ] ] ] ] } },
{ "type": "Feature", "properties": { "NAME": "Loch Maree Islands" }, "geometry": { "type": "MultiPolygon", "coordinates": [ [ [ [ -5.50602, 57.686543 ], [ -5.505596, 57.686625 ], [ -5.505321, 57.687088 ], [ -5.505105, 57.687178 ], [ -5.505371, 57.687335 ], [ -5.505795, 57.687429 ], [ -5.506302, 57.68736 ], [ -5.506629, 57.686983 ], [ -5.506608, 57.686766 ], [ -5.50602, 57.686543 ] ] ] ] } },
{ "type": "Feature", "properties": { "NAME": "Loch Maree Islands" }, "geometry": { "type": "MultiPolygon", "coordinates": [ [ [ [ -5.494448, 57.699001 ], [ -5.494143, 57.699078 ], [ -5.49357, 57.699031 ], [ -5.493381, 57.699143 ], [ -5.493293, 57.699288 ], [ -5.493408, 57.699576 ], [ -5.493245, 57.699635 ], [ -5.493424, 57.6998 ], [ -5.494465, 57.699604 ], [ -5.494562, 57.69933 ], [ -5.494448, 57.699001 ] ] ] ] } },
{ "type": "Feature", "properties": { "NAME": "Loch Maree Islands" }, "geometry": { "type": "MultiPolygon", "coordinates": [ [ [ [ -5.495468, 57.698742 ], [ -5.495228, 57.698804 ], [ -5.495052, 57.699053 ], [ -5.495046, 57.699204 ], [ -5.495235, 57.699358 ], [ -5.49585, 57.699305 ], [ -5.496025, 57.699048 ], [ -5.495869, 57.698814 ], [ -5.495468, 57.698742 ] ] ] ] } },
{ "type": "Feature", "properties": { "NAME": "Loch Maree Islands" }, "geometry": { "type": "MultiPolygon", "coordinates": [ [ [ [ -5.524683, 57.698471 ], [ -5.524845, 57.698446 ], [ -5.524736, 57.698388 ], [ -5.524683, 57.698471 ] ] ] ] } },
{ "type": "Feature", "properties": { "NAME": "Corrieshalloch Gorge" }, "geometry": { "type": "MultiPolygon", "coordinates": [ [ [ [ -5.014027, 57.753058 ], [ -5.01365, 57.753165 ], [ -5.014212, 57.753475 ], [ -5.016034, 57.753682 ], [ -5.018496, 57.754483 ], [ -5.019456, 57.754955 ], [ -5.021876, 57.756553 ], [ -5.022786, 57.756971 ], [ -5.024378, 57.757546 ], [ -5.025195, 57.758037 ], [ -5.025135, 57.758276 ], [ -5.025267, 57.75848 ], [ -5.025114, 57.758796 ], [ -5.025501, 57.759155 ], [ -5.026055, 57.759455 ], [ -5.02992, 57.760654 ], [ -5.031941, 57.76151 ], [ -5.032524, 57.761392 ], [ -5.026347, 57.758952 ], [ -5.026228, 57.758836 ], [ -5.026448, 57.758376 ], [ -5.02594, 57.757567 ], [ -5.024877, 57.75728 ], [ -5.023697, 57.756662 ], [ -5.022334, 57.756168 ], [ -5.019636, 57.754435 ], [ -5.018575, 57.754009 ], [ -5.016997, 57.753585 ], [ -5.016256, 57.753201 ], [ -5.014698, 57.753204 ], [ -5.014027, 57.753058 ] ] ] ] } },
{ "type": "Feature", "properties": { "NAME": "Loch Maree Islands" }, "geometry": { "type": "MultiPolygon", "coordinates": [ [ [ [ -5.525202, 57.697883 ], [ -5.525098, 57.697706 ], [ -5.524832, 57.697634 ], [ -5.524399, 57.697879 ], [ -5.524465, 57.698054 ], [ -5.524953, 57.698161 ], [ -5.525469, 57.698433 ], [ -5.525449, 57.698562 ], [ -5.52502, 57.698549 ], [ -5.524901, 57.698595 ], [ -5.524913, 57.698722 ], [ -5.524482, 57.698813 ], [ -5.524658, 57.699062 ], [ -5.524206, 57.699577 ], [ -5.524305, 57.700164 ], [ -5.524583, 57.700318 ], [ -5.524838, 57.70028 ], [ -5.525053, 57.700033 ], [ -5.525764, 57.700152 ], [ -5.525388, 57.700855 ], [ -5.52542, 57.701773 ], [ -5.525178, 57.701865 ], [ -5.525565, 57.702172 ], [ -5.52573, 57.702676 ], [ -5.526158, 57.702898 ], [ -5.52564, 57.702813 ], [ -5.525588, 57.702865 ], [ -5.526711, 57.703596 ], [ -5.526711, 57.703727 ], [ -5.52649, 57.703832 ], [ -5.526574, 57.703886 ], [ -5.527013, 57.704054 ], [ -5.527461, 57.704116 ], [ -5.528067, 57.704505 ], [ -5.528452, 57.704597 ], [ -5.529068, 57.704551 ], [ -5.529363, 57.704395 ], [ -5.529817, 57.704322 ], [ -5.531033, 57.70373 ], [ -5.531226, 57.702996 ], [ -5.531926, 57.702598 ], [ -5.533324, 57.70252 ], [ -5.534095, 57.702379 ], [ -5.535387, 57.70182 ], [ -5.535543, 57.701183 ], [ -5.535707, 57.70104 ], [ -5.536376, 57.700862 ], [ -5.53777, 57.700682 ], [ -5.538023, 57.700502 ], [ -5.538044, 57.700105 ], [ -5.53765, 57.70006 ], [ -5.536693, 57.700193 ], [ -5.536612, 57.700446 ], [ -5.536366, 57.700562 ], [ -5.535673, 57.700553 ], [ -5.53515, 57.700268 ], [ -5.535041, 57.700101 ], [ -5.535049, 57.699708 ], [ -5.534871, 57.699374 ], [ -5.535266, 57.699087 ], [ -5.535128, 57.698621 ], [ -5.534783, 57.698532 ], [ -5.532049, 57.697088 ], [ -5.53055, 57.696597 ], [ -5.530314, 57.696349 ], [ -5.529892, 57.696148 ], [ -5.529107, 57.696213 ], [ -5.528803, 57.696416 ], [ -5.528704, 57.696609 ], [ -5.52831, 57.696638 ], [ -5.52787, 57.696318 ], [ -5.528339, 57.696114 ], [ -5.528417, 57.69597 ], [ -5.528251, 57.69582 ], [ -5.527901, 57.695822 ], [ -5.527846, 57.695665 ], [ -5.527411, 57.69567 ], [ -5.526992, 57.695561 ], [ -5.526743, 57.695713 ], [ -5.526761, 57.696101 ], [ -5.52729, 57.696182 ], [ -5.527283, 57.696589 ], [ -5.527758, 57.696788 ], [ -5.527717, 57.696916 ], [ -5.527504, 57.696964 ], [ -5.525887, 57.696546 ], [ -5.525649, 57.696546 ], [ -5.525432, 57.696661 ], [ -5.525808, 57.696959 ], [ -5.526102, 57.696996 ], [ -5.526271, 57.697172 ], [ -5.526577, 57.697199 ], [ -5.526766, 57.697307 ], [ -5.526462, 57.697577 ], [ -5.526188, 57.69768 ], [ -5.526465, 57.697944 ], [ -5.526395, 57.698112 ], [ -5.525202, 57.697883 ] ] ] ] } },
{ "type": "Feature", "properties": { "NAME": "Loch Maree Islands" }, "geometry": { "type": "MultiPolygon", "coordinates": [ [ [ [ -5.510712, 57.702609 ], [ -5.51055, 57.702679 ], [ -5.510442, 57.702898 ], [ -5.51096, 57.703 ], [ -5.511009, 57.702761 ], [ -5.510712, 57.702609 ] ] ] ] } },
{ "type": "Feature", "properties": { "NAME": "Loch Maree Islands" }, "geometry": { "type": "MultiPolygon", "coordinates": [ [ [ [ -5.507976, 57.701182 ], [ -5.507918, 57.701244 ], [ -5.508205, 57.701374 ], [ -5.508232, 57.701235 ], [ -5.507976, 57.701182 ] ] ] ] } },
{ "type": "Feature", "properties": { "NAME": "Loch Maree Islands" }, "geometry": { "type": "MultiPolygon", "coordinates": [ [ [ [ -5.513092, 57.698609 ], [ -5.512881, 57.698791 ], [ -5.512541, 57.69885 ], [ -5.512411, 57.698976 ], [ -5.51172, 57.698863 ], [ -5.511272, 57.699021 ], [ -5.511286, 57.6991 ], [ -5.511588, 57.699413 ], [ -5.511791, 57.699851 ], [ -5.512378, 57.700099 ], [ -5.512146, 57.700129 ], [ -5.511956, 57.700276 ], [ -5.512059, 57.700512 ], [ -5.512398, 57.700691 ], [ -5.513343, 57.70088 ], [ -5.51413, 57.700898 ], [ -5.514564, 57.700595 ], [ -5.514394, 57.700308 ], [ -5.513211, 57.700218 ], [ -5.513292, 57.700094 ], [ -5.513863, 57.699929 ], [ -5.514011, 57.699733 ], [ -5.513235, 57.699254 ], [ -5.513644, 57.699203 ], [ -5.513843, 57.699085 ], [ -5.513813, 57.69897 ], [ -5.514013, 57.698931 ], [ -5.513092, 57.698609 ] ] ] ] } },
{ "type": "Feature", "properties": { "NAME": "Loch Maree Islands" }, "geometry": { "type": "MultiPolygon", "coordinates": [ [ [ [ -5.506916, 57.700394 ], [ -5.506915, 57.700468 ], [ -5.507211, 57.70052 ], [ -5.507154, 57.700431 ], [ -5.506916, 57.700394 ] ] ] ] } },
{ "type": "Feature", "properties": { "NAME": "Loch Maree Islands" }, "geometry": { "type": "MultiPolygon", "coordinates": [ [ [ [ -5.472895, 57.687344 ], [ -5.472449, 57.687418 ], [ -5.471868, 57.687404 ], [ -5.47181, 57.687487 ], [ -5.471933, 57.687611 ], [ -5.472492, 57.687655 ], [ -5.47293, 57.687446 ], [ -5.472895, 57.687344 ] ] ] ] } },
{ "type": "Feature", "properties": { "NAME": "Loch Maree Islands" }, "geometry": { "type": "MultiPolygon", "coordinates": [ [ [ [ -5.467527, 57.68707 ], [ -5.467287, 57.687309 ], [ -5.467962, 57.687198 ], [ -5.468019, 57.687048 ], [ -5.467527, 57.68707 ] ] ] ] } },
{ "type": "Feature", "properties": { "NAME": "Loch Maree Islands" }, "geometry": { "type": "MultiPolygon", "coordinates": [ [ [ [ -5.470427, 57.687096 ], [ -5.470477, 57.687194 ], [ -5.470809, 57.687136 ], [ -5.470769, 57.687086 ], [ -5.470427, 57.687096 ] ] ] ] } },
{ "type": "Feature", "properties": { "NAME": "Loch Maree Islands" }, "geometry": { "type": "MultiPolygon", "coordinates": [ [ [ [ -5.47801, 57.686283 ], [ -5.477744, 57.686392 ], [ -5.477695, 57.686793 ], [ -5.477831, 57.686878 ], [ -5.478315, 57.686851 ], [ -5.478771, 57.68669 ], [ -5.47872, 57.686321 ], [ -5.47801, 57.686283 ] ] ] ] } },
{ "type": "Feature", "properties": { "NAME": "Loch Maree Islands" }, "geometry": { "type": "MultiPolygon", "coordinates": [ [ [ [ -5.464149, 57.686274 ], [ -5.463197, 57.686381 ], [ -5.463439, 57.686596 ], [ -5.46342, 57.686918 ], [ -5.463671, 57.687073 ], [ -5.464387, 57.68697 ], [ -5.464893, 57.686567 ], [ -5.464758, 57.686368 ], [ -5.464149, 57.686274 ] ] ] ] } },
{ "type": "Feature", "properties": { "NAME": "Loch Maree Islands" }, "geometry": { "type": "MultiPolygon", "coordinates": [ [ [ [ -5.467258, 57.686634 ], [ -5.467255, 57.686815 ], [ -5.467622, 57.686797 ], [ -5.467543, 57.686656 ], [ -5.467258, 57.686634 ] ] ] ] } },
{ "type": "Feature", "properties": { "NAME": "Loch Maree Islands" }, "geometry": { "type": "MultiPolygon", "coordinates": [ [ [ [ -5.490529, 57.685049 ], [ -5.489899, 57.685259 ], [ -5.489603, 57.685478 ], [ -5.489605, 57.685604 ], [ -5.489975, 57.685885 ], [ -5.490762, 57.685819 ], [ -5.491113, 57.685642 ], [ -5.490997, 57.685129 ], [ -5.490529, 57.685049 ] ] ] ] } },
{ "type": "Feature", "properties": { "NAME": "Loch Maree Islands" }, "geometry": { "type": "MultiPolygon", "coordinates": [ [ [ [ -5.475268, 57.683736 ], [ -5.474717, 57.683809 ], [ -5.474291, 57.684177 ], [ -5.47416, 57.684781 ], [ -5.47447, 57.684968 ], [ -5.474456, 57.685149 ], [ -5.476928, 57.684774 ], [ -5.47753, 57.684593 ], [ -5.477771, 57.684438 ], [ -5.477704, 57.684273 ], [ -5.477205, 57.684081 ], [ -5.475268, 57.683736 ] ] ] ] } },
{ "type": "Feature", "properties": { "NAME": "Loch Maree Islands" }, "geometry": { "type": "MultiPolygon", "coordinates": [ [ [ [ -5.479198, 57.683834 ], [ -5.478705, 57.683869 ], [ -5.478297, 57.684152 ], [ -5.478174, 57.684583 ], [ -5.47832, 57.684664 ], [ -5.478592, 57.684717 ], [ -5.479083, 57.684558 ], [ -5.479206, 57.684182 ], [ -5.479451, 57.683912 ], [ -5.479198, 57.683834 ] ] ] ] } },
{ "type": "Feature", "properties": { "NAME": "Loch Maree Islands" }, "geometry": { "type": "MultiPolygon", "coordinates": [ [ [ [ -5.478489, 57.682635 ], [ -5.478087, 57.682715 ], [ -5.477631, 57.683032 ], [ -5.476928, 57.68312 ], [ -5.476966, 57.683193 ], [ -5.477646, 57.683232 ], [ -5.478696, 57.68292 ], [ -5.478903, 57.682736 ], [ -5.478489, 57.682635 ] ] ] ] } },
{ "type": "Feature", "properties": { "NAME": "Loch Maree Islands" }, "geometry": { "type": "MultiPolygon", "coordinates": [ [ [ [ -5.478707, 57.683035 ], [ -5.479, 57.683055 ], [ -5.47911, 57.682972 ], [ -5.478707, 57.683035 ] ] ] ] } },
{ "type": "Feature", "properties": { "NAME": "Loch Maree Islands" }, "geometry": { "type": "MultiPolygon", "coordinates": [ [ [ [ -5.479486, 57.682781 ], [ -5.47931, 57.682813 ], [ -5.479333, 57.682843 ], [ -5.479473, 57.682858 ], [ -5.479486, 57.682781 ] ] ] ] } },
{ "type": "Feature", "properties": { "NAME": "Loch Maree Islands" }, "geometry": { "type": "MultiPolygon", "coordinates": [ [ [ [ -5.479304, 57.682432 ], [ -5.479212, 57.682437 ], [ -5.478722, 57.682552 ], [ -5.479127, 57.682612 ], [ -5.479304, 57.682432 ] ] ] ] } },
{ "type": "Feature", "properties": { "NAME": "Loch Maree Islands" }, "geometry": { "type": "MultiPolygon", "coordinates": [ [ [ [ -5.47903, 57.682302 ], [ -5.479199, 57.682295 ], [ -5.479148, 57.682244 ], [ -5.47903, 57.682302 ] ] ] ] } },
{ "type": "Feature", "properties": { "NAME": "Loch Maree Islands" }, "geometry": { "type": "MultiPolygon", "coordinates": [ [ [ [ -5.478852, 57.681034 ], [ -5.478847, 57.681347 ], [ -5.478566, 57.681459 ], [ -5.478627, 57.681724 ], [ -5.47897, 57.681835 ], [ -5.479727, 57.681773 ], [ -5.479876, 57.681678 ], [ -5.479576, 57.681533 ], [ -5.479906, 57.681346 ], [ -5.479526, 57.681071 ], [ -5.478852, 57.681034 ] ] ] ] } },
{ "type": "Feature", "properties": { "NAME": "St Kilda" }, "geometry": { "type": "MultiPolygon", "coordinates": [ [ [ [ -8.597054, 57.806778 ], [ -8.597163, 57.80682 ], [ -8.597201, 57.806754 ], [ -8.597054, 57.806778 ] ] ] ] } },
{ "type": "Feature", "properties": { "NAME": "St Kilda" }, "geometry": { "type": "MultiPolygon", "coordinates": [ [ [ [ -8.596603, 57.80618 ], [ -8.59648, 57.80625 ], [ -8.596765, 57.806309 ], [ -8.596783, 57.806251 ], [ -8.596603, 57.80618 ] ] ] ] } },
{ "type": "Feature", "properties": { "NAME": "St Kilda" }, "geometry": { "type": "MultiPolygon", "coordinates": [ [ [ [ -8.595455, 57.806299 ], [ -8.595638, 57.806323 ], [ -8.595629, 57.806271 ], [ -8.595455, 57.806299 ] ] ] ] } },
{ "type": "Feature", "properties": { "NAME": "St Kilda" }, "geometry": { "type": "MultiPolygon", "coordinates": [ [ [ [ -8.596181, 57.806187 ], [ -8.596184, 57.806253 ], [ -8.596349, 57.806244 ], [ -8.596342, 57.806208 ], [ -8.596181, 57.806187 ] ] ] ] } },
{ "type": "Feature", "properties": { "NAME": "St Kilda" }, "geometry": { "type": "MultiPolygon", "coordinates": [ [ [ [ -8.595501, 57.806182 ], [ -8.595649, 57.806178 ], [ -8.595612, 57.806112 ], [ -8.595501, 57.806182 ] ] ] ] } },
{ "type": "Feature", "properties": { "NAME": "St Kilda" }, "geometry": { "type": "MultiPolygon", "coordinates": [ [ [ [ -8.585356, 57.806406 ], [ -8.585292, 57.806481 ], [ -8.585496, 57.806483 ], [ -8.585523, 57.806457 ], [ -8.585356, 57.806406 ] ] ] ] } },
{ "type": "Feature", "properties": { "NAME": "St Kilda" }, "geometry": { "type": "MultiPolygon", "coordinates": [ [ [ [ -8.585498, 57.80634 ], [ -8.58545, 57.806379 ], [ -8.585623, 57.806382 ], [ -8.585498, 57.80634 ] ] ] ] } },
{ "type": "Feature", "properties": { "NAME": "St Kilda" }, "geometry": { "type": "MultiPolygon", "coordinates": [ [ [ [ -8.595467, 57.805737 ], [ -8.595402, 57.805819 ], [ -8.595513, 57.805853 ], [ -8.595536, 57.805826 ], [ -8.595467, 57.805737 ] ] ] ] } },
{ "type": "Feature", "properties": { "NAME": "St Kilda" }, "geometry": { "type": "MultiPolygon", "coordinates": [ [ [ [ -8.594648, 57.805414 ], [ -8.594646, 57.805471 ], [ -8.594874, 57.805465 ], [ -8.594648, 57.805414 ] ] ] ] } },
{ "type": "Feature", "properties": { "NAME": "St Kilda" }, "geometry": { "type": "MultiPolygon", "coordinates": [ [ [ [ -8.591229, 57.804975 ], [ -8.591329, 57.805016 ], [ -8.591359, 57.804991 ], [ -8.591229, 57.804975 ] ] ] ] } },
{ "type": "Feature", "properties": { "NAME": "St Kilda" }, "geometry": { "type": "MultiPolygon", "coordinates": [ [ [ [ -8.571437, 57.805218 ], [ -8.571183, 57.805365 ], [ -8.571227, 57.80557 ], [ -8.571617, 57.805474 ], [ -8.571437, 57.805218 ] ] ] ] } },
{ "type": "Feature", "properties": { "NAME": "St Kilda" }, "geometry": { "type": "MultiPolygon", "coordinates": [ [ [ [ -8.583355, 57.802177 ], [ -8.583403, 57.802358 ], [ -8.583577, 57.802415 ], [ -8.583542, 57.802289 ], [ -8.583659, 57.80222 ], [ -8.583355, 57.802177 ] ] ] ] } },
{ "type": "Feature", "properties": { "NAME": "Loch Fleet" }, "geometry": { "type": "MultiPolygon", "coordinates": [ [ [ [ -4.007248, 57.954908 ], [ -4.007989, 57.954275 ], [ -4.008459, 57.953697 ], [ -4.0092, 57.953844 ], [ -4.008884, 57.954003 ], [ -4.008806, 57.954194 ], [ -4.009262, 57.954911 ], [ -4.011942, 57.955239 ], [ -4.012658, 57.955255 ], [ -4.013186, 57.955161 ], [ -4.023979, 57.952333 ], [ -4.02233, 57.950888 ], [ -4.02435, 57.950661 ], [ -4.026919, 57.950538 ], [ -4.028467, 57.95004 ], [ -4.027564, 57.949212 ], [ -4.02886, 57.948645 ], [ -4.029101, 57.948872 ], [ -4.029512, 57.949048 ], [ -4.029709, 57.94786 ], [ -4.030032, 57.947616 ], [ -4.030403, 57.947546 ], [ -4.031872, 57.947527 ], [ -4.033562, 57.94717 ], [ -4.03586, 57.947085 ], [ -4.043302, 57.94622 ], [ -4.044172, 57.945975 ], [ -4.044996, 57.945587 ], [ -4.045654, 57.945142 ], [ -4.046003, 57.945085 ], [ -4.047397, 57.945327 ], [ -4.048018, 57.945592 ], [ -4.048429, 57.945872 ], [ -4.049137, 57.946822 ], [ -4.050099, 57.947423 ], [ -4.052393, 57.952033 ], [ -4.052374, 57.952413 ], [ -4.052211, 57.952661 ], [ -4.052206, 57.953386 ], [ -4.051504, 57.954058 ], [ -4.053807, 57.954378 ], [ -4.054383, 57.954624 ], [ -4.05744, 57.953768 ], [ -4.05859, 57.953527 ], [ -4.060069, 57.953362 ], [ -4.062892, 57.953425 ], [ -4.064608, 57.953703 ], [ -4.066121, 57.954131 ], [ -4.069391, 57.95557 ], [ -4.070259, 57.95603 ], [ -4.070641, 57.95641 ], [ -4.071021, 57.956259 ], [ -4.071053, 57.956096 ], [ -4.081995, 57.951279 ], [ -4.082373, 57.950655 ], [ -4.08238, 57.950138 ], [ -4.082512, 57.950086 ], [ -4.082533, 57.949818 ], [ -4.082118, 57.949226 ], [ -4.082325, 57.949187 ], [ -4.081987, 57.948986 ], [ -4.081972, 57.948842 ], [ -4.082375, 57.948682 ], [ -4.082613, 57.948747 ], [ -4.082678, 57.9487 ], [ -4.082507, 57.94852 ], [ -4.082021, 57.948616 ], [ -4.081746, 57.948176 ], [ -4.081969, 57.948016 ], [ -4.08239, 57.948068 ], [ -4.082511, 57.948005 ], [ -4.082017, 57.947909 ], [ -4.082241, 57.947642 ], [ -4.082162, 57.947613 ], [ -4.081337, 57.948148 ], [ -4.081046, 57.947662 ], [ -4.081368, 57.947232 ], [ -4.081085, 57.947298 ], [ -4.081041, 57.947229 ], [ -4.08184, 57.946834 ], [ -4.081277, 57.947002 ], [ -4.08087, 57.946774 ], [ -4.081323, 57.946574 ], [ -4.081578, 57.946213 ], [ -4.081229, 57.946527 ], [ -4.080861, 57.946633 ], [ -4.080722, 57.946603 ], [ -4.080626, 57.946169 ], [ -4.07962, 57.946032 ], [ -4.079435, 57.945911 ], [ -4.079187, 57.945234 ], [ -4.077262, 57.944461 ], [ -4.076025, 57.943756 ], [ -4.075357, 57.942875 ], [ -4.074127, 57.941642 ], [ -4.07299, 57.940683 ], [ -4.072902, 57.94031 ], [ -4.072405, 57.939766 ], [ -4.072149, 57.938826 ], [ -4.071936, 57.938808 ], [ -4.071822, 57.938699 ], [ -4.071706, 57.93833 ], [ -4.070798, 57.937893 ], [ -4.06967, 57.937608 ], [ -4.069501, 57.937301 ], [ -4.068814, 57.936848 ], [ -4.067983, 57.936688 ], [ -4.064958, 57.936623 ], [ -4.061396, 57.936139 ], [ -4.060526, 57.936119 ], [ -4.057844, 57.935631 ], [ -4.056406, 57.935466 ], [ -4.05483, 57.934943 ], [ -4.051607, 57.934664 ], [ -4.048304, 57.933975 ], [ -4.047566, 57.933742 ], [ -4.044871, 57.933137 ], [ -4.041977, 57.931879 ], [ -4.038819, 57.930772 ], [ -4.038161, 57.930876 ], [ -4.03821, 57.931085 ], [ -4.037792, 57.931088 ], [ -4.037408, 57.930953 ], [ -4.03717, 57.931094 ], [ -4.037004, 57.931088 ], [ -4.03662, 57.930838 ], [ -4.035999, 57.930705 ], [ -4.035082, 57.930332 ], [ -4.034697, 57.93031 ], [ -4.034272, 57.930069 ], [ -4.033869, 57.929364 ], [ -4.033992, 57.929165 ], [ -4.034344, 57.928961 ], [ -4.034537, 57.928075 ], [ -4.034375, 57.928016 ], [ -4.034455, 57.927818 ], [ -4.033534, 57.92701 ], [ -4.033301, 57.926941 ], [ -4.033059, 57.926956 ], [ -4.032397, 57.927346 ], [ -4.03078, 57.927775 ], [ -4.027237, 57.928067 ], [ -4.026609, 57.928194 ], [ -4.025572, 57.928763 ], [ -4.025038, 57.929269 ], [ -4.024335, 57.929582 ], [ -4.023502, 57.929832 ], [ -4.022509, 57.930021 ], [ -4.02191, 57.929958 ], [ -4.020745, 57.930163 ], [ -4.018573, 57.93089 ], [ -4.017871, 57.931405 ], [ -4.016847, 57.931883 ], [ -4.015375, 57.932185 ], [ -4.015051, 57.932336 ], [ -4.013643, 57.932347 ], [ -4.013877, 57.932139 ], [ -4.013823, 57.931347 ], [ -4.014024, 57.93113 ], [ -4.014551, 57.930873 ], [ -4.015528, 57.930585 ], [ -4.015681, 57.930471 ], [ -4.014484, 57.930506 ], [ -4.013224, 57.930678 ], [ -4.012682, 57.930678 ], [ -4.012664, 57.930896 ], [ -4.012501, 57.930946 ], [ -4.011774, 57.930834 ], [ -4.01057, 57.93077 ], [ -4.009919, 57.930822 ], [ -4.009729, 57.930999 ], [ -4.009745, 57.931164 ], [ -4.010634, 57.931794 ], [ -4.010955, 57.931822 ], [ -4.010113, 57.932449 ], [ -4.009427, 57.932432 ], [ -4.00752, 57.931974 ], [ -4.006927, 57.931711 ], [ -4.006854, 57.931581 ], [ -4.006052, 57.931145 ], [ -4.005462, 57.930589 ], [ -4.004901, 57.929842 ], [ -4.004518, 57.92958 ], [ -4.00404, 57.928632 ], [ -4.003445, 57.928418 ], [ -4.002476, 57.927414 ], [ -4.002173, 57.926901 ], [ -4.00148, 57.926556 ], [ -4.001222, 57.926234 ], [ -4.001117, 57.925864 ], [ -4.001183, 57.923012 ], [ -4.001085, 57.921702 ], [ -4.000027, 57.918466 ], [ -3.998934, 57.916222 ], [ -3.997924, 57.91357 ], [ -3.995337, 57.913714 ], [ -3.995796, 57.915116 ], [ -3.995755, 57.915655 ], [ -3.995956, 57.915705 ], [ -3.996168, 57.915653 ], [ -3.996274, 57.915744 ], [ -3.996252, 57.915871 ], [ -3.995834, 57.916052 ], [ -3.996021, 57.916211 ], [ -3.99685, 57.916455 ], [ -3.997151, 57.916681 ], [ -3.997517, 57.917277 ], [ -3.997813, 57.918142 ], [ -3.997805, 57.918695 ], [ -3.997538, 57.918685 ], [ -3.997265, 57.918493 ], [ -3.996936, 57.918342 ], [ -3.996886, 57.918381 ], [ -3.99791, 57.91966 ], [ -3.998449, 57.921182 ], [ -3.998726, 57.922741 ], [ -3.998362, 57.924254 ], [ -3.998051, 57.924613 ], [ -3.997467, 57.924607 ], [ -3.997282, 57.924844 ], [ -3.996037, 57.925628 ], [ -3.995131, 57.926517 ], [ -3.994402, 57.927016 ], [ -3.993367, 57.927454 ], [ -3.99318, 57.927637 ], [ -3.992529, 57.927518 ], [ -3.991735, 57.927771 ], [ -3.990488, 57.927895 ], [ -3.989321, 57.928406 ], [ -3.988439, 57.929031 ], [ -3.990923, 57.931848 ], [ -3.992334, 57.932415 ], [ -3.994722, 57.93374 ], [ -3.996412, 57.934527 ], [ -3.996806, 57.934783 ], [ -3.997051, 57.935288 ], [ -3.996939, 57.936411 ], [ -3.996086, 57.937962 ], [ -3.996169, 57.938598 ], [ -3.996081, 57.938835 ], [ -3.995307, 57.939741 ], [ -3.993985, 57.940543 ], [ -3.994307, 57.940528 ], [ -3.995004, 57.940343 ], [ -3.997084, 57.939463 ], [ -3.997088, 57.939585 ], [ -3.996761, 57.939913 ], [ -3.995671, 57.940549 ], [ -3.995707, 57.940926 ], [ -3.995843, 57.941034 ], [ -3.996624, 57.941075 ], [ -3.996397, 57.941259 ], [ -3.996613, 57.941646 ], [ -3.996349, 57.941843 ], [ -3.996332, 57.94209 ], [ -3.995604, 57.942401 ], [ -3.995139, 57.942741 ], [ -3.994866, 57.942463 ], [ -3.99453, 57.942297 ], [ -3.994001, 57.942236 ], [ -3.993951, 57.942558 ], [ -3.994128, 57.942783 ], [ -3.993865, 57.942902 ], [ -3.993711, 57.943527 ], [ -3.993945, 57.944696 ], [ -3.993637, 57.945867 ], [ -3.994242, 57.945792 ], [ -3.994306, 57.945865 ], [ -3.993508, 57.946493 ], [ -3.993571, 57.946641 ], [ -3.993963, 57.946603 ], [ -3.993997, 57.946714 ], [ -3.993554, 57.947032 ], [ -3.99329, 57.946923 ], [ -3.992849, 57.948004 ], [ -3.992438, 57.948226 ], [ -3.992562, 57.948764 ], [ -3.992462, 57.949022 ], [ -3.992052, 57.949361 ], [ -3.992164, 57.949565 ], [ -3.992022, 57.949824 ], [ -3.991522, 57.950076 ], [ -3.991515, 57.950417 ], [ -3.991083, 57.950731 ], [ -3.990997, 57.951317 ], [ -3.991236, 57.951871 ], [ -4.000856, 57.952754 ], [ -4.002426, 57.954276 ], [ -4.00521, 57.955469 ], [ -4.007248, 57.954908 ] ], [ [ -4.012234, 57.947663 ], [ -4.011639, 57.947872 ], [ -4.011241, 57.947906 ], [ -4.010814, 57.947785 ], [ -4.010598, 57.947563 ], [ -4.011969, 57.945984 ], [ -4.005071, 57.944925 ], [ -4.010313, 57.943745 ], [ -4.013253, 57.941871 ], [ -4.014176, 57.941034 ], [ -4.015131, 57.939964 ], [ -4.015481, 57.939834 ], [ -4.015984, 57.939855 ], [ -4.017574, 57.939537 ], [ -4.017961, 57.937173 ], [ -4.018148, 57.935047 ], [ -4.017685, 57.935037 ], [ -4.017648, 57.934863 ], [ -4.01612, 57.934741 ], [ -4.01607, 57.934493 ], [ -4.016414, 57.934213 ], [ -4.016008, 57.934218 ], [ -4.016669, 57.934008 ], [ -4.017475, 57.933973 ], [ -4.017748, 57.933858 ], [ -4.018385, 57.933857 ], [ -4.018414, 57.933561 ], [ -4.018651, 57.933557 ], [ -4.018625, 57.933763 ], [ -4.018979, 57.933872 ], [ -4.020141, 57.933879 ], [ -4.021169, 57.934076 ], [ -4.022804, 57.934569 ], [ -4.023613, 57.934641 ], [ -4.024129, 57.934505 ], [ -4.024602, 57.93411 ], [ -4.025758, 57.933875 ], [ -4.027653, 57.9337 ], [ -4.028573, 57.933699 ], [ -4.029064, 57.933779 ], [ -4.02973, 57.93416 ], [ -4.02989, 57.934445 ], [ -4.029464, 57.934846 ], [ -4.028987, 57.935583 ], [ -4.028576, 57.935878 ], [ -4.028178, 57.936053 ], [ -4.026327, 57.936057 ], [ -4.024744, 57.93623 ], [ -4.023865, 57.93653 ], [ -4.022112, 57.93756 ], [ -4.020948, 57.938684 ], [ -4.020327, 57.93971 ], [ -4.020173, 57.94037 ], [ -4.020252, 57.941885 ], [ -4.019047, 57.941968 ], [ -4.018665, 57.942142 ], [ -4.018987, 57.942566 ], [ -4.018643, 57.943089 ], [ -4.017458, 57.944161 ], [ -4.016629, 57.94471 ], [ -4.015892, 57.944978 ], [ -4.013732, 57.945104 ], [ -4.012631, 57.945752 ], [ -4.012573, 57.945912 ], [ -4.012781, 57.946606 ], [ -4.012234, 57.947663 ] ], [ [ -4.009234, 57.949028 ], [ -4.008459, 57.950143 ], [ -4.008231, 57.950766 ], [ -4.008956, 57.952153 ], [ -4.009049, 57.952772 ], [ -4.00888, 57.953306 ], [ -4.008414, 57.953679 ], [ -4.006761, 57.953288 ], [ -4.00525, 57.952742 ], [ -4.004378, 57.952522 ], [ -4.004697, 57.952155 ], [ -4.006364, 57.950854 ], [ -4.009234, 57.949028 ] ] ] ] } },
{ "type": "Feature", "properties": { "NAME": "St Kilda" }, "geometry": { "type": "MultiPolygon", "coordinates": [ [ [ [ -8.570832, 57.801102 ], [ -8.57097, 57.801162 ], [ -8.571014, 57.80108 ], [ -8.570832, 57.801102 ] ] ] ] } },
{ "type": "Feature", "properties": { "NAME": "St Kilda" }, "geometry": { "type": "MultiPolygon", "coordinates": [ [ [ [ -8.571148, 57.800531 ], [ -8.570667, 57.80078 ], [ -8.571026, 57.800987 ], [ -8.571141, 57.80089 ], [ -8.571148, 57.800531 ] ] ] ] } },
{ "type": "Feature", "properties": { "NAME": "St Kilda" }, "geometry": { "type": "MultiPolygon", "coordinates": [ [ [ [ -8.573186, 57.798821 ], [ -8.573001, 57.79884 ], [ -8.572901, 57.799001 ], [ -8.573121, 57.799277 ], [ -8.573345, 57.799066 ], [ -8.573186, 57.798821 ] ] ] ] } },
{ "type": "Feature", "properties": { "NAME": "St Kilda" }, "geometry": { "type": "MultiPolygon", "coordinates": [ [ [ [ -8.572918, 57.798525 ], [ -8.572798, 57.798561 ], [ -8.572802, 57.798669 ], [ -8.572973, 57.798607 ], [ -8.572918, 57.798525 ] ] ] ] } },
{ "type": "Feature", "properties": { "NAME": "St Kilda" }, "geometry": { "type": "MultiPolygon", "coordinates": [ [ [ [ -8.572403, 57.798219 ], [ -8.572534, 57.798257 ], [ -8.572566, 57.798195 ], [ -8.572403, 57.798219 ] ] ] ] } },
{ "type": "Feature", "properties": { "NAME": "St Kilda" }, "geometry": { "type": "MultiPolygon", "coordinates": [ [ [ [ -8.563911, 57.797214 ], [ -8.563615, 57.797318 ], [ -8.564567, 57.797729 ], [ -8.564804, 57.797507 ], [ -8.564656, 57.797206 ], [ -8.563911, 57.797214 ] ] ] ] } },
{ "type": "Feature", "properties": { "NAME": "St Kilda" }, "geometry": { "type": "MultiPolygon", "coordinates": [ [ [ [ -8.562999, 57.79578 ], [ -8.562892, 57.795838 ], [ -8.562949, 57.795878 ], [ -8.563075, 57.795822 ], [ -8.562999, 57.79578 ] ] ] ] } },
{ "type": "Feature", "properties": { "NAME": "St Kilda" }, "geometry": { "type": "MultiPolygon", "coordinates": [ [ [ [ -8.555565, 57.794346 ], [ -8.556062, 57.794536 ], [ -8.556235, 57.794398 ], [ -8.556184, 57.794052 ], [ -8.555565, 57.794346 ] ] ] ] } },
{ "type": "Feature", "properties": { "NAME": "St Kilda" }, "geometry": { "type": "MultiPolygon", "coordinates": [ [ [ [ -8.561255, 57.793446 ], [ -8.560859, 57.793781 ], [ -8.5603, 57.793829 ], [ -8.560353, 57.79398 ], [ -8.56138, 57.794063 ], [ -8.561603, 57.794002 ], [ -8.561716, 57.793872 ], [ -8.561701, 57.793522 ], [ -8.561615, 57.793458 ], [ -8.561255, 57.793446 ] ] ] ] } },
{ "type": "Feature", "properties": { "NAME": "St Kilda" }, "geometry": { "type": "MultiPolygon", "coordinates": [ [ [ [ -8.553297, 57.793128 ], [ -8.552647, 57.793254 ], [ -8.553569, 57.793302 ], [ -8.553538, 57.793199 ], [ -8.553297, 57.793128 ] ] ] ] } },
{ "type": "Feature", "properties": { "NAME": "St Kilda" }, "geometry": { "type": "MultiPolygon", "coordinates": [ [ [ [ -8.553678, 57.793087 ], [ -8.553561, 57.793124 ], [ -8.553603, 57.793149 ], [ -8.553721, 57.793152 ], [ -8.553678, 57.793087 ] ] ] ] } },
{ "type": "Feature", "properties": { "NAME": "St Kilda" }, "geometry": { "type": "MultiPolygon", "coordinates": [ [ [ [ -8.508533, 57.792759 ], [ -8.50849, 57.79287 ], [ -8.508572, 57.792893 ], [ -8.508648, 57.792832 ], [ -8.508533, 57.792759 ] ] ] ] } },
{ "type": "Feature", "properties": { "NAME": "St Kilda" }, "geometry": { "type": "MultiPolygon", "coordinates": [ [ [ [ -8.50834, 57.792761 ], [ -8.508234, 57.792808 ], [ -8.508349, 57.792861 ], [ -8.508408, 57.792807 ], [ -8.50834, 57.792761 ] ] ] ] } },
{ "type": "Feature", "properties": { "NAME": "St Kilda" }, "geometry": { "type": "MultiPolygon", "coordinates": [ [ [ [ -8.50814, 57.792706 ], [ -8.508004, 57.792763 ], [ -8.508007, 57.792792 ], [ -8.508136, 57.792784 ], [ -8.50814, 57.792706 ] ] ] ] } },
{ "type": "Feature", "properties": { "NAME": "Loch Maree Islands" }, "geometry": { "type": "MultiPolygon", "coordinates": [ [ [ [ -5.512075, 57.689729 ], [ -5.511299, 57.689903 ], [ -5.510817, 57.690162 ], [ -5.510708, 57.690953 ], [ -5.510855, 57.691147 ], [ -5.511209, 57.691191 ], [ -5.511436, 57.691097 ], [ -5.511516, 57.690739 ], [ -5.511356, 57.690491 ], [ -5.51194, 57.69018 ], [ -5.512075, 57.689729 ] ] ] ] } },
{ "type": "Feature", "properties": { "NAME": "Loch Maree Islands" }, "geometry": { "type": "MultiPolygon", "coordinates": [ [ [ [ -5.502723, 57.690474 ], [ -5.502689, 57.690571 ], [ -5.502972, 57.690685 ], [ -5.504014, 57.690909 ], [ -5.504724, 57.690797 ], [ -5.504464, 57.69069 ], [ -5.503428, 57.69068 ], [ -5.503519, 57.690517 ], [ -5.502723, 57.690474 ] ] ] ] } },
{ "type": "Feature", "properties": { "NAME": "Loch Maree Islands" }, "geometry": { "type": "MultiPolygon", "coordinates": [ [ [ [ -5.524355, 57.698185 ], [ -5.524222, 57.698259 ], [ -5.524432, 57.698301 ], [ -5.524533, 57.698239 ], [ -5.524355, 57.698185 ] ] ] ] } },
{ "type": "Feature", "properties": { "NAME": "Loch Maree Islands" }, "geometry": { "type": "MultiPolygon", "coordinates": [ [ [ [ -5.522763, 57.697766 ], [ -5.522639, 57.697836 ], [ -5.522724, 57.698118 ], [ -5.523022, 57.698266 ], [ -5.523369, 57.698241 ], [ -5.523631, 57.698055 ], [ -5.523017, 57.69779 ], [ -5.522763, 57.697766 ] ] ] ] } },
{ "type": "Feature", "properties": { "NAME": "Loch Maree Islands" }, "geometry": { "type": "MultiPolygon", "coordinates": [ [ [ [ -5.521785, 57.698027 ], [ -5.52178, 57.698146 ], [ -5.522008, 57.698208 ], [ -5.522066, 57.698081 ], [ -5.521785, 57.698027 ] ] ] ] } },
{ "type": "Feature", "properties": { "NAME": "Loch Maree Islands" }, "geometry": { "type": "MultiPolygon", "coordinates": [ [ [ [ -5.507609, 57.698344 ], [ -5.507643, 57.69844 ], [ -5.508132, 57.698505 ], [ -5.508085, 57.698345 ], [ -5.507609, 57.698344 ] ] ] ] } },
{ "type": "Feature", "properties": { "NAME": "Loch Maree Islands" }, "geometry": { "type": "MultiPolygon", "coordinates": [ [ [ [ -5.523684, 57.697718 ], [ -5.523565, 57.697806 ], [ -5.523804, 57.697896 ], [ -5.523887, 57.697814 ], [ -5.523684, 57.697718 ] ] ] ] } },
{ "type": "Feature", "properties": { "NAME": "Loch Maree Islands" }, "geometry": { "type": "MultiPolygon", "coordinates": [ [ [ [ -5.491946, 57.696464 ], [ -5.492578, 57.696812 ], [ -5.492926, 57.697123 ], [ -5.492606, 57.69742 ], [ -5.4926, 57.697779 ], [ -5.492939, 57.697795 ], [ -5.492961, 57.69749 ], [ -5.493239, 57.697241 ], [ -5.493418, 57.697241 ], [ -5.49506, 57.697489 ], [ -5.495112, 57.697603 ], [ -5.494339, 57.69797 ], [ -5.494217, 57.698143 ], [ -5.494536, 57.698266 ], [ -5.49495, 57.698208 ], [ -5.495224, 57.698601 ], [ -5.495543, 57.698677 ], [ -5.495848, 57.698545 ], [ -5.496444, 57.697923 ], [ -5.496447, 57.698329 ], [ -5.49716, 57.698449 ], [ -5.497451, 57.698284 ], [ -5.49761, 57.698022 ], [ -5.49756, 57.697768 ], [ -5.496334, 57.697794 ], [ -5.496006, 57.697576 ], [ -5.495348, 57.697446 ], [ -5.494976, 57.697253 ], [ -5.495371, 57.696732 ], [ -5.495923, 57.696503 ], [ -5.496351, 57.696428 ], [ -5.496654, 57.696444 ], [ -5.497043, 57.696603 ], [ -5.497006, 57.697016 ], [ -5.497309, 57.697079 ], [ -5.498435, 57.697067 ], [ -5.498844, 57.696847 ], [ -5.49889, 57.696588 ], [ -5.498654, 57.696425 ], [ -5.498767, 57.696054 ], [ -5.498441, 57.695756 ], [ -5.498464, 57.695566 ], [ -5.499204, 57.69517 ], [ -5.499649, 57.694691 ], [ -5.499234, 57.694368 ], [ -5.49907, 57.693783 ], [ -5.498795, 57.69337 ], [ -5.49908, 57.693039 ], [ -5.498918, 57.692577 ], [ -5.499305, 57.692402 ], [ -5.499505, 57.692133 ], [ -5.498635, 57.692088 ], [ -5.498176, 57.691734 ], [ -5.498632, 57.691098 ], [ -5.498053, 57.691046 ], [ -5.497988, 57.690845 ], [ -5.497508, 57.690754 ], [ -5.497106, 57.69046 ], [ -5.496419, 57.690397 ], [ -5.496164, 57.69078 ], [ -5.495343, 57.69097 ], [ -5.495252, 57.691302 ], [ -5.495072, 57.691509 ], [ -5.494768, 57.691644 ], [ -5.494589, 57.69191 ], [ -5.494588, 57.692167 ], [ -5.494071, 57.692168 ], [ -5.493278, 57.691858 ], [ -5.493125, 57.691012 ], [ -5.493597, 57.690598 ], [ -5.493419, 57.690022 ], [ -5.493094, 57.689729 ], [ -5.492512, 57.689644 ], [ -5.492211, 57.689438 ], [ -5.492528, 57.68938 ], [ -5.493052, 57.689459 ], [ -5.494027, 57.689105 ], [ -5.493746, 57.688526 ], [ -5.493988, 57.688382 ], [ -5.493672, 57.687387 ], [ -5.49355, 57.687289 ], [ -5.493154, 57.687215 ], [ -5.492924, 57.686686 ], [ -5.492557, 57.686812 ], [ -5.491862, 57.686776 ], [ -5.490776, 57.686921 ], [ -5.490655, 57.686785 ], [ -5.490839, 57.686519 ], [ -5.49057, 57.686324 ], [ -5.489539, 57.686514 ], [ -5.489168, 57.686488 ], [ -5.488985, 57.686241 ], [ -5.489314, 57.686037 ], [ -5.489319, 57.68593 ], [ -5.489137, 57.68542 ], [ -5.48868, 57.68498 ], [ -5.487478, 57.684988 ], [ -5.486239, 57.685365 ], [ -5.486008, 57.685349 ], [ -5.486026, 57.685226 ], [ -5.485674, 57.685178 ], [ -5.484335, 57.685206 ], [ -5.483558, 57.685529 ], [ -5.482872, 57.685639 ], [ -5.482327, 57.685884 ], [ -5.48092, 57.686046 ], [ -5.480433, 57.685936 ], [ -5.479988, 57.68599 ], [ -5.479465, 57.686347 ], [ -5.479962, 57.686514 ], [ -5.480002, 57.686667 ], [ -5.479176, 57.686972 ], [ -5.478827, 57.687327 ], [ -5.47934, 57.687714 ], [ -5.479335, 57.687933 ], [ -5.47824, 57.688153 ], [ -5.476949, 57.689047 ], [ -5.476263, 57.689049 ], [ -5.475813, 57.689314 ], [ -5.475335, 57.689461 ], [ -5.475286, 57.689913 ], [ -5.474874, 57.689828 ], [ -5.474456, 57.689848 ], [ -5.473609, 57.690142 ], [ -5.473386, 57.690324 ], [ -5.473334, 57.690534 ], [ -5.474, 57.690754 ], [ -5.474846, 57.690816 ], [ -5.475239, 57.690915 ], [ -5.475801, 57.691275 ], [ -5.475649, 57.691768 ], [ -5.475849, 57.692204 ], [ -5.475984, 57.692274 ], [ -5.476882, 57.692351 ], [ -5.477582, 57.692603 ], [ -5.477625, 57.692786 ], [ -5.476966, 57.693117 ], [ -5.477025, 57.693362 ], [ -5.477808, 57.693357 ], [ -5.478529, 57.693238 ], [ -5.478696, 57.693064 ], [ -5.478606, 57.692712 ], [ -5.479315, 57.69263 ], [ -5.480396, 57.692156 ], [ -5.480711, 57.692185 ], [ -5.480793, 57.69235 ], [ -5.480704, 57.692539 ], [ -5.479925, 57.693063 ], [ -5.479558, 57.693561 ], [ -5.478935, 57.693792 ], [ -5.478152, 57.693745 ], [ -5.478582, 57.694164 ], [ -5.479302, 57.694366 ], [ -5.479754, 57.694702 ], [ -5.48043, 57.694749 ], [ -5.481193, 57.694649 ], [ -5.482425, 57.694305 ], [ -5.4831, 57.693927 ], [ -5.483554, 57.693906 ], [ -5.484113, 57.694346 ], [ -5.484754, 57.694521 ], [ -5.484842, 57.694738 ], [ -5.484476, 57.694984 ], [ -5.484447, 57.695212 ], [ -5.484749, 57.695527 ], [ -5.485254, 57.695829 ], [ -5.485482, 57.695861 ], [ -5.487992, 57.69566 ], [ -5.488214, 57.69589 ], [ -5.488066, 57.695995 ], [ -5.488132, 57.696317 ], [ -5.487636, 57.696531 ], [ -5.486799, 57.696716 ], [ -5.486476, 57.696931 ], [ -5.486446, 57.697148 ], [ -5.486843, 57.697387 ], [ -5.487805, 57.697443 ], [ -5.488742, 57.697757 ], [ -5.488727, 57.697919 ], [ -5.488246, 57.698133 ], [ -5.489025, 57.698514 ], [ -5.489379, 57.698581 ], [ -5.489764, 57.698324 ], [ -5.490142, 57.697784 ], [ -5.490142, 57.697458 ], [ -5.490502, 57.697157 ], [ -5.490242, 57.697112 ], [ -5.490214, 57.696984 ], [ -5.489665, 57.696711 ], [ -5.489767, 57.696546 ], [ -5.490062, 57.696418 ], [ -5.489762, 57.696009 ], [ -5.489831, 57.695829 ], [ -5.490037, 57.695735 ], [ -5.490901, 57.695662 ], [ -5.491946, 57.696464 ] ] ] ] } },
{ "type": "Feature", "properties": { "NAME": "Loch Maree Islands" }, "geometry": { "type": "MultiPolygon", "coordinates": [ [ [ [ -5.494246, 57.698502 ], [ -5.494174, 57.698548 ], [ -5.49421, 57.698604 ], [ -5.494369, 57.698556 ], [ -5.494246, 57.698502 ] ] ] ] } },
{ "type": "Feature", "properties": { "NAME": "Loch Maree Islands" }, "geometry": { "type": "MultiPolygon", "coordinates": [ [ [ [ -5.522709, 57.69729 ], [ -5.522434, 57.697427 ], [ -5.522873, 57.697704 ], [ -5.523071, 57.697714 ], [ -5.523146, 57.697471 ], [ -5.522709, 57.69729 ] ] ] ] } },
{ "type": "Feature", "properties": { "NAME": "Loch Maree Islands" }, "geometry": { "type": "MultiPolygon", "coordinates": [ [ [ [ -5.523927, 57.697465 ], [ -5.523785, 57.697487 ], [ -5.52373, 57.697642 ], [ -5.523997, 57.697595 ], [ -5.523927, 57.697465 ] ] ] ] } },
{ "type": "Feature", "properties": { "NAME": "Loch Maree Islands" }, "geometry": { "type": "MultiPolygon", "coordinates": [ [ [ [ -5.518992, 57.69731 ], [ -5.518886, 57.697366 ], [ -5.51897, 57.697536 ], [ -5.519488, 57.697717 ], [ -5.519697, 57.697701 ], [ -5.519794, 57.697493 ], [ -5.518992, 57.69731 ] ] ] ] } },
{ "type": "Feature", "properties": { "NAME": "Loch Maree Islands" }, "geometry": { "type": "MultiPolygon", "coordinates": [ [ [ [ -5.523539, 57.697282 ], [ -5.523304, 57.697407 ], [ -5.523409, 57.697554 ], [ -5.523559, 57.697488 ], [ -5.523539, 57.697282 ] ] ] ] } },
{ "type": "Feature", "properties": { "NAME": "Loch Maree Islands" }, "geometry": { "type": "MultiPolygon", "coordinates": [ [ [ [ -5.498516, 57.697701 ], [ -5.498301, 57.697803 ], [ -5.498321, 57.697906 ], [ -5.498764, 57.697933 ], [ -5.499037, 57.697788 ], [ -5.498835, 57.697711 ], [ -5.498516, 57.697701 ] ] ] ] } },
{ "type": "Feature", "properties": { "NAME": "Loch Maree Islands" }, "geometry": { "type": "MultiPolygon", "coordinates": [ [ [ [ -5.524773, 57.697034 ], [ -5.524667, 57.69712 ], [ -5.52484, 57.697127 ], [ -5.524887, 57.697059 ], [ -5.524773, 57.697034 ] ] ] ] } },
{ "type": "Feature", "properties": { "NAME": "Loch Maree Islands" }, "geometry": { "type": "MultiPolygon", "coordinates": [ [ [ [ -5.534297, 57.696598 ], [ -5.534382, 57.69679 ], [ -5.534676, 57.696835 ], [ -5.534872, 57.696607 ], [ -5.534297, 57.696598 ] ] ] ] } },
{ "type": "Feature", "properties": { "NAME": "Loch Maree Islands" }, "geometry": { "type": "MultiPolygon", "coordinates": [ [ [ [ -5.530448, 57.695281 ], [ -5.530457, 57.695376 ], [ -5.53085, 57.695485 ], [ -5.531023, 57.695968 ], [ -5.531453, 57.696317 ], [ -5.532512, 57.696627 ], [ -5.532664, 57.696562 ], [ -5.532636, 57.696337 ], [ -5.532802, 57.696283 ], [ -5.533106, 57.696359 ], [ -5.53351, 57.696708 ], [ -5.533738, 57.696681 ], [ -5.533513, 57.696206 ], [ -5.532136, 57.69581 ], [ -5.531761, 57.695418 ], [ -5.531495, 57.695326 ], [ -5.530448, 57.695281 ] ] ] ] } },
{ "type": "Feature", "properties": { "NAME": "Loch Maree Islands" }, "geometry": { "type": "MultiPolygon", "coordinates": [ [ [ [ -5.525065, 57.696644 ], [ -5.524889, 57.696704 ], [ -5.525395, 57.696864 ], [ -5.525447, 57.696812 ], [ -5.525065, 57.696644 ] ] ] ] } },
{ "type": "Feature", "properties": { "NAME": "Loch Maree Islands" }, "geometry": { "type": "MultiPolygon", "coordinates": [ [ [ [ -5.492288, 57.697253 ], [ -5.492111, 57.697274 ], [ -5.492122, 57.697343 ], [ -5.49231, 57.697324 ], [ -5.492288, 57.697253 ] ] ] ] } },
{ "type": "Feature", "properties": { "NAME": "Loch Maree Islands" }, "geometry": { "type": "MultiPolygon", "coordinates": [ [ [ [ -5.529286, 57.695752 ], [ -5.52915, 57.69584 ], [ -5.529279, 57.69595 ], [ -5.529683, 57.696034 ], [ -5.529589, 57.695814 ], [ -5.529286, 57.695752 ] ] ] ] } },
{ "type": "Feature", "properties": { "NAME": "Loch Maree Islands" }, "geometry": { "type": "MultiPolygon", "coordinates": [ [ [ [ -5.528312, 57.695574 ], [ -5.528213, 57.695633 ], [ -5.52834, 57.695725 ], [ -5.528426, 57.695652 ], [ -5.528312, 57.695574 ] ] ] ] } },
{ "type": "Feature", "properties": { "NAME": "Loch Maree Islands" }, "geometry": { "type": "MultiPolygon", "coordinates": [ [ [ [ -5.498683, 57.695557 ], [ -5.498913, 57.69566 ], [ -5.499127, 57.695698 ], [ -5.499224, 57.695646 ], [ -5.499122, 57.695539 ], [ -5.498683, 57.695557 ] ] ] ] } },
{ "type": "Feature", "properties": { "NAME": "Loch Maree Islands" }, "geometry": { "type": "MultiPolygon", "coordinates": [ [ [ [ -5.516306, 57.693383 ], [ -5.516326, 57.693524 ], [ -5.516719, 57.693601 ], [ -5.51684, 57.693517 ], [ -5.51679, 57.693377 ], [ -5.516306, 57.693383 ] ] ] ] } },
{ "type": "Feature", "properties": { "NAME": "Loch Maree Islands" }, "geometry": { "type": "MultiPolygon", "coordinates": [ [ [ [ -5.514504, 57.69284 ], [ -5.514402, 57.692965 ], [ -5.514603, 57.693055 ], [ -5.514594, 57.693327 ], [ -5.514735, 57.693388 ], [ -5.515281, 57.693343 ], [ -5.515446, 57.693204 ], [ -5.51533, 57.693116 ], [ -5.516478, 57.693095 ], [ -5.516103, 57.692987 ], [ -5.51542, 57.69301 ], [ -5.515324, 57.692836 ], [ -5.514504, 57.69284 ] ] ] ] } },
{ "type": "Feature", "properties": { "NAME": "Loch Maree Islands" }, "geometry": { "type": "MultiPolygon", "coordinates": [ [ [ [ -5.511213, 57.692629 ], [ -5.510478, 57.692849 ], [ -5.510567, 57.693259 ], [ -5.511125, 57.693263 ], [ -5.511758, 57.693467 ], [ -5.511896, 57.693192 ], [ -5.511804, 57.692904 ], [ -5.511587, 57.692657 ], [ -5.511213, 57.692629 ] ] ] ] } },
{ "type": "Feature", "properties": { "NAME": "Loch Maree Islands" }, "geometry": { "type": "MultiPolygon", "coordinates": [ [ [ [ -5.472697, 57.692689 ], [ -5.471539, 57.692864 ], [ -5.471187, 57.693135 ], [ -5.471425, 57.693469 ], [ -5.472021, 57.693744 ], [ -5.472233, 57.694063 ], [ -5.473155, 57.694321 ], [ -5.473816, 57.693949 ], [ -5.474734, 57.693224 ], [ -5.474817, 57.692927 ], [ -5.474544, 57.692822 ], [ -5.473951, 57.692994 ], [ -5.473018, 57.692934 ], [ -5.472697, 57.692689 ] ] ] ] } },
{ "type": "Feature", "properties": { "NAME": "Hermaness" }, "geometry": { "type": "MultiPolygon", "coordinates": [ [ [ [ -0.901, 60.836395 ], [ -0.900924, 60.836483 ], [ -0.900717, 60.836479 ], [ -0.900501, 60.836724 ], [ -0.900025, 60.83675 ], [ -0.900043, 60.836925 ], [ -0.899135, 60.837281 ], [ -0.900004, 60.83736 ], [ -0.900624, 60.837228 ], [ -0.900796, 60.837384 ], [ -0.90137, 60.837344 ], [ -0.901317, 60.836582 ], [ -0.901, 60.836395 ] ] ] ] } },
{ "type": "Feature", "properties": { "NAME": "Hermaness" }, "geometry": { "type": "MultiPolygon", "coordinates": [ [ [ [ -0.867063, 60.836765 ], [ -0.866809, 60.836872 ], [ -0.866795, 60.836929 ], [ -0.867115, 60.836833 ], [ -0.867063, 60.836765 ] ] ] ] } },
{ "type": "Feature", "properties": { "NAME": "Hermaness" }, "geometry": { "type": "MultiPolygon", "coordinates": [ [ [ [ -0.899097, 60.836629 ], [ -0.898912, 60.83669 ], [ -0.898859, 60.836797 ], [ -0.899122, 60.836763 ], [ -0.899097, 60.836629 ] ] ] ] } },
{ "type": "Feature", "properties": { "NAME": "Hermaness" }, "geometry": { "type": "MultiPolygon", "coordinates": [ [ [ [ -0.908416, 60.822257 ], [ -0.908105, 60.822273 ], [ -0.907951, 60.822492 ], [ -0.908664, 60.822497 ], [ -0.908753, 60.822361 ], [ -0.908416, 60.822257 ] ] ] ] } },
{ "type": "Feature", "properties": { "NAME": "Hermaness" }, "geometry": { "type": "MultiPolygon", "coordinates": [ [ [ [ -0.908534, 60.822005 ], [ -0.90835, 60.822045 ], [ -0.90834, 60.822147 ], [ -0.908618, 60.82222 ], [ -0.908761, 60.822138 ], [ -0.908534, 60.822005 ] ] ] ] } },
{ "type": "Feature", "properties": { "NAME": "Hermaness" }, "geometry": { "type": "MultiPolygon", "coordinates": [ [ [ [ -0.908927, 60.820574 ], [ -0.908325, 60.820908 ], [ -0.908422, 60.821096 ], [ -0.908668, 60.821027 ], [ -0.908863, 60.820844 ], [ -0.908927, 60.820574 ] ] ] ] } },
{ "type": "Feature", "properties": { "NAME": "Hermaness" }, "geometry": { "type": "MultiPolygon", "coordinates": [ [ [ [ -0.89901, 60.835075 ], [ -0.899092, 60.835165 ], [ -0.899222, 60.835094 ], [ -0.89901, 60.835075 ] ] ] ] } },
{ "type": "Feature", "properties": { "NAME": "Hermaness" }, "geometry": { "type": "MultiPolygon", "coordinates": [ [ [ [ -0.898515, 60.83494 ], [ -0.898352, 60.835057 ], [ -0.89852, 60.835136 ], [ -0.898641, 60.834976 ], [ -0.898515, 60.83494 ] ] ] ] } },
{ "type": "Feature", "properties": { "NAME": "Hermaness" }, "geometry": { "type": "MultiPolygon", "coordinates": [ [ [ [ -0.898929, 60.834574 ], [ -0.898932, 60.834681 ], [ -0.899163, 60.83471 ], [ -0.899105, 60.834605 ], [ -0.898929, 60.834574 ] ] ] ] } },
{ "type": "Feature", "properties": { "NAME": "Hermaness" }, "geometry": { "type": "MultiPolygon", "coordinates": [ [ [ [ -0.89848, 60.833817 ], [ -0.898282, 60.833893 ], [ -0.898305, 60.833941 ], [ -0.898642, 60.833893 ], [ -0.89848, 60.833817 ] ] ] ] } },
{ "type": "Feature", "properties": { "NAME": "Hermaness" }, "geometry": { "type": "MultiPolygon", "coordinates": [ [ [ [ -0.898709, 60.833715 ], [ -0.898766, 60.833831 ], [ -0.898869, 60.833853 ], [ -0.898872, 60.833752 ], [ -0.898709, 60.833715 ] ] ] ] } },
{ "type": "Feature", "properties": { "NAME": "Hermaness" }, "geometry": { "type": "MultiPolygon", "coordinates": [ [ [ [ -0.867722, 60.832183 ], [ -0.867107, 60.832675 ], [ -0.867661, 60.832528 ], [ -0.867819, 60.83236 ], [ -0.867722, 60.832183 ] ] ] ] } },
{ "type": "Feature", "properties": { "NAME": "Hermaness" }, "geometry": { "type": "MultiPolygon", "coordinates": [ [ [ [ -0.901432, 60.83072 ], [ -0.901097, 60.830809 ], [ -0.901028, 60.83098 ], [ -0.90192, 60.830929 ], [ -0.901868, 60.830797 ], [ -0.901432, 60.83072 ] ] ] ] } },
{ "type": "Feature", "properties": { "NAME": "Hermaness" }, "geometry": { "type": "MultiPolygon", "coordinates": [ [ [ [ -0.898656, 60.830833 ], [ -0.898568, 60.830892 ], [ -0.898652, 60.830937 ], [ -0.898782, 60.830873 ], [ -0.898656, 60.830833 ] ] ] ] } },
{ "type": "Feature", "properties": { "NAME": "Hermaness" }, "geometry": { "type": "MultiPolygon", "coordinates": [ [ [ [ -0.90084, 60.830626 ], [ -0.900732, 60.830677 ], [ -0.900856, 60.830893 ], [ -0.900971, 60.830826 ], [ -0.90084, 60.830626 ] ] ] ] } },
{ "type": "Feature", "properties": { "NAME": "Hermaness" }, "geometry": { "type": "MultiPolygon", "coordinates": [ [ [ [ -0.896395, 60.830374 ], [ -0.89671, 60.830448 ], [ -0.896639, 60.830367 ], [ -0.896395, 60.830374 ] ] ] ] } },
{ "type": "Feature", "properties": { "NAME": "Hermaness" }, "geometry": { "type": "MultiPolygon", "coordinates": [ [ [ [ -0.895955, 60.830254 ], [ -0.896287, 60.830335 ], [ -0.896265, 60.830272 ], [ -0.895955, 60.830254 ] ] ] ] } },
{ "type": "Feature", "properties": { "NAME": "Hermaness" }, "geometry": { "type": "MultiPolygon", "coordinates": [ [ [ [ -0.899971, 60.8299 ], [ -0.899834, 60.829986 ], [ -0.899919, 60.830168 ], [ -0.900113, 60.830012 ], [ -0.899971, 60.8299 ] ] ] ] } },
{ "type": "Feature", "properties": { "NAME": "Hermaness" }, "geometry": { "type": "MultiPolygon", "coordinates": [ [ [ [ -0.898586, 60.829928 ], [ -0.898541, 60.830017 ], [ -0.898667, 60.830074 ], [ -0.898743, 60.829992 ], [ -0.898586, 60.829928 ] ] ] ] } },
{ "type": "Feature", "properties": { "NAME": "Hermaness" }, "geometry": { "type": "MultiPolygon", "coordinates": [ [ [ [ -0.89609, 60.829863 ], [ -0.89616, 60.829961 ], [ -0.896256, 60.829986 ], [ -0.896338, 60.829915 ], [ -0.89609, 60.829863 ] ] ] ] } },
{ "type": "Feature", "properties": { "NAME": "Hermaness" }, "geometry": { "type": "MultiPolygon", "coordinates": [ [ [ [ -0.901396, 60.82976 ], [ -0.901131, 60.829818 ], [ -0.901226, 60.829908 ], [ -0.901436, 60.829838 ], [ -0.901396, 60.82976 ] ] ] ] } },
{ "type": "Feature", "properties": { "NAME": "Hermaness" }, "geometry": { "type": "MultiPolygon", "coordinates": [ [ [ [ -0.900628, 60.829763 ], [ -0.900839, 60.829827 ], [ -0.900859, 60.829756 ], [ -0.900628, 60.829763 ] ] ] ] } },
{ "type": "Feature", "properties": { "NAME": "Hermaness" }, "geometry": { "type": "MultiPolygon", "coordinates": [ [ [ [ -0.898183, 60.829603 ], [ -0.898132, 60.829662 ], [ -0.89827, 60.829744 ], [ -0.898399, 60.829694 ], [ -0.898183, 60.829603 ] ] ] ] } },
{ "type": "Feature", "properties": { "NAME": "Hermaness" }, "geometry": { "type": "MultiPolygon", "coordinates": [ [ [ [ -0.89923, 60.829656 ], [ -0.899385, 60.829735 ], [ -0.899484, 60.829688 ], [ -0.89923, 60.829656 ] ] ] ] } },
{ "type": "Feature", "properties": { "NAME": "Hermaness" }, "geometry": { "type": "MultiPolygon", "coordinates": [ [ [ [ -0.900463, 60.829586 ], [ -0.900412, 60.829657 ], [ -0.900588, 60.829664 ], [ -0.900614, 60.829629 ], [ -0.900463, 60.829586 ] ] ] ] } },
{ "type": "Feature", "properties": { "NAME": "Hermaness" }, "geometry": { "type": "MultiPolygon", "coordinates": [ [ [ [ -0.897961, 60.829509 ], [ -0.898026, 60.829566 ], [ -0.898173, 60.829537 ], [ -0.897961, 60.829509 ] ] ] ] } },
{ "type": "Feature", "properties": { "NAME": "Hermaness" }, "geometry": { "type": "MultiPolygon", "coordinates": [ [ [ [ -0.899437, 60.829298 ], [ -0.899428, 60.829375 ], [ -0.899623, 60.829377 ], [ -0.899619, 60.829326 ], [ -0.899437, 60.829298 ] ] ] ] } },
{ "type": "Feature", "properties": { "NAME": "Hermaness" }, "geometry": { "type": "MultiPolygon", "coordinates": [ [ [ [ -0.909351, 60.828908 ], [ -0.908743, 60.829086 ], [ -0.908637, 60.829251 ], [ -0.908753, 60.829356 ], [ -0.909534, 60.829411 ], [ -0.909801, 60.829325 ], [ -0.909643, 60.829173 ], [ -0.909794, 60.828966 ], [ -0.909351, 60.828908 ] ] ] ] } },
{ "type": "Feature", "properties": { "NAME": "Hermaness" }, "geometry": { "type": "MultiPolygon", "coordinates": [ [ [ [ -0.899407, 60.829113 ], [ -0.899393, 60.829169 ], [ -0.899694, 60.829249 ], [ -0.899723, 60.829127 ], [ -0.899407, 60.829113 ] ] ] ] } },
{ "type": "Feature", "properties": { "NAME": "Hermaness" }, "geometry": { "type": "MultiPolygon", "coordinates": [ [ [ [ -0.900132, 60.829122 ], [ -0.900093, 60.829178 ], [ -0.900224, 60.829268 ], [ -0.90027, 60.829165 ], [ -0.900132, 60.829122 ] ] ] ] } },
{ "type": "Feature", "properties": { "NAME": "Hermaness" }, "geometry": { "type": "MultiPolygon", "coordinates": [ [ [ [ -0.898616, 60.829071 ], [ -0.898712, 60.829119 ], [ -0.898951, 60.829085 ], [ -0.898879, 60.829043 ], [ -0.898616, 60.829071 ] ] ] ] } },
{ "type": "Feature", "properties": { "NAME": "Hermaness" }, "geometry": { "type": "MultiPolygon", "coordinates": [ [ [ [ -0.90281, 60.827882 ], [ -0.902688, 60.828062 ], [ -0.902906, 60.828275 ], [ -0.902928, 60.82852 ], [ -0.903151, 60.82859 ], [ -0.903168, 60.828084 ], [ -0.90281, 60.827882 ] ] ] ] } },
{ "type": "Feature", "properties": { "NAME": "Hermaness" }, "geometry": { "type": "MultiPolygon", "coordinates": [ [ [ [ -0.903333, 60.828071 ], [ -0.903563, 60.828138 ], [ -0.903572, 60.828058 ], [ -0.903333, 60.828071 ] ] ] ] } },
{ "type": "Feature", "properties": { "NAME": "Hermaness" }, "geometry": { "type": "MultiPolygon", "coordinates": [ [ [ [ -0.906761, 60.826822 ], [ -0.906467, 60.827051 ], [ -0.906581, 60.82729 ], [ -0.906494, 60.827507 ], [ -0.907008, 60.827999 ], [ -0.90761, 60.827665 ], [ -0.907977, 60.82709 ], [ -0.907527, 60.826881 ], [ -0.906761, 60.826822 ] ] ] ] } },
{ "type": "Feature", "properties": { "NAME": "Hermaness" }, "geometry": { "type": "MultiPolygon", "coordinates": [ [ [ [ -0.906101, 60.827233 ], [ -0.906113, 60.827412 ], [ -0.906252, 60.827472 ], [ -0.906388, 60.827399 ], [ -0.906101, 60.827233 ] ] ] ] } },
{ "type": "Feature", "properties": { "NAME": "Hermaness" }, "geometry": { "type": "MultiPolygon", "coordinates": [ [ [ [ -0.90935, 60.826134 ], [ -0.909218, 60.826252 ], [ -0.909307, 60.826312 ], [ -0.909474, 60.826263 ], [ -0.90935, 60.826134 ] ] ] ] } },
{ "type": "Feature", "properties": { "NAME": "Hermaness" }, "geometry": { "type": "MultiPolygon", "coordinates": [ [ [ [ -0.909857, 60.82574 ], [ -0.909553, 60.82591 ], [ -0.909587, 60.825964 ], [ -0.910036, 60.825848 ], [ -0.909857, 60.82574 ] ] ] ] } },
{ "type": "Feature", "properties": { "NAME": "Loch Maree Islands" }, "geometry": { "type": "MultiPolygon", "coordinates": [ [ [ [ -5.506147, 57.696442 ], [ -5.506051, 57.696612 ], [ -5.505769, 57.696718 ], [ -5.505725, 57.696999 ], [ -5.504886, 57.697173 ], [ -5.504896, 57.697376 ], [ -5.504774, 57.697437 ], [ -5.504283, 57.697341 ], [ -5.504287, 57.697226 ], [ -5.504535, 57.697093 ], [ -5.504382, 57.69699 ], [ -5.503911, 57.696934 ], [ -5.503335, 57.697011 ], [ -5.503165, 57.696949 ], [ -5.50301, 57.696721 ], [ -5.502821, 57.696676 ], [ -5.501647, 57.696764 ], [ -5.501084, 57.697087 ], [ -5.501117, 57.697911 ], [ -5.501816, 57.69804 ], [ -5.501617, 57.698581 ], [ -5.501244, 57.698958 ], [ -5.501393, 57.699176 ], [ -5.50213, 57.699543 ], [ -5.502714, 57.699708 ], [ -5.503409, 57.699793 ], [ -5.503646, 57.699805 ], [ -5.503881, 57.69964 ], [ -5.504285, 57.699634 ], [ -5.50422, 57.699493 ], [ -5.505561, 57.699546 ], [ -5.505281, 57.70004 ], [ -5.505423, 57.700288 ], [ -5.505792, 57.700393 ], [ -5.506218, 57.700354 ], [ -5.506418, 57.700096 ], [ -5.506427, 57.699871 ], [ -5.506005, 57.699633 ], [ -5.506953, 57.699478 ], [ -5.506919, 57.699289 ], [ -5.506751, 57.699193 ], [ -5.505894, 57.699068 ], [ -5.505815, 57.698988 ], [ -5.50602, 57.698733 ], [ -5.506419, 57.698618 ], [ -5.506615, 57.698373 ], [ -5.506775, 57.697697 ], [ -5.50722, 57.697103 ], [ -5.507104, 57.69681 ], [ -5.506761, 57.69665 ], [ -5.5063, 57.696594 ], [ -5.506147, 57.696442 ] ] ] ] } },
{ "type": "Feature", "properties": { "NAME": "Loch Maree Islands" }, "geometry": { "type": "MultiPolygon", "coordinates": [ [ [ [ -5.523169, 57.699566 ], [ -5.523061, 57.699637 ], [ -5.52315, 57.699754 ], [ -5.523287, 57.699684 ], [ -5.523169, 57.699566 ] ] ] ] } },
{ "type": "Feature", "properties": { "NAME": "Loch Maree Islands" }, "geometry": { "type": "MultiPolygon", "coordinates": [ [ [ [ -5.537336, 57.699075 ], [ -5.537438, 57.699239 ], [ -5.537656, 57.699247 ], [ -5.53752, 57.699134 ], [ -5.537336, 57.699075 ] ] ] ] } },
{ "type": "Feature", "properties": { "NAME": "Loch Maree Islands" }, "geometry": { "type": "MultiPolygon", "coordinates": [ [ [ [ -5.523421, 57.699198 ], [ -5.523167, 57.699337 ], [ -5.523167, 57.699418 ], [ -5.523708, 57.699399 ], [ -5.523421, 57.699198 ] ] ] ] } },
{ "type": "Feature", "properties": { "NAME": "Loch Maree Islands" }, "geometry": { "type": "MultiPolygon", "coordinates": [ [ [ [ -5.537323, 57.698874 ], [ -5.537205, 57.698952 ], [ -5.537335, 57.698994 ], [ -5.537435, 57.698935 ], [ -5.537323, 57.698874 ] ] ] ] } },
{ "type": "Feature", "properties": { "NAME": "Loch Maree Islands" }, "geometry": { "type": "MultiPolygon", "coordinates": [ [ [ [ -5.537223, 57.698456 ], [ -5.536831, 57.698492 ], [ -5.536816, 57.698549 ], [ -5.537542, 57.698819 ], [ -5.537502, 57.698541 ], [ -5.537223, 57.698456 ] ] ] ] } },
{ "type": "Feature", "properties": { "NAME": "Loch Maree Islands" }, "geometry": { "type": "MultiPolygon", "coordinates": [ [ [ [ -5.538436, 57.69838 ], [ -5.539286, 57.698703 ], [ -5.539454, 57.69867 ], [ -5.53931, 57.698546 ], [ -5.538436, 57.69838 ] ] ] ] } },
{ "type": "Feature", "properties": { "NAME": "Loch Maree Islands" }, "geometry": { "type": "MultiPolygon", "coordinates": [ [ [ [ -5.500999, 57.699072 ], [ -5.500576, 57.699254 ], [ -5.500518, 57.699552 ], [ -5.500787, 57.699681 ], [ -5.501612, 57.699744 ], [ -5.50161, 57.699623 ], [ -5.501211, 57.699415 ], [ -5.500999, 57.699072 ] ] ] ] } },
{ "type": "Feature", "properties": { "NAME": "Loch Maree Islands" }, "geometry": { "type": "MultiPolygon", "coordinates": [ [ [ [ -5.516967, 57.695612 ], [ -5.516844, 57.695433 ], [ -5.516599, 57.695321 ], [ -5.517239, 57.69479 ], [ -5.517322, 57.694496 ], [ -5.517047, 57.693957 ], [ -5.516608, 57.693701 ], [ -5.51585, 57.693779 ], [ -5.515152, 57.69359 ], [ -5.514335, 57.693583 ], [ -5.513643, 57.693642 ], [ -5.513115, 57.693931 ], [ -5.51266, 57.693517 ], [ -5.512054, 57.693699 ], [ -5.511466, 57.693689 ], [ -5.511268, 57.693625 ], [ -5.511066, 57.693319 ], [ -5.510171, 57.693334 ], [ -5.510053, 57.693261 ], [ -5.510302, 57.693218 ], [ -5.509986, 57.692952 ], [ -5.509162, 57.692743 ], [ -5.508889, 57.692413 ], [ -5.507236, 57.691737 ], [ -5.506627, 57.691635 ], [ -5.505959, 57.691633 ], [ -5.506204, 57.691547 ], [ -5.506086, 57.691474 ], [ -5.506699, 57.691365 ], [ -5.50744, 57.691553 ], [ -5.508128, 57.69151 ], [ -5.509316, 57.69159 ], [ -5.509567, 57.691179 ], [ -5.510159, 57.690981 ], [ -5.51017, 57.690831 ], [ -5.509905, 57.690842 ], [ -5.509865, 57.69075 ], [ -5.510655, 57.6885 ], [ -5.510199, 57.687944 ], [ -5.508056, 57.688404 ], [ -5.507301, 57.688259 ], [ -5.506462, 57.688272 ], [ -5.505944, 57.688472 ], [ -5.505456, 57.68879 ], [ -5.505014, 57.688885 ], [ -5.505482, 57.689323 ], [ -5.507171, 57.689276 ], [ -5.507553, 57.689523 ], [ -5.506761, 57.690337 ], [ -5.506722, 57.690642 ], [ -5.506461, 57.691007 ], [ -5.50507, 57.690996 ], [ -5.50484, 57.691049 ], [ -5.504842, 57.691135 ], [ -5.505371, 57.691431 ], [ -5.505772, 57.691553 ], [ -5.504966, 57.691591 ], [ -5.504539, 57.691454 ], [ -5.50323, 57.691332 ], [ -5.502408, 57.691073 ], [ -5.50173, 57.691026 ], [ -5.501012, 57.691141 ], [ -5.500229, 57.691799 ], [ -5.499851, 57.692875 ], [ -5.499865, 57.693282 ], [ -5.500204, 57.694299 ], [ -5.499991, 57.695096 ], [ -5.500327, 57.695381 ], [ -5.500899, 57.69567 ], [ -5.501021, 57.695971 ], [ -5.502023, 57.696493 ], [ -5.502432, 57.696313 ], [ -5.502714, 57.696034 ], [ -5.503445, 57.696305 ], [ -5.503744, 57.69627 ], [ -5.504698, 57.695913 ], [ -5.50487, 57.69558 ], [ -5.504893, 57.694732 ], [ -5.505551, 57.694379 ], [ -5.505691, 57.694097 ], [ -5.505649, 57.69392 ], [ -5.505301, 57.693711 ], [ -5.505369, 57.69358 ], [ -5.505673, 57.693595 ], [ -5.506686, 57.694037 ], [ -5.506518, 57.694475 ], [ -5.507341, 57.694614 ], [ -5.507452, 57.694416 ], [ -5.507082, 57.694297 ], [ -5.50707, 57.694175 ], [ -5.507185, 57.694149 ], [ -5.508197, 57.694011 ], [ -5.508918, 57.694239 ], [ -5.509321, 57.694255 ], [ -5.509626, 57.69421 ], [ -5.509837, 57.693966 ], [ -5.510469, 57.693793 ], [ -5.510838, 57.693835 ], [ -5.510621, 57.69447 ], [ -5.510387, 57.694732 ], [ -5.509608, 57.6948 ], [ -5.508855, 57.694738 ], [ -5.508519, 57.69484 ], [ -5.508479, 57.694944 ], [ -5.50911, 57.695201 ], [ -5.508917, 57.695312 ], [ -5.508241, 57.695357 ], [ -5.507915, 57.695883 ], [ -5.507945, 57.696061 ], [ -5.508485, 57.696476 ], [ -5.508471, 57.696583 ], [ -5.507784, 57.696704 ], [ -5.507549, 57.696886 ], [ -5.507609, 57.697067 ], [ -5.508035, 57.697373 ], [ -5.508574, 57.697586 ], [ -5.508773, 57.697594 ], [ -5.509075, 57.697397 ], [ -5.509416, 57.696765 ], [ -5.510023, 57.696652 ], [ -5.509915, 57.696437 ], [ -5.510501, 57.695659 ], [ -5.510075, 57.69528 ], [ -5.5103, 57.695244 ], [ -5.510426, 57.695135 ], [ -5.511075, 57.695395 ], [ -5.512145, 57.695656 ], [ -5.512023, 57.695994 ], [ -5.511203, 57.696013 ], [ -5.511036, 57.696266 ], [ -5.510521, 57.69644 ], [ -5.51051, 57.696705 ], [ -5.510131, 57.696815 ], [ -5.509964, 57.697197 ], [ -5.510106, 57.697643 ], [ -5.509763, 57.698053 ], [ -5.509503, 57.69805 ], [ -5.508711, 57.698294 ], [ -5.508902, 57.698736 ], [ -5.508871, 57.698991 ], [ -5.509222, 57.699237 ], [ -5.509599, 57.699365 ], [ -5.510105, 57.699421 ], [ -5.510763, 57.698932 ], [ -5.510906, 57.698687 ], [ -5.510778, 57.698578 ], [ -5.510387, 57.698496 ], [ -5.510326, 57.698249 ], [ -5.510645, 57.698042 ], [ -5.510937, 57.697987 ], [ -5.510839, 57.697808 ], [ -5.511856, 57.697138 ], [ -5.512089, 57.697502 ], [ -5.512308, 57.697598 ], [ -5.512352, 57.697985 ], [ -5.512863, 57.698027 ], [ -5.512851, 57.697908 ], [ -5.513066, 57.697889 ], [ -5.514247, 57.698025 ], [ -5.51523, 57.697775 ], [ -5.515649, 57.69776 ], [ -5.516238, 57.698032 ], [ -5.516515, 57.698283 ], [ -5.517262, 57.698404 ], [ -5.517313, 57.698224 ], [ -5.517151, 57.69802 ], [ -5.517729, 57.697865 ], [ -5.51786, 57.697937 ], [ -5.517938, 57.698233 ], [ -5.517564, 57.698267 ], [ -5.517557, 57.698379 ], [ -5.517967, 57.698663 ], [ -5.518178, 57.698733 ], [ -5.51838, 57.698707 ], [ -5.518748, 57.698432 ], [ -5.51898, 57.698777 ], [ -5.519602, 57.698885 ], [ -5.519627, 57.698762 ], [ -5.519397, 57.698623 ], [ -5.519819, 57.698512 ], [ -5.519766, 57.698215 ], [ -5.518934, 57.69799 ], [ -5.518772, 57.69766 ], [ -5.518281, 57.697439 ], [ -5.518427, 57.697034 ], [ -5.518611, 57.69695 ], [ -5.518485, 57.696738 ], [ -5.518563, 57.696332 ], [ -5.517787, 57.696042 ], [ -5.517707, 57.695786 ], [ -5.517557, 57.695704 ], [ -5.516967, 57.695612 ] ] ] ] } },
{ "type": "Feature", "properties": { "NAME": "Loch Maree Islands" }, "geometry": { "type": "MultiPolygon", "coordinates": [ [ [ [ -5.523013, 57.69894 ], [ -5.522964, 57.699021 ], [ -5.523112, 57.69907 ], [ -5.523143, 57.698963 ], [ -5.523013, 57.69894 ] ] ] ] } },
{ "type": "Feature", "properties": { "NAME": "Hermaness" }, "geometry": { "type": "MultiPolygon", "coordinates": [ [ [ [ -0.894755, 60.849312 ], [ -0.894666, 60.8494 ], [ -0.894732, 60.849428 ], [ -0.89488, 60.849378 ], [ -0.894755, 60.849312 ] ] ] ] } },
{ "type": "Feature", "properties": { "NAME": "Hermaness" }, "geometry": { "type": "MultiPolygon", "coordinates": [ [ [ [ -0.893305, 60.848827 ], [ -0.892842, 60.849171 ], [ -0.893141, 60.849167 ], [ -0.89366, 60.848969 ], [ -0.893305, 60.848827 ] ] ] ] } },
{ "type": "Feature", "properties": { "NAME": "Hermaness" }, "geometry": { "type": "MultiPolygon", "coordinates": [ [ [ [ -0.899991, 60.849096 ], [ -0.900055, 60.84918 ], [ -0.900238, 60.849172 ], [ -0.900463, 60.849031 ], [ -0.899991, 60.849096 ] ] ] ] } },
{ "type": "Feature", "properties": { "NAME": "Hermaness" }, "geometry": { "type": "MultiPolygon", "coordinates": [ [ [ [ -0.877755, 60.845804 ], [ -0.877329, 60.845944 ], [ -0.877358, 60.846155 ], [ -0.877691, 60.84606 ], [ -0.87785, 60.845865 ], [ -0.877755, 60.845804 ] ] ] ] } },
{ "type": "Feature", "properties": { "NAME": "Hermaness" }, "geometry": { "type": "MultiPolygon", "coordinates": [ [ [ [ -0.897624, 60.834789 ], [ -0.896868, 60.833194 ], [ -0.89577, 60.832173 ], [ -0.895452, 60.831494 ], [ -0.895623, 60.831463 ], [ -0.895903, 60.83165 ], [ -0.896513, 60.831652 ], [ -0.896849, 60.831804 ], [ -0.897136, 60.831621 ], [ -0.897212, 60.831336 ], [ -0.896852, 60.830994 ], [ -0.89656, 60.830998 ], [ -0.896447, 60.83091 ], [ -0.896269, 60.830942 ], [ -0.895462, 60.830655 ], [ -0.894974, 60.830669 ], [ -0.895058, 60.83053 ], [ -0.895426, 60.830461 ], [ -0.895601, 60.830254 ], [ -0.895169, 60.830046 ], [ -0.896256, 60.830177 ], [ -0.896325, 60.830103 ], [ -0.895775, 60.829801 ], [ -0.896789, 60.829728 ], [ -0.897061, 60.829802 ], [ -0.896906, 60.829878 ], [ -0.896952, 60.829974 ], [ -0.89838, 60.830245 ], [ -0.898357, 60.82986 ], [ -0.897392, 60.829382 ], [ -0.897899, 60.829351 ], [ -0.897927, 60.829262 ], [ -0.897662, 60.829155 ], [ -0.898324, 60.829059 ], [ -0.898633, 60.828916 ], [ -0.898912, 60.828966 ], [ -0.899255, 60.828903 ], [ -0.899556, 60.829016 ], [ -0.8998, 60.829006 ], [ -0.899909, 60.828852 ], [ -0.899593, 60.82865 ], [ -0.89981, 60.828205 ], [ -0.899469, 60.828015 ], [ -0.899318, 60.827794 ], [ -0.899409, 60.827631 ], [ -0.899637, 60.827543 ], [ -0.900377, 60.827657 ], [ -0.90141, 60.827382 ], [ -0.901653, 60.827408 ], [ -0.901819, 60.827897 ], [ -0.902184, 60.827722 ], [ -0.902855, 60.82773 ], [ -0.902997, 60.827833 ], [ -0.903853, 60.828039 ], [ -0.904017, 60.828383 ], [ -0.904176, 60.828384 ], [ -0.904308, 60.828251 ], [ -0.9046, 60.828283 ], [ -0.904563, 60.828482 ], [ -0.904887, 60.828798 ], [ -0.905131, 60.828597 ], [ -0.90475, 60.827201 ], [ -0.904782, 60.826779 ], [ -0.905107, 60.826722 ], [ -0.905603, 60.826848 ], [ -0.906006, 60.826821 ], [ -0.905698, 60.827075 ], [ -0.905997, 60.827065 ], [ -0.906308, 60.826895 ], [ -0.906319, 60.826744 ], [ -0.905844, 60.826386 ], [ -0.905925, 60.826336 ], [ -0.906289, 60.826377 ], [ -0.906547, 60.826317 ], [ -0.907229, 60.826519 ], [ -0.907523, 60.826274 ], [ -0.908339, 60.826132 ], [ -0.908599, 60.825991 ], [ -0.908696, 60.825659 ], [ -0.908458, 60.825484 ], [ -0.909036, 60.825507 ], [ -0.90923, 60.82538 ], [ -0.909628, 60.824238 ], [ -0.909485, 60.824147 ], [ -0.909071, 60.824144 ], [ -0.908604, 60.823711 ], [ -0.908121, 60.823565 ], [ -0.907818, 60.823354 ], [ -0.908049, 60.82318 ], [ -0.908111, 60.822969 ], [ -0.907695, 60.822668 ], [ -0.907808, 60.822398 ], [ -0.907447, 60.822092 ], [ -0.907819, 60.821886 ], [ -0.908244, 60.821931 ], [ -0.908382, 60.821816 ], [ -0.90827, 60.821711 ], [ -0.90779, 60.821669 ], [ -0.907397, 60.821746 ], [ -0.907481, 60.821253 ], [ -0.907236, 60.821114 ], [ -0.907256, 60.820882 ], [ -0.907626, 60.820935 ], [ -0.908011, 60.820891 ], [ -0.909104, 60.820397 ], [ -0.909304, 60.820416 ], [ -0.909638, 60.820636 ], [ -0.909546, 60.820278 ], [ -0.909988, 60.820371 ], [ -0.910491, 60.82008 ], [ -0.910985, 60.82007 ], [ -0.911108, 60.820213 ], [ -0.911395, 60.820028 ], [ -0.911898, 60.820012 ], [ -0.911815, 60.819413 ], [ -0.911406, 60.819085 ], [ -0.911397, 60.818963 ], [ -0.911617, 60.81842 ], [ -0.911837, 60.818231 ], [ -0.912098, 60.818236 ], [ -0.912367, 60.81839 ], [ -0.912709, 60.818372 ], [ -0.912981, 60.81863 ], [ -0.913294, 60.818737 ], [ -0.913737, 60.81861 ], [ -0.913619, 60.818314 ], [ -0.913818, 60.818375 ], [ -0.913954, 60.818323 ], [ -0.913864, 60.817923 ], [ -0.913502, 60.817631 ], [ -0.913179, 60.817629 ], [ -0.913112, 60.817262 ], [ -0.912955, 60.817231 ], [ -0.912677, 60.817339 ], [ -0.912888, 60.816864 ], [ -0.913217, 60.816516 ], [ -0.912991, 60.816175 ], [ -0.914041, 60.816278 ], [ -0.914056, 60.816549 ], [ -0.914212, 60.816634 ], [ -0.915086, 60.816186 ], [ -0.915296, 60.815917 ], [ -0.915934, 60.816133 ], [ -0.916842, 60.816134 ], [ -0.917168, 60.816393 ], [ -0.917221, 60.816111 ], [ -0.916998, 60.815472 ], [ -0.917634, 60.815406 ], [ -0.917949, 60.815283 ], [ -0.91862, 60.815616 ], [ -0.918912, 60.815642 ], [ -0.918954, 60.815815 ], [ -0.919635, 60.815493 ], [ -0.921139, 60.815871 ], [ -0.921306, 60.815807 ], [ -0.921531, 60.81583 ], [ -0.921818, 60.815969 ], [ -0.922371, 60.815848 ], [ -0.922751, 60.815959 ], [ -0.923391, 60.816312 ], [ -0.923475, 60.816706 ], [ -0.924997, 60.816554 ], [ -0.925092, 60.816799 ], [ -0.925262, 60.816839 ], [ -0.925678, 60.816774 ], [ -0.926404, 60.816914 ], [ -0.926573, 60.817332 ], [ -0.927152, 60.817503 ], [ -0.927356, 60.817418 ], [ -0.927435, 60.817243 ], [ -0.927129, 60.81675 ], [ -0.927795, 60.817035 ], [ -0.928463, 60.817112 ], [ -0.928726, 60.817075 ], [ -0.929307, 60.816636 ], [ -0.929746, 60.816449 ], [ -0.930206, 60.815997 ], [ -0.930799, 60.815931 ], [ -0.931143, 60.815645 ], [ -0.931387, 60.815641 ], [ -0.931501, 60.815517 ], [ -0.931423, 60.815299 ], [ -0.93162, 60.815059 ], [ -0.931187, 60.814716 ], [ -0.931497, 60.814085 ], [ -0.931705, 60.814288 ], [ -0.931688, 60.81454 ], [ -0.931884, 60.814575 ], [ -0.932077, 60.814455 ], [ -0.931998, 60.814273 ], [ -0.932166, 60.814107 ], [ -0.932936, 60.813979 ], [ -0.933945, 60.813609 ], [ -0.934031, 60.813084 ], [ -0.934315, 60.813074 ], [ -0.934464, 60.813264 ], [ -0.934728, 60.813325 ], [ -0.935025, 60.813168 ], [ -0.935049, 60.812991 ], [ -0.93536, 60.812935 ], [ -0.935435, 60.812747 ], [ -0.935849, 60.812968 ], [ -0.936019, 60.813264 ], [ -0.936535, 60.813251 ], [ -0.938038, 60.81291 ], [ -0.938266, 60.812769 ], [ -0.938213, 60.812563 ], [ -0.938433, 60.812405 ], [ -0.938405, 60.812207 ], [ -0.938613, 60.811902 ], [ -0.938326, 60.811493 ], [ -0.937958, 60.811423 ], [ -0.937849, 60.811623 ], [ -0.937684, 60.81166 ], [ -0.937342, 60.811334 ], [ -0.935949, 60.811382 ], [ -0.935928, 60.811482 ], [ -0.936274, 60.811687 ], [ -0.936075, 60.811702 ], [ -0.935459, 60.811357 ], [ -0.934997, 60.810803 ], [ -0.934892, 60.810848 ], [ -0.935061, 60.811446 ], [ -0.93525, 60.811699 ], [ -0.935094, 60.811757 ], [ -0.934729, 60.811611 ], [ -0.934494, 60.811185 ], [ -0.933969, 60.810938 ], [ -0.933676, 60.810969 ], [ -0.933303, 60.811331 ], [ -0.933013, 60.811274 ], [ -0.932571, 60.811376 ], [ -0.931703, 60.811113 ], [ -0.931411, 60.811106 ], [ -0.931235, 60.81097 ], [ -0.930767, 60.811105 ], [ -0.929904, 60.810956 ], [ -0.929412, 60.811011 ], [ -0.929093, 60.810773 ], [ -0.928736, 60.810657 ], [ -0.927573, 60.810475 ], [ -0.926613, 60.810421 ], [ -0.926498, 60.810235 ], [ -0.926005, 60.810337 ], [ -0.925258, 60.809793 ], [ -0.925271, 60.809675 ], [ -0.92579, 60.809327 ], [ -0.925683, 60.809183 ], [ -0.926101, 60.80901 ], [ -0.926266, 60.808717 ], [ -0.926769, 60.808562 ], [ -0.92741, 60.808038 ], [ -0.927166, 60.807612 ], [ -0.927577, 60.807409 ], [ -0.928422, 60.807207 ], [ -0.919782, 60.805228 ], [ -0.892149, 60.798357 ], [ -0.891563, 60.798931 ], [ -0.89181, 60.799177 ], [ -0.891756, 60.799343 ], [ -0.890871, 60.800104 ], [ -0.890864, 60.8003 ], [ -0.8901, 60.800734 ], [ -0.889502, 60.800771 ], [ -0.88902, 60.800973 ], [ -0.888545, 60.801329 ], [ -0.888506, 60.801674 ], [ -0.888337, 60.801806 ], [ -0.890995, 60.80293 ], [ -0.889594, 60.803963 ], [ -0.887754, 60.805849 ], [ -0.887798, 60.806252 ], [ -0.888853, 60.806628 ], [ -0.889135, 60.807102 ], [ -0.889468, 60.807286 ], [ -0.888373, 60.807658 ], [ -0.886541, 60.808023 ], [ -0.886784, 60.809078 ], [ -0.882722, 60.810444 ], [ -0.88157, 60.810282 ], [ -0.880826, 60.810816 ], [ -0.879901, 60.811076 ], [ -0.878201, 60.811153 ], [ -0.877913, 60.811099 ], [ -0.876903, 60.811811 ], [ -0.876736, 60.812098 ], [ -0.876726, 60.812815 ], [ -0.873871, 60.812833 ], [ -0.873143, 60.813356 ], [ -0.873023, 60.813555 ], [ -0.873283, 60.813695 ], [ -0.873801, 60.813585 ], [ -0.873757, 60.813796 ], [ -0.873561, 60.813845 ], [ -0.873881, 60.813925 ], [ -0.873723, 60.814157 ], [ -0.874165, 60.814334 ], [ -0.874177, 60.814605 ], [ -0.873753, 60.814872 ], [ -0.87343, 60.814889 ], [ -0.873196, 60.814793 ], [ -0.872712, 60.81477 ], [ -0.871999, 60.815213 ], [ -0.872077, 60.815251 ], [ -0.87244, 60.815136 ], [ -0.872578, 60.815285 ], [ -0.873022, 60.815305 ], [ -0.873744, 60.815141 ], [ -0.873719, 60.815501 ], [ -0.873277, 60.815502 ], [ -0.871665, 60.815779 ], [ -0.871408, 60.816094 ], [ -0.871845, 60.816382 ], [ -0.871313, 60.816447 ], [ -0.870994, 60.816782 ], [ -0.871241, 60.816845 ], [ -0.871055, 60.816931 ], [ -0.871271, 60.817296 ], [ -0.871751, 60.817339 ], [ -0.871213, 60.817591 ], [ -0.871455, 60.817655 ], [ -0.871772, 60.817627 ], [ -0.872693, 60.817865 ], [ -0.87355, 60.817758 ], [ -0.87371, 60.817884 ], [ -0.873492, 60.817849 ], [ -0.873452, 60.817929 ], [ -0.873702, 60.817929 ], [ -0.873403, 60.818131 ], [ -0.873407, 60.818012 ], [ -0.873277, 60.818065 ], [ -0.873279, 60.818172 ], [ -0.872891, 60.818115 ], [ -0.873123, 60.81829 ], [ -0.873313, 60.818253 ], [ -0.87349, 60.818418 ], [ -0.873141, 60.818471 ], [ -0.87157, 60.818434 ], [ -0.871441, 60.818469 ], [ -0.871486, 60.818571 ], [ -0.871177, 60.818529 ], [ -0.870917, 60.818661 ], [ -0.870796, 60.819154 ], [ -0.87115, 60.819476 ], [ -0.871238, 60.819756 ], [ -0.870872, 60.820277 ], [ -0.870823, 60.820461 ], [ -0.870962, 60.82065 ], [ -0.870831, 60.820929 ], [ -0.870983, 60.821105 ], [ -0.871153, 60.821116 ], [ -0.871142, 60.82127 ], [ -0.871067, 60.82149 ], [ -0.870454, 60.821762 ], [ -0.870537, 60.821837 ], [ -0.870366, 60.822365 ], [ -0.869587, 60.822856 ], [ -0.868959, 60.824428 ], [ -0.86903, 60.824825 ], [ -0.869156, 60.825061 ], [ -0.869306, 60.825107 ], [ -0.868604, 60.825681 ], [ -0.868612, 60.825964 ], [ -0.869178, 60.826311 ], [ -0.869151, 60.826391 ], [ -0.868611, 60.826506 ], [ -0.86852, 60.826666 ], [ -0.868762, 60.826712 ], [ -0.868828, 60.826912 ], [ -0.869068, 60.827013 ], [ -0.86962, 60.827092 ], [ -0.868456, 60.827451 ], [ -0.868296, 60.827834 ], [ -0.868099, 60.8279 ], [ -0.868108, 60.827987 ], [ -0.868241, 60.827994 ], [ -0.867846, 60.828669 ], [ -0.868045, 60.828891 ], [ -0.868427, 60.828954 ], [ -0.86874, 60.828903 ], [ -0.868366, 60.829123 ], [ -0.86827, 60.829253 ], [ -0.868415, 60.829287 ], [ -0.868988, 60.829119 ], [ -0.869214, 60.828919 ], [ -0.869604, 60.828937 ], [ -0.869637, 60.829366 ], [ -0.869327, 60.829521 ], [ -0.870043, 60.82945 ], [ -0.869693, 60.829682 ], [ -0.869426, 60.829659 ], [ -0.869247, 60.82972 ], [ -0.868705, 60.830397 ], [ -0.869147, 60.83032 ], [ -0.869315, 60.830393 ], [ -0.869813, 60.830257 ], [ -0.869976, 60.830312 ], [ -0.869406, 60.830569 ], [ -0.869208, 60.83083 ], [ -0.868254, 60.831271 ], [ -0.868312, 60.831343 ], [ -0.868901, 60.83122 ], [ -0.868348, 60.831534 ], [ -0.868896, 60.831535 ], [ -0.869065, 60.831596 ], [ -0.868599, 60.831679 ], [ -0.868114, 60.83194 ], [ -0.868038, 60.832382 ], [ -0.868314, 60.832334 ], [ -0.868342, 60.832382 ], [ -0.868157, 60.832627 ], [ -0.867498, 60.832812 ], [ -0.867332, 60.833022 ], [ -0.867077, 60.83299 ], [ -0.866861, 60.833087 ], [ -0.866661, 60.833038 ], [ -0.866446, 60.833092 ], [ -0.866078, 60.83333 ], [ -0.865646, 60.833472 ], [ -0.865653, 60.833627 ], [ -0.865673, 60.833747 ], [ -0.865994, 60.833996 ], [ -0.86617, 60.833992 ], [ -0.866445, 60.834319 ], [ -0.866648, 60.834115 ], [ -0.866805, 60.834143 ], [ -0.866882, 60.834037 ], [ -0.867212, 60.834004 ], [ -0.866525, 60.83501 ], [ -0.867209, 60.835304 ], [ -0.867218, 60.835837 ], [ -0.867479, 60.836018 ], [ -0.867752, 60.836074 ], [ -0.867735, 60.836193 ], [ -0.867414, 60.836327 ], [ -0.86757, 60.836546 ], [ -0.867843, 60.836601 ], [ -0.868242, 60.836867 ], [ -0.868382, 60.837026 ], [ -0.8683, 60.837126 ], [ -0.868676, 60.837162 ], [ -0.868097, 60.837511 ], [ -0.867954, 60.837757 ], [ -0.868029, 60.837871 ], [ -0.868826, 60.83811 ], [ -0.869083, 60.838076 ], [ -0.869209, 60.838128 ], [ -0.869728, 60.837939 ], [ -0.869848, 60.837999 ], [ -0.869825, 60.838472 ], [ -0.87048, 60.838567 ], [ -0.869795, 60.839136 ], [ -0.869808, 60.8393 ], [ -0.869325, 60.839689 ], [ -0.868835, 60.840432 ], [ -0.86936, 60.840597 ], [ -0.868985, 60.84068 ], [ -0.868896, 60.840789 ], [ -0.869207, 60.840777 ], [ -0.869548, 60.84095 ], [ -0.869511, 60.841152 ], [ -0.869199, 60.841339 ], [ -0.86938, 60.841392 ], [ -0.869792, 60.841294 ], [ -0.869939, 60.84162 ], [ -0.87027, 60.841741 ], [ -0.871146, 60.841811 ], [ -0.871905, 60.841713 ], [ -0.871968, 60.841991 ], [ -0.872296, 60.842038 ], [ -0.87325, 60.841963 ], [ -0.872657, 60.842181 ], [ -0.871995, 60.842277 ], [ -0.871608, 60.842538 ], [ -0.871414, 60.842507 ], [ -0.871023, 60.842694 ], [ -0.871038, 60.842802 ], [ -0.871815, 60.842707 ], [ -0.871916, 60.842776 ], [ -0.872436, 60.842742 ], [ -0.872934, 60.842615 ], [ -0.87239, 60.842991 ], [ -0.871895, 60.843053 ], [ -0.87155, 60.843151 ], [ -0.871473, 60.843252 ], [ -0.872929, 60.843642 ], [ -0.873539, 60.843626 ], [ -0.873725, 60.843714 ], [ -0.874373, 60.843654 ], [ -0.874408, 60.843708 ], [ -0.874036, 60.843862 ], [ -0.873932, 60.844052 ], [ -0.874154, 60.844152 ], [ -0.873853, 60.844227 ], [ -0.873645, 60.844585 ], [ -0.873873, 60.844689 ], [ -0.874286, 60.844734 ], [ -0.87517, 60.844747 ], [ -0.874487, 60.84492 ], [ -0.874195, 60.844912 ], [ -0.874189, 60.84506 ], [ -0.874373, 60.845044 ], [ -0.874468, 60.845122 ], [ -0.874324, 60.845231 ], [ -0.874469, 60.845423 ], [ -0.874777, 60.84553 ], [ -0.875045, 60.84552 ], [ -0.875009, 60.845683 ], [ -0.875384, 60.845758 ], [ -0.875712, 60.845633 ], [ -0.875947, 60.845724 ], [ -0.8767, 60.845802 ], [ -0.877607, 60.845672 ], [ -0.878062, 60.845387 ], [ -0.878308, 60.845333 ], [ -0.878337, 60.845202 ], [ -0.878717, 60.844964 ], [ -0.878486, 60.844781 ], [ -0.880048, 60.844225 ], [ -0.880414, 60.843853 ], [ -0.8807, 60.843882 ], [ -0.881058, 60.844112 ], [ -0.880621, 60.844385 ], [ -0.880587, 60.844664 ], [ -0.881025, 60.844522 ], [ -0.881335, 60.844191 ], [ -0.881498, 60.844231 ], [ -0.881645, 60.844569 ], [ -0.881491, 60.844972 ], [ -0.881621, 60.845259 ], [ -0.882952, 60.845217 ], [ -0.882968, 60.845264 ], [ -0.882447, 60.845346 ], [ -0.88245, 60.845603 ], [ -0.882951, 60.845398 ], [ -0.883228, 60.845499 ], [ -0.884577, 60.845632 ], [ -0.886484, 60.845332 ], [ -0.886783, 60.845147 ], [ -0.886825, 60.844808 ], [ -0.88712, 60.84448 ], [ -0.887112, 60.844004 ], [ -0.887345, 60.843988 ], [ -0.887855, 60.843501 ], [ -0.888303, 60.84344 ], [ -0.888712, 60.843249 ], [ -0.889054, 60.843228 ], [ -0.890275, 60.842819 ], [ -0.891024, 60.842679 ], [ -0.891989, 60.842705 ], [ -0.891595, 60.843366 ], [ -0.892136, 60.843212 ], [ -0.89233, 60.843071 ], [ -0.89284, 60.843141 ], [ -0.892903, 60.843254 ], [ -0.893335, 60.843276 ], [ -0.894198, 60.842997 ], [ -0.89449, 60.842217 ], [ -0.894983, 60.842245 ], [ -0.895321, 60.842179 ], [ -0.895376, 60.842001 ], [ -0.895833, 60.841832 ], [ -0.896075, 60.842069 ], [ -0.89637, 60.841467 ], [ -0.896657, 60.84144 ], [ -0.896609, 60.841323 ], [ -0.896964, 60.841127 ], [ -0.897233, 60.840206 ], [ -0.897373, 60.840216 ], [ -0.897421, 60.840419 ], [ -0.89776, 60.840309 ], [ -0.898761, 60.840615 ], [ -0.899205, 60.840666 ], [ -0.900383, 60.840622 ], [ -0.900448, 60.840325 ], [ -0.899481, 60.839808 ], [ -0.899299, 60.839771 ], [ -0.89873, 60.839843 ], [ -0.898734, 60.839719 ], [ -0.898958, 60.839589 ], [ -0.89878, 60.839448 ], [ -0.899523, 60.839284 ], [ -0.899561, 60.839088 ], [ -0.898681, 60.839141 ], [ -0.898229, 60.839348 ], [ -0.897783, 60.839386 ], [ -0.897619, 60.839519 ], [ -0.897409, 60.83944 ], [ -0.897408, 60.839276 ], [ -0.897673, 60.839213 ], [ -0.89778, 60.839282 ], [ -0.897976, 60.839245 ], [ -0.898582, 60.83883 ], [ -0.89888, 60.83886 ], [ -0.899234, 60.838672 ], [ -0.900161, 60.838477 ], [ -0.900992, 60.837877 ], [ -0.900905, 60.837745 ], [ -0.900706, 60.837693 ], [ -0.899913, 60.837701 ], [ -0.899527, 60.837769 ], [ -0.899475, 60.837846 ], [ -0.89919, 60.837826 ], [ -0.898896, 60.838044 ], [ -0.898273, 60.838063 ], [ -0.898318, 60.837908 ], [ -0.898134, 60.837758 ], [ -0.89836, 60.837572 ], [ -0.89914, 60.837579 ], [ -0.899326, 60.837491 ], [ -0.899158, 60.837409 ], [ -0.898222, 60.837506 ], [ -0.898165, 60.837395 ], [ -0.898557, 60.837351 ], [ -0.899395, 60.837069 ], [ -0.899609, 60.836892 ], [ -0.899464, 60.836834 ], [ -0.898723, 60.836956 ], [ -0.898462, 60.836915 ], [ -0.898756, 60.83668 ], [ -0.898842, 60.836416 ], [ -0.898347, 60.83609 ], [ -0.897855, 60.836032 ], [ -0.897624, 60.834789 ] ] ] ] } },
{ "type": "Feature", "properties": { "NAME": "Hermaness" }, "geometry": { "type": "MultiPolygon", "coordinates": [ [ [ [ -0.885339, 60.854139 ], [ -0.885108, 60.854283 ], [ -0.884709, 60.854363 ], [ -0.884208, 60.85474 ], [ -0.884415, 60.854742 ], [ -0.885082, 60.854524 ], [ -0.885079, 60.854592 ], [ -0.884927, 60.854585 ], [ -0.88489, 60.854766 ], [ -0.884781, 60.85476 ], [ -0.884731, 60.855131 ], [ -0.883691, 60.85559 ], [ -0.883814, 60.855719 ], [ -0.884172, 60.855778 ], [ -0.883839, 60.855868 ], [ -0.883934, 60.855967 ], [ -0.883444, 60.856356 ], [ -0.883435, 60.856451 ], [ -0.883628, 60.8565 ], [ -0.884372, 60.8565 ], [ -0.884728, 60.856277 ], [ -0.885639, 60.856023 ], [ -0.886827, 60.855372 ], [ -0.886766, 60.855196 ], [ -0.886296, 60.855031 ], [ -0.886551, 60.854887 ], [ -0.886276, 60.854552 ], [ -0.885564, 60.854329 ], [ -0.885491, 60.854164 ], [ -0.885339, 60.854139 ] ] ] ] } },
{ "type": "Feature", "properties": { "NAME": "Hermaness" }, "geometry": { "type": "MultiPolygon", "coordinates": [ [ [ [ -0.884619, 60.856431 ], [ -0.884588, 60.856449 ], [ -0.884794, 60.856489 ], [ -0.884619, 60.856431 ] ] ] ] } },
{ "type": "Feature", "properties": { "NAME": "Hermaness" }, "geometry": { "type": "MultiPolygon", "coordinates": [ [ [ [ -0.88478, 60.85409 ], [ -0.883615, 60.854083 ], [ -0.883278, 60.85414 ], [ -0.882751, 60.854383 ], [ -0.882785, 60.854797 ], [ -0.882081, 60.854865 ], [ -0.882072, 60.854948 ], [ -0.881931, 60.854962 ], [ -0.882009, 60.855025 ], [ -0.882889, 60.85497 ], [ -0.884916, 60.854216 ], [ -0.88478, 60.85409 ] ] ] ] } },
{ "type": "Feature", "properties": { "NAME": "Hermaness" }, "geometry": { "type": "MultiPolygon", "coordinates": [ [ [ [ -0.887457, 60.851279 ], [ -0.886852, 60.851669 ], [ -0.887009, 60.85173 ], [ -0.886895, 60.851848 ], [ -0.887156, 60.852047 ], [ -0.887042, 60.852165 ], [ -0.887138, 60.852228 ], [ -0.887382, 60.852207 ], [ -0.887404, 60.85229 ], [ -0.886818, 60.852482 ], [ -0.886187, 60.852542 ], [ -0.885443, 60.85272 ], [ -0.885527, 60.852778 ], [ -0.886096, 60.852708 ], [ -0.886345, 60.852755 ], [ -0.886031, 60.852841 ], [ -0.886058, 60.852946 ], [ -0.886654, 60.852808 ], [ -0.886945, 60.852849 ], [ -0.886227, 60.853167 ], [ -0.886211, 60.853262 ], [ -0.885377, 60.853389 ], [ -0.88549, 60.853468 ], [ -0.886371, 60.853398 ], [ -0.88637, 60.853594 ], [ -0.886073, 60.853562 ], [ -0.88509, 60.853762 ], [ -0.885285, 60.853942 ], [ -0.885474, 60.853932 ], [ -0.885715, 60.854038 ], [ -0.88577, 60.85428 ], [ -0.887571, 60.85475 ], [ -0.888637, 60.854021 ], [ -0.888567, 60.853922 ], [ -0.888245, 60.853875 ], [ -0.888259, 60.85366 ], [ -0.888138, 60.85363 ], [ -0.887597, 60.853753 ], [ -0.887684, 60.85334 ], [ -0.888877, 60.852534 ], [ -0.888984, 60.852785 ], [ -0.888806, 60.852998 ], [ -0.889016, 60.853113 ], [ -0.889361, 60.853006 ], [ -0.890083, 60.852056 ], [ -0.889578, 60.852031 ], [ -0.88915, 60.852403 ], [ -0.888854, 60.852501 ], [ -0.88894, 60.852318 ], [ -0.888602, 60.852383 ], [ -0.888543, 60.852329 ], [ -0.889272, 60.85188 ], [ -0.889727, 60.851413 ], [ -0.889171, 60.851462 ], [ -0.888923, 60.851383 ], [ -0.888289, 60.851387 ], [ -0.888544, 60.851603 ], [ -0.888304, 60.851646 ], [ -0.888477, 60.851766 ], [ -0.888226, 60.851782 ], [ -0.88795, 60.851676 ], [ -0.887693, 60.851694 ], [ -0.887457, 60.851279 ] ] ] ] } },
{ "type": "Feature", "properties": { "NAME": "Hermaness" }, "geometry": { "type": "MultiPolygon", "coordinates": [ [ [ [ -0.884746, 60.85392 ], [ -0.884883, 60.854019 ], [ -0.885143, 60.854087 ], [ -0.885235, 60.854049 ], [ -0.885044, 60.853949 ], [ -0.884746, 60.85392 ] ] ] ] } },
{ "type": "Feature", "properties": { "NAME": "Hermaness" }, "geometry": { "type": "MultiPolygon", "coordinates": [ [ [ [ -0.882052, 60.853954 ], [ -0.882153, 60.85402 ], [ -0.882496, 60.853988 ], [ -0.882406, 60.853948 ], [ -0.882052, 60.853954 ] ] ] ] } },
{ "type": "Feature", "properties": { "NAME": "Hermaness" }, "geometry": { "type": "MultiPolygon", "coordinates": [ [ [ [ -0.882526, 60.853824 ], [ -0.882531, 60.853875 ], [ -0.882727, 60.853841 ], [ -0.882526, 60.853824 ] ] ] ] } },
{ "type": "Feature", "properties": { "NAME": "Hermaness" }, "geometry": { "type": "MultiPolygon", "coordinates": [ [ [ [ -0.888417, 60.853492 ], [ -0.888306, 60.853521 ], [ -0.888317, 60.853569 ], [ -0.888403, 60.853548 ], [ -0.888417, 60.853492 ] ] ] ] } },
{ "type": "Feature", "properties": { "NAME": "Hermaness" }, "geometry": { "type": "MultiPolygon", "coordinates": [ [ [ [ -0.885709, 60.852976 ], [ -0.885598, 60.853001 ], [ -0.885585, 60.853031 ], [ -0.885743, 60.853047 ], [ -0.885709, 60.852976 ] ] ] ] } },
{ "type": "Feature", "properties": { "NAME": "Hermaness" }, "geometry": { "type": "MultiPolygon", "coordinates": [ [ [ [ -0.891125, 60.852992 ], [ -0.8915, 60.852955 ], [ -0.891566, 60.852807 ], [ -0.892113, 60.852621 ], [ -0.892429, 60.852302 ], [ -0.892602, 60.851878 ], [ -0.892282, 60.851771 ], [ -0.892309, 60.851691 ], [ -0.892741, 60.851373 ], [ -0.892717, 60.8512 ], [ -0.893119, 60.851016 ], [ -0.894554, 60.849724 ], [ -0.894571, 60.849411 ], [ -0.89398, 60.84941 ], [ -0.893911, 60.849299 ], [ -0.893462, 60.849212 ], [ -0.893071, 60.849241 ], [ -0.892827, 60.849433 ], [ -0.893011, 60.849741 ], [ -0.892426, 60.850162 ], [ -0.892509, 60.850585 ], [ -0.891924, 60.850568 ], [ -0.891409, 60.850838 ], [ -0.891292, 60.851039 ], [ -0.891457, 60.851377 ], [ -0.891165, 60.851553 ], [ -0.891431, 60.851779 ], [ -0.891084, 60.852121 ], [ -0.891314, 60.852352 ], [ -0.890839, 60.8525 ], [ -0.890754, 60.852669 ], [ -0.891128, 60.852794 ], [ -0.891125, 60.852992 ] ] ] ] } },
{ "type": "Feature", "properties": { "NAME": "Hermaness" }, "geometry": { "type": "MultiPolygon", "coordinates": [ [ [ [ -0.886243, 60.851989 ], [ -0.886307, 60.852091 ], [ -0.886492, 60.852015 ], [ -0.886243, 60.851989 ] ] ] ] } },
{ "type": "Feature", "properties": { "NAME": "Hermaness" }, "geometry": { "type": "MultiPolygon", "coordinates": [ [ [ [ -0.890044, 60.851761 ], [ -0.890061, 60.851818 ], [ -0.890259, 60.851736 ], [ -0.890044, 60.851761 ] ] ] ] } },
{ "type": "Feature", "properties": { "NAME": "Hermaness" }, "geometry": { "type": "MultiPolygon", "coordinates": [ [ [ [ -0.890517, 60.851316 ], [ -0.89034, 60.851341 ], [ -0.890211, 60.851539 ], [ -0.89031, 60.851668 ], [ -0.8906, 60.851388 ], [ -0.890517, 60.851316 ] ] ] ] } },
{ "type": "Feature", "properties": { "NAME": "Hermaness" }, "geometry": { "type": "MultiPolygon", "coordinates": [ [ [ [ -0.890878, 60.851286 ], [ -0.890901, 60.851319 ], [ -0.891012, 60.851293 ], [ -0.890878, 60.851286 ] ] ] ] } },
{ "type": "Feature", "properties": { "NAME": "Hermaness" }, "geometry": { "type": "MultiPolygon", "coordinates": [ [ [ [ -0.893617, 60.850898 ], [ -0.893708, 60.850937 ], [ -0.893856, 60.850879 ], [ -0.893617, 60.850898 ] ] ] ] } },
{ "type": "Feature", "properties": { "NAME": "Hermaness" }, "geometry": { "type": "MultiPolygon", "coordinates": [ [ [ [ -0.896497, 60.849002 ], [ -0.895472, 60.849199 ], [ -0.895327, 60.849162 ], [ -0.895, 60.849272 ], [ -0.894232, 60.850492 ], [ -0.894559, 60.850745 ], [ -0.894802, 60.850759 ], [ -0.895362, 60.850632 ], [ -0.896494, 60.849612 ], [ -0.89665, 60.849863 ], [ -0.89702, 60.849759 ], [ -0.897161, 60.849561 ], [ -0.897028, 60.849342 ], [ -0.896754, 60.849343 ], [ -0.896867, 60.849073 ], [ -0.896497, 60.849002 ] ] ] ] } },
{ "type": "Feature", "properties": { "NAME": "Hermaness" }, "geometry": { "type": "MultiPolygon", "coordinates": [ [ [ [ -0.891735, 60.850317 ], [ -0.891531, 60.850568 ], [ -0.891785, 60.850463 ], [ -0.89185, 60.850333 ], [ -0.891735, 60.850317 ] ] ] ] } },
{ "type": "Feature", "properties": { "NAME": "Hermaness" }, "geometry": { "type": "MultiPolygon", "coordinates": [ [ [ [ -0.891876, 60.850479 ], [ -0.892033, 60.850528 ], [ -0.89209, 60.85046 ], [ -0.891876, 60.850479 ] ] ] ] } },
{ "type": "Feature", "properties": { "NAME": "Hermaness" }, "geometry": { "type": "MultiPolygon", "coordinates": [ [ [ [ -0.891411, 60.850341 ], [ -0.891269, 60.850393 ], [ -0.891271, 60.8505 ], [ -0.891433, 60.850404 ], [ -0.891411, 60.850341 ] ] ] ] } },
{ "type": "Feature", "properties": { "NAME": "Hermaness" }, "geometry": { "type": "MultiPolygon", "coordinates": [ [ [ [ -0.891568, 60.85003 ], [ -0.891357, 60.850141 ], [ -0.89147, 60.850222 ], [ -0.891563, 60.850187 ], [ -0.891568, 60.85003 ] ] ] ] } },
{ "type": "Feature", "properties": { "NAME": "Hermaness" }, "geometry": { "type": "MultiPolygon", "coordinates": [ [ [ [ -0.896439, 60.849995 ], [ -0.896222, 60.850089 ], [ -0.896383, 60.8502 ], [ -0.896527, 60.850094 ], [ -0.896439, 60.849995 ] ] ] ] } },
{ "type": "Feature", "properties": { "NAME": "Hermaness" }, "geometry": { "type": "MultiPolygon", "coordinates": [ [ [ [ -0.897544, 60.849766 ], [ -0.897405, 60.849905 ], [ -0.897671, 60.849976 ], [ -0.897785, 60.849843 ], [ -0.897544, 60.849766 ] ] ] ] } },
{ "type": "Feature", "properties": { "NAME": "Hermaness" }, "geometry": { "type": "MultiPolygon", "coordinates": [ [ [ [ -0.892477, 60.849498 ], [ -0.892407, 60.849584 ], [ -0.892589, 60.849606 ], [ -0.892633, 60.849556 ], [ -0.892477, 60.849498 ] ] ] ] } },
{ "type": "Feature", "properties": { "NAME": "Hermaness" }, "geometry": { "type": "MultiPolygon", "coordinates": [ [ [ [ -0.900057, 60.835372 ], [ -0.899333, 60.835699 ], [ -0.899193, 60.836034 ], [ -0.898926, 60.836181 ], [ -0.899062, 60.836471 ], [ -0.899686, 60.836414 ], [ -0.900185, 60.836266 ], [ -0.90041, 60.835735 ], [ -0.90022, 60.83543 ], [ -0.900057, 60.835372 ] ] ] ] } },
{ "type": "Feature", "properties": { "NAME": "Hermaness" }, "geometry": { "type": "MultiPolygon", "coordinates": [ [ [ [ -0.866976, 60.835761 ], [ -0.866919, 60.835829 ], [ -0.867061, 60.835946 ], [ -0.867078, 60.835821 ], [ -0.866976, 60.835761 ] ] ] ] } },
{ "type": "Feature", "properties": { "NAME": "Hermaness" }, "geometry": { "type": "MultiPolygon", "coordinates": [ [ [ [ -0.898091, 60.835388 ], [ -0.898266, 60.835429 ], [ -0.898281, 60.835339 ], [ -0.898091, 60.835388 ] ] ] ] } },
{ "type": "Feature", "properties": { "NAME": "Hermaness" }, "geometry": { "type": "MultiPolygon", "coordinates": [ [ [ [ -0.898066, 60.835034 ], [ -0.89795, 60.835224 ], [ -0.898077, 60.835257 ], [ -0.898186, 60.835112 ], [ -0.898066, 60.835034 ] ] ] ] } },
{ "type": "Feature", "properties": { "NAME": "Hermaness" }, "geometry": { "type": "MultiPolygon", "coordinates": [ [ [ [ -0.882008, 60.845539 ], [ -0.881884, 60.845589 ], [ -0.882052, 60.845656 ], [ -0.882104, 60.845582 ], [ -0.882008, 60.845539 ] ] ] ] } },
{ "type": "Feature", "properties": { "NAME": "Hermaness" }, "geometry": { "type": "MultiPolygon", "coordinates": [ [ [ [ -0.894454, 60.845294 ], [ -0.894219, 60.845405 ], [ -0.894516, 60.845458 ], [ -0.894775, 60.845362 ], [ -0.894764, 60.845344 ], [ -0.894454, 60.845294 ] ] ] ] } },
{ "type": "Feature", "properties": { "NAME": "Hermaness" }, "geometry": { "type": "MultiPolygon", "coordinates": [ [ [ [ -0.873907, 60.844939 ], [ -0.873698, 60.844985 ], [ -0.873724, 60.845113 ], [ -0.873996, 60.845026 ], [ -0.873907, 60.844939 ] ] ] ] } },
{ "type": "Feature", "properties": { "NAME": "Hermaness" }, "geometry": { "type": "MultiPolygon", "coordinates": [ [ [ [ -0.881066, 60.844906 ], [ -0.881009, 60.844989 ], [ -0.881178, 60.845017 ], [ -0.881199, 60.84494 ], [ -0.881066, 60.844906 ] ] ] ] } },
{ "type": "Feature", "properties": { "NAME": "Hermaness" }, "geometry": { "type": "MultiPolygon", "coordinates": [ [ [ [ -0.880059, 60.844603 ], [ -0.880185, 60.844652 ], [ -0.880255, 60.844569 ], [ -0.880059, 60.844603 ] ] ] ] } },
{ "type": "Feature", "properties": { "NAME": "Hermaness" }, "geometry": { "type": "MultiPolygon", "coordinates": [ [ [ [ -0.873078, 60.844429 ], [ -0.87302, 60.844512 ], [ -0.87317, 60.84457 ], [ -0.873223, 60.844469 ], [ -0.873078, 60.844429 ] ] ] ] } },
{ "type": "Feature", "properties": { "NAME": "Hermaness" }, "geometry": { "type": "MultiPolygon", "coordinates": [ [ [ [ -0.873136, 60.844337 ], [ -0.873237, 60.844409 ], [ -0.873337, 60.84433 ], [ -0.873136, 60.844337 ] ] ] ] } },
{ "type": "Feature", "properties": { "NAME": "Hermaness" }, "geometry": { "type": "MultiPolygon", "coordinates": [ [ [ [ -0.873518, 60.844203 ], [ -0.873405, 60.84431 ], [ -0.873501, 60.844364 ], [ -0.873614, 60.844273 ], [ -0.873518, 60.844203 ] ] ] ] } },
{ "type": "Feature", "properties": { "NAME": "Hermaness" }, "geometry": { "type": "MultiPolygon", "coordinates": [ [ [ [ -0.895544, 60.844288 ], [ -0.895247, 60.844396 ], [ -0.895251, 60.844482 ], [ -0.895597, 60.844342 ], [ -0.895544, 60.844288 ] ] ] ] } },
{ "type": "Feature", "properties": { "NAME": "Hermaness" }, "geometry": { "type": "MultiPolygon", "coordinates": [ [ [ [ -0.895641, 60.844134 ], [ -0.895536, 60.844166 ], [ -0.895528, 60.844231 ], [ -0.895729, 60.844209 ], [ -0.895641, 60.844134 ] ] ] ] } },
{ "type": "Feature", "properties": { "NAME": "Hermaness" }, "geometry": { "type": "MultiPolygon", "coordinates": [ [ [ [ -0.896254, 60.844041 ], [ -0.896123, 60.844111 ], [ -0.896345, 60.84422 ], [ -0.896483, 60.844105 ], [ -0.896254, 60.844041 ] ] ] ] } },
{ "type": "Feature", "properties": { "NAME": "Hermaness" }, "geometry": { "type": "MultiPolygon", "coordinates": [ [ [ [ -0.892961, 60.843695 ], [ -0.892855, 60.843775 ], [ -0.893079, 60.843806 ], [ -0.893112, 60.843744 ], [ -0.892961, 60.843695 ] ] ] ] } },
{ "type": "Feature", "properties": { "NAME": "Hermaness" }, "geometry": { "type": "MultiPolygon", "coordinates": [ [ [ [ -0.892769, 60.843426 ], [ -0.892655, 60.843565 ], [ -0.893101, 60.843533 ], [ -0.893251, 60.843412 ], [ -0.892769, 60.843426 ] ] ] ] } },
{ "type": "Feature", "properties": { "NAME": "Hermaness" }, "geometry": { "type": "MultiPolygon", "coordinates": [ [ [ [ -0.897828, 60.840646 ], [ -0.897402, 60.840788 ], [ -0.897164, 60.841858 ], [ -0.897247, 60.842099 ], [ -0.898695, 60.842192 ], [ -0.899596, 60.841872 ], [ -0.89979, 60.841558 ], [ -0.899604, 60.841461 ], [ -0.898928, 60.841449 ], [ -0.898827, 60.841368 ], [ -0.899093, 60.841257 ], [ -0.89889, 60.841119 ], [ -0.898975, 60.840968 ], [ -0.897828, 60.840646 ] ] ] ] } },
{ "type": "Feature", "properties": { "NAME": "Hermaness" }, "geometry": { "type": "MultiPolygon", "coordinates": [ [ [ [ -0.87163, 60.841919 ], [ -0.871837, 60.841927 ], [ -0.87182, 60.841873 ], [ -0.87163, 60.841919 ] ] ] ] } },
{ "type": "Feature", "properties": { "NAME": "Hermaness" }, "geometry": { "type": "MultiPolygon", "coordinates": [ [ [ [ -0.899929, 60.84177 ], [ -0.899805, 60.841835 ], [ -0.899815, 60.841885 ], [ -0.899999, 60.841854 ], [ -0.899929, 60.84177 ] ] ] ] } },
{ "type": "Feature", "properties": { "NAME": "Hermaness" }, "geometry": { "type": "MultiPolygon", "coordinates": [ [ [ [ -0.897492, 60.840482 ], [ -0.897771, 60.840523 ], [ -0.897755, 60.840443 ], [ -0.897492, 60.840482 ] ] ] ] } },
{ "type": "Feature", "properties": { "NAME": "Hermaness" }, "geometry": { "type": "MultiPolygon", "coordinates": [ [ [ [ -0.901407, 60.839455 ], [ -0.900832, 60.839346 ], [ -0.90051, 60.839477 ], [ -0.900519, 60.839587 ], [ -0.900027, 60.839696 ], [ -0.8999, 60.839865 ], [ -0.900168, 60.840031 ], [ -0.900707, 60.840148 ], [ -0.901153, 60.840122 ], [ -0.901736, 60.839817 ], [ -0.901623, 60.839575 ], [ -0.901991, 60.839516 ], [ -0.90182, 60.839321 ], [ -0.901407, 60.839455 ] ] ] ] } },
{ "type": "Feature", "properties": { "NAME": "Hermaness" }, "geometry": { "type": "MultiPolygon", "coordinates": [ [ [ [ -0.868805, 60.839026 ], [ -0.868142, 60.83917 ], [ -0.867973, 60.839636 ], [ -0.86859, 60.839599 ], [ -0.868779, 60.839437 ], [ -0.868579, 60.839385 ], [ -0.868781, 60.839202 ], [ -0.869085, 60.839228 ], [ -0.869052, 60.839112 ], [ -0.868805, 60.839026 ] ] ] ] } },
{ "type": "Feature", "properties": { "NAME": "Hermaness" }, "geometry": { "type": "MultiPolygon", "coordinates": [ [ [ [ -0.899798, 60.839626 ], [ -0.899693, 60.83967 ], [ -0.899753, 60.839712 ], [ -0.899893, 60.839695 ], [ -0.899798, 60.839626 ] ] ] ] } },
{ "type": "Feature", "properties": { "NAME": "Hermaness" }, "geometry": { "type": "MultiPolygon", "coordinates": [ [ [ [ -0.869258, 60.839331 ], [ -0.869146, 60.839386 ], [ -0.869193, 60.839434 ], [ -0.869372, 60.839376 ], [ -0.869258, 60.839331 ] ] ] ] } },
{ "type": "Feature", "properties": { "NAME": "Hermaness" }, "geometry": { "type": "MultiPolygon", "coordinates": [ [ [ [ -0.869693, 60.838924 ], [ -0.86957, 60.838958 ], [ -0.869564, 60.839116 ], [ -0.869813, 60.83899 ], [ -0.869693, 60.838924 ] ] ] ] } },
{ "type": "Feature", "properties": { "NAME": "Hermaness" }, "geometry": { "type": "MultiPolygon", "coordinates": [ [ [ [ -0.868171, 60.838857 ], [ -0.86809, 60.838922 ], [ -0.868223, 60.83895 ], [ -0.868341, 60.838895 ], [ -0.868171, 60.838857 ] ] ] ] } },
{ "type": "Feature", "properties": { "NAME": "Hermaness" }, "geometry": { "type": "MultiPolygon", "coordinates": [ [ [ [ -0.869967, 60.838759 ], [ -0.869777, 60.838791 ], [ -0.86978, 60.838868 ], [ -0.869983, 60.838822 ], [ -0.869967, 60.838759 ] ] ] ] } },
{ "type": "Feature", "properties": { "NAME": "Hermaness" }, "geometry": { "type": "MultiPolygon", "coordinates": [ [ [ [ -0.86943, 60.8386 ], [ -0.869075, 60.838642 ], [ -0.868968, 60.838727 ], [ -0.86945, 60.838731 ], [ -0.869593, 60.838655 ], [ -0.86943, 60.8386 ] ] ] ] } },
{ "type": "Feature", "properties": { "NAME": "Hermaness" }, "geometry": { "type": "MultiPolygon", "coordinates": [ [ [ [ -0.869585, 60.838179 ], [ -0.868527, 60.838441 ], [ -0.868438, 60.838565 ], [ -0.869453, 60.838463 ], [ -0.869781, 60.83832 ], [ -0.869585, 60.838179 ] ] ] ] } },
{ "type": "Feature", "properties": { "NAME": "Hermaness" }, "geometry": { "type": "MultiPolygon", "coordinates": [ [ [ [ -0.867826, 60.837247 ], [ -0.867431, 60.837381 ], [ -0.867625, 60.837421 ], [ -0.868111, 60.8373 ], [ -0.867826, 60.837247 ] ] ] ] } },
{ "type": "Feature", "properties": { "NAME": "Hermaness" }, "geometry": { "type": "MultiPolygon", "coordinates": [ [ [ [ -0.867656, 60.837043 ], [ -0.867593, 60.837111 ], [ -0.867628, 60.83715 ], [ -0.867702, 60.837139 ], [ -0.867656, 60.837043 ] ] ] ] } },
{ "type": "Feature", "properties": { "NAME": "St Kilda" }, "geometry": { "type": "MultiPolygon", "coordinates": [ [ [ [ -8.493302, 57.873859 ], [ -8.49308, 57.874068 ], [ -8.493187, 57.874315 ], [ -8.493098, 57.874647 ], [ -8.494223, 57.874367 ], [ -8.494235, 57.874299 ], [ -8.494101, 57.874312 ], [ -8.4935, 57.874065 ], [ -8.49351, 57.873916 ], [ -8.493302, 57.873859 ] ] ] ] } },
{ "type": "Feature", "properties": { "NAME": "St Kilda" }, "geometry": { "type": "MultiPolygon", "coordinates": [ [ [ [ -8.49378, 57.872897 ], [ -8.493792, 57.872992 ], [ -8.493845, 57.873017 ], [ -8.493905, 57.872971 ], [ -8.49378, 57.872897 ] ] ] ] } },
{ "type": "Feature", "properties": { "NAME": "St Kilda" }, "geometry": { "type": "MultiPolygon", "coordinates": [ [ [ [ -8.497166, 57.871382 ], [ -8.497128, 57.871552 ], [ -8.497356, 57.871632 ], [ -8.497695, 57.871421 ], [ -8.497444, 57.871403 ], [ -8.497166, 57.871382 ] ] ] ] } },
{ "type": "Feature", "properties": { "NAME": "Loch Lomond" }, "geometry": { "type": "MultiPolygon", "coordinates": [ [ [ [ -4.552007, 56.076391 ], [ -4.552171, 56.076055 ], [ -4.552599, 56.075844 ], [ -4.552715, 56.075419 ], [ -4.5526, 56.074522 ], [ -4.552795, 56.074312 ], [ -4.5531, 56.074193 ], [ -4.553829, 56.074155 ], [ -4.554069, 56.074258 ], [ -4.553658, 56.07388 ], [ -4.55285, 56.073569 ], [ -4.552369, 56.073471 ], [ -4.552656, 56.073793 ], [ -4.552577, 56.07393 ], [ -4.552061, 56.074156 ], [ -4.551395, 56.07417 ], [ -4.550602, 56.074325 ], [ -4.550223, 56.074549 ], [ -4.549502, 56.075305 ], [ -4.549755, 56.076096 ], [ -4.549686, 56.076277 ], [ -4.549525, 56.076267 ], [ -4.549499, 56.076454 ], [ -4.550166, 56.077317 ], [ -4.551467, 56.076795 ], [ -4.552007, 56.076391 ] ] ] ] } },
{ "type": "Feature", "properties": { "NAME": "St Abb's Head" }, "geometry": { "type": "MultiPolygon", "coordinates": [ [ [ [ -2.14593, 55.919096 ], [ -2.146276, 55.919027 ], [ -2.146465, 55.918877 ], [ -2.146393, 55.918703 ], [ -2.14652, 55.918587 ], [ -2.14636, 55.91839 ], [ -2.146931, 55.918338 ], [ -2.147348, 55.918079 ], [ -2.14773, 55.918287 ], [ -2.147854, 55.918234 ], [ -2.147882, 55.918307 ], [ -2.147486, 55.918538 ], [ -2.147377, 55.918776 ], [ -2.147555, 55.918734 ], [ -2.147685, 55.918579 ], [ -2.147875, 55.918565 ], [ -2.148355, 55.918198 ], [ -2.148467, 55.918262 ], [ -2.148284, 55.918453 ], [ -2.148291, 55.918625 ], [ -2.148507, 55.918619 ], [ -2.149358, 55.918003 ], [ -2.149419, 55.917331 ], [ -2.149294, 55.917193 ], [ -2.149459, 55.917133 ], [ -2.149365, 55.917023 ], [ -2.149546, 55.916808 ], [ -2.149432, 55.916666 ], [ -2.149473, 55.916228 ], [ -2.149612, 55.915911 ], [ -2.149915, 55.915927 ], [ -2.150017, 55.915771 ], [ -2.149893, 55.915715 ], [ -2.15009, 55.915606 ], [ -2.149822, 55.915462 ], [ -2.149848, 55.915212 ], [ -2.149776, 55.915091 ], [ -2.149631, 55.915085 ], [ -2.149814, 55.914973 ], [ -2.148501, 55.914048 ], [ -2.147967, 55.914854 ], [ -2.147716, 55.914967 ], [ -2.144043, 55.914208 ], [ -2.143885, 55.914353 ], [ -2.143997, 55.914998 ], [ -2.143854, 55.915341 ], [ -2.143556, 55.915616 ], [ -2.142847, 55.916021 ], [ -2.141778, 55.916087 ], [ -2.14067, 55.915983 ], [ -2.139458, 55.916183 ], [ -2.139057, 55.916028 ], [ -2.138802, 55.916188 ], [ -2.139186, 55.915909 ], [ -2.139072, 55.91585 ], [ -2.139231, 55.915566 ], [ -2.139654, 55.915729 ], [ -2.139559, 55.915805 ], [ -2.140162, 55.916055 ], [ -2.140742, 55.915952 ], [ -2.141766, 55.916066 ], [ -2.142823, 55.916004 ], [ -2.143545, 55.915594 ], [ -2.143855, 55.915286 ], [ -2.143964, 55.915001 ], [ -2.143844, 55.914545 ], [ -2.143849, 55.91427 ], [ -2.143973, 55.914164 ], [ -2.145144, 55.914363 ], [ -2.147741, 55.914932 ], [ -2.147913, 55.914851 ], [ -2.148123, 55.914439 ], [ -2.148499, 55.914008 ], [ -2.147365, 55.913316 ], [ -2.14249, 55.911461 ], [ -2.139853, 55.909474 ], [ -2.139735, 55.909439 ], [ -2.137547, 55.910153 ], [ -2.136954, 55.910508 ], [ -2.136566, 55.910243 ], [ -2.13546, 55.909855 ], [ -2.133879, 55.909536 ], [ -2.133778, 55.909156 ], [ -2.13167, 55.908368 ], [ -2.131747, 55.907681 ], [ -2.131549, 55.907041 ], [ -2.131672, 55.906653 ], [ -2.132101, 55.906575 ], [ -2.133891, 55.905597 ], [ -2.134106, 55.904958 ], [ -2.13462, 55.904515 ], [ -2.135273, 55.904196 ], [ -2.136333, 55.903046 ], [ -2.136353, 55.902412 ], [ -2.135337, 55.901968 ], [ -2.133847, 55.902494 ], [ -2.134089, 55.903095 ], [ -2.133881, 55.903231 ], [ -2.133985, 55.903382 ], [ -2.13362, 55.903509 ], [ -2.13368, 55.903809 ], [ -2.132956, 55.904537 ], [ -2.132811, 55.904517 ], [ -2.132719, 55.904791 ], [ -2.132557, 55.904882 ], [ -2.132636, 55.904943 ], [ -2.13201, 55.905095 ], [ -2.131908, 55.905081 ], [ -2.131988, 55.905023 ], [ -2.131878, 55.905037 ], [ -2.131468, 55.905187 ], [ -2.131416, 55.905283 ], [ -2.131241, 55.905234 ], [ -2.130938, 55.905376 ], [ -2.130809, 55.905555 ], [ -2.130879, 55.905622 ], [ -2.131684, 55.905598 ], [ -2.131474, 55.905729 ], [ -2.13155, 55.905782 ], [ -2.131212, 55.906 ], [ -2.130192, 55.90606 ], [ -2.130104, 55.906187 ], [ -2.130268, 55.906328 ], [ -2.130217, 55.906475 ], [ -2.129926, 55.906518 ], [ -2.129718, 55.906797 ], [ -2.129123, 55.907162 ], [ -2.128672, 55.907035 ], [ -2.128499, 55.907105 ], [ -2.128411, 55.90732 ], [ -2.12862, 55.907599 ], [ -2.128946, 55.907415 ], [ -2.129097, 55.907499 ], [ -2.129269, 55.907213 ], [ -2.129461, 55.907697 ], [ -2.12952, 55.907988 ], [ -2.12932, 55.908136 ], [ -2.128935, 55.908196 ], [ -2.128916, 55.908075 ], [ -2.128776, 55.908174 ], [ -2.12885, 55.908387 ], [ -2.129294, 55.908312 ], [ -2.128961, 55.908511 ], [ -2.128978, 55.908638 ], [ -2.12931, 55.908601 ], [ -2.129504, 55.908662 ], [ -2.128961, 55.908864 ], [ -2.128906, 55.909091 ], [ -2.129013, 55.909333 ], [ -2.129151, 55.909346 ], [ -2.129334, 55.909028 ], [ -2.129434, 55.90912 ], [ -2.129621, 55.909089 ], [ -2.129391, 55.909425 ], [ -2.129439, 55.909601 ], [ -2.129568, 55.909656 ], [ -2.129685, 55.909452 ], [ -2.130036, 55.909268 ], [ -2.130161, 55.909092 ], [ -2.130285, 55.909393 ], [ -2.130131, 55.909464 ], [ -2.130153, 55.909569 ], [ -2.130743, 55.909366 ], [ -2.130281, 55.909712 ], [ -2.130478, 55.909944 ], [ -2.130776, 55.909894 ], [ -2.131011, 55.909514 ], [ -2.131142, 55.909511 ], [ -2.131183, 55.909646 ], [ -2.131438, 55.909327 ], [ -2.13159, 55.909681 ], [ -2.131714, 55.909664 ], [ -2.131788, 55.909774 ], [ -2.13216, 55.909777 ], [ -2.1323, 55.90987 ], [ -2.132295, 55.909993 ], [ -2.131891, 55.910141 ], [ -2.132038, 55.910246 ], [ -2.132385, 55.910239 ], [ -2.132372, 55.910306 ], [ -2.131372, 55.910569 ], [ -2.13129, 55.910996 ], [ -2.131021, 55.911116 ], [ -2.131229, 55.911206 ], [ -2.131554, 55.911065 ], [ -2.131396, 55.911255 ], [ -2.132272, 55.911162 ], [ -2.132751, 55.911293 ], [ -2.132813, 55.911387 ], [ -2.133004, 55.911309 ], [ -2.133332, 55.91138 ], [ -2.132924, 55.911831 ], [ -2.132414, 55.912117 ], [ -2.13237, 55.912519 ], [ -2.133516, 55.91175 ], [ -2.133591, 55.911891 ], [ -2.133118, 55.912189 ], [ -2.13316, 55.912405 ], [ -2.13349, 55.912176 ], [ -2.133234, 55.912682 ], [ -2.133779, 55.912166 ], [ -2.133509, 55.912555 ], [ -2.133855, 55.912384 ], [ -2.133616, 55.912831 ], [ -2.133824, 55.912782 ], [ -2.134085, 55.912474 ], [ -2.134204, 55.91259 ], [ -2.134057, 55.912811 ], [ -2.134131, 55.912903 ], [ -2.134618, 55.912716 ], [ -2.134957, 55.912718 ], [ -2.134775, 55.912878 ], [ -2.134845, 55.912958 ], [ -2.135101, 55.913078 ], [ -2.135599, 55.913057 ], [ -2.135434, 55.913279 ], [ -2.135818, 55.91325 ], [ -2.136151, 55.913133 ], [ -2.135627, 55.91371 ], [ -2.135193, 55.913873 ], [ -2.135029, 55.914169 ], [ -2.13537, 55.914406 ], [ -2.135702, 55.914397 ], [ -2.135805, 55.914289 ], [ -2.136194, 55.914279 ], [ -2.136404, 55.914312 ], [ -2.13643, 55.914427 ], [ -2.136639, 55.914402 ], [ -2.136591, 55.914729 ], [ -2.136257, 55.915033 ], [ -2.136686, 55.915107 ], [ -2.136493, 55.915447 ], [ -2.136928, 55.915334 ], [ -2.136717, 55.915652 ], [ -2.136348, 55.915857 ], [ -2.136605, 55.915822 ], [ -2.13649, 55.916329 ], [ -2.13668, 55.916497 ], [ -2.136966, 55.916401 ], [ -2.137097, 55.916495 ], [ -2.137663, 55.916248 ], [ -2.137781, 55.916094 ], [ -2.137888, 55.9161 ], [ -2.137831, 55.916355 ], [ -2.137628, 55.916485 ], [ -2.137554, 55.916703 ], [ -2.137408, 55.916764 ], [ -2.137544, 55.917242 ], [ -2.137847, 55.917063 ], [ -2.139167, 55.916675 ], [ -2.139263, 55.916764 ], [ -2.13911, 55.917677 ], [ -2.140371, 55.917041 ], [ -2.140475, 55.917162 ], [ -2.140081, 55.917386 ], [ -2.140006, 55.917695 ], [ -2.140155, 55.917701 ], [ -2.140486, 55.917458 ], [ -2.140538, 55.917122 ], [ -2.140664, 55.917255 ], [ -2.141004, 55.917152 ], [ -2.140758, 55.917592 ], [ -2.140986, 55.917726 ], [ -2.141362, 55.917564 ], [ -2.141603, 55.917308 ], [ -2.142128, 55.917096 ], [ -2.142925, 55.917431 ], [ -2.142987, 55.91757 ], [ -2.142784, 55.918009 ], [ -2.142992, 55.917958 ], [ -2.143387, 55.917578 ], [ -2.143289, 55.917865 ], [ -2.143022, 55.918082 ], [ -2.143001, 55.918317 ], [ -2.143152, 55.918374 ], [ -2.143393, 55.918323 ], [ -2.143413, 55.918061 ], [ -2.143758, 55.918321 ], [ -2.144777, 55.91801 ], [ -2.145152, 55.917679 ], [ -2.145447, 55.917149 ], [ -2.145183, 55.916728 ], [ -2.144864, 55.916651 ], [ -2.145119, 55.916514 ], [ -2.145493, 55.916842 ], [ -2.145463, 55.917095 ], [ -2.145684, 55.917483 ], [ -2.145573, 55.917502 ], [ -2.145251, 55.918114 ], [ -2.145477, 55.918073 ], [ -2.145543, 55.918214 ], [ -2.145205, 55.918441 ], [ -2.145168, 55.918566 ], [ -2.145309, 55.918598 ], [ -2.145625, 55.918399 ], [ -2.146016, 55.918374 ], [ -2.146099, 55.918467 ], [ -2.145984, 55.918656 ], [ -2.145573, 55.918829 ], [ -2.145528, 55.918938 ], [ -2.145897, 55.918907 ], [ -2.14593, 55.919096 ] ], [ [ -2.14135, 55.914183 ], [ -2.140646, 55.914911 ], [ -2.140191, 55.914658 ], [ -2.14041, 55.914433 ], [ -2.140845, 55.914354 ], [ -2.14115, 55.914077 ], [ -2.14135, 55.914183 ] ] ], [ [ [ -2.146543, 55.918948 ], [ -2.147092, 55.918779 ], [ -2.147247, 55.918611 ], [ -2.147182, 55.91854 ], [ -2.146942, 55.918544 ], [ -2.146689, 55.918666 ], [ -2.146559, 55.918756 ], [ -2.146543, 55.918948 ] ] ], [ [ [ -2.142743, 55.917728 ], [ -2.142132, 55.917985 ], [ -2.142051, 55.918184 ], [ -2.142522, 55.918104 ], [ -2.142733, 55.917898 ], [ -2.142743, 55.917728 ] ] ], [ [ [ -2.135602, 55.915421 ], [ -2.135879, 55.915623 ], [ -2.13636, 55.915412 ], [ -2.136145, 55.915287 ], [ -2.135602, 55.915421 ] ] ], [ [ [ -2.128221, 55.909178 ], [ -2.128457, 55.909061 ], [ -2.128222, 55.908906 ], [ -2.12839, 55.908904 ], [ -2.127908, 55.908809 ], [ -2.127872, 55.908993 ], [ -2.128221, 55.909178 ] ] ], [ [ [ -2.139056, 55.917064 ], [ -2.138621, 55.917414 ], [ -2.138635, 55.917694 ], [ -2.138888, 55.917412 ], [ -2.139056, 55.917064 ] ] ], [ [ [ -2.142324, 55.917711 ], [ -2.142301, 55.917844 ], [ -2.142629, 55.917731 ], [ -2.142809, 55.917713 ], [ -2.142911, 55.917508 ], [ -2.142628, 55.917538 ], [ -2.142324, 55.917711 ] ] ], [ [ [ -2.12803, 55.908606 ], [ -2.128369, 55.908499 ], [ -2.127907, 55.908349 ], [ -2.127771, 55.908503 ], [ -2.12803, 55.908606 ] ] ], [ [ [ -2.137367, 55.917534 ], [ -2.137718, 55.917506 ], [ -2.137732, 55.917322 ], [ -2.137524, 55.917261 ], [ -2.137367, 55.917534 ] ] ], [ [ [ -2.132123, 55.911418 ], [ -2.131741, 55.911524 ], [ -2.131806, 55.911719 ], [ -2.132029, 55.911586 ], [ -2.132123, 55.911418 ] ] ], [ [ [ -2.135079, 55.91461 ], [ -2.135336, 55.914497 ], [ -2.135245, 55.914384 ], [ -2.134973, 55.914395 ], [ -2.135079, 55.91461 ] ] ], [ [ [ -2.130109, 55.906379 ], [ -2.130042, 55.9062 ], [ -2.129673, 55.906214 ], [ -2.129745, 55.906331 ], [ -2.130109, 55.906379 ] ] ], [ [ [ -2.129133, 55.90693 ], [ -2.129352, 55.906871 ], [ -2.129322, 55.906698 ], [ -2.129076, 55.906738 ], [ -2.129133, 55.90693 ] ] ], [ [ [ -2.134702, 55.913267 ], [ -2.134347, 55.913432 ], [ -2.134218, 55.913633 ], [ -2.13432, 55.913631 ], [ -2.134702, 55.913267 ] ] ], [ [ [ -2.135812, 55.914586 ], [ -2.136021, 55.914578 ], [ -2.136228, 55.914413 ], [ -2.135882, 55.914439 ], [ -2.135812, 55.914586 ] ] ], [ [ [ -2.133305, 55.913136 ], [ -2.133089, 55.913304 ], [ -2.133084, 55.913451 ], [ -2.133228, 55.913373 ], [ -2.133305, 55.913136 ] ] ], [ [ [ -2.129475, 55.906428 ], [ -2.129543, 55.906493 ], [ -2.12986, 55.90644 ], [ -2.129805, 55.906366 ], [ -2.129475, 55.906428 ] ] ], [ [ [ -2.128045, 55.90729 ], [ -2.127913, 55.907333 ], [ -2.127946, 55.907581 ], [ -2.128092, 55.907428 ], [ -2.128045, 55.90729 ] ] ], [ [ [ -2.135081, 55.913525 ], [ -2.135135, 55.913632 ], [ -2.135306, 55.913334 ], [ -2.135081, 55.913525 ] ] ], [ [ [ -2.127521, 55.908239 ], [ -2.127463, 55.908476 ], [ -2.127744, 55.908273 ], [ -2.127521, 55.908239 ] ] ], [ [ [ -2.131194, 55.911649 ], [ -2.131347, 55.911525 ], [ -2.131242, 55.911449 ], [ -2.131194, 55.911649 ] ] ], [ [ [ -2.127731, 55.90883 ], [ -2.127564, 55.908895 ], [ -2.127603, 55.909006 ], [ -2.127758, 55.90891 ], [ -2.127731, 55.90883 ] ] ], [ [ [ -2.134758, 55.913567 ], [ -2.134634, 55.9137 ], [ -2.134667, 55.913786 ], [ -2.134818, 55.913674 ], [ -2.134758, 55.913567 ] ] ], [ [ [ -2.136346, 55.914508 ], [ -2.136381, 55.914631 ], [ -2.136542, 55.914547 ], [ -2.136346, 55.914508 ] ] ], [ [ [ -2.129922, 55.909584 ], [ -2.129927, 55.909703 ], [ -2.13012, 55.909659 ], [ -2.130106, 55.909631 ], [ -2.129922, 55.909584 ] ] ], [ [ [ -2.133519, 55.903221 ], [ -2.133657, 55.903219 ], [ -2.133886, 55.903132 ], [ -2.13375, 55.903128 ], [ -2.133519, 55.903221 ] ] ], [ [ [ -2.12831, 55.907419 ], [ -2.128212, 55.907496 ], [ -2.128258, 55.907578 ], [ -2.12838, 55.907458 ], [ -2.12831, 55.907419 ] ] ], [ [ [ -2.149608, 55.91775 ], [ -2.149545, 55.917804 ], [ -2.149563, 55.917906 ], [ -2.149707, 55.917797 ], [ -2.149608, 55.91775 ] ] ], [ [ [ -2.133228, 55.903221 ], [ -2.133131, 55.903291 ], [ -2.133385, 55.903254 ], [ -2.133228, 55.903221 ] ] ], [ [ [ -2.134489, 55.912962 ], [ -2.134276, 55.913053 ], [ -2.134249, 55.913093 ], [ -2.134512, 55.913005 ], [ -2.134489, 55.912962 ] ] ], [ [ [ -2.129152, 55.907887 ], [ -2.129182, 55.907774 ], [ -2.129031, 55.907789 ], [ -2.129152, 55.907887 ] ] ], [ [ [ -2.128395, 55.907643 ], [ -2.128436, 55.907528 ], [ -2.128407, 55.907504 ], [ -2.128322, 55.907565 ], [ -2.128395, 55.907643 ] ] ], [ [ [ -2.135962, 55.91601 ], [ -2.135988, 55.915923 ], [ -2.135889, 55.915909 ], [ -2.135962, 55.91601 ] ] ], [ [ [ -2.132962, 55.903679 ], [ -2.132848, 55.903732 ], [ -2.132811, 55.903784 ], [ -2.132969, 55.903743 ], [ -2.132962, 55.903679 ] ] ], [ [ [ -2.134422, 55.9131 ], [ -2.134349, 55.91318 ], [ -2.134522, 55.913137 ], [ -2.134422, 55.9131 ] ] ], [ [ [ -2.133787, 55.903276 ], [ -2.133852, 55.903235 ], [ -2.13364, 55.903262 ], [ -2.133787, 55.903276 ] ] ], [ [ [ -2.128706, 55.908544 ], [ -2.128769, 55.908597 ], [ -2.128828, 55.908517 ], [ -2.128706, 55.908544 ] ] ], [ [ [ -2.133469, 55.903396 ], [ -2.133366, 55.903373 ], [ -2.133318, 55.903416 ], [ -2.133469, 55.903396 ] ] ], [ [ [ -2.133315, 55.903768 ], [ -2.133316, 55.903817 ], [ -2.133441, 55.903746 ], [ -2.133315, 55.903768 ] ] ], [ [ [ -2.132942, 55.912384 ], [ -2.132907, 55.91245 ], [ -2.13303, 55.912395 ], [ -2.132942, 55.912384 ] ] ], [ [ [ -2.133544, 55.903395 ], [ -2.133511, 55.90342 ], [ -2.133721, 55.903396 ], [ -2.133544, 55.903395 ] ] ], [ [ [ -2.134955, 55.913305 ], [ -2.134887, 55.913346 ], [ -2.134898, 55.913381 ], [ -2.135015, 55.913356 ], [ -2.134955, 55.913305 ] ] ], [ [ [ -2.137449, 55.916669 ], [ -2.137511, 55.91669 ], [ -2.137529, 55.916617 ], [ -2.137449, 55.916669 ] ] ], [ [ [ -2.128575, 55.90925 ], [ -2.128489, 55.909319 ], [ -2.128499, 55.909347 ], [ -2.128565, 55.909321 ], [ -2.128575, 55.90925 ] ] ], [ [ [ -2.129834, 55.9099 ], [ -2.12977, 55.909871 ], [ -2.129746, 55.909934 ], [ -2.129834, 55.9099 ] ] ], [ [ [ -2.132748, 55.912501 ], [ -2.132761, 55.91252 ], [ -2.132867, 55.912482 ], [ -2.132748, 55.912501 ] ] ], [ [ [ -2.128273, 55.909323 ], [ -2.12836, 55.909339 ], [ -2.12839, 55.909278 ], [ -2.128361, 55.909271 ], [ -2.128273, 55.909323 ] ] ], [ [ [ -2.142207, 55.917206 ], [ -2.142251, 55.917265 ], [ -2.142308, 55.917197 ], [ -2.142207, 55.917206 ] ] ], [ [ [ -2.133231, 55.912774 ], [ -2.133181, 55.912749 ], [ -2.133112, 55.912785 ], [ -2.133231, 55.912774 ] ] ], [ [ [ -2.134767, 55.912973 ], [ -2.134669, 55.91302 ], [ -2.134647, 55.913051 ], [ -2.134697, 55.913044 ], [ -2.134767, 55.912973 ] ] ], [ [ [ -2.128105, 55.907005 ], [ -2.128155, 55.907039 ], [ -2.128216, 55.906982 ], [ -2.128105, 55.907005 ] ] ], [ [ [ -2.128575, 55.908267 ], [ -2.128614, 55.908289 ], [ -2.128628, 55.908235 ], [ -2.128575, 55.908267 ] ] ], [ [ [ -2.12931, 55.9093 ], [ -2.129311, 55.909315 ], [ -2.129383, 55.90926 ], [ -2.12931, 55.9093 ] ] ], [ [ [ -2.130903, 55.905685 ], [ -2.13089, 55.9057 ], [ -2.130988, 55.905687 ], [ -2.130903, 55.905685 ] ] ], [ [ [ -2.129219, 55.909456 ], [ -2.129233, 55.909479 ], [ -2.12928, 55.90944 ], [ -2.129219, 55.909456 ] ] ], [ [ [ -2.128077, 55.907998 ], [ -2.128068, 55.908029 ], [ -2.128131, 55.908007 ], [ -2.128077, 55.907998 ] ] ], [ [ [ -2.135605, 55.913526 ], [ -2.13562, 55.913539 ], [ -2.135674, 55.913515 ], [ -2.135605, 55.913526 ] ] ], [ [ [ -2.133045, 55.903674 ], [ -2.133055, 55.903683 ], [ -2.133122, 55.90365 ], [ -2.133045, 55.903674 ] ] ], [ [ [ -2.130765, 55.905614 ], [ -2.130778, 55.905646 ], [ -2.13082, 55.905626 ], [ -2.130765, 55.905614 ] ] ], [ [ [ -2.13266, 55.904649 ], [ -2.132701, 55.904669 ], [ -2.132724, 55.904636 ], [ -2.13266, 55.904649 ] ] ], [ [ [ -2.130476, 55.905876 ], [ -2.130524, 55.905888 ], [ -2.130524, 55.905868 ], [ -2.130476, 55.905876 ] ] ], [ [ [ -2.135375, 55.913319 ], [ -2.135426, 55.913317 ], [ -2.135412, 55.913299 ], [ -2.135375, 55.913319 ] ] ], [ [ [ -2.12863, 55.908458 ], [ -2.128671, 55.90847 ], [ -2.128671, 55.908448 ], [ -2.12863, 55.908458 ] ] ], [ [ [ -2.132952, 55.91292 ], [ -2.132971, 55.912928 ], [ -2.132981, 55.912907 ], [ -2.132952, 55.91292 ] ] ] ] } },
{ "type": "Feature", "properties": { "NAME": "Forvie" }, "geometry": { "type": "MultiPolygon", "coordinates": [ [ [ [ -1.939358, 57.341287 ], [ -1.939283, 57.341223 ], [ -1.939173, 57.341249 ], [ -1.939193, 57.341282 ], [ -1.939358, 57.341287 ] ] ] ] } },
{ "type": "Feature", "properties": { "NAME": "Knockan Crag" }, "geometry": { "type": "MultiPolygon", "coordinates": [ [ [ [ -5.068016, 58.032531 ], [ -5.067571, 58.034338 ], [ -5.066712, 58.034799 ], [ -5.066518, 58.035221 ], [ -5.06585, 58.035884 ], [ -5.064921, 58.036106 ], [ -5.06199, 58.037193 ], [ -5.061923, 58.037634 ], [ -5.063316, 58.038026 ], [ -5.064507, 58.038666 ], [ -5.06578, 58.038036 ], [ -5.069042, 58.03669 ], [ -5.069611, 58.03638 ], [ -5.07061, 58.03561 ], [ -5.072553, 58.032975 ], [ -5.073522, 58.031397 ], [ -5.073183, 58.031599 ], [ -5.072147, 58.031495 ], [ -5.072171, 58.031366 ], [ -5.072979, 58.030933 ], [ -5.073481, 58.030828 ], [ -5.070937, 58.03093 ], [ -5.070655, 58.03073 ], [ -5.070395, 58.030781 ], [ -5.070437, 58.030539 ], [ -5.069328, 58.030855 ], [ -5.067823, 58.031508 ], [ -5.068016, 58.032531 ] ] ] ] } },
{ "type": "Feature", "properties": { "NAME": "Loch Lomond" }, "geometry": { "type": "MultiPolygon", "coordinates": [ [ [ [ -4.539956, 56.066398 ], [ -4.539782, 56.066316 ], [ -4.539635, 56.06604 ], [ -4.539408, 56.066 ], [ -4.539486, 56.066574 ], [ -4.539329, 56.066631 ], [ -4.539384, 56.066733 ], [ -4.539945, 56.066605 ], [ -4.539956, 56.066398 ] ] ] ] } },
{ "type": "Feature", "properties": { "NAME": "Invereshie and Inshriach" }, "geometry": { "type": "MultiPolygon", "coordinates": [ [ [ [ -3.894568, 57.06701 ], [ -3.866362, 57.065673 ], [ -3.856027, 57.058863 ], [ -3.840021, 57.053331 ], [ -3.831385, 57.052073 ], [ -3.826138, 57.05233 ], [ -3.820744, 57.05832 ], [ -3.817884, 57.060887 ], [ -3.817575, 57.061978 ], [ -3.816903, 57.062734 ], [ -3.81654, 57.064096 ], [ -3.816659, 57.065505 ], [ -3.813435, 57.066369 ], [ -3.812411, 57.067013 ], [ -3.811484, 57.067952 ], [ -3.810824, 57.068977 ], [ -3.811024, 57.06936 ], [ -3.810718, 57.06985 ], [ -3.810554, 57.070876 ], [ -3.809668, 57.071662 ], [ -3.810289, 57.072542 ], [ -3.81071, 57.073399 ], [ -3.810323, 57.0746 ], [ -3.810192, 57.07665 ], [ -3.810415, 57.078183 ], [ -3.809642, 57.079255 ], [ -3.808463, 57.08044 ], [ -3.807857, 57.081221 ], [ -3.807556, 57.082501 ], [ -3.806768, 57.084283 ], [ -3.806283, 57.085161 ], [ -3.804478, 57.087739 ], [ -3.804408, 57.088683 ], [ -3.804546, 57.089149 ], [ -3.806519, 57.093065 ], [ -3.807104, 57.095239 ], [ -3.806547, 57.097035 ], [ -3.806353, 57.098467 ], [ -3.806761, 57.099737 ], [ -3.807569, 57.101073 ], [ -3.810495, 57.103511 ], [ -3.811471, 57.104566 ], [ -3.812563, 57.106302 ], [ -3.813146, 57.107767 ], [ -3.813163, 57.1088 ], [ -3.812899, 57.109478 ], [ -3.809508, 57.113076 ], [ -3.807024, 57.116337 ], [ -3.807123, 57.117351 ], [ -3.812683, 57.120946 ], [ -3.818425, 57.12451 ], [ -3.822269, 57.127446 ], [ -3.823873, 57.128816 ], [ -3.82534, 57.129756 ], [ -3.827081, 57.130539 ], [ -3.829181, 57.131245 ], [ -3.831034, 57.131973 ], [ -3.833461, 57.133258 ], [ -3.838045, 57.135914 ], [ -3.850992, 57.128962 ], [ -3.859439, 57.124583 ], [ -3.86054, 57.12498 ], [ -3.862886, 57.125637 ], [ -3.866997, 57.123617 ], [ -3.867277, 57.122283 ], [ -3.86791, 57.121411 ], [ -3.868413, 57.121224 ], [ -3.868844, 57.121253 ], [ -3.871352, 57.120874 ], [ -3.871802, 57.120625 ], [ -3.871791, 57.120409 ], [ -3.872279, 57.119935 ], [ -3.872602, 57.119786 ], [ -3.873528, 57.119808 ], [ -3.874199, 57.120014 ], [ -3.874909, 57.120003 ], [ -3.875819, 57.119702 ], [ -3.877003, 57.118615 ], [ -3.877579, 57.117933 ], [ -3.877889, 57.117856 ], [ -3.880016, 57.117779 ], [ -3.880171, 57.117588 ], [ -3.880223, 57.116977 ], [ -3.880077, 57.116368 ], [ -3.879937, 57.116226 ], [ -3.880031, 57.116126 ], [ -3.880948, 57.11596 ], [ -3.882242, 57.116398 ], [ -3.884003, 57.117252 ], [ -3.884589, 57.117405 ], [ -3.885475, 57.117293 ], [ -3.88731, 57.117652 ], [ -3.889083, 57.117769 ], [ -3.889425, 57.117018 ], [ -3.889327, 57.116714 ], [ -3.889809, 57.115808 ], [ -3.889789, 57.114757 ], [ -3.889622, 57.1144 ], [ -3.889611, 57.113538 ], [ -3.889476, 57.113163 ], [ -3.889522, 57.112434 ], [ -3.888098, 57.112357 ], [ -3.885301, 57.111599 ], [ -3.885898, 57.111321 ], [ -3.885952, 57.111077 ], [ -3.885734, 57.110685 ], [ -3.886441, 57.109983 ], [ -3.887155, 57.109729 ], [ -3.887261, 57.109539 ], [ -3.886006, 57.109217 ], [ -3.883244, 57.108162 ], [ -3.886074, 57.106331 ], [ -3.888011, 57.10482 ], [ -3.890567, 57.102157 ], [ -3.891767, 57.100441 ], [ -3.892562, 57.098866 ], [ -3.893086, 57.097492 ], [ -3.893017, 57.097116 ], [ -3.892366, 57.095994 ], [ -3.892103, 57.094722 ], [ -3.891849, 57.094276 ], [ -3.891964, 57.093619 ], [ -3.891512, 57.093158 ], [ -3.89176, 57.091879 ], [ -3.892636, 57.090931 ], [ -3.893841, 57.090275 ], [ -3.8952, 57.088457 ], [ -3.895952, 57.087664 ], [ -3.896173, 57.087149 ], [ -3.898238, 57.085904 ], [ -3.898673, 57.085359 ], [ -3.899264, 57.084972 ], [ -3.899471, 57.08452 ], [ -3.899191, 57.084192 ], [ -3.899165, 57.083698 ], [ -3.899803, 57.082942 ], [ -3.899947, 57.082536 ], [ -3.900352, 57.082063 ], [ -3.901026, 57.080714 ], [ -3.900911, 57.079439 ], [ -3.901111, 57.077864 ], [ -3.900676, 57.076783 ], [ -3.900644, 57.076155 ], [ -3.901098, 57.075025 ], [ -3.902103, 57.073401 ], [ -3.901895, 57.071904 ], [ -3.90224, 57.070587 ], [ -3.902106, 57.069592 ], [ -3.901102, 57.068016 ], [ -3.900531, 57.067486 ], [ -3.900328, 57.067067 ], [ -3.899559, 57.066216 ], [ -3.899468, 57.064762 ], [ -3.899207, 57.064505 ], [ -3.897506, 57.063489 ], [ -3.896711, 57.063429 ], [ -3.89498, 57.063113 ], [ -3.894568, 57.06701 ] ], [ [ -3.859327, 57.124549 ], [ -3.859287, 57.124544 ], [ -3.859296, 57.12454 ], [ -3.859327, 57.124549 ] ] ] ] } },
{ "type": "Feature", "properties": { "NAME": "Glenmore" }, "geometry": { "type": "MultiPolygon", "coordinates": [ [ [ [ -3.681303, 57.182994 ], [ -3.681455, 57.182665 ], [ -3.681686, 57.182576 ], [ -3.681935, 57.182309 ], [ -3.683601, 57.180248 ], [ -3.684152, 57.178902 ], [ -3.684314, 57.178148 ], [ -3.684307, 57.176747 ], [ -3.684716, 57.175758 ], [ -3.685612, 57.17491 ], [ -3.685787, 57.174575 ], [ -3.686403, 57.1741 ], [ -3.687017, 57.173431 ], [ -3.688233, 57.172701 ], [ -3.688791, 57.172239 ], [ -3.68983, 57.170909 ], [ -3.690737, 57.169958 ], [ -3.690784, 57.169404 ], [ -3.690462, 57.168928 ], [ -3.690564, 57.168769 ], [ -3.690126, 57.168194 ], [ -3.690117, 57.167757 ], [ -3.689887, 57.167677 ], [ -3.690346, 57.167439 ], [ -3.689947, 57.167379 ], [ -3.690329, 57.167015 ], [ -3.690118, 57.166979 ], [ -3.690189, 57.166885 ], [ -3.690326, 57.16691 ], [ -3.690415, 57.166806 ], [ -3.689592, 57.166611 ], [ -3.68922, 57.166662 ], [ -3.685852, 57.16621 ], [ -3.684857, 57.166447 ], [ -3.684257, 57.166398 ], [ -3.683449, 57.166204 ], [ -3.682259, 57.165623 ], [ -3.681277, 57.16534 ], [ -3.679184, 57.165154 ], [ -3.676153, 57.165151 ], [ -3.674843, 57.165352 ], [ -3.673589, 57.16536 ], [ -3.672999, 57.165434 ], [ -3.670592, 57.166856 ], [ -3.669625, 57.167218 ], [ -3.668625, 57.167296 ], [ -3.66921, 57.166616 ], [ -3.67019, 57.166297 ], [ -3.670239, 57.165969 ], [ -3.669923, 57.16539 ], [ -3.668795, 57.16456 ], [ -3.667744, 57.164174 ], [ -3.667784, 57.162678 ], [ -3.668066, 57.162521 ], [ -3.668072, 57.162108 ], [ -3.668296, 57.161939 ], [ -3.668801, 57.161779 ], [ -3.669403, 57.161008 ], [ -3.670755, 57.160172 ], [ -3.676032, 57.158588 ], [ -3.678655, 57.158274 ], [ -3.679371, 57.157833 ], [ -3.679343, 57.157756 ], [ -3.679986, 57.157637 ], [ -3.680692, 57.157686 ], [ -3.683532, 57.158627 ], [ -3.684025, 57.158709 ], [ -3.691347, 57.158878 ], [ -3.692444, 57.158816 ], [ -3.694999, 57.159002 ], [ -3.697603, 57.158989 ], [ -3.698957, 57.159137 ], [ -3.700279, 57.15911 ], [ -3.703463, 57.159328 ], [ -3.704539, 57.159527 ], [ -3.705572, 57.159366 ], [ -3.707744, 57.159292 ], [ -3.709268, 57.159357 ], [ -3.7098, 57.159242 ], [ -3.710026, 57.159104 ], [ -3.709992, 57.158547 ], [ -3.710306, 57.158201 ], [ -3.711925, 57.157995 ], [ -3.714739, 57.156438 ], [ -3.715098, 57.156348 ], [ -3.716772, 57.156613 ], [ -3.721221, 57.15842 ], [ -3.72164, 57.158725 ], [ -3.721985, 57.158841 ], [ -3.722108, 57.15933 ], [ -3.722847, 57.159265 ], [ -3.723228, 57.159273 ], [ -3.723272, 57.159331 ], [ -3.72374, 57.159266 ], [ -3.723719, 57.159159 ], [ -3.72402, 57.158876 ], [ -3.724487, 57.158798 ], [ -3.72457, 57.158617 ], [ -3.724441, 57.158507 ], [ -3.724744, 57.158273 ], [ -3.724484, 57.158003 ], [ -3.724469, 57.157518 ], [ -3.724578, 57.157359 ], [ -3.724257, 57.156681 ], [ -3.724347, 57.156486 ], [ -3.724262, 57.156079 ], [ -3.724358, 57.155839 ], [ -3.725204, 57.155374 ], [ -3.724667, 57.154833 ], [ -3.723501, 57.154647 ], [ -3.723171, 57.154674 ], [ -3.722639, 57.154955 ], [ -3.722357, 57.154946 ], [ -3.722421, 57.154181 ], [ -3.723114, 57.153435 ], [ -3.722407, 57.152807 ], [ -3.722333, 57.152282 ], [ -3.721259, 57.151048 ], [ -3.721287, 57.150778 ], [ -3.72154, 57.150528 ], [ -3.721296, 57.150428 ], [ -3.721252, 57.150204 ], [ -3.7208, 57.150066 ], [ -3.72086, 57.149589 ], [ -3.720522, 57.149432 ], [ -3.720265, 57.148874 ], [ -3.719901, 57.148699 ], [ -3.719619, 57.147022 ], [ -3.721357, 57.146309 ], [ -3.7224, 57.146152 ], [ -3.723318, 57.14614 ], [ -3.723575, 57.145101 ], [ -3.726189, 57.142997 ], [ -3.728349, 57.142896 ], [ -3.729475, 57.142678 ], [ -3.730078, 57.14248 ], [ -3.723901, 57.135077 ], [ -3.722666, 57.133905 ], [ -3.722264, 57.13372 ], [ -3.721849, 57.133262 ], [ -3.72179, 57.132942 ], [ -3.72243, 57.130711 ], [ -3.722233, 57.130226 ], [ -3.721509, 57.129713 ], [ -3.71961, 57.12881 ], [ -3.718924, 57.128629 ], [ -3.716778, 57.1276 ], [ -3.716085, 57.12679 ], [ -3.714013, 57.125 ], [ -3.712498, 57.124378 ], [ -3.711251, 57.124241 ], [ -3.710574, 57.12425 ], [ -3.706043, 57.123611 ], [ -3.704998, 57.123221 ], [ -3.704719, 57.122856 ], [ -3.691403, 57.122759 ], [ -3.673182, 57.134345 ], [ -3.673365, 57.134693 ], [ -3.673913, 57.134924 ], [ -3.674353, 57.134985 ], [ -3.674776, 57.1352 ], [ -3.674657, 57.135313 ], [ -3.674781, 57.13541 ], [ -3.672046, 57.136536 ], [ -3.672336, 57.137694 ], [ -3.673044, 57.138745 ], [ -3.674122, 57.139912 ], [ -3.674744, 57.141236 ], [ -3.674381, 57.144369 ], [ -3.674155, 57.144678 ], [ -3.673769, 57.144912 ], [ -3.672587, 57.145278 ], [ -3.670661, 57.145632 ], [ -3.666957, 57.146148 ], [ -3.664441, 57.146056 ], [ -3.661805, 57.146073 ], [ -3.66117, 57.146104 ], [ -3.66068, 57.146245 ], [ -3.660492, 57.146458 ], [ -3.661946, 57.146632 ], [ -3.66326, 57.146952 ], [ -3.662865, 57.147227 ], [ -3.661148, 57.146874 ], [ -3.659897, 57.146788 ], [ -3.657706, 57.146939 ], [ -3.657427, 57.146758 ], [ -3.657303, 57.146496 ], [ -3.657215, 57.14651 ], [ -3.656994, 57.146779 ], [ -3.652231, 57.149253 ], [ -3.645466, 57.146582 ], [ -3.637734, 57.149005 ], [ -3.631325, 57.152008 ], [ -3.63397, 57.157421 ], [ -3.63282, 57.160789 ], [ -3.625691, 57.164168 ], [ -3.646807, 57.171385 ], [ -3.647657, 57.173912 ], [ -3.646702, 57.180075 ], [ -3.647819, 57.18087 ], [ -3.648474, 57.18233 ], [ -3.66063, 57.186792 ], [ -3.671058, 57.183474 ], [ -3.676252, 57.185181 ], [ -3.680129, 57.184175 ], [ -3.681303, 57.182994 ] ] ] ] } },
{ "type": "Feature", "properties": { "NAME": "Isle of May" }, "geometry": { "type": "MultiPolygon", "coordinates": [ [ [ [ -2.559749, 56.190759 ], [ -2.559834, 56.190894 ], [ -2.560031, 56.190887 ], [ -2.559967, 56.19072 ], [ -2.559749, 56.190759 ] ] ] ] } },
{ "type": "Feature", "properties": { "NAME": "Moine Mhor" }, "geometry": { "type": "MultiPolygon", "coordinates": [ [ [ [ -5.504144, 56.103144 ], [ -5.502371, 56.102228 ], [ -5.501554, 56.101639 ], [ -5.501091, 56.100997 ], [ -5.501118, 56.100209 ], [ -5.500836, 56.099763 ], [ -5.500414, 56.099361 ], [ -5.500211, 56.098895 ], [ -5.500136, 56.098429 ], [ -5.500355, 56.097509 ], [ -5.500161, 56.09713 ], [ -5.500373, 56.096731 ], [ -5.500186, 56.096022 ], [ -5.500205, 56.095507 ], [ -5.500341, 56.09518 ], [ -5.500725, 56.094922 ], [ -5.500432, 56.094658 ], [ -5.499974, 56.094536 ], [ -5.499889, 56.094386 ], [ -5.500048, 56.094075 ], [ -5.500565, 56.094064 ], [ -5.50083, 56.094164 ], [ -5.501221, 56.094043 ], [ -5.50129, 56.093908 ], [ -5.501063, 56.093764 ], [ -5.501165, 56.093293 ], [ -5.501352, 56.093145 ], [ -5.500007, 56.092841 ], [ -5.495505, 56.091222 ], [ -5.49357, 56.090762 ], [ -5.492801, 56.090708 ], [ -5.49209, 56.090759 ], [ -5.488757, 56.091261 ], [ -5.488807, 56.091332 ], [ -5.488542, 56.091376 ], [ -5.489436, 56.092482 ], [ -5.48694, 56.093417 ], [ -5.486752, 56.093938 ], [ -5.483643, 56.095418 ], [ -5.48334, 56.095911 ], [ -5.483372, 56.096039 ], [ -5.482843, 56.096633 ], [ -5.483182, 56.096837 ], [ -5.482873, 56.097033 ], [ -5.480843, 56.097488 ], [ -5.481089, 56.097903 ], [ -5.480647, 56.098026 ], [ -5.480802, 56.098506 ], [ -5.481506, 56.098881 ], [ -5.482243, 56.099132 ], [ -5.483187, 56.099585 ], [ -5.483288, 56.099566 ], [ -5.483872, 56.10041 ], [ -5.486766, 56.103266 ], [ -5.491457, 56.104726 ], [ -5.493101, 56.104752 ], [ -5.493964, 56.104871 ], [ -5.49314, 56.106144 ], [ -5.494124, 56.106278 ], [ -5.497038, 56.106384 ], [ -5.497801, 56.106552 ], [ -5.504144, 56.103144 ] ] ] ] } },
{ "type": "Feature", "properties": { "NAME": "Forvie" }, "geometry": { "type": "MultiPolygon", "coordinates": [ [ [ [ -1.997374, 57.324234 ], [ -1.997994, 57.324578 ], [ -1.999808, 57.324213 ], [ -1.999454, 57.324186 ], [ -1.999809, 57.32418 ], [ -1.999817, 57.32408 ], [ -1.99939, 57.323826 ], [ -1.998904, 57.323189 ], [ -1.998427, 57.322881 ], [ -1.998042, 57.322358 ], [ -1.996903, 57.32185 ], [ -1.995547, 57.321527 ], [ -1.995078, 57.321576 ], [ -1.994871, 57.322245 ], [ -1.994351, 57.322093 ], [ -1.994319, 57.321753 ], [ -1.994939, 57.32149 ], [ -1.995268, 57.320967 ], [ -1.995621, 57.320846 ], [ -1.995924, 57.320842 ], [ -1.996294, 57.321003 ], [ -1.998241, 57.321427 ], [ -1.999205, 57.321347 ], [ -1.999594, 57.321164 ], [ -2.000754, 57.32038 ], [ -2.000733, 57.319817 ], [ -2.002057, 57.318635 ], [ -2.002213, 57.318227 ], [ -2.002099, 57.317792 ], [ -2.002263, 57.317192 ], [ -2.002779, 57.316474 ], [ -2.002778, 57.31623 ], [ -2.00212, 57.31536 ], [ -2.00248, 57.315845 ], [ -2.002611, 57.3162 ], [ -2.002528, 57.316411 ], [ -2.00192, 57.316982 ], [ -2.001466, 57.317963 ], [ -2.001066, 57.318392 ], [ -2.000669, 57.318548 ], [ -2.000885, 57.319033 ], [ -2.000192, 57.3194 ], [ -1.999069, 57.320679 ], [ -1.998695, 57.320944 ], [ -1.998262, 57.321064 ], [ -1.997903, 57.321006 ], [ -1.997643, 57.320882 ], [ -1.997536, 57.320515 ], [ -1.997229, 57.320333 ], [ -1.995549, 57.320034 ], [ -1.994679, 57.319679 ], [ -1.994083, 57.318687 ], [ -1.992856, 57.317448 ], [ -1.992332, 57.316732 ], [ -1.991529, 57.316236 ], [ -1.9915, 57.316138 ], [ -1.992387, 57.315595 ], [ -1.993381, 57.31523 ], [ -1.993754, 57.314825 ], [ -1.994329, 57.313705 ], [ -1.994428, 57.313121 ], [ -1.995102, 57.31251 ], [ -1.995009, 57.311882 ], [ -1.994144, 57.310891 ], [ -1.992264, 57.310028 ], [ -1.991643, 57.30928 ], [ -1.99059, 57.307381 ], [ -1.989936, 57.30645 ], [ -1.989916, 57.305883 ], [ -1.99016, 57.30497 ], [ -1.990336, 57.304698 ], [ -1.99073, 57.304502 ], [ -1.990937, 57.304191 ], [ -1.986943, 57.304202 ], [ -1.986804, 57.305442 ], [ -1.986965, 57.305836 ], [ -1.987946, 57.306604 ], [ -1.990916, 57.309676 ], [ -1.991703, 57.310255 ], [ -1.993384, 57.311128 ], [ -1.993754, 57.311832 ], [ -1.993639, 57.312382 ], [ -1.993189, 57.312789 ], [ -1.992499, 57.313024 ], [ -1.992044, 57.31307 ], [ -1.992006, 57.312974 ], [ -1.992336, 57.312785 ], [ -1.992162, 57.312789 ], [ -1.991436, 57.313066 ], [ -1.990633, 57.313598 ], [ -1.989573, 57.315707 ], [ -1.989025, 57.316544 ], [ -1.989059, 57.31712 ], [ -1.988782, 57.317782 ], [ -1.989537, 57.318911 ], [ -1.989917, 57.319872 ], [ -1.98991, 57.32031 ], [ -1.989767, 57.320396 ], [ -1.98989, 57.320965 ], [ -1.990141, 57.321282 ], [ -1.991562, 57.322301 ], [ -1.993003, 57.322841 ], [ -1.993159, 57.322779 ], [ -1.9935, 57.322839 ], [ -1.994282, 57.322627 ], [ -1.995047, 57.322747 ], [ -1.996125, 57.323303 ], [ -1.997374, 57.324234 ] ] ] ] } },
{ "type": "Feature", "properties": { "NAME": "Loch Lomond" }, "geometry": { "type": "MultiPolygon", "coordinates": [ [ [ [ -4.57859, 56.066054 ], [ -4.578915, 56.066102 ], [ -4.57916, 56.06593 ], [ -4.579597, 56.065858 ], [ -4.579768, 56.06589 ], [ -4.579932, 56.066053 ], [ -4.580407, 56.065949 ], [ -4.580745, 56.06596 ], [ -4.580995, 56.065734 ], [ -4.581509, 56.065728 ], [ -4.581975, 56.065849 ], [ -4.582273, 56.065618 ], [ -4.582931, 56.065487 ], [ -4.583115, 56.065367 ], [ -4.583477, 56.064649 ], [ -4.583471, 56.064442 ], [ -4.583729, 56.064086 ], [ -4.583629, 56.064039 ], [ -4.582427, 56.064078 ], [ -4.581883, 56.063999 ], [ -4.581382, 56.063713 ], [ -4.580607, 56.063536 ], [ -4.580412, 56.063378 ], [ -4.579711, 56.063344 ], [ -4.579639, 56.064078 ], [ -4.579425, 56.064356 ], [ -4.579315, 56.065122 ], [ -4.5791, 56.065509 ], [ -4.578799, 56.065691 ], [ -4.578846, 56.065919 ], [ -4.57859, 56.066054 ] ] ] ] } },
{ "type": "Feature", "properties": { "NAME": "Moine Mhor" }, "geometry": { "type": "MultiPolygon", "coordinates": [ [ [ [ -5.491068, 56.08643 ], [ -5.491643, 56.08651 ], [ -5.492358, 56.087079 ], [ -5.495768, 56.0879 ], [ -5.495862, 56.087246 ], [ -5.496699, 56.086211 ], [ -5.496688, 56.08545 ], [ -5.496864, 56.085245 ], [ -5.497091, 56.085155 ], [ -5.497368, 56.085162 ], [ -5.497614, 56.085265 ], [ -5.499218, 56.081938 ], [ -5.502456, 56.082711 ], [ -5.504208, 56.082445 ], [ -5.510012, 56.081999 ], [ -5.510404, 56.08155 ], [ -5.510456, 56.081191 ], [ -5.509681, 56.079381 ], [ -5.509671, 56.078727 ], [ -5.509424, 56.078692 ], [ -5.509522, 56.078416 ], [ -5.510049, 56.078128 ], [ -5.510824, 56.078049 ], [ -5.511505, 56.077823 ], [ -5.512141, 56.077836 ], [ -5.513575, 56.078218 ], [ -5.513985, 56.07848 ], [ -5.514543, 56.079053 ], [ -5.515068, 56.07925 ], [ -5.516074, 56.079351 ], [ -5.516791, 56.079111 ], [ -5.517173, 56.078893 ], [ -5.517506, 56.078488 ], [ -5.517777, 56.077667 ], [ -5.517553, 56.077237 ], [ -5.516422, 56.076563 ], [ -5.515187, 56.076149 ], [ -5.514485, 56.07603 ], [ -5.513241, 56.07526 ], [ -5.513121, 56.074738 ], [ -5.512914, 56.074672 ], [ -5.512441, 56.074681 ], [ -5.512769, 56.074577 ], [ -5.513177, 56.074561 ], [ -5.513708, 56.074029 ], [ -5.514299, 56.073724 ], [ -5.515707, 56.073387 ], [ -5.516014, 56.073145 ], [ -5.516508, 56.07318 ], [ -5.516882, 56.073048 ], [ -5.518104, 56.073405 ], [ -5.519074, 56.073974 ], [ -5.520268, 56.074081 ], [ -5.522372, 56.074178 ], [ -5.5258, 56.074155 ], [ -5.526697, 56.074039 ], [ -5.527848, 56.073782 ], [ -5.526787, 56.073417 ], [ -5.526897, 56.07331 ], [ -5.527342, 56.073215 ], [ -5.527495, 56.072741 ], [ -5.527663, 56.072902 ], [ -5.526013, 56.070944 ], [ -5.525159, 56.070137 ], [ -5.524474, 56.069941 ], [ -5.523018, 56.069744 ], [ -5.520979, 56.068719 ], [ -5.519497, 56.068244 ], [ -5.517854, 56.067936 ], [ -5.514224, 56.067437 ], [ -5.510022, 56.066512 ], [ -5.507862, 56.06767 ], [ -5.508122, 56.068384 ], [ -5.50809, 56.068826 ], [ -5.502308, 56.067722 ], [ -5.502074, 56.067626 ], [ -5.501741, 56.068291 ], [ -5.501294, 56.068853 ], [ -5.499913, 56.07025 ], [ -5.499432, 56.071191 ], [ -5.498927, 56.071837 ], [ -5.497644, 56.072827 ], [ -5.496751, 56.073351 ], [ -5.496356, 56.073785 ], [ -5.494114, 56.075026 ], [ -5.493733, 56.074821 ], [ -5.492641, 56.07456 ], [ -5.489904, 56.07644 ], [ -5.489323, 56.076719 ], [ -5.488915, 56.077243 ], [ -5.48815, 56.077567 ], [ -5.487476, 56.077715 ], [ -5.485324, 56.077918 ], [ -5.482642, 56.076699 ], [ -5.482366, 56.076402 ], [ -5.480309, 56.075614 ], [ -5.47975, 56.075918 ], [ -5.478115, 56.077578 ], [ -5.476707, 56.078732 ], [ -5.475383, 56.078905 ], [ -5.473453, 56.078738 ], [ -5.472881, 56.078837 ], [ -5.473755, 56.080915 ], [ -5.484618, 56.084725 ], [ -5.490593, 56.085941 ], [ -5.491157, 56.086326 ], [ -5.491068, 56.08643 ] ] ] ] } },
{ "type": "Feature", "properties": { "NAME": "Cairngorms" }, "geometry": { "type": "MultiPolygon", "coordinates": [ [ [ [ -3.783765, 57.153637 ], [ -3.783953, 57.15346 ], [ -3.78385, 57.152592 ], [ -3.783951, 57.152551 ], [ -3.793976, 57.15382 ], [ -3.798782, 57.154682 ], [ -3.80367, 57.155366 ], [ -3.805559, 57.155911 ], [ -3.806195, 57.156418 ], [ -3.806536, 57.158223 ], [ -3.808159, 57.158905 ], [ -3.809349, 57.158178 ], [ -3.812635, 57.157219 ], [ -3.813985, 57.156953 ], [ -3.813746, 57.155904 ], [ -3.812342, 57.153077 ], [ -3.815316, 57.152926 ], [ -3.815583, 57.152726 ], [ -3.81764, 57.151938 ], [ -3.817779, 57.151507 ], [ -3.81808, 57.151276 ], [ -3.818493, 57.150692 ], [ -3.818897, 57.150843 ], [ -3.819788, 57.150923 ], [ -3.820741, 57.151123 ], [ -3.821031, 57.151336 ], [ -3.821218, 57.151694 ], [ -3.822356, 57.152186 ], [ -3.822164, 57.152337 ], [ -3.822392, 57.152767 ], [ -3.823644, 57.152756 ], [ -3.823706, 57.152659 ], [ -3.823556, 57.152465 ], [ -3.823689, 57.152006 ], [ -3.82335, 57.150964 ], [ -3.823626, 57.150511 ], [ -3.823257, 57.150172 ], [ -3.82321, 57.149908 ], [ -3.823337, 57.149327 ], [ -3.823753, 57.148892 ], [ -3.823829, 57.148038 ], [ -3.825407, 57.147535 ], [ -3.826966, 57.147222 ], [ -3.828898, 57.147277 ], [ -3.829707, 57.147185 ], [ -3.830649, 57.146821 ], [ -3.831622, 57.146783 ], [ -3.832605, 57.146513 ], [ -3.83362, 57.146427 ], [ -3.834962, 57.145985 ], [ -3.835393, 57.145962 ], [ -3.837013, 57.145528 ], [ -3.837369, 57.145017 ], [ -3.837114, 57.144463 ], [ -3.836787, 57.144216 ], [ -3.83627, 57.144284 ], [ -3.835623, 57.144692 ], [ -3.834765, 57.144975 ], [ -3.834525, 57.144867 ], [ -3.834199, 57.144501 ], [ -3.832801, 57.143952 ], [ -3.832393, 57.144002 ], [ -3.832101, 57.144321 ], [ -3.831722, 57.144514 ], [ -3.830739, 57.144488 ], [ -3.830385, 57.14429 ], [ -3.830212, 57.144066 ], [ -3.830204, 57.143743 ], [ -3.830293, 57.14363 ], [ -3.830576, 57.14357 ], [ -3.830427, 57.143357 ], [ -3.830176, 57.143325 ], [ -3.829993, 57.143479 ], [ -3.829825, 57.143489 ], [ -3.829269, 57.143214 ], [ -3.829039, 57.143162 ], [ -3.82877, 57.143202 ], [ -3.829213, 57.142821 ], [ -3.829132, 57.142519 ], [ -3.829316, 57.142245 ], [ -3.829599, 57.142026 ], [ -3.830841, 57.14156 ], [ -3.832491, 57.141601 ], [ -3.8332, 57.141045 ], [ -3.834097, 57.140669 ], [ -3.836084, 57.140533 ], [ -3.836403, 57.140452 ], [ -3.836493, 57.140351 ], [ -3.83638, 57.140138 ], [ -3.835156, 57.139402 ], [ -3.835018, 57.138982 ], [ -3.835418, 57.138617 ], [ -3.836323, 57.138246 ], [ -3.837063, 57.138099 ], [ -3.837686, 57.137807 ], [ -3.838165, 57.137412 ], [ -3.837984, 57.137163 ], [ -3.839286, 57.136567 ], [ -3.838088, 57.135925 ], [ -3.853634, 57.12761 ], [ -3.859765, 57.124484 ], [ -3.859563, 57.124377 ], [ -3.859197, 57.12449 ], [ -3.853894, 57.122941 ], [ -3.853805, 57.122848 ], [ -3.853861, 57.122467 ], [ -3.853595, 57.122336 ], [ -3.853503, 57.122065 ], [ -3.852954, 57.121742 ], [ -3.853023, 57.121255 ], [ -3.852192, 57.120728 ], [ -3.852193, 57.120508 ], [ -3.852464, 57.120269 ], [ -3.852481, 57.120099 ], [ -3.851789, 57.119594 ], [ -3.85192, 57.119355 ], [ -3.851567, 57.119168 ], [ -3.851281, 57.118511 ], [ -3.850493, 57.118206 ], [ -3.850185, 57.11734 ], [ -3.849426, 57.116772 ], [ -3.847955, 57.116234 ], [ -3.863296, 57.111414 ], [ -3.865843, 57.110407 ], [ -3.867677, 57.108939 ], [ -3.86897, 57.107379 ], [ -3.870157, 57.106541 ], [ -3.871586, 57.105193 ], [ -3.875199, 57.101084 ], [ -3.87763, 57.099001 ], [ -3.879572, 57.097749 ], [ -3.88069, 57.096344 ], [ -3.88165, 57.095353 ], [ -3.88195, 57.094044 ], [ -3.883577, 57.09183 ], [ -3.885644, 57.086777 ], [ -3.885686, 57.085658 ], [ -3.887404, 57.083506 ], [ -3.888035, 57.081771 ], [ -3.890202, 57.079477 ], [ -3.891173, 57.07642 ], [ -3.890787, 57.075098 ], [ -3.891239, 57.073474 ], [ -3.893442, 57.070666 ], [ -3.894625, 57.066938 ], [ -3.894968, 57.063104 ], [ -3.893843, 57.060681 ], [ -3.891137, 57.057287 ], [ -3.887713, 57.054405 ], [ -3.884913, 57.050561 ], [ -3.883764, 57.049857 ], [ -3.885275, 57.049517 ], [ -3.887693, 57.049229 ], [ -3.888613, 57.0489 ], [ -3.889496, 57.048447 ], [ -3.890331, 57.04818 ], [ -3.891963, 57.047951 ], [ -3.892753, 57.047739 ], [ -3.893563, 57.047351 ], [ -3.894232, 57.047171 ], [ -3.894404, 57.047038 ], [ -3.894792, 57.046187 ], [ -3.895722, 57.045275 ], [ -3.895917, 57.044946 ], [ -3.895862, 57.044806 ], [ -3.896198, 57.04481 ], [ -3.896251, 57.044455 ], [ -3.896803, 57.043564 ], [ -3.896791, 57.043017 ], [ -3.896478, 57.042813 ], [ -3.895659, 57.042708 ], [ -3.895262, 57.042583 ], [ -3.894949, 57.042231 ], [ -3.894966, 57.041931 ], [ -3.895148, 57.041607 ], [ -3.895863, 57.040926 ], [ -3.897681, 57.039655 ], [ -3.898858, 57.038095 ], [ -3.899101, 57.037257 ], [ -3.899005, 57.035927 ], [ -3.898639, 57.035473 ], [ -3.897963, 57.035094 ], [ -3.897838, 57.034605 ], [ -3.897901, 57.034448 ], [ -3.898233, 57.034233 ], [ -3.899434, 57.033708 ], [ -3.900016, 57.033345 ], [ -3.900633, 57.031565 ], [ -3.900825, 57.0313 ], [ -3.900253, 57.029949 ], [ -3.89918, 57.029074 ], [ -3.898433, 57.027876 ], [ -3.898864, 57.027358 ], [ -3.900356, 57.026133 ], [ -3.901034, 57.024863 ], [ -3.8999, 57.024375 ], [ -3.898132, 57.023984 ], [ -3.897629, 57.023768 ], [ -3.897368, 57.023572 ], [ -3.897405, 57.022736 ], [ -3.897647, 57.022315 ], [ -3.898375, 57.021811 ], [ -3.899606, 57.021294 ], [ -3.902332, 57.020523 ], [ -3.903721, 57.019536 ], [ -3.903999, 57.019151 ], [ -3.904358, 57.018142 ], [ -3.905247, 57.017199 ], [ -3.905787, 57.016817 ], [ -3.906246, 57.01618 ], [ -3.906418, 57.015517 ], [ -3.906596, 57.015427 ], [ -3.906742, 57.015144 ], [ -3.906574, 57.014542 ], [ -3.90607, 57.01407 ], [ -3.906212, 57.013276 ], [ -3.905783, 57.012497 ], [ -3.905903, 57.011713 ], [ -3.906247, 57.011053 ], [ -3.906073, 57.010127 ], [ -3.905841, 57.009825 ], [ -3.906068, 57.009572 ], [ -3.90597, 57.00923 ], [ -3.906179, 57.008841 ], [ -3.905851, 57.007565 ], [ -3.905988, 57.007338 ], [ -3.905849, 57.006854 ], [ -3.905159, 57.00654 ], [ -3.904811, 57.006209 ], [ -3.904112, 57.005272 ], [ -3.903876, 57.004686 ], [ -3.903479, 57.004287 ], [ -3.903128, 57.004131 ], [ -3.902226, 57.003917 ], [ -3.901674, 57.003613 ], [ -3.901304, 57.003295 ], [ -3.901041, 57.00285 ], [ -3.900173, 57.002177 ], [ -3.89907, 57.001608 ], [ -3.898105, 57.001261 ], [ -3.897196, 57.000695 ], [ -3.89702, 57.000143 ], [ -3.897464, 56.999893 ], [ -3.897776, 56.999521 ], [ -3.898337, 56.999101 ], [ -3.898396, 56.998695 ], [ -3.898588, 56.998411 ], [ -3.898457, 56.998117 ], [ -3.897832, 56.997709 ], [ -3.897403, 56.996901 ], [ -3.895839, 56.995661 ], [ -3.895483, 56.995533 ], [ -3.894554, 56.995454 ], [ -3.894207, 56.995289 ], [ -3.893627, 56.994666 ], [ -3.892138, 56.993883 ], [ -3.891337, 56.992896 ], [ -3.891168, 56.99218 ], [ -3.890695, 56.991734 ], [ -3.890187, 56.991481 ], [ -3.888208, 56.99113 ], [ -3.886152, 56.989791 ], [ -3.885632, 56.989649 ], [ -3.884456, 56.989628 ], [ -3.883553, 56.989063 ], [ -3.882961, 56.988893 ], [ -3.882388, 56.988902 ], [ -3.880967, 56.989116 ], [ -3.880551, 56.989105 ], [ -3.879201, 56.988426 ], [ -3.878527, 56.988214 ], [ -3.877641, 56.98816 ], [ -3.875179, 56.988226 ], [ -3.874641, 56.98806 ], [ -3.87443, 56.987909 ], [ -3.874368, 56.987548 ], [ -3.87487, 56.986012 ], [ -3.874539, 56.985015 ], [ -3.874817, 56.984494 ], [ -3.874241, 56.9835 ], [ -3.873852, 56.983206 ], [ -3.873471, 56.983072 ], [ -3.873027, 56.983072 ], [ -3.872344, 56.983197 ], [ -3.871881, 56.983051 ], [ -3.872002, 56.982213 ], [ -3.871805, 56.981775 ], [ -3.870892, 56.981042 ], [ -3.868005, 56.979649 ], [ -3.867409, 56.979416 ], [ -3.866714, 56.979292 ], [ -3.863084, 56.979384 ], [ -3.86206, 56.97924 ], [ -3.860314, 56.978685 ], [ -3.85995, 56.978416 ], [ -3.859136, 56.977324 ], [ -3.858812, 56.977157 ], [ -3.858178, 56.977096 ], [ -3.856881, 56.977096 ], [ -3.855531, 56.977194 ], [ -3.854107, 56.977422 ], [ -3.852506, 56.977896 ], [ -3.85111, 56.978014 ], [ -3.849646, 56.977901 ], [ -3.845091, 56.977929 ], [ -3.843715, 56.978223 ], [ -3.843126, 56.978688 ], [ -3.84273, 56.978791 ], [ -3.839702, 56.978531 ], [ -3.838753, 56.978703 ], [ -3.837332, 56.979204 ], [ -3.836768, 56.979286 ], [ -3.835305, 56.979186 ], [ -3.834348, 56.978495 ], [ -3.83354, 56.978136 ], [ -3.832378, 56.978037 ], [ -3.832106, 56.977932 ], [ -3.831278, 56.977853 ], [ -3.830602, 56.977668 ], [ -3.829009, 56.977631 ], [ -3.827469, 56.977313 ], [ -3.826796, 56.977432 ], [ -3.82655, 56.977411 ], [ -3.825402, 56.977148 ], [ -3.824404, 56.977446 ], [ -3.823426, 56.977241 ], [ -3.822444, 56.977188 ], [ -3.821682, 56.976841 ], [ -3.820623, 56.976802 ], [ -3.818638, 56.97649 ], [ -3.817189, 56.976426 ], [ -3.816076, 56.976205 ], [ -3.814855, 56.975803 ], [ -3.813809, 56.9758 ], [ -3.813261, 56.97596 ], [ -3.812089, 56.976117 ], [ -3.811321, 56.976347 ], [ -3.810356, 56.976425 ], [ -3.809321, 56.975862 ], [ -3.808831, 56.975756 ], [ -3.807893, 56.975691 ], [ -3.807103, 56.975505 ], [ -3.805041, 56.974556 ], [ -3.804743, 56.974518 ], [ -3.803989, 56.974648 ], [ -3.801101, 56.974306 ], [ -3.797541, 56.973218 ], [ -3.797154, 56.973177 ], [ -3.796529, 56.973269 ], [ -3.795143, 56.972848 ], [ -3.793811, 56.971931 ], [ -3.792482, 56.971549 ], [ -3.792196, 56.97122 ], [ -3.791791, 56.970402 ], [ -3.791304, 56.969964 ], [ -3.789511, 56.969163 ], [ -3.789101, 56.968713 ], [ -3.788902, 56.967989 ], [ -3.787814, 56.967235 ], [ -3.787358, 56.966009 ], [ -3.786388, 56.965234 ], [ -3.784824, 56.964262 ], [ -3.783958, 56.964529 ], [ -3.783257, 56.964859 ], [ -3.781761, 56.966051 ], [ -3.780896, 56.966476 ], [ -3.780488, 56.966567 ], [ -3.779512, 56.966617 ], [ -3.777753, 56.966532 ], [ -3.776888, 56.966664 ], [ -3.775828, 56.966953 ], [ -3.772698, 56.968241 ], [ -3.771812, 56.96879 ], [ -3.77212, 56.969795 ], [ -3.77155, 56.970367 ], [ -3.771156, 56.97111 ], [ -3.770435, 56.971691 ], [ -3.769907, 56.971956 ], [ -3.767509, 56.972737 ], [ -3.763751, 56.973142 ], [ -3.762708, 56.973373 ], [ -3.761567, 56.973732 ], [ -3.760649, 56.974256 ], [ -3.760142, 56.974671 ], [ -3.75831, 56.976784 ], [ -3.758287, 56.977289 ], [ -3.758509, 56.977786 ], [ -3.758464, 56.978072 ], [ -3.757958, 56.978668 ], [ -3.757787, 56.979052 ], [ -3.758116, 56.983583 ], [ -3.758005, 56.984862 ], [ -3.758051, 56.98614 ], [ -3.758252, 56.986856 ], [ -3.758198, 56.987225 ], [ -3.757807, 56.987457 ], [ -3.75509, 56.988488 ], [ -3.75408, 56.989251 ], [ -3.75284, 56.989627 ], [ -3.751889, 56.990378 ], [ -3.750603, 56.991004 ], [ -3.750098, 56.99154 ], [ -3.749769, 56.992097 ], [ -3.748176, 56.993045 ], [ -3.748249, 56.994057 ], [ -3.74901, 56.995627 ], [ -3.747802, 56.996679 ], [ -3.748267, 56.997773 ], [ -3.74774, 56.997912 ], [ -3.747994, 57.000966 ], [ -3.749122, 57.001149 ], [ -3.749131, 57.00203 ], [ -3.748944, 57.00263 ], [ -3.74811, 57.003734 ], [ -3.748127, 57.004169 ], [ -3.748651, 57.005269 ], [ -3.747859, 57.00733 ], [ -3.747714, 57.008055 ], [ -3.747623, 57.008823 ], [ -3.747936, 57.009619 ], [ -3.747927, 57.010436 ], [ -3.747639, 57.011344 ], [ -3.747574, 57.012067 ], [ -3.747154, 57.013012 ], [ -3.746558, 57.014039 ], [ -3.745188, 57.015536 ], [ -3.744309, 57.016721 ], [ -3.735166, 57.013592 ], [ -3.732925, 57.013331 ], [ -3.730758, 57.013329 ], [ -3.72922, 57.013122 ], [ -3.728484, 57.012947 ], [ -3.727131, 57.012435 ], [ -3.725775, 57.011609 ], [ -3.725139, 57.011142 ], [ -3.72377, 57.009866 ], [ -3.696342, 57.01147 ], [ -3.694856, 57.011129 ], [ -3.694104, 57.010877 ], [ -3.69273, 57.010727 ], [ -3.691727, 57.010872 ], [ -3.691466, 57.010752 ], [ -3.690499, 57.01072 ], [ -3.689708, 57.010896 ], [ -3.688316, 57.010993 ], [ -3.687517, 57.011212 ], [ -3.686286, 57.011155 ], [ -3.685318, 57.010989 ], [ -3.684645, 57.011052 ], [ -3.684113, 57.010956 ], [ -3.682907, 57.010945 ], [ -3.681309, 57.01041 ], [ -3.680042, 57.01013 ], [ -3.678632, 57.01027 ], [ -3.678109, 57.010199 ], [ -3.677032, 57.01024 ], [ -3.676969, 57.010137 ], [ -3.676726, 57.010065 ], [ -3.676157, 57.01018 ], [ -3.675297, 57.010127 ], [ -3.674891, 57.010247 ], [ -3.674, 57.010218 ], [ -3.673543, 57.009863 ], [ -3.673124, 57.00981 ], [ -3.672686, 57.009551 ], [ -3.67229, 57.009588 ], [ -3.671801, 57.009391 ], [ -3.670962, 57.008597 ], [ -3.670586, 57.008645 ], [ -3.670285, 57.00859 ], [ -3.669547, 57.008306 ], [ -3.66938, 57.008091 ], [ -3.669513, 57.007991 ], [ -3.666803, 57.008047 ], [ -3.666901, 57.008487 ], [ -3.667265, 57.008841 ], [ -3.667278, 57.009137 ], [ -3.667939, 57.009894 ], [ -3.668208, 57.011073 ], [ -3.668942, 57.012045 ], [ -3.669252, 57.012939 ], [ -3.668588, 57.014156 ], [ -3.66847, 57.015126 ], [ -3.66852, 57.016255 ], [ -3.667922, 57.017236 ], [ -3.667989, 57.017639 ], [ -3.668715, 57.018082 ], [ -3.668561, 57.01826 ], [ -3.668653, 57.018548 ], [ -3.668318, 57.019406 ], [ -3.6683, 57.020204 ], [ -3.667713, 57.022095 ], [ -3.667822, 57.022768 ], [ -3.66769, 57.023444 ], [ -3.667751, 57.023716 ], [ -3.668038, 57.023987 ], [ -3.668484, 57.024862 ], [ -3.669331, 57.025599 ], [ -3.669384, 57.026042 ], [ -3.667752, 57.02679 ], [ -3.664629, 57.028019 ], [ -3.66252, 57.026858 ], [ -3.658484, 57.025303 ], [ -3.655972, 57.024732 ], [ -3.654051, 57.024651 ], [ -3.653497, 57.024545 ], [ -3.650217, 57.024313 ], [ -3.649329, 57.024158 ], [ -3.645633, 57.023987 ], [ -3.643686, 57.023988 ], [ -3.642298, 57.02413 ], [ -3.641789, 57.024104 ], [ -3.640706, 57.0243 ], [ -3.639926, 57.024293 ], [ -3.639209, 57.024377 ], [ -3.638633, 57.024627 ], [ -3.637833, 57.024691 ], [ -3.63636, 57.024975 ], [ -3.634612, 57.025047 ], [ -3.633756, 57.025216 ], [ -3.632954, 57.025255 ], [ -3.630914, 57.025567 ], [ -3.629818, 57.025614 ], [ -3.629096, 57.025756 ], [ -3.626808, 57.025773 ], [ -3.624682, 57.025576 ], [ -3.623102, 57.025662 ], [ -3.622266, 57.025433 ], [ -3.61895, 57.024992 ], [ -3.618305, 57.024794 ], [ -3.616297, 57.024456 ], [ -3.614028, 57.024374 ], [ -3.612167, 57.024638 ], [ -3.611226, 57.024956 ], [ -3.609103, 57.025446 ], [ -3.607372, 57.025559 ], [ -3.605938, 57.025871 ], [ -3.604882, 57.025972 ], [ -3.604231, 57.025814 ], [ -3.603241, 57.025348 ], [ -3.602287, 57.02538 ], [ -3.601744, 57.025267 ], [ -3.59972, 57.025256 ], [ -3.599345, 57.025158 ], [ -3.596827, 57.023883 ], [ -3.596063, 57.023211 ], [ -3.595651, 57.022439 ], [ -3.595185, 57.022159 ], [ -3.594632, 57.021997 ], [ -3.5921, 57.021947 ], [ -3.590242, 57.021368 ], [ -3.589565, 57.02123 ], [ -3.589144, 57.021296 ], [ -3.588265, 57.021691 ], [ -3.587981, 57.021684 ], [ -3.587394, 57.021572 ], [ -3.586685, 57.021239 ], [ -3.585584, 57.020955 ], [ -3.584053, 57.021257 ], [ -3.583609, 57.02168 ], [ -3.582916, 57.021689 ], [ -3.582028, 57.022558 ], [ -3.581605, 57.024288 ], [ -3.581169, 57.02463 ], [ -3.580737, 57.025169 ], [ -3.579896, 57.025698 ], [ -3.579633, 57.026481 ], [ -3.57919, 57.027194 ], [ -3.579088, 57.027971 ], [ -3.578537, 57.02829 ], [ -3.578187, 57.028801 ], [ -3.578196, 57.028998 ], [ -3.578588, 57.029133 ], [ -3.578713, 57.029267 ], [ -3.578711, 57.029676 ], [ -3.579327, 57.031062 ], [ -3.579048, 57.032252 ], [ -3.579103, 57.032654 ], [ -3.578927, 57.032969 ], [ -3.579071, 57.033414 ], [ -3.578857, 57.034825 ], [ -3.579157, 57.035362 ], [ -3.579486, 57.03644 ], [ -3.579175, 57.036812 ], [ -3.578326, 57.037091 ], [ -3.578896, 57.037506 ], [ -3.579726, 57.037825 ], [ -3.580048, 57.038032 ], [ -3.58071, 57.038733 ], [ -3.581333, 57.039617 ], [ -3.581677, 57.039841 ], [ -3.582014, 57.040439 ], [ -3.582457, 57.040912 ], [ -3.583702, 57.041684 ], [ -3.584469, 57.04249 ], [ -3.584805, 57.042714 ], [ -3.584766, 57.04284 ], [ -3.584325, 57.04313 ], [ -3.585445, 57.044309 ], [ -3.586205, 57.044795 ], [ -3.586916, 57.045868 ], [ -3.587034, 57.04626 ], [ -3.587402, 57.046548 ], [ -3.587468, 57.046824 ], [ -3.587324, 57.046952 ], [ -3.587993, 57.047528 ], [ -3.588072, 57.048084 ], [ -3.588338, 57.048308 ], [ -3.588412, 57.048866 ], [ -3.588674, 57.049228 ], [ -3.588935, 57.050176 ], [ -3.589089, 57.051252 ], [ -3.589323, 57.051776 ], [ -3.589297, 57.052156 ], [ -3.589951, 57.055375 ], [ -3.590194, 57.055745 ], [ -3.590844, 57.056189 ], [ -3.591502, 57.056945 ], [ -3.591747, 57.057546 ], [ -3.591802, 57.058651 ], [ -3.592205, 57.06039 ], [ -3.592187, 57.060815 ], [ -3.591938, 57.061433 ], [ -3.591967, 57.063362 ], [ -3.591835, 57.063952 ], [ -3.59228, 57.06455 ], [ -3.592615, 57.065599 ], [ -3.592163, 57.066857 ], [ -3.591296, 57.068503 ], [ -3.59131, 57.069064 ], [ -3.591787, 57.069286 ], [ -3.592485, 57.070786 ], [ -3.592735, 57.072344 ], [ -3.592685, 57.073311 ], [ -3.593041, 57.074508 ], [ -3.593061, 57.075497 ], [ -3.593269, 57.075881 ], [ -3.593593, 57.077359 ], [ -3.593369, 57.078024 ], [ -3.592754, 57.078533 ], [ -3.592636, 57.078859 ], [ -3.59279, 57.079309 ], [ -3.594443, 57.080928 ], [ -3.595827, 57.083198 ], [ -3.595974, 57.083761 ], [ -3.59598, 57.084651 ], [ -3.595856, 57.085377 ], [ -3.595559, 57.085955 ], [ -3.595268, 57.086205 ], [ -3.595412, 57.086802 ], [ -3.594454, 57.087723 ], [ -3.594382, 57.088605 ], [ -3.594073, 57.089072 ], [ -3.593282, 57.091041 ], [ -3.593287, 57.09166 ], [ -3.592778, 57.092843 ], [ -3.592354, 57.093476 ], [ -3.591591, 57.094015 ], [ -3.59158, 57.095175 ], [ -3.591418, 57.095632 ], [ -3.591616, 57.096427 ], [ -3.591138, 57.097686 ], [ -3.590862, 57.098102 ], [ -3.59059, 57.099082 ], [ -3.589904, 57.099902 ], [ -3.58885, 57.101792 ], [ -3.587435, 57.103523 ], [ -3.585103, 57.105308 ], [ -3.583472, 57.106196 ], [ -3.583054, 57.106795 ], [ -3.582797, 57.107553 ], [ -3.582945, 57.107933 ], [ -3.582828, 57.108465 ], [ -3.58304, 57.109145 ], [ -3.582695, 57.109521 ], [ -3.582259, 57.111128 ], [ -3.581763, 57.111399 ], [ -3.581483, 57.1122 ], [ -3.581059, 57.112703 ], [ -3.580805, 57.113459 ], [ -3.580321, 57.116101 ], [ -3.579873, 57.117514 ], [ -3.579131, 57.118373 ], [ -3.578701, 57.119196 ], [ -3.577617, 57.120198 ], [ -3.576609, 57.121882 ], [ -3.575207, 57.123635 ], [ -3.574412, 57.124375 ], [ -3.573828, 57.124763 ], [ -3.573436, 57.125471 ], [ -3.572587, 57.12603 ], [ -3.571051, 57.127411 ], [ -3.570316, 57.127781 ], [ -3.569869, 57.12891 ], [ -3.56866, 57.129777 ], [ -3.568159, 57.130801 ], [ -3.568442, 57.131431 ], [ -3.568166, 57.13201 ], [ -3.568172, 57.132728 ], [ -3.567685, 57.133647 ], [ -3.567279, 57.134118 ], [ -3.56669, 57.135586 ], [ -3.566607, 57.136278 ], [ -3.566796, 57.137349 ], [ -3.567125, 57.138099 ], [ -3.570095, 57.137355 ], [ -3.572495, 57.137127 ], [ -3.573501, 57.136732 ], [ -3.575301, 57.135822 ], [ -3.577436, 57.135411 ], [ -3.578473, 57.135061 ], [ -3.579444, 57.135082 ], [ -3.580036, 57.135211 ], [ -3.582579, 57.136168 ], [ -3.583219, 57.136266 ], [ -3.582597, 57.13531 ], [ -3.582421, 57.134359 ], [ -3.58243, 57.133651 ], [ -3.582914, 57.132269 ], [ -3.582788, 57.132021 ], [ -3.58284, 57.131411 ], [ -3.585756, 57.130753 ], [ -3.586644, 57.130725 ], [ -3.588307, 57.130973 ], [ -3.588738, 57.130968 ], [ -3.591741, 57.130511 ], [ -3.59414, 57.130043 ], [ -3.597186, 57.128979 ], [ -3.597824, 57.128686 ], [ -3.598611, 57.128198 ], [ -3.600009, 57.126564 ], [ -3.599609, 57.125726 ], [ -3.600434, 57.123968 ], [ -3.600701, 57.122181 ], [ -3.600513, 57.121152 ], [ -3.600682, 57.120584 ], [ -3.601082, 57.120423 ], [ -3.60465, 57.11966 ], [ -3.60753, 57.119708 ], [ -3.609221, 57.119602 ], [ -3.610537, 57.117853 ], [ -3.610109, 57.11668 ], [ -3.610235, 57.115741 ], [ -3.612241, 57.114879 ], [ -3.613626, 57.114647 ], [ -3.615473, 57.113614 ], [ -3.616273, 57.112747 ], [ -3.617567, 57.112194 ], [ -3.618025, 57.112035 ], [ -3.619151, 57.112307 ], [ -3.619719, 57.111931 ], [ -3.620688, 57.110983 ], [ -3.621615, 57.110637 ], [ -3.622603, 57.110386 ], [ -3.624482, 57.110058 ], [ -3.624987, 57.110065 ], [ -3.626455, 57.110544 ], [ -3.627454, 57.110544 ], [ -3.62824, 57.110732 ], [ -3.629755, 57.110946 ], [ -3.630652, 57.111398 ], [ -3.633831, 57.11198 ], [ -3.634255, 57.112188 ], [ -3.635948, 57.113478 ], [ -3.637662, 57.113968 ], [ -3.640342, 57.115346 ], [ -3.640886, 57.11571 ], [ -3.641224, 57.116301 ], [ -3.641468, 57.116434 ], [ -3.64403, 57.116458 ], [ -3.64412, 57.115775 ], [ -3.644569, 57.115745 ], [ -3.645716, 57.115854 ], [ -3.649195, 57.115385 ], [ -3.650612, 57.115458 ], [ -3.652548, 57.115301 ], [ -3.652944, 57.115354 ], [ -3.654599, 57.115884 ], [ -3.654479, 57.11541 ], [ -3.654799, 57.11404 ], [ -3.654354, 57.11158 ], [ -3.654552, 57.110224 ], [ -3.654871, 57.109572 ], [ -3.656252, 57.108133 ], [ -3.656357, 57.107821 ], [ -3.65858, 57.106846 ], [ -3.661367, 57.106268 ], [ -3.662044, 57.106054 ], [ -3.663312, 57.105954 ], [ -3.663534, 57.105875 ], [ -3.664003, 57.105995 ], [ -3.664267, 57.105952 ], [ -3.665804, 57.105012 ], [ -3.666339, 57.104825 ], [ -3.66691, 57.104754 ], [ -3.66874, 57.104928 ], [ -3.669593, 57.10473 ], [ -3.67075, 57.104617 ], [ -3.671109, 57.104628 ], [ -3.672214, 57.104877 ], [ -3.672847, 57.104656 ], [ -3.673375, 57.104321 ], [ -3.675294, 57.103741 ], [ -3.67582, 57.103345 ], [ -3.676009, 57.102851 ], [ -3.676893, 57.10293 ], [ -3.677352, 57.102801 ], [ -3.680457, 57.097533 ], [ -3.683715, 57.095229 ], [ -3.684164, 57.094572 ], [ -3.685116, 57.093747 ], [ -3.686142, 57.093301 ], [ -3.688238, 57.092774 ], [ -3.690192, 57.092465 ], [ -3.695191, 57.091459 ], [ -3.695387, 57.091806 ], [ -3.695803, 57.092063 ], [ -3.69611, 57.092543 ], [ -3.696563, 57.092894 ], [ -3.697698, 57.09307 ], [ -3.698378, 57.093465 ], [ -3.69883, 57.094368 ], [ -3.699144, 57.094569 ], [ -3.699475, 57.094983 ], [ -3.699524, 57.095332 ], [ -3.699787, 57.095729 ], [ -3.701828, 57.09748 ], [ -3.702069, 57.097809 ], [ -3.703751, 57.098937 ], [ -3.704135, 57.099372 ], [ -3.704453, 57.100026 ], [ -3.706159, 57.100952 ], [ -3.706711, 57.101569 ], [ -3.707123, 57.101736 ], [ -3.708703, 57.103234 ], [ -3.710759, 57.104569 ], [ -3.711056, 57.105254 ], [ -3.711286, 57.105511 ], [ -3.712344, 57.106463 ], [ -3.713423, 57.10716 ], [ -3.714028, 57.10805 ], [ -3.714772, 57.10853 ], [ -3.715323, 57.109259 ], [ -3.718271, 57.111091 ], [ -3.719363, 57.11148 ], [ -3.720469, 57.11232 ], [ -3.721109, 57.113249 ], [ -3.721176, 57.113696 ], [ -3.722134, 57.114346 ], [ -3.72323, 57.115533 ], [ -3.723554, 57.116358 ], [ -3.723533, 57.117906 ], [ -3.723829, 57.118573 ], [ -3.723959, 57.119805 ], [ -3.724892, 57.121755 ], [ -3.725634, 57.122312 ], [ -3.72624, 57.122938 ], [ -3.726225, 57.123476 ], [ -3.726753, 57.124099 ], [ -3.728994, 57.125877 ], [ -3.73124, 57.127063 ], [ -3.732478, 57.127944 ], [ -3.733101, 57.128727 ], [ -3.734061, 57.129676 ], [ -3.735043, 57.130262 ], [ -3.736136, 57.130575 ], [ -3.736291, 57.130716 ], [ -3.737203, 57.131113 ], [ -3.737811, 57.131526 ], [ -3.739854, 57.132614 ], [ -3.740881, 57.133375 ], [ -3.74188, 57.134341 ], [ -3.742176, 57.134956 ], [ -3.742711, 57.13548 ], [ -3.743302, 57.135791 ], [ -3.744483, 57.136105 ], [ -3.745283, 57.136521 ], [ -3.746247, 57.137297 ], [ -3.74653, 57.137405 ], [ -3.748209, 57.138814 ], [ -3.749306, 57.139458 ], [ -3.750168, 57.140726 ], [ -3.751784, 57.14187 ], [ -3.75277, 57.142935 ], [ -3.753867, 57.143347 ], [ -3.754098, 57.143702 ], [ -3.754516, 57.143982 ], [ -3.754596, 57.144469 ], [ -3.75494, 57.145077 ], [ -3.755511, 57.145404 ], [ -3.756033, 57.146042 ], [ -3.756814, 57.14641 ], [ -3.756881, 57.145943 ], [ -3.757076, 57.145783 ], [ -3.75805, 57.145361 ], [ -3.758875, 57.144881 ], [ -3.759833, 57.144653 ], [ -3.760968, 57.144494 ], [ -3.762303, 57.144496 ], [ -3.76335, 57.144741 ], [ -3.765062, 57.145448 ], [ -3.767728, 57.147132 ], [ -3.768035, 57.147269 ], [ -3.769173, 57.147504 ], [ -3.770133, 57.148203 ], [ -3.770912, 57.148305 ], [ -3.771829, 57.147882 ], [ -3.772103, 57.147846 ], [ -3.772523, 57.147976 ], [ -3.773661, 57.147993 ], [ -3.774667, 57.148263 ], [ -3.776443, 57.148546 ], [ -3.776787, 57.148684 ], [ -3.777764, 57.149336 ], [ -3.780118, 57.150597 ], [ -3.780336, 57.150844 ], [ -3.780618, 57.152235 ], [ -3.780536, 57.15312 ], [ -3.780835, 57.15545 ], [ -3.780765, 57.158088 ], [ -3.781462, 57.15914 ], [ -3.782282, 57.159817 ], [ -3.783601, 57.156063 ], [ -3.783765, 57.153637 ] ], [ [ -3.797473, 57.151051 ], [ -3.799041, 57.151036 ], [ -3.799008, 57.151453 ], [ -3.797009, 57.152308 ], [ -3.797075, 57.151804 ], [ -3.796679, 57.151333 ], [ -3.797473, 57.151051 ] ] ] ] } },
{ "type": "Feature", "properties": { "NAME": "Isle of May" }, "geometry": { "type": "MultiPolygon", "coordinates": [ [ [ [ -2.565158, 56.193519 ], [ -2.566797, 56.19335 ], [ -2.56684, 56.193254 ], [ -2.566404, 56.193104 ], [ -2.567325, 56.193088 ], [ -2.567447, 56.19303 ], [ -2.567375, 56.192906 ], [ -2.567682, 56.192861 ], [ -2.567696, 56.192754 ], [ -2.568179, 56.192776 ], [ -2.568175, 56.192635 ], [ -2.567948, 56.192557 ], [ -2.56807, 56.192519 ], [ -2.568165, 56.192244 ], [ -2.56769, 56.19194 ], [ -2.567136, 56.191912 ], [ -2.567019, 56.191797 ], [ -2.566658, 56.191754 ], [ -2.567375, 56.191702 ], [ -2.567436, 56.191616 ], [ -2.567572, 56.191615 ], [ -2.567466, 56.191371 ], [ -2.56639, 56.191076 ], [ -2.566121, 56.190757 ], [ -2.565766, 56.190742 ], [ -2.56561, 56.190839 ], [ -2.565619, 56.190661 ], [ -2.565416, 56.190474 ], [ -2.565178, 56.190371 ], [ -2.564769, 56.190339 ], [ -2.564728, 56.190135 ], [ -2.564502, 56.190067 ], [ -2.564632, 56.18998 ], [ -2.564564, 56.189902 ], [ -2.564082, 56.189919 ], [ -2.563411, 56.189703 ], [ -2.563513, 56.189584 ], [ -2.563691, 56.189595 ], [ -2.56387, 56.189404 ], [ -2.563721, 56.189201 ], [ -2.56304, 56.188995 ], [ -2.562768, 56.18873 ], [ -2.562837, 56.188648 ], [ -2.562715, 56.188584 ], [ -2.562943, 56.188266 ], [ -2.562788, 56.188155 ], [ -2.563034, 56.188079 ], [ -2.563, 56.187859 ], [ -2.563193, 56.18776 ], [ -2.563235, 56.187627 ], [ -2.562973, 56.186968 ], [ -2.562818, 56.186873 ], [ -2.562521, 56.186898 ], [ -2.562732, 56.186504 ], [ -2.562471, 56.186361 ], [ -2.562104, 56.186392 ], [ -2.561797, 56.186317 ], [ -2.561328, 56.186396 ], [ -2.561206, 56.186261 ], [ -2.561664, 56.186047 ], [ -2.561591, 56.185918 ], [ -2.561273, 56.185951 ], [ -2.561029, 56.185824 ], [ -2.560793, 56.185845 ], [ -2.560411, 56.1854 ], [ -2.55984, 56.185471 ], [ -2.559701, 56.185241 ], [ -2.558861, 56.184942 ], [ -2.55829, 56.184872 ], [ -2.558122, 56.184676 ], [ -2.558443, 56.184677 ], [ -2.558922, 56.1848 ], [ -2.559114, 56.184514 ], [ -2.558794, 56.184372 ], [ -2.558428, 56.183865 ], [ -2.557931, 56.183675 ], [ -2.557969, 56.183589 ], [ -2.55771, 56.18335 ], [ -2.55689, 56.182934 ], [ -2.55638, 56.182872 ], [ -2.556326, 56.182714 ], [ -2.555726, 56.182781 ], [ -2.555228, 56.182559 ], [ -2.555002, 56.182341 ], [ -2.554799, 56.182343 ], [ -2.55473, 56.182187 ], [ -2.554143, 56.181985 ], [ -2.55375, 56.182012 ], [ -2.553716, 56.181714 ], [ -2.553062, 56.181689 ], [ -2.552794, 56.181558 ], [ -2.552517, 56.181564 ], [ -2.55205, 56.18144 ], [ -2.551845, 56.181186 ], [ -2.551574, 56.181098 ], [ -2.551381, 56.180817 ], [ -2.551083, 56.180786 ], [ -2.550727, 56.180613 ], [ -2.550473, 56.180335 ], [ -2.550412, 56.179977 ], [ -2.550247, 56.179796 ], [ -2.549973, 56.179647 ], [ -2.549505, 56.179596 ], [ -2.549627, 56.179554 ], [ -2.549534, 56.179533 ], [ -2.548921, 56.179479 ], [ -2.548564, 56.179546 ], [ -2.548518, 56.179453 ], [ -2.548107, 56.179423 ], [ -2.547304, 56.179605 ], [ -2.547212, 56.179813 ], [ -2.547774, 56.179921 ], [ -2.547812, 56.180043 ], [ -2.548167, 56.18001 ], [ -2.548344, 56.180242 ], [ -2.548251, 56.180347 ], [ -2.547777, 56.180396 ], [ -2.54784, 56.180466 ], [ -2.54686, 56.180767 ], [ -2.546554, 56.180681 ], [ -2.546233, 56.180796 ], [ -2.545007, 56.180767 ], [ -2.54483, 56.180841 ], [ -2.544381, 56.18085 ], [ -2.544238, 56.181135 ], [ -2.544474, 56.181301 ], [ -2.544546, 56.181544 ], [ -2.545688, 56.181789 ], [ -2.545915, 56.181779 ], [ -2.546116, 56.181661 ], [ -2.546023, 56.181832 ], [ -2.546372, 56.181968 ], [ -2.546246, 56.181972 ], [ -2.546017, 56.181943 ], [ -2.546111, 56.182166 ], [ -2.547489, 56.182389 ], [ -2.548205, 56.182633 ], [ -2.548857, 56.182738 ], [ -2.549364, 56.183083 ], [ -2.548957, 56.182902 ], [ -2.548551, 56.182884 ], [ -2.547373, 56.182543 ], [ -2.546541, 56.182465 ], [ -2.546005, 56.182326 ], [ -2.545873, 56.182367 ], [ -2.546411, 56.182849 ], [ -2.546922, 56.183158 ], [ -2.547778, 56.183117 ], [ -2.547698, 56.183272 ], [ -2.548175, 56.183221 ], [ -2.548166, 56.183311 ], [ -2.547988, 56.183379 ], [ -2.548173, 56.183507 ], [ -2.548139, 56.183639 ], [ -2.548413, 56.183649 ], [ -2.548623, 56.183754 ], [ -2.548845, 56.183736 ], [ -2.548694, 56.183975 ], [ -2.548939, 56.184236 ], [ -2.548763, 56.184401 ], [ -2.548973, 56.18448 ], [ -2.54902, 56.184594 ], [ -2.548656, 56.185079 ], [ -2.549279, 56.18517 ], [ -2.54985, 56.185358 ], [ -2.550718, 56.185356 ], [ -2.550944, 56.18549 ], [ -2.551295, 56.185515 ], [ -2.551261, 56.185754 ], [ -2.551464, 56.185775 ], [ -2.551544, 56.18614 ], [ -2.551924, 56.186318 ], [ -2.55231, 56.186286 ], [ -2.552188, 56.186431 ], [ -2.552576, 56.186422 ], [ -2.553203, 56.186246 ], [ -2.55264, 56.186633 ], [ -2.553009, 56.186998 ], [ -2.552564, 56.186953 ], [ -2.552627, 56.187285 ], [ -2.552928, 56.187524 ], [ -2.553425, 56.187533 ], [ -2.553701, 56.187394 ], [ -2.553646, 56.187509 ], [ -2.554089, 56.187656 ], [ -2.554195, 56.187672 ], [ -2.554388, 56.187542 ], [ -2.554588, 56.187628 ], [ -2.554959, 56.18759 ], [ -2.554698, 56.187707 ], [ -2.554783, 56.187785 ], [ -2.555398, 56.187701 ], [ -2.555106, 56.187867 ], [ -2.555138, 56.187998 ], [ -2.55497, 56.188038 ], [ -2.555306, 56.188197 ], [ -2.555867, 56.188125 ], [ -2.555972, 56.187931 ], [ -2.556065, 56.188024 ], [ -2.55739, 56.188396 ], [ -2.557343, 56.187987 ], [ -2.55775, 56.188283 ], [ -2.558152, 56.188416 ], [ -2.55826, 56.188638 ], [ -2.559309, 56.188802 ], [ -2.55885, 56.188901 ], [ -2.558875, 56.189083 ], [ -2.559099, 56.189254 ], [ -2.558034, 56.18908 ], [ -2.557373, 56.189127 ], [ -2.557178, 56.189531 ], [ -2.557452, 56.189557 ], [ -2.557217, 56.189583 ], [ -2.557249, 56.189695 ], [ -2.557808, 56.189767 ], [ -2.558149, 56.189686 ], [ -2.55833, 56.189808 ], [ -2.557731, 56.189814 ], [ -2.557678, 56.189867 ], [ -2.557841, 56.189933 ], [ -2.558869, 56.189793 ], [ -2.559298, 56.18985 ], [ -2.55906, 56.19005 ], [ -2.559167, 56.190276 ], [ -2.55932, 56.190335 ], [ -2.559401, 56.190523 ], [ -2.559761, 56.19054 ], [ -2.560106, 56.190681 ], [ -2.560169, 56.191064 ], [ -2.560373, 56.191136 ], [ -2.560356, 56.19125 ], [ -2.560662, 56.191564 ], [ -2.560819, 56.191595 ], [ -2.56102, 56.191526 ], [ -2.560959, 56.191646 ], [ -2.561139, 56.19172 ], [ -2.561366, 56.191689 ], [ -2.561363, 56.191838 ], [ -2.561641, 56.191928 ], [ -2.561795, 56.191856 ], [ -2.561802, 56.192002 ], [ -2.562052, 56.192004 ], [ -2.56196, 56.192073 ], [ -2.562042, 56.192315 ], [ -2.563109, 56.192175 ], [ -2.56241, 56.192412 ], [ -2.562466, 56.192572 ], [ -2.562736, 56.192559 ], [ -2.562345, 56.19273 ], [ -2.562531, 56.192821 ], [ -2.562357, 56.192886 ], [ -2.562616, 56.193017 ], [ -2.5626, 56.193128 ], [ -2.562861, 56.193144 ], [ -2.562732, 56.193162 ], [ -2.563236, 56.193314 ], [ -2.563692, 56.193228 ], [ -2.563578, 56.193389 ], [ -2.563665, 56.193441 ], [ -2.564983, 56.193408 ], [ -2.565158, 56.193519 ] ] ] ] } },
{ "type": "Feature", "properties": { "NAME": "Forvie" }, "geometry": { "type": "MultiPolygon", "coordinates": [ [ [ [ -2.016395, 57.360373 ], [ -2.016674, 57.360942 ], [ -2.017013, 57.361177 ], [ -2.017317, 57.361244 ], [ -2.01817, 57.361124 ], [ -2.018506, 57.361216 ], [ -2.018783, 57.360951 ], [ -2.018971, 57.360899 ], [ -2.019766, 57.360974 ], [ -2.020725, 57.360941 ], [ -2.022623, 57.360598 ], [ -2.023758, 57.360774 ], [ -2.024691, 57.361041 ], [ -2.024705, 57.360928 ], [ -2.024019, 57.36067 ], [ -2.023376, 57.360482 ], [ -2.022922, 57.360433 ], [ -2.021532, 57.360374 ], [ -2.019396, 57.360678 ], [ -2.018038, 57.36062 ], [ -2.016637, 57.359942 ], [ -2.016421, 57.360007 ], [ -2.016984, 57.360195 ], [ -2.016592, 57.360223 ], [ -2.016395, 57.360373 ] ] ] ] } },
{ "type": "Feature", "properties": { "NAME": "Corrie Fee" }, "geometry": { "type": "MultiPolygon", "coordinates": [ [ [ [ -3.225421, 56.867083 ], [ -3.225466, 56.867442 ], [ -3.226327, 56.868448 ], [ -3.226365, 56.868619 ], [ -3.226918, 56.868964 ], [ -3.22844, 56.869596 ], [ -3.231063, 56.870558 ], [ -3.231401, 56.870833 ], [ -3.235176, 56.872148 ], [ -3.234861, 56.873036 ], [ -3.23552, 56.873228 ], [ -3.235169, 56.871976 ], [ -3.234653, 56.871197 ], [ -3.233032, 56.869405 ], [ -3.231421, 56.868174 ], [ -3.230124, 56.867504 ], [ -3.229901, 56.867062 ], [ -3.229947, 56.866613 ], [ -3.230379, 56.866288 ], [ -3.230963, 56.866118 ], [ -3.231582, 56.865791 ], [ -3.23191, 56.865738 ], [ -3.232115, 56.865791 ], [ -3.233081, 56.866653 ], [ -3.234034, 56.866477 ], [ -3.234922, 56.866583 ], [ -3.236245, 56.865645 ], [ -3.236441, 56.865159 ], [ -3.237938, 56.864773 ], [ -3.238464, 56.864404 ], [ -3.241692, 56.863251 ], [ -3.243009, 56.862268 ], [ -3.243313, 56.862146 ], [ -3.24362, 56.862122 ], [ -3.243849, 56.861031 ], [ -3.24358, 56.860248 ], [ -3.244023, 56.859637 ], [ -3.244681, 56.859196 ], [ -3.244328, 56.858753 ], [ -3.243847, 56.858755 ], [ -3.243647, 56.857845 ], [ -3.242626, 56.857142 ], [ -3.241797, 56.856856 ], [ -3.241346, 56.856839 ], [ -3.241139, 56.856886 ], [ -3.240873, 56.857119 ], [ -3.240228, 56.857156 ], [ -3.239725, 56.856886 ], [ -3.239529, 56.856861 ], [ -3.239142, 56.857236 ], [ -3.238868, 56.857329 ], [ -3.236613, 56.857071 ], [ -3.235858, 56.857062 ], [ -3.234796, 56.857215 ], [ -3.234366, 56.857062 ], [ -3.234214, 56.856684 ], [ -3.233545, 56.856522 ], [ -3.234035, 56.856258 ], [ -3.234141, 56.856048 ], [ -3.232871, 56.856067 ], [ -3.231171, 56.855533 ], [ -3.230355, 56.855519 ], [ -3.230093, 56.855349 ], [ -3.230158, 56.855077 ], [ -3.229958, 56.85505 ], [ -3.2291, 56.855073 ], [ -3.228982, 56.855972 ], [ -3.228621, 56.856165 ], [ -3.228305, 56.856143 ], [ -3.228127, 56.855841 ], [ -3.228159, 56.855564 ], [ -3.227651, 56.855307 ], [ -3.227487, 56.854954 ], [ -3.227141, 56.85327 ], [ -3.226431, 56.852606 ], [ -3.224434, 56.851606 ], [ -3.223184, 56.851247 ], [ -3.221111, 56.851021 ], [ -3.219678, 56.851077 ], [ -3.218586, 56.851417 ], [ -3.218057, 56.851754 ], [ -3.217352, 56.852615 ], [ -3.216599, 56.85421 ], [ -3.215698, 56.854816 ], [ -3.215196, 56.854815 ], [ -3.214947, 56.854704 ], [ -3.214825, 56.854525 ], [ -3.214518, 56.855119 ], [ -3.213346, 56.856495 ], [ -3.215566, 56.85638 ], [ -3.216797, 56.856633 ], [ -3.218699, 56.857351 ], [ -3.219927, 56.857038 ], [ -3.224538, 56.85764 ], [ -3.225022, 56.85882 ], [ -3.22593, 56.860092 ], [ -3.226472, 56.860361 ], [ -3.226109, 56.861038 ], [ -3.225993, 56.861745 ], [ -3.225468, 56.861988 ], [ -3.226006, 56.863402 ], [ -3.226427, 56.863996 ], [ -3.22701, 56.864012 ], [ -3.227256, 56.864248 ], [ -3.225651, 56.865337 ], [ -3.224626, 56.865604 ], [ -3.225421, 56.867083 ] ] ] ] } },
{ "type": "Feature", "properties": { "NAME": "St Kilda" }, "geometry": { "type": "MultiPolygon", "coordinates": [ [ [ [ -8.509523, 57.865635 ], [ -8.509241, 57.865705 ], [ -8.508742, 57.866034 ], [ -8.508216, 57.866145 ], [ -8.508143, 57.866223 ], [ -8.508242, 57.866328 ], [ -8.509617, 57.866829 ], [ -8.510802, 57.866996 ], [ -8.511624, 57.867002 ], [ -8.512349, 57.866689 ], [ -8.51237, 57.866446 ], [ -8.512068, 57.866258 ], [ -8.510652, 57.865965 ], [ -8.509932, 57.865702 ], [ -8.509523, 57.865635 ] ] ] ] } },
{ "type": "Feature", "properties": { "NAME": "St Kilda" }, "geometry": { "type": "MultiPolygon", "coordinates": [ [ [ [ -8.491649, 57.863078 ], [ -8.491154, 57.863791 ], [ -8.491042, 57.863825 ], [ -8.490948, 57.863679 ], [ -8.490273, 57.863741 ], [ -8.490542, 57.864032 ], [ -8.491414, 57.863864 ], [ -8.49182, 57.863477 ], [ -8.492141, 57.862976 ], [ -8.491649, 57.863078 ] ] ] ] } },
{ "type": "Feature", "properties": { "NAME": "St Kilda" }, "geometry": { "type": "MultiPolygon", "coordinates": [ [ [ [ -8.489594, 57.86319 ], [ -8.489525, 57.863223 ], [ -8.489526, 57.863277 ], [ -8.489598, 57.863251 ], [ -8.489594, 57.86319 ] ] ] ] } },
{ "type": "Feature", "properties": { "NAME": "St Kilda" }, "geometry": { "type": "MultiPolygon", "coordinates": [ [ [ [ -8.489702, 57.863225 ], [ -8.489772, 57.863253 ], [ -8.489812, 57.8632 ], [ -8.489702, 57.863225 ] ] ] ] } },
{ "type": "Feature", "properties": { "NAME": "Loch a' Mhuilinn" }, "geometry": { "type": "MultiPolygon", "coordinates": [ [ [ [ -5.143434, 58.304187 ], [ -5.14391, 58.304103 ], [ -5.143974, 58.303987 ], [ -5.143507, 58.304047 ], [ -5.142869, 58.303908 ], [ -5.14336, 58.303633 ], [ -5.143639, 58.303097 ], [ -5.14121, 58.302537 ], [ -5.141374, 58.302272 ], [ -5.141309, 58.302052 ], [ -5.141445, 58.301983 ], [ -5.141759, 58.302086 ], [ -5.14259, 58.301883 ], [ -5.142821, 58.301927 ], [ -5.14305, 58.301824 ], [ -5.143359, 58.301896 ], [ -5.143675, 58.301737 ], [ -5.144343, 58.301747 ], [ -5.144547, 58.301885 ], [ -5.144671, 58.302394 ], [ -5.145243, 58.302553 ], [ -5.145715, 58.302956 ], [ -5.146168, 58.303012 ], [ -5.146699, 58.302871 ], [ -5.146788, 58.302715 ], [ -5.146689, 58.302528 ], [ -5.147041, 58.30241 ], [ -5.147222, 58.302125 ], [ -5.147071, 58.301823 ], [ -5.147106, 58.301257 ], [ -5.147327, 58.301066 ], [ -5.147658, 58.301112 ], [ -5.147633, 58.300954 ], [ -5.147981, 58.30063 ], [ -5.147815, 58.300283 ], [ -5.147422, 58.300175 ], [ -5.147655, 58.30004 ], [ -5.145899, 58.30015 ], [ -5.146503, 58.299952 ], [ -5.146183, 58.299902 ], [ -5.146414, 58.299705 ], [ -5.145962, 58.299693 ], [ -5.145386, 58.299849 ], [ -5.145069, 58.299723 ], [ -5.145371, 58.299525 ], [ -5.145286, 58.299402 ], [ -5.14507, 58.299331 ], [ -5.14472, 58.299426 ], [ -5.144675, 58.299279 ], [ -5.144351, 58.299314 ], [ -5.143995, 58.299102 ], [ -5.143291, 58.299259 ], [ -5.142874, 58.299241 ], [ -5.142322, 58.299465 ], [ -5.142056, 58.299985 ], [ -5.141404, 58.300444 ], [ -5.140847, 58.300496 ], [ -5.140698, 58.300376 ], [ -5.140316, 58.300466 ], [ -5.139697, 58.300414 ], [ -5.139235, 58.300456 ], [ -5.137694, 58.30022 ], [ -5.136692, 58.300297 ], [ -5.136396, 58.300162 ], [ -5.136347, 58.299847 ], [ -5.136427, 58.299789 ], [ -5.13688, 58.299774 ], [ -5.137926, 58.29923 ], [ -5.138195, 58.298742 ], [ -5.13806, 58.298659 ], [ -5.137513, 58.298661 ], [ -5.137457, 58.298262 ], [ -5.137297, 58.298224 ], [ -5.136744, 58.298478 ], [ -5.136445, 58.298895 ], [ -5.136082, 58.299068 ], [ -5.135982, 58.299181 ], [ -5.136071, 58.299681 ], [ -5.135525, 58.299894 ], [ -5.135392, 58.300193 ], [ -5.135022, 58.300438 ], [ -5.134512, 58.301189 ], [ -5.134653, 58.302435 ], [ -5.133946, 58.302352 ], [ -5.133578, 58.302496 ], [ -5.132899, 58.302336 ], [ -5.132414, 58.302308 ], [ -5.132302, 58.302607 ], [ -5.130991, 58.303185 ], [ -5.129195, 58.304388 ], [ -5.128745, 58.30492 ], [ -5.128644, 58.305738 ], [ -5.128304, 58.305994 ], [ -5.127857, 58.306153 ], [ -5.131078, 58.307514 ], [ -5.131458, 58.307342 ], [ -5.13187, 58.307378 ], [ -5.132359, 58.307239 ], [ -5.132471, 58.30694 ], [ -5.132384, 58.306603 ], [ -5.132804, 58.306694 ], [ -5.133335, 58.307269 ], [ -5.133647, 58.307429 ], [ -5.134145, 58.307509 ], [ -5.134702, 58.307792 ], [ -5.135677, 58.307889 ], [ -5.136716, 58.307589 ], [ -5.137301, 58.307574 ], [ -5.137697, 58.307472 ], [ -5.138054, 58.307165 ], [ -5.137999, 58.306671 ], [ -5.138992, 58.307251 ], [ -5.139354, 58.307282 ], [ -5.139873, 58.307251 ], [ -5.140639, 58.306997 ], [ -5.141518, 58.306854 ], [ -5.14272, 58.305828 ], [ -5.143102, 58.305771 ], [ -5.143356, 58.305508 ], [ -5.143236, 58.305118 ], [ -5.142859, 58.30475 ], [ -5.14306, 58.304533 ], [ -5.143387, 58.304497 ], [ -5.143577, 58.304395 ], [ -5.143434, 58.304187 ] ] ] ] } },
{ "type": "Feature", "properties": { "NAME": "St Kilda" }, "geometry": { "type": "MultiPolygon", "coordinates": [ [ [ [ -8.496674, 57.879052 ], [ -8.495456, 57.879158 ], [ -8.495278, 57.879272 ], [ -8.494555, 57.879309 ], [ -8.493995, 57.879492 ], [ -8.493843, 57.879678 ], [ -8.494254, 57.879898 ], [ -8.494014, 57.880317 ], [ -8.494035, 57.880501 ], [ -8.494859, 57.880952 ], [ -8.495244, 57.881475 ], [ -8.495612, 57.881592 ], [ -8.495885, 57.881936 ], [ -8.496298, 57.882001 ], [ -8.496442, 57.882111 ], [ -8.496713, 57.882035 ], [ -8.497253, 57.881465 ], [ -8.497589, 57.881274 ], [ -8.497858, 57.880638 ], [ -8.498157, 57.880585 ], [ -8.497976, 57.880132 ], [ -8.498016, 57.879803 ], [ -8.498197, 57.879714 ], [ -8.498113, 57.879521 ], [ -8.498203, 57.879405 ], [ -8.498013, 57.879069 ], [ -8.496674, 57.879052 ] ] ] ] } },
{ "type": "Feature", "properties": { "NAME": "St Kilda" }, "geometry": { "type": "MultiPolygon", "coordinates": [ [ [ [ -8.494778, 57.878335 ], [ -8.494715, 57.878428 ], [ -8.495054, 57.878423 ], [ -8.495098, 57.878359 ], [ -8.494954, 57.878351 ], [ -8.494778, 57.878335 ] ] ] ] } },
{ "type": "Feature", "properties": { "NAME": "St Kilda" }, "geometry": { "type": "MultiPolygon", "coordinates": [ [ [ [ -8.493443, 57.87733 ], [ -8.492792, 57.877456 ], [ -8.492629, 57.877718 ], [ -8.492792, 57.877836 ], [ -8.493532, 57.877822 ], [ -8.493689, 57.877494 ], [ -8.493443, 57.87733 ] ] ] ] } },
{ "type": "Feature", "properties": { "NAME": "St Kilda" }, "geometry": { "type": "MultiPolygon", "coordinates": [ [ [ [ -8.494073, 57.877122 ], [ -8.493708, 57.877187 ], [ -8.493577, 57.877317 ], [ -8.494137, 57.877579 ], [ -8.494376, 57.877394 ], [ -8.494404, 57.877173 ], [ -8.494073, 57.877122 ] ] ] ] } },
{ "type": "Feature", "properties": { "NAME": "St Kilda" }, "geometry": { "type": "MultiPolygon", "coordinates": [ [ [ [ -8.487145, 57.863051 ], [ -8.4866, 57.863116 ], [ -8.485742, 57.863358 ], [ -8.485308, 57.863201 ], [ -8.485132, 57.863253 ], [ -8.485061, 57.863574 ], [ -8.484889, 57.863666 ], [ -8.485224, 57.863951 ], [ -8.485107, 57.864396 ], [ -8.484793, 57.864436 ], [ -8.484619, 57.864636 ], [ -8.484335, 57.864639 ], [ -8.483833, 57.864362 ], [ -8.483582, 57.864548 ], [ -8.483304, 57.864513 ], [ -8.48304, 57.864896 ], [ -8.483052, 57.865173 ], [ -8.482831, 57.865246 ], [ -8.482086, 57.865229 ], [ -8.481943, 57.865976 ], [ -8.48177, 57.866115 ], [ -8.480399, 57.8665 ], [ -8.480162, 57.8669 ], [ -8.481171, 57.86749 ], [ -8.482267, 57.86786 ], [ -8.482446, 57.868233 ], [ -8.482621, 57.868347 ], [ -8.483176, 57.868541 ], [ -8.483657, 57.868603 ], [ -8.484604, 57.869023 ], [ -8.484575, 57.869339 ], [ -8.485139, 57.869452 ], [ -8.485345, 57.8697 ], [ -8.484728, 57.870564 ], [ -8.484451, 57.871257 ], [ -8.484609, 57.871446 ], [ -8.484542, 57.87169 ], [ -8.484728, 57.871934 ], [ -8.485269, 57.87219 ], [ -8.484945, 57.872176 ], [ -8.484136, 57.872353 ], [ -8.484133, 57.87268 ], [ -8.484406, 57.872956 ], [ -8.484552, 57.873047 ], [ -8.485326, 57.873155 ], [ -8.485319, 57.873322 ], [ -8.484871, 57.873616 ], [ -8.484773, 57.873825 ], [ -8.485202, 57.874284 ], [ -8.485999, 57.874552 ], [ -8.486179, 57.874727 ], [ -8.487046, 57.874936 ], [ -8.487524, 57.875189 ], [ -8.487588, 57.875498 ], [ -8.488022, 57.8757 ], [ -8.487961, 57.875777 ], [ -8.488149, 57.875995 ], [ -8.488447, 57.876171 ], [ -8.488287, 57.876247 ], [ -8.488545, 57.876919 ], [ -8.48894, 57.876985 ], [ -8.488869, 57.876729 ], [ -8.48907, 57.876676 ], [ -8.489672, 57.876929 ], [ -8.490117, 57.876721 ], [ -8.491506, 57.877217 ], [ -8.491803, 57.877047 ], [ -8.492133, 57.876617 ], [ -8.492029, 57.875802 ], [ -8.491836, 57.875627 ], [ -8.491085, 57.875302 ], [ -8.491674, 57.875241 ], [ -8.492459, 57.874726 ], [ -8.492858, 57.874199 ], [ -8.492965, 57.873663 ], [ -8.493555, 57.87272 ], [ -8.494056, 57.872892 ], [ -8.494136, 57.872579 ], [ -8.494447, 57.87228 ], [ -8.495249, 57.872066 ], [ -8.494155, 57.872104 ], [ -8.494757, 57.871536 ], [ -8.495495, 57.871344 ], [ -8.495607, 57.871141 ], [ -8.495909, 57.871101 ], [ -8.496145, 57.870903 ], [ -8.49656, 57.870802 ], [ -8.496758, 57.870668 ], [ -8.496923, 57.870179 ], [ -8.496487, 57.869442 ], [ -8.496544, 57.869347 ], [ -8.496817, 57.869284 ], [ -8.49715, 57.869075 ], [ -8.496903, 57.869008 ], [ -8.498051, 57.868141 ], [ -8.498258, 57.86768 ], [ -8.498937, 57.867404 ], [ -8.499549, 57.867299 ], [ -8.499575, 57.866897 ], [ -8.499141, 57.866549 ], [ -8.498586, 57.866417 ], [ -8.497019, 57.866473 ], [ -8.495058, 57.866333 ], [ -8.494766, 57.866564 ], [ -8.494594, 57.866567 ], [ -8.492973, 57.866218 ], [ -8.492759, 57.866402 ], [ -8.492363, 57.866231 ], [ -8.491836, 57.865845 ], [ -8.491529, 57.865793 ], [ -8.491413, 57.865318 ], [ -8.490917, 57.865041 ], [ -8.490422, 57.864968 ], [ -8.490391, 57.864729 ], [ -8.490201, 57.864566 ], [ -8.489154, 57.864009 ], [ -8.488743, 57.864061 ], [ -8.488676, 57.863756 ], [ -8.488184, 57.863362 ], [ -8.487879, 57.863211 ], [ -8.487145, 57.863051 ] ] ] ] } },
{ "type": "Feature", "properties": { "NAME": "Hermaness" }, "geometry": { "type": "MultiPolygon", "coordinates": [ [ [ [ -0.910258, 60.825243 ], [ -0.91014, 60.825319 ], [ -0.910583, 60.825528 ], [ -0.910792, 60.825491 ], [ -0.910779, 60.825327 ], [ -0.910258, 60.825243 ] ] ] ] } },
{ "type": "Feature", "properties": { "NAME": "Hermaness" }, "geometry": { "type": "MultiPolygon", "coordinates": [ [ [ [ -0.910165, 60.824938 ], [ -0.910217, 60.825025 ], [ -0.910604, 60.8251 ], [ -0.910434, 60.82489 ], [ -0.910165, 60.824938 ] ] ] ] } },
{ "type": "Feature", "properties": { "NAME": "Hermaness" }, "geometry": { "type": "MultiPolygon", "coordinates": [ [ [ [ -0.908665, 60.822986 ], [ -0.908326, 60.823114 ], [ -0.908086, 60.823362 ], [ -0.908658, 60.82356 ], [ -0.909247, 60.823615 ], [ -0.909538, 60.823835 ], [ -0.909916, 60.823844 ], [ -0.910018, 60.823705 ], [ -0.90975, 60.823343 ], [ -0.909198, 60.823085 ], [ -0.908665, 60.822986 ] ] ] ] } },
{ "type": "Feature", "properties": { "NAME": "Hermaness" }, "geometry": { "type": "MultiPolygon", "coordinates": [ [ [ [ -0.90888, 60.822594 ], [ -0.908794, 60.82279 ], [ -0.909305, 60.822815 ], [ -0.909254, 60.822693 ], [ -0.90888, 60.822594 ] ] ] ] } },
{ "type": "Feature", "properties": { "NAME": "Hermaness" }, "geometry": { "type": "MultiPolygon", "coordinates": [ [ [ [ -0.90996, 60.822356 ], [ -0.909858, 60.822492 ], [ -0.910014, 60.822571 ], [ -0.910094, 60.822533 ], [ -0.90996, 60.822356 ] ] ] ] } },
{ "type": "Feature", "properties": { "NAME": "Tentsmuir" }, "geometry": { "type": "MultiPolygon", "coordinates": [ [ [ [ -2.836681, 56.441936 ], [ -2.83669, 56.442065 ], [ -2.838083, 56.442032 ], [ -2.8392, 56.441966 ], [ -2.840294, 56.441798 ], [ -2.843392, 56.440971 ], [ -2.853112, 56.438765 ], [ -2.854817, 56.438704 ], [ -2.855944, 56.438839 ], [ -2.855914, 56.437755 ], [ -2.85237, 56.438007 ], [ -2.851811, 56.438366 ], [ -2.851028, 56.438248 ], [ -2.849307, 56.438762 ], [ -2.849368, 56.438887 ], [ -2.848152, 56.439055 ], [ -2.84057, 56.441082 ], [ -2.837469, 56.44183 ], [ -2.836681, 56.441936 ] ] ] ] } },
{ "type": "Feature", "properties": { "NAME": "Noss" }, "geometry": { "type": "MultiPolygon", "coordinates": [ [ [ [ -1.028529, 60.151605 ], [ -1.028889, 60.151202 ], [ -1.028837, 60.151389 ], [ -1.029167, 60.151619 ], [ -1.02947, 60.151683 ], [ -1.029952, 60.1516 ], [ -1.030319, 60.151618 ], [ -1.030947, 60.151964 ], [ -1.031952, 60.152133 ], [ -1.032142, 60.151984 ], [ -1.032134, 60.151585 ], [ -1.032485, 60.15174 ], [ -1.032608, 60.151642 ], [ -1.032502, 60.152104 ], [ -1.032583, 60.152495 ], [ -1.032943, 60.152349 ], [ -1.033448, 60.152404 ], [ -1.033173, 60.152811 ], [ -1.03368, 60.152657 ], [ -1.034144, 60.15229 ], [ -1.035188, 60.15202 ], [ -1.035209, 60.152116 ], [ -1.034806, 60.152452 ], [ -1.034615, 60.152904 ], [ -1.034201, 60.153159 ], [ -1.034266, 60.153478 ], [ -1.034127, 60.153998 ], [ -1.034171, 60.15407 ], [ -1.034521, 60.154138 ], [ -1.034776, 60.154153 ], [ -1.034829, 60.154057 ], [ -1.035028, 60.154122 ], [ -1.035334, 60.154101 ], [ -1.035344, 60.154169 ], [ -1.035855, 60.154216 ], [ -1.035961, 60.1543 ], [ -1.034988, 60.15464 ], [ -1.035006, 60.154922 ], [ -1.035739, 60.155018 ], [ -1.036788, 60.154958 ], [ -1.037661, 60.15474 ], [ -1.037582, 60.154537 ], [ -1.037864, 60.154686 ], [ -1.037878, 60.15446 ], [ -1.038343, 60.154635 ], [ -1.038802, 60.154563 ], [ -1.038729, 60.154788 ], [ -1.038895, 60.154824 ], [ -1.039316, 60.154698 ], [ -1.039057, 60.15442 ], [ -1.039574, 60.154326 ], [ -1.039446, 60.154228 ], [ -1.039757, 60.153981 ], [ -1.039876, 60.153981 ], [ -1.039946, 60.154119 ], [ -1.040124, 60.154109 ], [ -1.040213, 60.153832 ], [ -1.040668, 60.153501 ], [ -1.040885, 60.153742 ], [ -1.041117, 60.153605 ], [ -1.041467, 60.153565 ], [ -1.04178, 60.153287 ], [ -1.041874, 60.153271 ], [ -1.041944, 60.153381 ], [ -1.042083, 60.153127 ], [ -1.042391, 60.153049 ], [ -1.04189, 60.15297 ], [ -1.041974, 60.152743 ], [ -1.041858, 60.152491 ], [ -1.042363, 60.152281 ], [ -1.043038, 60.151803 ], [ -1.043882, 60.151773 ], [ -1.044227, 60.151862 ], [ -1.04359, 60.152781 ], [ -1.043884, 60.152833 ], [ -1.044273, 60.152627 ], [ -1.044287, 60.152932 ], [ -1.044716, 60.152935 ], [ -1.044913, 60.152695 ], [ -1.045171, 60.152877 ], [ -1.045166, 60.153041 ], [ -1.045582, 60.152949 ], [ -1.045724, 60.152734 ], [ -1.045693, 60.152397 ], [ -1.045979, 60.152143 ], [ -1.046064, 60.151613 ], [ -1.045722, 60.151145 ], [ -1.046197, 60.150902 ], [ -1.046331, 60.150924 ], [ -1.046525, 60.151176 ], [ -1.046878, 60.150889 ], [ -1.047043, 60.150516 ], [ -1.04646, 60.150368 ], [ -1.047011, 60.150412 ], [ -1.046987, 60.150321 ], [ -1.046679, 60.15028 ], [ -1.046646, 60.150193 ], [ -1.046925, 60.150191 ], [ -1.046947, 60.149949 ], [ -1.047565, 60.149322 ], [ -1.047718, 60.148455 ], [ -1.046488, 60.147785 ], [ -1.045955, 60.148298 ], [ -1.045893, 60.148168 ], [ -1.045456, 60.148555 ], [ -1.045284, 60.148912 ], [ -1.045344, 60.149495 ], [ -1.045041, 60.149684 ], [ -1.044183, 60.149794 ], [ -1.043521, 60.149614 ], [ -1.042796, 60.149549 ], [ -1.042374, 60.149301 ], [ -1.042609, 60.148522 ], [ -1.042944, 60.148318 ], [ -1.043423, 60.147779 ], [ -1.044156, 60.147445 ], [ -1.044142, 60.147149 ], [ -1.044895, 60.146509 ], [ -1.044521, 60.145271 ], [ -1.043915, 60.144896 ], [ -1.043337, 60.144702 ], [ -1.042996, 60.144737 ], [ -1.042207, 60.145394 ], [ -1.041579, 60.145718 ], [ -1.041464, 60.145671 ], [ -1.041767, 60.145115 ], [ -1.041678, 60.144957 ], [ -1.041421, 60.145036 ], [ -1.041409, 60.145431 ], [ -1.041213, 60.145677 ], [ -1.041087, 60.145739 ], [ -1.040717, 60.145714 ], [ -1.040622, 60.145925 ], [ -1.040227, 60.145942 ], [ -1.039862, 60.145734 ], [ -1.039834, 60.145605 ], [ -1.039665, 60.145586 ], [ -1.038732, 60.14627 ], [ -1.038174, 60.146461 ], [ -1.03796, 60.146623 ], [ -1.036932, 60.146737 ], [ -1.036775, 60.146939 ], [ -1.036309, 60.147018 ], [ -1.035726, 60.147527 ], [ -1.035346, 60.147538 ], [ -1.034958, 60.147747 ], [ -1.034772, 60.147628 ], [ -1.034584, 60.147695 ], [ -1.034423, 60.147651 ], [ -1.03412, 60.147374 ], [ -1.033541, 60.14708 ], [ -1.033464, 60.146904 ], [ -1.033287, 60.146893 ], [ -1.033107, 60.146712 ], [ -1.032924, 60.146738 ], [ -1.032506, 60.14661 ], [ -1.033005, 60.145421 ], [ -1.032793, 60.144999 ], [ -1.0331, 60.143921 ], [ -1.033076, 60.142893 ], [ -1.032931, 60.142427 ], [ -1.033139, 60.142183 ], [ -1.032966, 60.141896 ], [ -1.032995, 60.141538 ], [ -1.032638, 60.141207 ], [ -1.03275, 60.141061 ], [ -1.032415, 60.141045 ], [ -1.032617, 60.14085 ], [ -1.031911, 60.140805 ], [ -1.031607, 60.140638 ], [ -1.03139, 60.140654 ], [ -1.031405, 60.140542 ], [ -1.030758, 60.140177 ], [ -1.030539, 60.139865 ], [ -1.029933, 60.139582 ], [ -1.030216, 60.139565 ], [ -1.029192, 60.13927 ], [ -1.029273, 60.139157 ], [ -1.028752, 60.138983 ], [ -1.027757, 60.138768 ], [ -1.027415, 60.138437 ], [ -1.027246, 60.137894 ], [ -1.027039, 60.138099 ], [ -1.02671, 60.137691 ], [ -1.026476, 60.137659 ], [ -1.026543, 60.137586 ], [ -1.026348, 60.137517 ], [ -1.026264, 60.137243 ], [ -1.026462, 60.137188 ], [ -1.026065, 60.136902 ], [ -1.026157, 60.136786 ], [ -1.025787, 60.136487 ], [ -1.025998, 60.136409 ], [ -1.025802, 60.136255 ], [ -1.025896, 60.136202 ], [ -1.025708, 60.136148 ], [ -1.025567, 60.13589 ], [ -1.025302, 60.135834 ], [ -1.024798, 60.135377 ], [ -1.024754, 60.135145 ], [ -1.024898, 60.135111 ], [ -1.024887, 60.134974 ], [ -1.024283, 60.134854 ], [ -1.024038, 60.134658 ], [ -1.023544, 60.134517 ], [ -1.023553, 60.134081 ], [ -1.023299, 60.133884 ], [ -1.022492, 60.133753 ], [ -1.02123, 60.133674 ], [ -1.020965, 60.133168 ], [ -1.02079, 60.133076 ], [ -1.019296, 60.132615 ], [ -1.018713, 60.132327 ], [ -1.017317, 60.132222 ], [ -1.016431, 60.131992 ], [ -1.016324, 60.131955 ], [ -1.016558, 60.131756 ], [ -1.016348, 60.131652 ], [ -1.015757, 60.131777 ], [ -1.013877, 60.13131 ], [ -1.012881, 60.131534 ], [ -1.01306, 60.132019 ], [ -1.012906, 60.132109 ], [ -1.012512, 60.131992 ], [ -1.012123, 60.131684 ], [ -1.011716, 60.131575 ], [ -1.010573, 60.131665 ], [ -1.010299, 60.131908 ], [ -1.010754, 60.132341 ], [ -1.009952, 60.132871 ], [ -1.010321, 60.133072 ], [ -1.010725, 60.13312 ], [ -1.010481, 60.13327 ], [ -1.010602, 60.133734 ], [ -1.00986, 60.133597 ], [ -1.00922, 60.133695 ], [ -1.008981, 60.133921 ], [ -1.009436, 60.134337 ], [ -1.009098, 60.134406 ], [ -1.00832, 60.134286 ], [ -1.008039, 60.134514 ], [ -1.008941, 60.135379 ], [ -1.008875, 60.135641 ], [ -1.009356, 60.135964 ], [ -1.010074, 60.136275 ], [ -1.010034, 60.136568 ], [ -1.009673, 60.136492 ], [ -1.009451, 60.136542 ], [ -1.00963, 60.136759 ], [ -1.01017, 60.13707 ], [ -1.01029, 60.137059 ], [ -1.010224, 60.137378 ], [ -1.009911, 60.137621 ], [ -1.01023, 60.138084 ], [ -1.010209, 60.138281 ], [ -1.009719, 60.138364 ], [ -1.0088, 60.138319 ], [ -1.00874, 60.138274 ], [ -1.008907, 60.138229 ], [ -1.008736, 60.138144 ], [ -1.008672, 60.137951 ], [ -1.008154, 60.137712 ], [ -1.007455, 60.137658 ], [ -1.006902, 60.13767 ], [ -1.006469, 60.1378 ], [ -1.005527, 60.13775 ], [ -1.005419, 60.137894 ], [ -1.005588, 60.138046 ], [ -1.006635, 60.138198 ], [ -1.005994, 60.13855 ], [ -1.006771, 60.13855 ], [ -1.006773, 60.13862 ], [ -1.006465, 60.1387 ], [ -1.00707, 60.139044 ], [ -1.00712, 60.139174 ], [ -1.004897, 60.139351 ], [ -1.003363, 60.139346 ], [ -1.003323, 60.139241 ], [ -1.002975, 60.139248 ], [ -1.003017, 60.139407 ], [ -1.004272, 60.140017 ], [ -1.004675, 60.140518 ], [ -1.005113, 60.140706 ], [ -1.004869, 60.14088 ], [ -1.004822, 60.141152 ], [ -1.005191, 60.141837 ], [ -1.004778, 60.141969 ], [ -1.004544, 60.142411 ], [ -1.005407, 60.142497 ], [ -1.0059, 60.142701 ], [ -1.005776, 60.143234 ], [ -1.00542, 60.143494 ], [ -1.005173, 60.143594 ], [ -1.004386, 60.143531 ], [ -1.002959, 60.144045 ], [ -1.003175, 60.144201 ], [ -1.003433, 60.144243 ], [ -1.003305, 60.144638 ], [ -1.003919, 60.144785 ], [ -1.004282, 60.145206 ], [ -1.004256, 60.145407 ], [ -1.003959, 60.145524 ], [ -1.003556, 60.145535 ], [ -1.00331, 60.145743 ], [ -1.003346, 60.14583 ], [ -1.003669, 60.145906 ], [ -1.004927, 60.145852 ], [ -1.005006, 60.145931 ], [ -1.004891, 60.146023 ], [ -1.004447, 60.146008 ], [ -1.00346, 60.146149 ], [ -1.002584, 60.146731 ], [ -1.002691, 60.146772 ], [ -1.00329, 60.146655 ], [ -1.004663, 60.147046 ], [ -1.005767, 60.1471 ], [ -1.004931, 60.147264 ], [ -1.004577, 60.147446 ], [ -1.004386, 60.147647 ], [ -1.004958, 60.147773 ], [ -1.00451, 60.147895 ], [ -1.004235, 60.147885 ], [ -1.003919, 60.148175 ], [ -1.004873, 60.14836 ], [ -1.004982, 60.14845 ], [ -1.005642, 60.148487 ], [ -1.005367, 60.148698 ], [ -1.005076, 60.148594 ], [ -1.004649, 60.148672 ], [ -1.004465, 60.149103 ], [ -1.005133, 60.149011 ], [ -1.004953, 60.149342 ], [ -1.004691, 60.149436 ], [ -1.004799, 60.149572 ], [ -1.004508, 60.149614 ], [ -1.00437, 60.149823 ], [ -1.005123, 60.149862 ], [ -1.005437, 60.149966 ], [ -1.005203, 60.150285 ], [ -1.005267, 60.150359 ], [ -1.005695, 60.150001 ], [ -1.00537, 60.150584 ], [ -1.005783, 60.15074 ], [ -1.005621, 60.150983 ], [ -1.005695, 60.151088 ], [ -1.00622, 60.150986 ], [ -1.006371, 60.15086 ], [ -1.006489, 60.150915 ], [ -1.006526, 60.150996 ], [ -1.006297, 60.151012 ], [ -1.006217, 60.151098 ], [ -1.006259, 60.15136 ], [ -1.006421, 60.151371 ], [ -1.00683, 60.151149 ], [ -1.007159, 60.151408 ], [ -1.007591, 60.151577 ], [ -1.008218, 60.151296 ], [ -1.008819, 60.151137 ], [ -1.008679, 60.151417 ], [ -1.00841, 60.151598 ], [ -1.008829, 60.15181 ], [ -1.008932, 60.152009 ], [ -1.009733, 60.151847 ], [ -1.010147, 60.151606 ], [ -1.010634, 60.151088 ], [ -1.010742, 60.151091 ], [ -1.010779, 60.151484 ], [ -1.011145, 60.151506 ], [ -1.01043, 60.151894 ], [ -1.010318, 60.152416 ], [ -1.011085, 60.152345 ], [ -1.011749, 60.152024 ], [ -1.012183, 60.152106 ], [ -1.012317, 60.15203 ], [ -1.012009, 60.151995 ], [ -1.011995, 60.151921 ], [ -1.012433, 60.151915 ], [ -1.012631, 60.151745 ], [ -1.012634, 60.151891 ], [ -1.013042, 60.151981 ], [ -1.013932, 60.151833 ], [ -1.014285, 60.151923 ], [ -1.015592, 60.151676 ], [ -1.016229, 60.151465 ], [ -1.016185, 60.151754 ], [ -1.016399, 60.151856 ], [ -1.016976, 60.1517 ], [ -1.017083, 60.151475 ], [ -1.017305, 60.151561 ], [ -1.018298, 60.151633 ], [ -1.01843, 60.15202 ], [ -1.019236, 60.15197 ], [ -1.0206, 60.152137 ], [ -1.021058, 60.152074 ], [ -1.02167, 60.152191 ], [ -1.0228, 60.151896 ], [ -1.023534, 60.151929 ], [ -1.025398, 60.151811 ], [ -1.025771, 60.151615 ], [ -1.027829, 60.1512 ], [ -1.028009, 60.151263 ], [ -1.028435, 60.151255 ], [ -1.028529, 60.151605 ] ] ] ] } },
{ "type": "Feature", "properties": { "NAME": "Noss" }, "geometry": { "type": "MultiPolygon", "coordinates": [ [ [ [ -1.00693, 60.151315 ], [ -1.00666, 60.151537 ], [ -1.006649, 60.151763 ], [ -1.00705, 60.151687 ], [ -1.007076, 60.151455 ], [ -1.00693, 60.151315 ] ] ] ] } },
{ "type": "Feature", "properties": { "NAME": "Tentsmuir" }, "geometry": { "type": "MultiPolygon", "coordinates": [ [ [ [ -2.81955, 56.443949 ], [ -2.82123, 56.443718 ], [ -2.823553, 56.443747 ], [ -2.82339, 56.443497 ], [ -2.820002, 56.443505 ], [ -2.819489, 56.443385 ], [ -2.815146, 56.440842 ], [ -2.814108, 56.44 ], [ -2.813606, 56.438744 ], [ -2.811709, 56.437119 ], [ -2.812117, 56.436988 ], [ -2.812534, 56.436998 ], [ -2.813709, 56.436817 ], [ -2.814221, 56.436631 ], [ -2.814121, 56.43617 ], [ -2.813587, 56.435314 ], [ -2.813547, 56.434692 ], [ -2.813352, 56.434595 ], [ -2.812604, 56.434513 ], [ -2.812556, 56.433898 ], [ -2.812193, 56.43354 ], [ -2.812194, 56.432178 ], [ -2.812483, 56.430798 ], [ -2.811727, 56.43055 ], [ -2.810713, 56.428347 ], [ -2.807983, 56.428377 ], [ -2.807852, 56.425595 ], [ -2.777986, 56.425854 ], [ -2.777457, 56.426183 ], [ -2.777213, 56.426134 ], [ -2.776929, 56.425863 ], [ -2.776315, 56.425869 ], [ -2.776877, 56.426427 ], [ -2.77695, 56.426777 ], [ -2.776801, 56.427186 ], [ -2.775712, 56.428565 ], [ -2.774284, 56.42935 ], [ -2.775271, 56.429506 ], [ -2.775343, 56.429579 ], [ -2.774951, 56.429658 ], [ -2.774099, 56.429532 ], [ -2.773606, 56.429649 ], [ -2.773858, 56.430634 ], [ -2.773653, 56.431345 ], [ -2.773739, 56.431958 ], [ -2.773559, 56.432382 ], [ -2.773834, 56.432813 ], [ -2.773817, 56.432968 ], [ -2.774368, 56.433368 ], [ -2.774798, 56.433964 ], [ -2.775411, 56.433656 ], [ -2.775315, 56.4332 ], [ -2.775872, 56.433118 ], [ -2.776102, 56.43296 ], [ -2.778107, 56.433181 ], [ -2.778761, 56.433402 ], [ -2.779215, 56.433737 ], [ -2.779996, 56.433884 ], [ -2.779788, 56.434049 ], [ -2.780493, 56.434406 ], [ -2.780648, 56.434609 ], [ -2.779412, 56.434055 ], [ -2.778915, 56.434003 ], [ -2.778492, 56.434144 ], [ -2.777478, 56.433235 ], [ -2.77673, 56.433188 ], [ -2.776437, 56.433255 ], [ -2.776316, 56.433342 ], [ -2.776402, 56.433627 ], [ -2.77585, 56.433814 ], [ -2.775428, 56.433726 ], [ -2.774953, 56.434024 ], [ -2.775901, 56.434795 ], [ -2.776572, 56.434884 ], [ -2.777039, 56.435252 ], [ -2.778501, 56.435753 ], [ -2.777708, 56.435796 ], [ -2.777511, 56.435965 ], [ -2.77767, 56.436125 ], [ -2.778371, 56.43642 ], [ -2.778275, 56.436542 ], [ -2.778612, 56.436586 ], [ -2.778831, 56.436814 ], [ -2.77866, 56.43698 ], [ -2.779055, 56.437181 ], [ -2.778877, 56.437906 ], [ -2.778672, 56.438115 ], [ -2.777837, 56.438394 ], [ -2.777702, 56.43857 ], [ -2.777802, 56.438583 ], [ -2.778207, 56.438349 ], [ -2.778721, 56.438304 ], [ -2.779093, 56.438357 ], [ -2.779379, 56.438589 ], [ -2.78039, 56.43897 ], [ -2.781051, 56.439333 ], [ -2.781369, 56.439588 ], [ -2.781456, 56.439845 ], [ -2.781375, 56.439977 ], [ -2.780947, 56.440152 ], [ -2.779431, 56.440197 ], [ -2.779271, 56.440035 ], [ -2.779949, 56.439857 ], [ -2.780382, 56.439578 ], [ -2.780426, 56.439419 ], [ -2.780208, 56.439269 ], [ -2.779061, 56.439101 ], [ -2.778368, 56.439073 ], [ -2.77775, 56.439254 ], [ -2.777437, 56.43927 ], [ -2.777446, 56.439583 ], [ -2.777779, 56.439768 ], [ -2.777023, 56.439959 ], [ -2.776606, 56.440273 ], [ -2.776524, 56.440476 ], [ -2.776609, 56.440914 ], [ -2.776322, 56.441745 ], [ -2.776086, 56.44208 ], [ -2.776107, 56.442305 ], [ -2.775652, 56.442541 ], [ -2.775508, 56.442563 ], [ -2.775416, 56.4425 ], [ -2.775977, 56.441845 ], [ -2.775504, 56.440912 ], [ -2.775818, 56.440568 ], [ -2.775846, 56.440393 ], [ -2.776317, 56.440067 ], [ -2.776449, 56.439358 ], [ -2.775514, 56.439753 ], [ -2.774462, 56.440419 ], [ -2.77411, 56.440846 ], [ -2.774201, 56.441099 ], [ -2.774112, 56.441577 ], [ -2.773663, 56.44201 ], [ -2.772237, 56.442756 ], [ -2.771329, 56.442979 ], [ -2.770285, 56.44285 ], [ -2.769456, 56.442425 ], [ -2.769427, 56.442021 ], [ -2.77002, 56.441281 ], [ -2.769997, 56.441177 ], [ -2.769724, 56.44108 ], [ -2.769018, 56.441332 ], [ -2.768672, 56.441755 ], [ -2.76851, 56.442303 ], [ -2.767767, 56.442629 ], [ -2.766938, 56.442697 ], [ -2.766173, 56.44262 ], [ -2.761922, 56.442959 ], [ -2.75862, 56.443359 ], [ -2.75726, 56.443279 ], [ -2.755959, 56.4431 ], [ -2.754152, 56.443289 ], [ -2.753719, 56.44308 ], [ -2.753268, 56.44309 ], [ -2.752782, 56.442841 ], [ -2.750914, 56.44267 ], [ -2.750598, 56.442713 ], [ -2.750217, 56.443003 ], [ -2.748917, 56.443274 ], [ -2.748328, 56.443344 ], [ -2.747789, 56.44332 ], [ -2.746883, 56.443459 ], [ -2.746063, 56.44338 ], [ -2.745065, 56.443463 ], [ -2.744602, 56.443326 ], [ -2.744531, 56.443188 ], [ -2.744717, 56.443051 ], [ -2.745211, 56.442917 ], [ -2.746569, 56.44293 ], [ -2.747858, 56.442705 ], [ -2.749278, 56.442669 ], [ -2.749517, 56.442608 ], [ -2.74855, 56.442407 ], [ -2.747006, 56.442273 ], [ -2.74641, 56.442387 ], [ -2.746394, 56.44252 ], [ -2.745869, 56.442412 ], [ -2.745424, 56.4422 ], [ -2.744892, 56.442526 ], [ -2.744725, 56.442535 ], [ -2.744787, 56.442341 ], [ -2.744325, 56.442501 ], [ -2.743523, 56.443162 ], [ -2.742887, 56.44351 ], [ -2.742117, 56.443535 ], [ -2.741159, 56.443979 ], [ -2.74075, 56.444073 ], [ -2.739138, 56.444065 ], [ -2.73776, 56.444499 ], [ -2.736975, 56.444607 ], [ -2.736188, 56.444398 ], [ -2.735522, 56.443881 ], [ -2.73481, 56.443684 ], [ -2.734844, 56.443393 ], [ -2.735196, 56.443233 ], [ -2.736362, 56.443158 ], [ -2.737403, 56.442795 ], [ -2.738612, 56.442515 ], [ -2.737849, 56.442486 ], [ -2.735883, 56.442574 ], [ -2.734354, 56.442923 ], [ -2.732445, 56.443614 ], [ -2.73186, 56.44391 ], [ -2.731682, 56.443914 ], [ -2.731494, 56.443637 ], [ -2.730687, 56.443984 ], [ -2.730378, 56.444002 ], [ -2.72987, 56.444405 ], [ -2.729883, 56.444554 ], [ -2.729201, 56.445112 ], [ -2.72831, 56.44606 ], [ -2.72798, 56.446656 ], [ -2.727573, 56.446961 ], [ -2.727088, 56.446964 ], [ -2.726829, 56.446868 ], [ -2.727554, 56.446481 ], [ -2.727202, 56.446386 ], [ -2.727323, 56.446202 ], [ -2.727157, 56.446192 ], [ -2.726038, 56.4465 ], [ -2.725852, 56.446467 ], [ -2.725807, 56.446233 ], [ -2.726064, 56.445626 ], [ -2.725949, 56.4455 ], [ -2.725628, 56.445451 ], [ -2.725051, 56.445494 ], [ -2.724558, 56.445628 ], [ -2.723672, 56.446233 ], [ -2.722716, 56.446472 ], [ -2.722205, 56.446703 ], [ -2.721552, 56.447153 ], [ -2.720373, 56.44753 ], [ -2.720218, 56.447525 ], [ -2.720102, 56.447406 ], [ -2.720343, 56.446999 ], [ -2.720289, 56.446879 ], [ -2.719676, 56.446613 ], [ -2.720338, 56.446101 ], [ -2.72, 56.445686 ], [ -2.719762, 56.44563 ], [ -2.719247, 56.445672 ], [ -2.718881, 56.445977 ], [ -2.718349, 56.446243 ], [ -2.717626, 56.446144 ], [ -2.716781, 56.446222 ], [ -2.716429, 56.446127 ], [ -2.716355, 56.446019 ], [ -2.716476, 56.445869 ], [ -2.716916, 56.445667 ], [ -2.716944, 56.445513 ], [ -2.716809, 56.445445 ], [ -2.716551, 56.445423 ], [ -2.716018, 56.445643 ], [ -2.715565, 56.445691 ], [ -2.714636, 56.445656 ], [ -2.713891, 56.445488 ], [ -2.712808, 56.445494 ], [ -2.711887, 56.44535 ], [ -2.71074, 56.445801 ], [ -2.710958, 56.446503 ], [ -2.710846, 56.446573 ], [ -2.710505, 56.44658 ], [ -2.710266, 56.446473 ], [ -2.710012, 56.446091 ], [ -2.709414, 56.446082 ], [ -2.708883, 56.446422 ], [ -2.707807, 56.446205 ], [ -2.707784, 56.446085 ], [ -2.708526, 56.446047 ], [ -2.708605, 56.445806 ], [ -2.708024, 56.445626 ], [ -2.707823, 56.445364 ], [ -2.707492, 56.445252 ], [ -2.706955, 56.445243 ], [ -2.706689, 56.445359 ], [ -2.706452, 56.44536 ], [ -2.705931, 56.445088 ], [ -2.706124, 56.444898 ], [ -2.705761, 56.444786 ], [ -2.705738, 56.444615 ], [ -2.705323, 56.444485 ], [ -2.704985, 56.444635 ], [ -2.704846, 56.444956 ], [ -2.705261, 56.445114 ], [ -2.704811, 56.445334 ], [ -2.705113, 56.445509 ], [ -2.704138, 56.445772 ], [ -2.704087, 56.44584 ], [ -2.704192, 56.44596 ], [ -2.704472, 56.446039 ], [ -2.708729, 56.447075 ], [ -2.7133, 56.447761 ], [ -2.717202, 56.448524 ], [ -2.719176, 56.448714 ], [ -2.72676, 56.448263 ], [ -2.730714, 56.447825 ], [ -2.73281, 56.447401 ], [ -2.733639, 56.447163 ], [ -2.734219, 56.44661 ], [ -2.734857, 56.446531 ], [ -2.736361, 56.446737 ], [ -2.739389, 56.446887 ], [ -2.740768, 56.446736 ], [ -2.742962, 56.446961 ], [ -2.745721, 56.446726 ], [ -2.747242, 56.446708 ], [ -2.748501, 56.446836 ], [ -2.75308, 56.446832 ], [ -2.755706, 56.446967 ], [ -2.760064, 56.446995 ], [ -2.763422, 56.446876 ], [ -2.76769, 56.446853 ], [ -2.775538, 56.44647 ], [ -2.777372, 56.446444 ], [ -2.77984, 56.446273 ], [ -2.780643, 56.44631 ], [ -2.784991, 56.446115 ], [ -2.791707, 56.44608 ], [ -2.793035, 56.446137 ], [ -2.795842, 56.446444 ], [ -2.800129, 56.446674 ], [ -2.800889, 56.446772 ], [ -2.805609, 56.448215 ], [ -2.809372, 56.448988 ], [ -2.811116, 56.449164 ], [ -2.81393, 56.449269 ], [ -2.817135, 56.449607 ], [ -2.818353, 56.44962 ], [ -2.819269, 56.449596 ], [ -2.819823, 56.449284 ], [ -2.81955, 56.443949 ] ] ] ] } },
{ "type": "Feature", "properties": { "NAME": "Tentsmuir" }, "geometry": { "type": "MultiPolygon", "coordinates": [ [ [ [ -2.877291, 56.42567 ], [ -2.877307, 56.425388 ], [ -2.875787, 56.425655 ], [ -2.873074, 56.423177 ], [ -2.872147, 56.423196 ], [ -2.870948, 56.42338 ], [ -2.869734, 56.423673 ], [ -2.869406, 56.423663 ], [ -2.868686, 56.433151 ], [ -2.880165, 56.431393 ], [ -2.879155, 56.429765 ], [ -2.877291, 56.42567 ] ] ] ] } },
{ "type": "Feature", "properties": { "NAME": "Caerlaverock" }, "geometry": { "type": "MultiPolygon", "coordinates": [ [ [ [ -3.585847, 54.927917 ], [ -3.523399, 54.929067 ], [ -3.524968, 54.927599 ], [ -3.526077, 54.926799 ], [ -3.527041, 54.92649 ], [ -3.527402, 54.926553 ], [ -3.527678, 54.926437 ], [ -3.527899, 54.926484 ], [ -3.528046, 54.92605 ], [ -3.528733, 54.926051 ], [ -3.528877, 54.925941 ], [ -3.529143, 54.925951 ], [ -3.529252, 54.925757 ], [ -3.52982, 54.925718 ], [ -3.529749, 54.925485 ], [ -3.530256, 54.925281 ], [ -3.531297, 54.924297 ], [ -3.531421, 54.924074 ], [ -3.532075, 54.923594 ], [ -3.533035, 54.922638 ], [ -3.533644, 54.921793 ], [ -3.534937, 54.920453 ], [ -3.534859, 54.920339 ], [ -3.535033, 54.920199 ], [ -3.53509, 54.919944 ], [ -3.535403, 54.919816 ], [ -3.535419, 54.919628 ], [ -3.535874, 54.919357 ], [ -3.536203, 54.918932 ], [ -3.536421, 54.91883 ], [ -3.536712, 54.918305 ], [ -3.537022, 54.918177 ], [ -3.536945, 54.91797 ], [ -3.53716, 54.91775 ], [ -3.537125, 54.917654 ], [ -3.537445, 54.917526 ], [ -3.537501, 54.917405 ], [ -3.537731, 54.917364 ], [ -3.537744, 54.917082 ], [ -3.538047, 54.916812 ], [ -3.537998, 54.916653 ], [ -3.538296, 54.916578 ], [ -3.538318, 54.916415 ], [ -3.538517, 54.916337 ], [ -3.538476, 54.916148 ], [ -3.53862, 54.916063 ], [ -3.538628, 54.915875 ], [ -3.538823, 54.915884 ], [ -3.538768, 54.915674 ], [ -3.538945, 54.915631 ], [ -3.538962, 54.915511 ], [ -3.539239, 54.915497 ], [ -3.539441, 54.915135 ], [ -3.539717, 54.915094 ], [ -3.539771, 54.914896 ], [ -3.540081, 54.914888 ], [ -3.540122, 54.914806 ], [ -3.539929, 54.914751 ], [ -3.540304, 54.914689 ], [ -3.540243, 54.914349 ], [ -3.540469, 54.914287 ], [ -3.540621, 54.914027 ], [ -3.540895, 54.913918 ], [ -3.540983, 54.913764 ], [ -3.541613, 54.913337 ], [ -3.542276, 54.912573 ], [ -3.542604, 54.912356 ], [ -3.54274, 54.911998 ], [ -3.543258, 54.911467 ], [ -3.543533, 54.910954 ], [ -3.543727, 54.910829 ], [ -3.544487, 54.909806 ], [ -3.544485, 54.909582 ], [ -3.544662, 54.909421 ], [ -3.544618, 54.909231 ], [ -3.544838, 54.909047 ], [ -3.544984, 54.908677 ], [ -3.545856, 54.907411 ], [ -3.54761, 54.904045 ], [ -3.548916, 54.901932 ], [ -3.534599, 54.901933 ], [ -3.534235, 54.90171 ], [ -3.533849, 54.901684 ], [ -3.532755, 54.901836 ], [ -3.53242, 54.901994 ], [ -3.531843, 54.902113 ], [ -3.528939, 54.903201 ], [ -3.527432, 54.903964 ], [ -3.524826, 54.905652 ], [ -3.521602, 54.908248 ], [ -3.517765, 54.911596 ], [ -3.513791, 54.915267 ], [ -3.513206, 54.915751 ], [ -3.512519, 54.915967 ], [ -3.51234, 54.916354 ], [ -3.511625, 54.91624 ], [ -3.511901, 54.916046 ], [ -3.511728, 54.915861 ], [ -3.512136, 54.915816 ], [ -3.512049, 54.91563 ], [ -3.511606, 54.915556 ], [ -3.511692, 54.915441 ], [ -3.511961, 54.91553 ], [ -3.51222, 54.915469 ], [ -3.512218, 54.915359 ], [ -3.512046, 54.915332 ], [ -3.511986, 54.915179 ], [ -3.512403, 54.915122 ], [ -3.512428, 54.915065 ], [ -3.512058, 54.914994 ], [ -3.512242, 54.914842 ], [ -3.512454, 54.914892 ], [ -3.512341, 54.914722 ], [ -3.512635, 54.914731 ], [ -3.512886, 54.914457 ], [ -3.512706, 54.914403 ], [ -3.512449, 54.914544 ], [ -3.512332, 54.914458 ], [ -3.512653, 54.914242 ], [ -3.512693, 54.913959 ], [ -3.512924, 54.914006 ], [ -3.512962, 54.913905 ], [ -3.513108, 54.913975 ], [ -3.513154, 54.913822 ], [ -3.51312, 54.913756 ], [ -3.512754, 54.913787 ], [ -3.512571, 54.913678 ], [ -3.51244, 54.913873 ], [ -3.511968, 54.913702 ], [ -3.512211, 54.913655 ], [ -3.512087, 54.913555 ], [ -3.512486, 54.913449 ], [ -3.512549, 54.913327 ], [ -3.512862, 54.913587 ], [ -3.513001, 54.913597 ], [ -3.512713, 54.91313 ], [ -3.513146, 54.913041 ], [ -3.51275, 54.912769 ], [ -3.51259, 54.912816 ], [ -3.512241, 54.912697 ], [ -3.512341, 54.912578 ], [ -3.512605, 54.912616 ], [ -3.512617, 54.912561 ], [ -3.511648, 54.912004 ], [ -3.511346, 54.911919 ], [ -3.511249, 54.912125 ], [ -3.510653, 54.91185 ], [ -3.510635, 54.911785 ], [ -3.511107, 54.91182 ], [ -3.510563, 54.91155 ], [ -3.50971, 54.911272 ], [ -3.508983, 54.911218 ], [ -3.5085, 54.911382 ], [ -3.508178, 54.911308 ], [ -3.508009, 54.911401 ], [ -3.506049, 54.9116 ], [ -3.505969, 54.911703 ], [ -3.505498, 54.911824 ], [ -3.505178, 54.911823 ], [ -3.504891, 54.911979 ], [ -3.504396, 54.911954 ], [ -3.50433, 54.912082 ], [ -3.503861, 54.91204 ], [ -3.503643, 54.912158 ], [ -3.502893, 54.912203 ], [ -3.50264, 54.912407 ], [ -3.501599, 54.912413 ], [ -3.500977, 54.912617 ], [ -3.499226, 54.912689 ], [ -3.499142, 54.912631 ], [ -3.49939, 54.912386 ], [ -3.499351, 54.912131 ], [ -3.499454, 54.912024 ], [ -3.499264, 54.911931 ], [ -3.499456, 54.911823 ], [ -3.499516, 54.911554 ], [ -3.499814, 54.911307 ], [ -3.499681, 54.91126 ], [ -3.499727, 54.911119 ], [ -3.500022, 54.911058 ], [ -3.500212, 54.910848 ], [ -3.501376, 54.910337 ], [ -3.500672, 54.910358 ], [ -3.500284, 54.910273 ], [ -3.499804, 54.910334 ], [ -3.498932, 54.910101 ], [ -3.498235, 54.910015 ], [ -3.497838, 54.910088 ], [ -3.492541, 54.913093 ], [ -3.491281, 54.913919 ], [ -3.488164, 54.916244 ], [ -3.485308, 54.919216 ], [ -3.483655, 54.921356 ], [ -3.482986, 54.922443 ], [ -3.477848, 54.923202 ], [ -3.477481, 54.923306 ], [ -3.476417, 54.923957 ], [ -3.475547, 54.924268 ], [ -3.474965, 54.924365 ], [ -3.472662, 54.924541 ], [ -3.471624, 54.924734 ], [ -3.471513, 54.924699 ], [ -3.471579, 54.924581 ], [ -3.472212, 54.924169 ], [ -3.4722, 54.924057 ], [ -3.471855, 54.92403 ], [ -3.472191, 54.923806 ], [ -3.471945, 54.923692 ], [ -3.471857, 54.923868 ], [ -3.471271, 54.923839 ], [ -3.470469, 54.924739 ], [ -3.469026, 54.925385 ], [ -3.468094, 54.925945 ], [ -3.465817, 54.927042 ], [ -3.461732, 54.929288 ], [ -3.459015, 54.930337 ], [ -3.458964, 54.930436 ], [ -3.459265, 54.930352 ], [ -3.459299, 54.930414 ], [ -3.458907, 54.930589 ], [ -3.457164, 54.931145 ], [ -3.454764, 54.932342 ], [ -3.453843, 54.932987 ], [ -3.453238, 54.933286 ], [ -3.44975, 54.934406 ], [ -3.447198, 54.935043 ], [ -3.445361, 54.935613 ], [ -3.444336, 54.935751 ], [ -3.443828, 54.935748 ], [ -3.443584, 54.935891 ], [ -3.443326, 54.93588 ], [ -3.442484, 54.936119 ], [ -3.442271, 54.936077 ], [ -3.441758, 54.936133 ], [ -3.442143, 54.935975 ], [ -3.441184, 54.935789 ], [ -3.439019, 54.936134 ], [ -3.436514, 54.936141 ], [ -3.435731, 54.936078 ], [ -3.435336, 54.936168 ], [ -3.435465, 54.936063 ], [ -3.435215, 54.936048 ], [ -3.435571, 54.935959 ], [ -3.434589, 54.935575 ], [ -3.434656, 54.93548 ], [ -3.435915, 54.935968 ], [ -3.43726, 54.936047 ], [ -3.438793, 54.935939 ], [ -3.440569, 54.935603 ], [ -3.441877, 54.93552 ], [ -3.442128, 54.935571 ], [ -3.442021, 54.935851 ], [ -3.442726, 54.935914 ], [ -3.4434, 54.935763 ], [ -3.444022, 54.935481 ], [ -3.44496, 54.935533 ], [ -3.445191, 54.935454 ], [ -3.444362, 54.934754 ], [ -3.443557, 54.934282 ], [ -3.442194, 54.93371 ], [ -3.440675, 54.933337 ], [ -3.43789, 54.933141 ], [ -3.436615, 54.933286 ], [ -3.435316, 54.933612 ], [ -3.433549, 54.933749 ], [ -3.428625, 54.933969 ], [ -3.427562, 54.933937 ], [ -3.426886, 54.934021 ], [ -3.425609, 54.933879 ], [ -3.424836, 54.933883 ], [ -3.423195, 54.934024 ], [ -3.421458, 54.934332 ], [ -3.419527, 54.93426 ], [ -3.417868, 54.934113 ], [ -3.416249, 54.934455 ], [ -3.415228, 54.93449 ], [ -3.413956, 54.934963 ], [ -3.415194, 54.934202 ], [ -3.415116, 54.933974 ], [ -3.41479, 54.933816 ], [ -3.41481, 54.933699 ], [ -3.415026, 54.933638 ], [ -3.415627, 54.933636 ], [ -3.418009, 54.933909 ], [ -3.420138, 54.933871 ], [ -3.421108, 54.934156 ], [ -3.422394, 54.933885 ], [ -3.424814, 54.93369 ], [ -3.425543, 54.933551 ], [ -3.429172, 54.933572 ], [ -3.431224, 54.933327 ], [ -3.434455, 54.933118 ], [ -3.436085, 54.932865 ], [ -3.437643, 54.932789 ], [ -3.440391, 54.933035 ], [ -3.441607, 54.933214 ], [ -3.44286, 54.933554 ], [ -3.443295, 54.933719 ], [ -3.444979, 54.934746 ], [ -3.445373, 54.935294 ], [ -3.445531, 54.93536 ], [ -3.445669, 54.935282 ], [ -3.44573, 54.935025 ], [ -3.446214, 54.934583 ], [ -3.447858, 54.933642 ], [ -3.449373, 54.933031 ], [ -3.450716, 54.932611 ], [ -3.452814, 54.931723 ], [ -3.455325, 54.930372 ], [ -3.457277, 54.929544 ], [ -3.459333, 54.928553 ], [ -3.463269, 54.926497 ], [ -3.465539, 54.924983 ], [ -3.46711, 54.923557 ], [ -3.467754, 54.922592 ], [ -3.468902, 54.919635 ], [ -3.4691, 54.917579 ], [ -3.468737, 54.917669 ], [ -3.465511, 54.919496 ], [ -3.463275, 54.920655 ], [ -3.46108, 54.921635 ], [ -3.459394, 54.922064 ], [ -3.458501, 54.921944 ], [ -3.458093, 54.922102 ], [ -3.457223, 54.922656 ], [ -3.45656, 54.922439 ], [ -3.456293, 54.922806 ], [ -3.455993, 54.922945 ], [ -3.455042, 54.923185 ], [ -3.453739, 54.923385 ], [ -3.452239, 54.924212 ], [ -3.451379, 54.924375 ], [ -3.450525, 54.924718 ], [ -3.449858, 54.92482 ], [ -3.449187, 54.925021 ], [ -3.448278, 54.925131 ], [ -3.446932, 54.925677 ], [ -3.446049, 54.925846 ], [ -3.449584, 54.924567 ], [ -3.44975, 54.924404 ], [ -3.449051, 54.924511 ], [ -3.448892, 54.924418 ], [ -3.449633, 54.92356 ], [ -3.450318, 54.923058 ], [ -3.455327, 54.920908 ], [ -3.456751, 54.920172 ], [ -3.458175, 54.919189 ], [ -3.459039, 54.918707 ], [ -3.459385, 54.91837 ], [ -3.459897, 54.917407 ], [ -3.45985, 54.916994 ], [ -3.459537, 54.916746 ], [ -3.459231, 54.916696 ], [ -3.458992, 54.916762 ], [ -3.459308, 54.917306 ], [ -3.45808, 54.918089 ], [ -3.456702, 54.918578 ], [ -3.453295, 54.919526 ], [ -3.452056, 54.91977 ], [ -3.448066, 54.920334 ], [ -3.446186, 54.92055 ], [ -3.443219, 54.920711 ], [ -3.441494, 54.920682 ], [ -3.439669, 54.920484 ], [ -3.435571, 54.92042 ], [ -3.428689, 54.920164 ], [ -3.425384, 54.920463 ], [ -3.422742, 54.920984 ], [ -3.421104, 54.921655 ], [ -3.419336, 54.922844 ], [ -3.41791, 54.924213 ], [ -3.417125, 54.925413 ], [ -3.416559, 54.925954 ], [ -3.415958, 54.926173 ], [ -3.414694, 54.926403 ], [ -3.414466, 54.926365 ], [ -3.414194, 54.926175 ], [ -3.414088, 54.925134 ], [ -3.414752, 54.923378 ], [ -3.415371, 54.92236 ], [ -3.415048, 54.922278 ], [ -3.413311, 54.922339 ], [ -3.411476, 54.923191 ], [ -3.409309, 54.924583 ], [ -3.408297, 54.925111 ], [ -3.407425, 54.925386 ], [ -3.40588, 54.925608 ], [ -3.404043, 54.926392 ], [ -3.403795, 54.926565 ], [ -3.403288, 54.927353 ], [ -3.401764, 54.928858 ], [ -3.400833, 54.930109 ], [ -3.400562, 54.930867 ], [ -3.400535, 54.931429 ], [ -3.400731, 54.931894 ], [ -3.401785, 54.933257 ], [ -3.402373, 54.934688 ], [ -3.402677, 54.936028 ], [ -3.402599, 54.937373 ], [ -3.401145, 54.939991 ], [ -3.397815, 54.943229 ], [ -3.394583, 54.945922 ], [ -3.392468, 54.947501 ], [ -3.391304, 54.948166 ], [ -3.390222, 54.949167 ], [ -3.386784, 54.951358 ], [ -3.380529, 54.954714 ], [ -3.377162, 54.955831 ], [ -3.374802, 54.95646 ], [ -3.374409, 54.957066 ], [ -3.37437, 54.957274 ], [ -3.374483, 54.957407 ], [ -3.374828, 54.957426 ], [ -3.375499, 54.957198 ], [ -3.37643, 54.957017 ], [ -3.37659, 54.957136 ], [ -3.376496, 54.957335 ], [ -3.375876, 54.957701 ], [ -3.374624, 54.958102 ], [ -3.372902, 54.958894 ], [ -3.372694, 54.959211 ], [ -3.372567, 54.959819 ], [ -3.37213, 54.960287 ], [ -3.371159, 54.960667 ], [ -3.370232, 54.960758 ], [ -3.369947, 54.960864 ], [ -3.369894, 54.961153 ], [ -3.370456, 54.961582 ], [ -3.370096, 54.962485 ], [ -3.37029, 54.962899 ], [ -3.370506, 54.962976 ], [ -3.370987, 54.962922 ], [ -3.372105, 54.963192 ], [ -3.372647, 54.963078 ], [ -3.373307, 54.963257 ], [ -3.373223, 54.96331 ], [ -3.372613, 54.963134 ], [ -3.372182, 54.96325 ], [ -3.37095, 54.962985 ], [ -3.370278, 54.963001 ], [ -3.370123, 54.962898 ], [ -3.369981, 54.962558 ], [ -3.369598, 54.962311 ], [ -3.369853, 54.961782 ], [ -3.369822, 54.961549 ], [ -3.369302, 54.961191 ], [ -3.36921, 54.960999 ], [ -3.369556, 54.960613 ], [ -3.370144, 54.960453 ], [ -3.371096, 54.960443 ], [ -3.371829, 54.960071 ], [ -3.372535, 54.95844 ], [ -3.372795, 54.958276 ], [ -3.3736, 54.958064 ], [ -3.37379, 54.957918 ], [ -3.373544, 54.95664 ], [ -3.369127, 54.957868 ], [ -3.369006, 54.95799 ], [ -3.369352, 54.958301 ], [ -3.369256, 54.958446 ], [ -3.367704, 54.958733 ], [ -3.366571, 54.959181 ], [ -3.365755, 54.959743 ], [ -3.365023, 54.960053 ], [ -3.359468, 54.961584 ], [ -3.357188, 54.962288 ], [ -3.353024, 54.963266 ], [ -3.352127, 54.968564 ], [ -3.354862, 54.974684 ], [ -3.355294, 54.974661 ], [ -3.355255, 54.974579 ], [ -3.356501, 54.974256 ], [ -3.35656, 54.974341 ], [ -3.358795, 54.974056 ], [ -3.359799, 54.973804 ], [ -3.361441, 54.97298 ], [ -3.362383, 54.97262 ], [ -3.363195, 54.972487 ], [ -3.364647, 54.971976 ], [ -3.366413, 54.971672 ], [ -3.366536, 54.971074 ], [ -3.367243, 54.970957 ], [ -3.368002, 54.970989 ], [ -3.369585, 54.970754 ], [ -3.369898, 54.970934 ], [ -3.370048, 54.970711 ], [ -3.370083, 54.970766 ], [ -3.370242, 54.970671 ], [ -3.370675, 54.970638 ], [ -3.371861, 54.970783 ], [ -3.372951, 54.971073 ], [ -3.373306, 54.97127 ], [ -3.373821, 54.971272 ], [ -3.374294, 54.97145 ], [ -3.37502, 54.971472 ], [ -3.375546, 54.971675 ], [ -3.375885, 54.971675 ], [ -3.376466, 54.971324 ], [ -3.376599, 54.971327 ], [ -3.37709, 54.971505 ], [ -3.377629, 54.971845 ], [ -3.379352, 54.972103 ], [ -3.379477, 54.972204 ], [ -3.380146, 54.972294 ], [ -3.3805, 54.972196 ], [ -3.380278, 54.972088 ], [ -3.380396, 54.972033 ], [ -3.38165, 54.972282 ], [ -3.382225, 54.972201 ], [ -3.382771, 54.972207 ], [ -3.383007, 54.972295 ], [ -3.383244, 54.972208 ], [ -3.383395, 54.972377 ], [ -3.383651, 54.97246 ], [ -3.384281, 54.972339 ], [ -3.384521, 54.972356 ], [ -3.384769, 54.972484 ], [ -3.384909, 54.972383 ], [ -3.385053, 54.972521 ], [ -3.385514, 54.972581 ], [ -3.386224, 54.972357 ], [ -3.386371, 54.972399 ], [ -3.386466, 54.972591 ], [ -3.387112, 54.972684 ], [ -3.388005, 54.972676 ], [ -3.388361, 54.97318 ], [ -3.389034, 54.973254 ], [ -3.390884, 54.973168 ], [ -3.391348, 54.973352 ], [ -3.39182, 54.973394 ], [ -3.392465, 54.973244 ], [ -3.392777, 54.973066 ], [ -3.393623, 54.972943 ], [ -3.394556, 54.973179 ], [ -3.394581, 54.97331 ], [ -3.394768, 54.973401 ], [ -3.395415, 54.973453 ], [ -3.39581, 54.97369 ], [ -3.396036, 54.97368 ], [ -3.396354, 54.973496 ], [ -3.397308, 54.973289 ], [ -3.397857, 54.973451 ], [ -3.398437, 54.973461 ], [ -3.398638, 54.973564 ], [ -3.399297, 54.973576 ], [ -3.399531, 54.973518 ], [ -3.400065, 54.973631 ], [ -3.401118, 54.973681 ], [ -3.403805, 54.974129 ], [ -3.404833, 54.974155 ], [ -3.405367, 54.974289 ], [ -3.406014, 54.9743 ], [ -3.406396, 54.974413 ], [ -3.407361, 54.974298 ], [ -3.407927, 54.97441 ], [ -3.408467, 54.974404 ], [ -3.409034, 54.974591 ], [ -3.409381, 54.975127 ], [ -3.410206, 54.975694 ], [ -3.410235, 54.975915 ], [ -3.411122, 54.976574 ], [ -3.411913, 54.9773 ], [ -3.412112, 54.977626 ], [ -3.412355, 54.977692 ], [ -3.412714, 54.977618 ], [ -3.412832, 54.977507 ], [ -3.412999, 54.977587 ], [ -3.413863, 54.977564 ], [ -3.414579, 54.977646 ], [ -3.415009, 54.977804 ], [ -3.415023, 54.978027 ], [ -3.415173, 54.977938 ], [ -3.415355, 54.977946 ], [ -3.415498, 54.978248 ], [ -3.41779, 54.978726 ], [ -3.418414, 54.979227 ], [ -3.418815, 54.979385 ], [ -3.418969, 54.979649 ], [ -3.418965, 54.979918 ], [ -3.418739, 54.980202 ], [ -3.419061, 54.980355 ], [ -3.418798, 54.980427 ], [ -3.418788, 54.980625 ], [ -3.418585, 54.980842 ], [ -3.418702, 54.981095 ], [ -3.419612, 54.981222 ], [ -3.42051, 54.981673 ], [ -3.421761, 54.982735 ], [ -3.422878, 54.982853 ], [ -3.423043, 54.983133 ], [ -3.422963, 54.983359 ], [ -3.422662, 54.983648 ], [ -3.422749, 54.984 ], [ -3.424188, 54.984852 ], [ -3.424342, 54.985171 ], [ -3.42478, 54.985413 ], [ -3.424888, 54.985585 ], [ -3.426802, 54.986587 ], [ -3.427136, 54.986917 ], [ -3.427839, 54.987273 ], [ -3.428213, 54.987595 ], [ -3.429402, 54.987969 ], [ -3.429693, 54.988136 ], [ -3.432101, 54.990729 ], [ -3.432775, 54.991309 ], [ -3.432885, 54.991634 ], [ -3.433586, 54.99191 ], [ -3.434773, 54.992146 ], [ -3.435937, 54.992084 ], [ -3.442756, 54.9909 ], [ -3.444071, 54.990357 ], [ -3.445363, 54.990318 ], [ -3.446297, 54.990786 ], [ -3.447332, 54.991709 ], [ -3.44826, 54.99201 ], [ -3.448932, 54.992122 ], [ -3.449804, 54.992016 ], [ -3.451237, 54.991279 ], [ -3.453264, 54.989648 ], [ -3.455585, 54.989237 ], [ -3.456657, 54.988912 ], [ -3.457843, 54.987675 ], [ -3.458023, 54.986881 ], [ -3.457878, 54.986158 ], [ -3.456511, 54.985436 ], [ -3.455498, 54.983961 ], [ -3.455917, 54.982853 ], [ -3.457121, 54.981568 ], [ -3.458681, 54.980877 ], [ -3.460717, 54.980685 ], [ -3.46186, 54.981151 ], [ -3.463653, 54.982305 ], [ -3.464086, 54.982731 ], [ -3.464413, 54.98371 ], [ -3.465051, 54.984038 ], [ -3.4658, 54.984005 ], [ -3.467595, 54.982997 ], [ -3.463662, 54.980349 ], [ -3.469042, 54.976794 ], [ -3.476142, 54.973101 ], [ -3.478029, 54.972019 ], [ -3.479865, 54.972197 ], [ -3.480725, 54.972183 ], [ -3.480657, 54.971808 ], [ -3.482388, 54.971706 ], [ -3.483434, 54.971318 ], [ -3.483945, 54.970954 ], [ -3.484279, 54.970846 ], [ -3.485185, 54.970768 ], [ -3.487252, 54.970737 ], [ -3.488523, 54.970806 ], [ -3.490447, 54.971199 ], [ -3.490425, 54.970326 ], [ -3.494304, 54.970766 ], [ -3.494452, 54.970644 ], [ -3.495556, 54.970697 ], [ -3.495833, 54.973083 ], [ -3.501131, 54.97334 ], [ -3.502986, 54.973507 ], [ -3.503147, 54.973418 ], [ -3.503868, 54.973317 ], [ -3.505205, 54.973466 ], [ -3.505178, 54.973515 ], [ -3.506891, 54.973431 ], [ -3.508362, 54.973553 ], [ -3.510148, 54.973557 ], [ -3.511483, 54.973356 ], [ -3.513691, 54.973527 ], [ -3.515192, 54.973505 ], [ -3.515245, 54.973577 ], [ -3.517171, 54.973051 ], [ -3.519033, 54.972957 ], [ -3.519854, 54.972487 ], [ -3.520493, 54.972362 ], [ -3.520734, 54.972381 ], [ -3.52116, 54.971172 ], [ -3.522169, 54.970899 ], [ -3.523732, 54.970629 ], [ -3.528669, 54.970969 ], [ -3.530754, 54.971471 ], [ -3.530633, 54.971574 ], [ -3.53214, 54.97184 ], [ -3.532875, 54.971895 ], [ -3.532984, 54.971638 ], [ -3.535485, 54.971905 ], [ -3.535306, 54.972107 ], [ -3.537889, 54.972562 ], [ -3.538639, 54.972804 ], [ -3.541894, 54.974632 ], [ -3.544864, 54.975885 ], [ -3.546732, 54.976841 ], [ -3.551877, 54.978483 ], [ -3.554962, 54.978981 ], [ -3.555556, 54.979399 ], [ -3.556051, 54.979919 ], [ -3.556074, 54.981855 ], [ -3.556716, 54.982946 ], [ -3.559494, 54.985883 ], [ -3.560175, 54.986309 ], [ -3.576684, 54.978898 ], [ -3.577381, 54.978735 ], [ -3.577544, 54.978819 ], [ -3.578348, 54.978515 ], [ -3.578944, 54.978418 ], [ -3.579446, 54.978108 ], [ -3.579537, 54.977874 ], [ -3.579784, 54.97781 ], [ -3.580252, 54.9773 ], [ -3.582045, 54.976373 ], [ -3.58287, 54.976134 ], [ -3.583491, 54.97608 ], [ -3.584489, 54.975752 ], [ -3.585233, 54.975746 ], [ -3.585628, 54.975031 ], [ -3.584749, 54.974865 ], [ -3.58461, 54.974963 ], [ -3.584308, 54.974909 ], [ -3.583937, 54.974537 ], [ -3.583859, 54.973708 ], [ -3.584487, 54.972831 ], [ -3.584639, 54.971808 ], [ -3.584595, 54.970894 ], [ -3.584162, 54.969893 ], [ -3.583741, 54.969237 ], [ -3.583743, 54.969001 ], [ -3.583389, 54.968772 ], [ -3.582801, 54.968142 ], [ -3.582537, 54.967618 ], [ -3.581661, 54.96644 ], [ -3.581474, 54.966281 ], [ -3.581055, 54.966264 ], [ -3.579126, 54.964099 ], [ -3.57757, 54.962906 ], [ -3.577484, 54.962353 ], [ -3.57701, 54.961374 ], [ -3.576869, 54.960592 ], [ -3.576963, 54.960018 ], [ -3.577289, 54.959362 ], [ -3.578077, 54.958645 ], [ -3.578455, 54.958517 ], [ -3.57918, 54.956704 ], [ -3.579557, 54.956494 ], [ -3.579639, 54.956046 ], [ -3.579385, 54.955863 ], [ -3.579365, 54.95566 ], [ -3.579818, 54.955552 ], [ -3.579976, 54.95528 ], [ -3.579658, 54.954738 ], [ -3.579671, 54.954512 ], [ -3.579862, 54.954152 ], [ -3.580381, 54.953582 ], [ -3.580582, 54.953501 ], [ -3.580688, 54.95295 ], [ -3.581247, 54.952803 ], [ -3.580742, 54.952449 ], [ -3.580809, 54.952397 ], [ -3.581095, 54.952439 ], [ -3.581222, 54.952325 ], [ -3.581674, 54.952251 ], [ -3.581502, 54.952116 ], [ -3.581564, 54.951903 ], [ -3.581732, 54.951945 ], [ -3.581882, 54.951875 ], [ -3.581829, 54.95168 ], [ -3.582082, 54.951332 ], [ -3.582516, 54.951061 ], [ -3.582602, 54.950813 ], [ -3.58241, 54.950628 ], [ -3.582276, 54.950164 ], [ -3.582831, 54.949898 ], [ -3.583013, 54.949961 ], [ -3.583111, 54.94978 ], [ -3.582971, 54.949747 ], [ -3.583253, 54.949713 ], [ -3.583065, 54.94943 ], [ -3.583221, 54.949318 ], [ -3.583493, 54.949354 ], [ -3.583546, 54.949068 ], [ -3.583682, 54.949026 ], [ -3.583627, 54.948692 ], [ -3.583521, 54.948669 ], [ -3.583592, 54.948549 ], [ -3.5838, 54.948654 ], [ -3.58389, 54.948582 ], [ -3.583749, 54.948486 ], [ -3.583621, 54.948533 ], [ -3.583552, 54.948212 ], [ -3.583725, 54.948086 ], [ -3.584033, 54.948127 ], [ -3.583963, 54.947963 ], [ -3.584157, 54.947939 ], [ -3.584451, 54.947558 ], [ -3.58493, 54.9473 ], [ -3.584809, 54.947156 ], [ -3.584669, 54.947151 ], [ -3.58485, 54.947049 ], [ -3.584904, 54.946807 ], [ -3.585056, 54.946709 ], [ -3.584847, 54.94653 ], [ -3.584743, 54.946034 ], [ -3.584986, 54.94564 ], [ -3.585154, 54.945566 ], [ -3.585128, 54.945189 ], [ -3.585894, 54.944675 ], [ -3.585482, 54.944248 ], [ -3.585588, 54.943915 ], [ -3.585837, 54.943637 ], [ -3.585681, 54.943305 ], [ -3.58628, 54.943077 ], [ -3.58616, 54.942893 ], [ -3.586431, 54.942593 ], [ -3.587281, 54.9423 ], [ -3.587557, 54.941935 ], [ -3.587392, 54.94161 ], [ -3.58775, 54.941415 ], [ -3.587542, 54.941198 ], [ -3.587532, 54.940285 ], [ -3.587206, 54.939594 ], [ -3.587503, 54.939352 ], [ -3.58728, 54.93921 ], [ -3.587418, 54.939151 ], [ -3.587377, 54.938972 ], [ -3.587584, 54.93874 ], [ -3.587676, 54.938366 ], [ -3.587353, 54.937878 ], [ -3.587571, 54.937656 ], [ -3.587714, 54.937016 ], [ -3.587507, 54.936684 ], [ -3.587594, 54.93653 ], [ -3.587485, 54.936476 ], [ -3.587598, 54.936448 ], [ -3.587702, 54.936183 ], [ -3.587531, 54.936054 ], [ -3.587686, 54.935888 ], [ -3.587535, 54.935721 ], [ -3.587655, 54.935474 ], [ -3.587465, 54.934811 ], [ -3.587971, 54.934095 ], [ -3.587416, 54.933938 ], [ -3.587486, 54.933813 ], [ -3.587656, 54.933801 ], [ -3.587757, 54.933696 ], [ -3.587479, 54.933713 ], [ -3.587588, 54.933614 ], [ -3.587487, 54.933557 ], [ -3.587676, 54.93346 ], [ -3.587449, 54.932961 ], [ -3.58759, 54.932612 ], [ -3.58748, 54.930791 ], [ -3.587623, 54.930487 ], [ -3.587285, 54.929295 ], [ -3.586567, 54.92831 ], [ -3.585847, 54.927917 ] ] ] ] } },
{ "type": "Feature", "properties": { "NAME": "Hermaness" }, "geometry": { "type": "MultiPolygon", "coordinates": [ [ [ [ -0.909168, 60.820921 ], [ -0.909086, 60.821019 ], [ -0.909236, 60.821067 ], [ -0.909304, 60.821041 ], [ -0.909168, 60.820921 ] ] ] ] } },
{ "type": "Feature", "properties": { "NAME": "Hermaness" }, "geometry": { "type": "MultiPolygon", "coordinates": [ [ [ [ -0.910459, 60.820479 ], [ -0.910421, 60.820541 ], [ -0.910662, 60.820621 ], [ -0.910659, 60.820525 ], [ -0.910459, 60.820479 ] ] ] ] } },
{ "type": "Feature", "properties": { "NAME": "Hermaness" }, "geometry": { "type": "MultiPolygon", "coordinates": [ [ [ [ -0.911856, 60.820175 ], [ -0.91173, 60.820296 ], [ -0.912108, 60.820466 ], [ -0.912346, 60.820453 ], [ -0.912268, 60.820229 ], [ -0.911856, 60.820175 ] ] ] ] } },
{ "type": "Feature", "properties": { "NAME": "Hermaness" }, "geometry": { "type": "MultiPolygon", "coordinates": [ [ [ [ -0.911284, 60.820254 ], [ -0.911159, 60.820342 ], [ -0.911352, 60.8204 ], [ -0.911451, 60.820359 ], [ -0.911284, 60.820254 ] ] ] ] } },
{ "type": "Feature", "properties": { "NAME": "Hermaness" }, "geometry": { "type": "MultiPolygon", "coordinates": [ [ [ [ -0.913212, 60.820076 ], [ -0.913123, 60.820185 ], [ -0.913415, 60.820205 ], [ -0.913351, 60.820104 ], [ -0.913212, 60.820076 ] ] ] ] } },
{ "type": "Feature", "properties": { "NAME": "Hermaness" }, "geometry": { "type": "MultiPolygon", "coordinates": [ [ [ [ -0.912752, 60.819977 ], [ -0.91261, 60.820041 ], [ -0.912644, 60.820098 ], [ -0.912859, 60.820046 ], [ -0.912752, 60.819977 ] ] ] ] } },
{ "type": "Feature", "properties": { "NAME": "Hermaness" }, "geometry": { "type": "MultiPolygon", "coordinates": [ [ [ [ -0.912413, 60.81937 ], [ -0.912298, 60.819547 ], [ -0.912489, 60.819638 ], [ -0.912601, 60.81958 ], [ -0.912413, 60.81937 ] ] ] ] } },
{ "type": "Feature", "properties": { "NAME": "Hermaness" }, "geometry": { "type": "MultiPolygon", "coordinates": [ [ [ [ -0.873138, 60.818388 ], [ -0.873339, 60.818369 ], [ -0.873334, 60.818357 ], [ -0.873138, 60.818388 ] ] ] ] } },
{ "type": "Feature", "properties": { "NAME": "Hermaness" }, "geometry": { "type": "MultiPolygon", "coordinates": [ [ [ [ -0.914322, 60.818415 ], [ -0.914246, 60.81851 ], [ -0.914366, 60.818543 ], [ -0.914424, 60.818457 ], [ -0.914322, 60.818415 ] ] ] ] } },
{ "type": "Feature", "properties": { "NAME": "Hermaness" }, "geometry": { "type": "MultiPolygon", "coordinates": [ [ [ [ -0.927507, 60.817738 ], [ -0.927343, 60.817891 ], [ -0.927609, 60.817962 ], [ -0.92766, 60.817879 ], [ -0.927507, 60.817738 ] ] ] ] } },
{ "type": "Feature", "properties": { "NAME": "Hermaness" }, "geometry": { "type": "MultiPolygon", "coordinates": [ [ [ [ -0.925007, 60.816891 ], [ -0.924981, 60.81731 ], [ -0.925065, 60.817334 ], [ -0.925338, 60.817003 ], [ -0.925007, 60.816891 ] ] ] ] } },
{ "type": "Feature", "properties": { "NAME": "Hermaness" }, "geometry": { "type": "MultiPolygon", "coordinates": [ [ [ [ -0.924704, 60.816662 ], [ -0.924305, 60.816754 ], [ -0.924093, 60.816889 ], [ -0.924027, 60.817055 ], [ -0.924267, 60.817152 ], [ -0.924494, 60.81711 ], [ -0.924872, 60.816744 ], [ -0.924704, 60.816662 ] ] ] ] } },
{ "type": "Feature", "properties": { "NAME": "Hermaness" }, "geometry": { "type": "MultiPolygon", "coordinates": [ [ [ [ -0.92938, 60.81683 ], [ -0.929207, 60.8169 ], [ -0.929183, 60.817073 ], [ -0.929448, 60.816968 ], [ -0.92938, 60.81683 ] ] ] ] } },
{ "type": "Feature", "properties": { "NAME": "Hermaness" }, "geometry": { "type": "MultiPolygon", "coordinates": [ [ [ [ -0.914492, 60.816642 ], [ -0.914342, 60.816754 ], [ -0.914455, 60.816841 ], [ -0.914622, 60.816739 ], [ -0.914492, 60.816642 ] ] ] ] } },
{ "type": "Feature", "properties": { "NAME": "Hermaness" }, "geometry": { "type": "MultiPolygon", "coordinates": [ [ [ [ -0.915143, 60.816287 ], [ -0.91482, 60.816493 ], [ -0.914979, 60.816652 ], [ -0.915178, 60.816514 ], [ -0.915143, 60.816287 ] ] ] ] } },
{ "type": "Feature", "properties": { "NAME": "Hermaness" }, "geometry": { "type": "MultiPolygon", "coordinates": [ [ [ [ -0.916961, 60.816403 ], [ -0.916866, 60.81651 ], [ -0.917072, 60.816547 ], [ -0.917075, 60.816443 ], [ -0.916961, 60.816403 ] ] ] ] } },
{ "type": "Feature", "properties": { "NAME": "Hermaness" }, "geometry": { "type": "MultiPolygon", "coordinates": [ [ [ [ -0.918403, 60.815742 ], [ -0.918363, 60.816203 ], [ -0.91859, 60.816339 ], [ -0.918695, 60.816283 ], [ -0.918597, 60.815946 ], [ -0.918403, 60.815742 ] ] ] ] } },
{ "type": "Feature", "properties": { "NAME": "Hermaness" }, "geometry": { "type": "MultiPolygon", "coordinates": [ [ [ [ -0.934352, 60.816138 ], [ -0.933694, 60.816156 ], [ -0.933524, 60.816318 ], [ -0.934038, 60.816427 ], [ -0.934588, 60.816375 ], [ -0.935091, 60.816459 ], [ -0.934964, 60.816244 ], [ -0.934352, 60.816138 ] ] ] ] } },
{ "type": "Feature", "properties": { "NAME": "Hermaness" }, "geometry": { "type": "MultiPolygon", "coordinates": [ [ [ [ -0.920465, 60.815827 ], [ -0.920366, 60.815871 ], [ -0.92051, 60.81628 ], [ -0.920706, 60.816085 ], [ -0.920465, 60.815827 ] ] ] ] } },
{ "type": "Feature", "properties": { "NAME": "Hermaness" }, "geometry": { "type": "MultiPolygon", "coordinates": [ [ [ [ -0.931477, 60.815957 ], [ -0.931267, 60.816056 ], [ -0.931327, 60.81625 ], [ -0.931572, 60.816041 ], [ -0.931477, 60.815957 ] ] ] ] } },
{ "type": "Feature", "properties": { "NAME": "Hermaness" }, "geometry": { "type": "MultiPolygon", "coordinates": [ [ [ [ -0.931778, 60.816075 ], [ -0.931635, 60.816161 ], [ -0.931797, 60.816215 ], [ -0.93194, 60.816136 ], [ -0.931778, 60.816075 ] ] ] ] } },
{ "type": "Feature", "properties": { "NAME": "Hermaness" }, "geometry": { "type": "MultiPolygon", "coordinates": [ [ [ [ -0.918963, 60.81591 ], [ -0.918917, 60.81602 ], [ -0.919026, 60.816051 ], [ -0.919143, 60.816001 ], [ -0.918963, 60.81591 ] ] ] ] } },
{ "type": "Feature", "properties": { "NAME": "Hermaness" }, "geometry": { "type": "MultiPolygon", "coordinates": [ [ [ [ -0.932781, 60.815387 ], [ -0.932331, 60.815556 ], [ -0.93237, 60.815678 ], [ -0.932827, 60.816027 ], [ -0.933198, 60.816048 ], [ -0.93357, 60.815869 ], [ -0.933545, 60.815694 ], [ -0.932781, 60.815387 ] ] ] ] } },
{ "type": "Feature", "properties": { "NAME": "Hermaness" }, "geometry": { "type": "MultiPolygon", "coordinates": [ [ [ [ -0.931711, 60.815697 ], [ -0.931563, 60.815755 ], [ -0.931626, 60.815884 ], [ -0.931768, 60.815822 ], [ -0.931711, 60.815697 ] ] ] ] } },
{ "type": "Feature", "properties": { "NAME": "Hermaness" }, "geometry": { "type": "MultiPolygon", "coordinates": [ [ [ [ -0.935874, 60.813762 ], [ -0.936266, 60.813858 ], [ -0.936159, 60.813731 ], [ -0.935874, 60.813762 ] ] ] ] } },
{ "type": "Feature", "properties": { "NAME": "Hermaness" }, "geometry": { "type": "MultiPolygon", "coordinates": [ [ [ [ -0.939169, 60.812768 ], [ -0.938312, 60.812942 ], [ -0.937754, 60.813177 ], [ -0.938265, 60.813584 ], [ -0.939264, 60.813529 ], [ -0.939612, 60.812876 ], [ -0.939511, 60.8128 ], [ -0.939169, 60.812768 ] ] ] ] } },
{ "type": "Feature", "properties": { "NAME": "Hermaness" }, "geometry": { "type": "MultiPolygon", "coordinates": [ [ [ [ -0.930096, 60.810856 ], [ -0.930205, 60.810924 ], [ -0.93031, 60.810866 ], [ -0.930096, 60.810856 ] ] ] ] } },
{ "type": "Feature", "properties": { "NAME": "Hermaness" }, "geometry": { "type": "MultiPolygon", "coordinates": [ [ [ [ -0.932552, 60.810405 ], [ -0.932362, 60.810438 ], [ -0.932436, 60.810514 ], [ -0.932601, 60.810465 ], [ -0.932552, 60.810405 ] ] ] ] } },
{ "type": "Feature", "properties": { "NAME": "Hermaness" }, "geometry": { "type": "MultiPolygon", "coordinates": [ [ [ [ -0.92711, 60.810186 ], [ -0.926936, 60.810252 ], [ -0.927011, 60.810324 ], [ -0.927219, 60.810275 ], [ -0.92711, 60.810186 ] ] ] ] } },
{ "type": "Feature", "properties": { "NAME": "Hermaness" }, "geometry": { "type": "MultiPolygon", "coordinates": [ [ [ [ -0.925713, 60.809813 ], [ -0.925684, 60.80991 ], [ -0.9259, 60.809882 ], [ -0.925902, 60.809832 ], [ -0.925713, 60.809813 ] ] ] ] } },
{ "type": "Feature", "properties": { "NAME": "Noss" }, "geometry": { "type": "MultiPolygon", "coordinates": [ [ [ [ -1.030366, 60.139574 ], [ -1.030394, 60.139692 ], [ -1.030588, 60.139794 ], [ -1.030538, 60.139658 ], [ -1.030366, 60.139574 ] ] ] ] } },
{ "type": "Feature", "properties": { "NAME": "Rum" }, "geometry": { "type": "MultiPolygon", "coordinates": [ [ [ [ -6.371668, 56.954633 ], [ -6.37177, 56.954661 ], [ -6.371812, 56.954601 ], [ -6.371668, 56.954633 ] ] ] ] } },
{ "type": "Feature", "properties": { "NAME": "Rum" }, "geometry": { "type": "MultiPolygon", "coordinates": [ [ [ [ -6.263918, 56.95885 ], [ -6.264095, 56.958884 ], [ -6.264124, 56.958784 ], [ -6.263979, 56.958668 ], [ -6.263918, 56.95885 ] ] ] ] } },
{ "type": "Feature", "properties": { "NAME": "Rum" }, "geometry": { "type": "MultiPolygon", "coordinates": [ [ [ [ -6.370886, 56.957228 ], [ -6.371262, 56.957139 ], [ -6.370848, 56.957113 ], [ -6.370579, 56.957208 ], [ -6.370886, 56.957228 ] ] ] ] } },
{ "type": "Feature", "properties": { "NAME": "Rum" }, "geometry": { "type": "MultiPolygon", "coordinates": [ [ [ [ -6.370368, 56.957301 ], [ -6.370479, 56.95727 ], [ -6.370377, 56.957242 ], [ -6.370368, 56.957301 ] ] ] ] } },
{ "type": "Feature", "properties": { "NAME": "Rum" }, "geometry": { "type": "MultiPolygon", "coordinates": [ [ [ [ -6.37024, 56.957687 ], [ -6.370504, 56.957624 ], [ -6.370386, 56.957597 ], [ -6.37024, 56.957687 ] ] ] ] } },
{ "type": "Feature", "properties": { "NAME": "Rum" }, "geometry": { "type": "MultiPolygon", "coordinates": [ [ [ [ -6.259746, 56.961384 ], [ -6.259592, 56.961691 ], [ -6.259706, 56.961826 ], [ -6.259852, 56.961659 ], [ -6.259746, 56.961384 ] ] ] ] } },
{ "type": "Feature", "properties": { "NAME": "Rum" }, "geometry": { "type": "MultiPolygon", "coordinates": [ [ [ [ -6.370793, 56.95819 ], [ -6.370907, 56.958177 ], [ -6.370859, 56.958124 ], [ -6.370793, 56.95819 ] ] ] ] } },
{ "type": "Feature", "properties": { "NAME": "Rum" }, "geometry": { "type": "MultiPolygon", "coordinates": [ [ [ [ -6.259606, 56.962747 ], [ -6.259354, 56.96285 ], [ -6.259599, 56.962972 ], [ -6.259829, 56.962757 ], [ -6.259606, 56.962747 ] ] ] ] } },
{ "type": "Feature", "properties": { "NAME": "Ben Lawers" }, "geometry": { "type": "MultiPolygon", "coordinates": [ [ [ [ -4.275955, 56.528659 ], [ -4.27504, 56.52543 ], [ -4.274931, 56.523613 ], [ -4.275298, 56.523222 ], [ -4.275361, 56.522962 ], [ -4.275142, 56.522512 ], [ -4.274697, 56.522249 ], [ -4.274247, 56.521587 ], [ -4.273363, 56.520985 ], [ -4.272689, 56.520668 ], [ -4.272411, 56.520336 ], [ -4.272515, 56.519636 ], [ -4.273131, 56.518863 ], [ -4.273528, 56.518541 ], [ -4.272938, 56.51786 ], [ -4.271609, 56.516988 ], [ -4.27105, 56.51672 ], [ -4.2707, 56.516624 ], [ -4.269259, 56.516533 ], [ -4.267407, 56.515769 ], [ -4.266962, 56.515408 ], [ -4.266876, 56.514963 ], [ -4.266683, 56.514728 ], [ -4.266131, 56.514457 ], [ -4.264734, 56.514102 ], [ -4.263738, 56.513608 ], [ -4.263132, 56.512213 ], [ -4.262534, 56.511602 ], [ -4.261309, 56.510926 ], [ -4.260218, 56.510159 ], [ -4.25892, 56.509907 ], [ -4.257445, 56.509367 ], [ -4.255559, 56.509237 ], [ -4.253999, 56.509294 ], [ -4.253562, 56.509396 ], [ -4.252921, 56.509765 ], [ -4.250004, 56.509893 ], [ -4.246162, 56.51048 ], [ -4.244133, 56.510677 ], [ -4.242504, 56.510725 ], [ -4.24185, 56.510595 ], [ -4.241758, 56.510475 ], [ -4.24182, 56.510098 ], [ -4.242966, 56.509334 ], [ -4.24459, 56.508045 ], [ -4.244594, 56.50782 ], [ -4.244385, 56.507636 ], [ -4.240605, 56.508864 ], [ -4.230955, 56.511694 ], [ -4.235722, 56.51504 ], [ -4.23099, 56.516129 ], [ -4.228139, 56.516923 ], [ -4.226543, 56.517233 ], [ -4.2202, 56.519323 ], [ -4.216512, 56.520754 ], [ -4.21705, 56.521132 ], [ -4.215779, 56.522033 ], [ -4.209732, 56.523648 ], [ -4.206774, 56.524557 ], [ -4.206421, 56.52407 ], [ -4.204951, 56.524063 ], [ -4.202876, 56.524448 ], [ -4.195578, 56.526999 ], [ -4.191398, 56.528087 ], [ -4.186875, 56.528613 ], [ -4.17866, 56.529914 ], [ -4.179003, 56.530471 ], [ -4.1782, 56.530555 ], [ -4.177052, 56.530956 ], [ -4.175662, 56.531491 ], [ -4.173714, 56.532478 ], [ -4.172996, 56.532957 ], [ -4.172842, 56.533836 ], [ -4.172087, 56.534069 ], [ -4.169582, 56.535701 ], [ -4.164975, 56.538782 ], [ -4.157642, 56.543879 ], [ -4.155713, 56.543951 ], [ -4.155464, 56.543723 ], [ -4.154693, 56.543418 ], [ -4.154657, 56.543319 ], [ -4.147487, 56.544034 ], [ -4.14432, 56.544177 ], [ -4.144164, 56.544348 ], [ -4.141321, 56.545479 ], [ -4.141343, 56.54591 ], [ -4.140977, 56.546483 ], [ -4.136698, 56.548387 ], [ -4.136255, 56.548413 ], [ -4.135346, 56.549365 ], [ -4.134241, 56.551027 ], [ -4.132769, 56.552888 ], [ -4.131512, 56.555028 ], [ -4.127658, 56.558821 ], [ -4.128042, 56.559187 ], [ -4.129123, 56.559851 ], [ -4.129897, 56.560549 ], [ -4.131894, 56.561717 ], [ -4.132021, 56.561429 ], [ -4.132757, 56.561436 ], [ -4.133725, 56.561868 ], [ -4.134844, 56.562672 ], [ -4.135709, 56.562921 ], [ -4.136721, 56.563657 ], [ -4.136981, 56.56405 ], [ -4.137791, 56.564409 ], [ -4.139394, 56.564837 ], [ -4.141349, 56.565771 ], [ -4.142485, 56.565883 ], [ -4.143389, 56.566122 ], [ -4.143914, 56.566442 ], [ -4.144966, 56.566775 ], [ -4.145667, 56.567851 ], [ -4.14832, 56.568615 ], [ -4.155543, 56.570393 ], [ -4.159953, 56.570729 ], [ -4.168053, 56.570806 ], [ -4.17429, 56.570712 ], [ -4.178957, 56.57044 ], [ -4.179161, 56.570648 ], [ -4.181526, 56.570395 ], [ -4.181761, 56.571132 ], [ -4.182599, 56.571033 ], [ -4.185548, 56.570288 ], [ -4.187017, 56.569769 ], [ -4.187804, 56.569437 ], [ -4.187994, 56.568735 ], [ -4.193818, 56.568568 ], [ -4.197034, 56.569761 ], [ -4.197959, 56.56983 ], [ -4.198685, 56.569775 ], [ -4.199442, 56.569592 ], [ -4.201323, 56.568923 ], [ -4.202444, 56.568416 ], [ -4.204982, 56.566528 ], [ -4.20679, 56.566601 ], [ -4.20717, 56.566531 ], [ -4.208094, 56.565731 ], [ -4.208311, 56.565305 ], [ -4.208679, 56.56493 ], [ -4.211131, 56.563543 ], [ -4.212325, 56.562341 ], [ -4.212556, 56.561873 ], [ -4.212865, 56.561617 ], [ -4.213593, 56.561354 ], [ -4.214808, 56.5611 ], [ -4.215534, 56.560802 ], [ -4.216856, 56.559617 ], [ -4.217447, 56.559214 ], [ -4.217749, 56.558297 ], [ -4.217637, 56.557496 ], [ -4.21781, 56.557135 ], [ -4.21907, 56.556005 ], [ -4.219339, 56.555625 ], [ -4.221567, 56.55567 ], [ -4.222583, 56.554168 ], [ -4.22283, 56.553405 ], [ -4.222791, 56.553169 ], [ -4.221796, 56.55274 ], [ -4.220758, 56.552127 ], [ -4.220552, 56.54911 ], [ -4.219993, 56.547871 ], [ -4.22003, 56.547522 ], [ -4.220775, 56.54607 ], [ -4.220923, 56.54496 ], [ -4.224806, 56.544207 ], [ -4.225728, 56.543845 ], [ -4.226716, 56.543778 ], [ -4.228262, 56.543317 ], [ -4.229355, 56.542783 ], [ -4.229548, 56.542592 ], [ -4.229525, 56.54203 ], [ -4.229655, 56.541803 ], [ -4.231472, 56.539508 ], [ -4.232108, 56.538984 ], [ -4.233974, 56.538152 ], [ -4.234517, 56.537595 ], [ -4.235934, 56.536532 ], [ -4.237057, 56.535994 ], [ -4.237438, 56.535923 ], [ -4.23813, 56.536021 ], [ -4.23998, 56.537087 ], [ -4.24105, 56.537843 ], [ -4.241931, 56.537873 ], [ -4.244372, 56.537413 ], [ -4.246271, 56.53732 ], [ -4.24654, 56.537269 ], [ -4.246882, 56.537044 ], [ -4.247509, 56.53702 ], [ -4.247678, 56.537758 ], [ -4.247368, 56.538179 ], [ -4.247675, 56.538775 ], [ -4.247656, 56.539515 ], [ -4.24813, 56.539902 ], [ -4.248161, 56.540041 ], [ -4.249219, 56.540245 ], [ -4.253271, 56.540749 ], [ -4.262378, 56.537133 ], [ -4.265127, 56.536735 ], [ -4.272181, 56.539409 ], [ -4.274364, 56.540959 ], [ -4.276455, 56.546306 ], [ -4.278529, 56.546747 ], [ -4.282311, 56.54711 ], [ -4.284052, 56.54747 ], [ -4.28458, 56.548984 ], [ -4.286296, 56.549118 ], [ -4.288433, 56.548558 ], [ -4.28961, 56.547298 ], [ -4.289477, 56.546164 ], [ -4.289544, 56.545183 ], [ -4.287882, 56.545162 ], [ -4.287145, 56.544681 ], [ -4.28677, 56.544191 ], [ -4.286514, 56.54333 ], [ -4.285347, 56.541286 ], [ -4.28329, 56.539244 ], [ -4.282609, 56.538868 ], [ -4.281955, 56.537735 ], [ -4.281466, 56.53731 ], [ -4.280759, 56.536946 ], [ -4.280559, 56.536416 ], [ -4.280276, 56.536095 ], [ -4.279879, 56.535894 ], [ -4.278847, 56.535574 ], [ -4.278161, 56.534966 ], [ -4.277787, 56.534477 ], [ -4.276633, 56.532104 ], [ -4.275955, 56.528659 ] ] ] ] } },
{ "type": "Feature", "properties": { "NAME": "Ben Lawers" }, "geometry": { "type": "MultiPolygon", "coordinates": [ [ [ [ -4.324043, 56.492462 ], [ -4.323495, 56.4922 ], [ -4.323253, 56.491678 ], [ -4.32288, 56.491368 ], [ -4.322647, 56.491261 ], [ -4.322223, 56.491314 ], [ -4.322006, 56.491206 ], [ -4.321505, 56.491314 ], [ -4.321344, 56.491191 ], [ -4.320864, 56.491116 ], [ -4.320489, 56.490529 ], [ -4.319929, 56.490339 ], [ -4.319582, 56.490069 ], [ -4.313844, 56.490692 ], [ -4.310044, 56.489218 ], [ -4.308313, 56.488834 ], [ -4.30797, 56.488647 ], [ -4.303698, 56.488949 ], [ -4.303563, 56.488659 ], [ -4.299808, 56.489257 ], [ -4.298722, 56.489773 ], [ -4.289546, 56.492349 ], [ -4.288218, 56.49226 ], [ -4.287137, 56.492613 ], [ -4.28648, 56.492674 ], [ -4.285594, 56.492609 ], [ -4.284924, 56.492223 ], [ -4.28437, 56.492046 ], [ -4.280262, 56.493146 ], [ -4.278447, 56.493756 ], [ -4.27783, 56.494255 ], [ -4.276887, 56.494704 ], [ -4.276672, 56.49552 ], [ -4.276213, 56.496212 ], [ -4.274971, 56.496332 ], [ -4.273912, 56.496563 ], [ -4.268484, 56.497912 ], [ -4.265821, 56.498409 ], [ -4.264586, 56.498796 ], [ -4.263887, 56.499101 ], [ -4.263028, 56.499884 ], [ -4.262225, 56.500346 ], [ -4.262285, 56.500391 ], [ -4.256707, 56.503417 ], [ -4.255833, 56.503715 ], [ -4.254516, 56.504369 ], [ -4.252954, 56.504865 ], [ -4.252436, 56.504744 ], [ -4.244644, 56.507569 ], [ -4.244919, 56.507901 ], [ -4.244684, 56.508242 ], [ -4.243626, 56.508978 ], [ -4.243219, 56.509399 ], [ -4.242065, 56.510158 ], [ -4.242065, 56.510485 ], [ -4.242225, 56.510547 ], [ -4.243838, 56.510561 ], [ -4.246066, 56.510347 ], [ -4.249902, 56.509745 ], [ -4.252804, 56.509627 ], [ -4.253412, 56.509268 ], [ -4.254523, 56.509107 ], [ -4.256333, 56.50915 ], [ -4.257598, 56.509269 ], [ -4.259005, 56.509786 ], [ -4.260356, 56.510034 ], [ -4.261342, 56.510755 ], [ -4.262296, 56.511259 ], [ -4.263137, 56.511841 ], [ -4.263479, 56.512313 ], [ -4.263884, 56.513501 ], [ -4.265059, 56.514077 ], [ -4.266254, 56.514349 ], [ -4.266858, 56.514577 ], [ -4.267133, 56.514898 ], [ -4.267218, 56.515342 ], [ -4.267754, 56.515756 ], [ -4.269465, 56.516431 ], [ -4.270766, 56.516494 ], [ -4.271125, 56.516575 ], [ -4.272302, 56.517195 ], [ -4.273434, 56.518043 ], [ -4.273708, 56.518342 ], [ -4.273744, 56.518624 ], [ -4.273238, 56.519025 ], [ -4.272799, 56.519576 ], [ -4.272618, 56.520177 ], [ -4.272755, 56.52049 ], [ -4.273993, 56.52113 ], [ -4.27464, 56.521736 ], [ -4.274945, 56.522197 ], [ -4.27536, 56.522405 ], [ -4.275602, 56.523089 ], [ -4.275526, 56.523292 ], [ -4.275201, 56.523541 ], [ -4.280626, 56.523326 ], [ -4.281047, 56.523499 ], [ -4.282588, 56.524494 ], [ -4.282988, 56.524987 ], [ -4.283507, 56.526091 ], [ -4.283576, 56.526567 ], [ -4.283279, 56.527777 ], [ -4.283661, 56.529339 ], [ -4.286147, 56.533045 ], [ -4.286904, 56.533326 ], [ -4.287544, 56.533701 ], [ -4.288597, 56.534795 ], [ -4.289283, 56.53592 ], [ -4.290529, 56.538851 ], [ -4.290654, 56.539554 ], [ -4.290507, 56.539852 ], [ -4.289977, 56.540612 ], [ -4.289194, 56.541263 ], [ -4.287067, 56.542166 ], [ -4.286141, 56.542473 ], [ -4.286715, 56.543308 ], [ -4.287065, 56.544315 ], [ -4.287435, 56.544724 ], [ -4.288012, 56.545078 ], [ -4.289578, 56.545081 ], [ -4.290933, 56.543174 ], [ -4.291454, 56.543272 ], [ -4.291893, 56.543225 ], [ -4.294629, 56.542255 ], [ -4.295753, 56.541184 ], [ -4.296387, 56.539087 ], [ -4.295564, 56.537481 ], [ -4.294505, 56.536455 ], [ -4.293907, 56.534161 ], [ -4.292935, 56.53355 ], [ -4.293304, 56.533226 ], [ -4.293547, 56.532099 ], [ -4.294327, 56.53083 ], [ -4.29862, 56.528671 ], [ -4.302423, 56.526379 ], [ -4.300324, 56.525115 ], [ -4.299802, 56.524537 ], [ -4.299644, 56.524123 ], [ -4.300156, 56.523086 ], [ -4.301179, 56.521696 ], [ -4.30225, 56.519644 ], [ -4.303412, 56.519085 ], [ -4.306376, 56.518295 ], [ -4.310467, 56.515673 ], [ -4.311968, 56.515596 ], [ -4.312708, 56.515387 ], [ -4.314828, 56.515298 ], [ -4.31545, 56.515336 ], [ -4.31784, 56.51605 ], [ -4.319161, 56.515927 ], [ -4.319752, 56.516185 ], [ -4.321223, 56.515619 ], [ -4.322535, 56.51535 ], [ -4.323725, 56.515254 ], [ -4.325154, 56.514738 ], [ -4.325124, 56.513515 ], [ -4.325312, 56.513184 ], [ -4.327298, 56.513129 ], [ -4.327482, 56.513044 ], [ -4.327512, 56.512857 ], [ -4.327354, 56.512347 ], [ -4.328065, 56.51169 ], [ -4.328414, 56.511562 ], [ -4.329, 56.511621 ], [ -4.329117, 56.511532 ], [ -4.329083, 56.511345 ], [ -4.329682, 56.511177 ], [ -4.329456, 56.510888 ], [ -4.328596, 56.510335 ], [ -4.328586, 56.510093 ], [ -4.329057, 56.509447 ], [ -4.329372, 56.509273 ], [ -4.329488, 56.509096 ], [ -4.329674, 56.509071 ], [ -4.330104, 56.50791 ], [ -4.329875, 56.507539 ], [ -4.32956, 56.507381 ], [ -4.329286, 56.506607 ], [ -4.328739, 56.506399 ], [ -4.328193, 56.50603 ], [ -4.327877, 56.505426 ], [ -4.327421, 56.505177 ], [ -4.327216, 56.504885 ], [ -4.327974, 56.503812 ], [ -4.328238, 56.503641 ], [ -4.327331, 56.502822 ], [ -4.327953, 56.502593 ], [ -4.328606, 56.502214 ], [ -4.329448, 56.502041 ], [ -4.329964, 56.50162 ], [ -4.329709, 56.501438 ], [ -4.329462, 56.501382 ], [ -4.329573, 56.5012 ], [ -4.328679, 56.500963 ], [ -4.328644, 56.500836 ], [ -4.328465, 56.500787 ], [ -4.328039, 56.500431 ], [ -4.327192, 56.500169 ], [ -4.326491, 56.499751 ], [ -4.326251, 56.499789 ], [ -4.325931, 56.499656 ], [ -4.326016, 56.499497 ], [ -4.325829, 56.499414 ], [ -4.325781, 56.499028 ], [ -4.325262, 56.49827 ], [ -4.324476, 56.498041 ], [ -4.323032, 56.498147 ], [ -4.322286, 56.497786 ], [ -4.322271, 56.49729 ], [ -4.322485, 56.49719 ], [ -4.322565, 56.496683 ], [ -4.323283, 56.496251 ], [ -4.323948, 56.495123 ], [ -4.323947, 56.494704 ], [ -4.324255, 56.494475 ], [ -4.324225, 56.494109 ], [ -4.323918, 56.493575 ], [ -4.324312, 56.493028 ], [ -4.324043, 56.492462 ] ] ] ] } },
{ "type": "Feature", "properties": { "NAME": "Staffa" }, "geometry": { "type": "MultiPolygon", "coordinates": [ [ [ [ -6.33995, 56.440334 ], [ -6.339687, 56.4404 ], [ -6.339411, 56.440616 ], [ -6.339466, 56.440681 ], [ -6.339654, 56.440676 ], [ -6.339882, 56.440534 ], [ -6.33995, 56.440334 ] ] ] ] } },
{ "type": "Feature", "properties": { "NAME": "Staffa" }, "geometry": { "type": "MultiPolygon", "coordinates": [ [ [ [ -6.346758, 56.43537 ], [ -6.34631, 56.435586 ], [ -6.345734, 56.435681 ], [ -6.345687, 56.435621 ], [ -6.346278, 56.435427 ], [ -6.34608, 56.435212 ], [ -6.345808, 56.435141 ], [ -6.345212, 56.435629 ], [ -6.344889, 56.435633 ], [ -6.344693, 56.435596 ], [ -6.344506, 56.435062 ], [ -6.344116, 56.434936 ], [ -6.343454, 56.435319 ], [ -6.343234, 56.435332 ], [ -6.34321, 56.435242 ], [ -6.344085, 56.43478 ], [ -6.343852, 56.434642 ], [ -6.343198, 56.434978 ], [ -6.343064, 56.434978 ], [ -6.343464, 56.434704 ], [ -6.343415, 56.434515 ], [ -6.343245, 56.434495 ], [ -6.343104, 56.434626 ], [ -6.34266, 56.434329 ], [ -6.342678, 56.433832 ], [ -6.34258, 56.433818 ], [ -6.342198, 56.43417 ], [ -6.342147, 56.434112 ], [ -6.342389, 56.433936 ], [ -6.34235, 56.433747 ], [ -6.34211, 56.433966 ], [ -6.341768, 56.433961 ], [ -6.341618, 56.433903 ], [ -6.341803, 56.433733 ], [ -6.34149, 56.433584 ], [ -6.342233, 56.433516 ], [ -6.342063, 56.433425 ], [ -6.342621, 56.433128 ], [ -6.342514, 56.432989 ], [ -6.343023, 56.432937 ], [ -6.343255, 56.432778 ], [ -6.343782, 56.432675 ], [ -6.344078, 56.432484 ], [ -6.344262, 56.432301 ], [ -6.344231, 56.432168 ], [ -6.343994, 56.432147 ], [ -6.343342, 56.432342 ], [ -6.343217, 56.432245 ], [ -6.343575, 56.432132 ], [ -6.34397, 56.431845 ], [ -6.344026, 56.431673 ], [ -6.343808, 56.431712 ], [ -6.343483, 56.431522 ], [ -6.342657, 56.431719 ], [ -6.342044, 56.431374 ], [ -6.341806, 56.431341 ], [ -6.34135, 56.43142 ], [ -6.341409, 56.431274 ], [ -6.341208, 56.431286 ], [ -6.340533, 56.431679 ], [ -6.340199, 56.43201 ], [ -6.339826, 56.432128 ], [ -6.339245, 56.432682 ], [ -6.339263, 56.432837 ], [ -6.339538, 56.432853 ], [ -6.339225, 56.433099 ], [ -6.339058, 56.433563 ], [ -6.338713, 56.43379 ], [ -6.339135, 56.434174 ], [ -6.33882, 56.434332 ], [ -6.338789, 56.434191 ], [ -6.338261, 56.434146 ], [ -6.33796, 56.434237 ], [ -6.338046, 56.434322 ], [ -6.33824, 56.434298 ], [ -6.338373, 56.434529 ], [ -6.338146, 56.434999 ], [ -6.33851, 56.43507 ], [ -6.338756, 56.435369 ], [ -6.338581, 56.435623 ], [ -6.338059, 56.435898 ], [ -6.338, 56.436177 ], [ -6.337851, 56.436204 ], [ -6.337766, 56.436387 ], [ -6.338297, 56.436856 ], [ -6.338299, 56.437071 ], [ -6.33795, 56.43707 ], [ -6.337779, 56.4369 ], [ -6.337552, 56.436971 ], [ -6.337607, 56.437116 ], [ -6.337068, 56.437114 ], [ -6.336818, 56.437308 ], [ -6.337215, 56.437666 ], [ -6.336967, 56.437818 ], [ -6.337144, 56.437912 ], [ -6.337051, 56.438353 ], [ -6.336896, 56.438463 ], [ -6.336949, 56.438528 ], [ -6.337263, 56.438551 ], [ -6.337112, 56.438691 ], [ -6.337887, 56.43884 ], [ -6.337769, 56.439005 ], [ -6.338336, 56.439057 ], [ -6.33833, 56.439133 ], [ -6.338044, 56.439084 ], [ -6.33802, 56.439408 ], [ -6.338201, 56.439532 ], [ -6.338205, 56.439835 ], [ -6.338637, 56.439971 ], [ -6.338934, 56.43991 ], [ -6.338504, 56.440127 ], [ -6.338814, 56.440481 ], [ -6.338893, 56.440512 ], [ -6.339012, 56.440428 ], [ -6.339216, 56.440488 ], [ -6.339928, 56.440152 ], [ -6.340225, 56.440096 ], [ -6.340077, 56.43993 ], [ -6.340204, 56.439842 ], [ -6.340653, 56.439797 ], [ -6.341153, 56.439594 ], [ -6.341458, 56.439344 ], [ -6.341595, 56.439348 ], [ -6.342034, 56.439115 ], [ -6.342367, 56.439103 ], [ -6.342661, 56.438765 ], [ -6.343663, 56.438247 ], [ -6.343807, 56.438049 ], [ -6.343755, 56.437992 ], [ -6.343379, 56.438013 ], [ -6.342762, 56.437789 ], [ -6.342786, 56.437603 ], [ -6.343849, 56.437284 ], [ -6.343949, 56.4371 ], [ -6.344443, 56.436781 ], [ -6.344826, 56.436616 ], [ -6.344892, 56.436727 ], [ -6.345032, 56.436697 ], [ -6.345289, 56.436428 ], [ -6.345691, 56.436229 ], [ -6.346319, 56.436224 ], [ -6.34615, 56.43607 ], [ -6.346437, 56.435724 ], [ -6.346866, 56.435503 ], [ -6.346911, 56.43543 ], [ -6.346758, 56.43537 ] ] ] ] } },
{ "type": "Feature", "properties": { "NAME": "Staffa" }, "geometry": { "type": "MultiPolygon", "coordinates": [ [ [ [ -6.344949, 56.43914 ], [ -6.344904, 56.439209 ], [ -6.345033, 56.439203 ], [ -6.344949, 56.43914 ] ] ] ] } },
{ "type": "Feature", "properties": { "NAME": "Staffa" }, "geometry": { "type": "MultiPolygon", "coordinates": [ [ [ [ -6.345096, 56.439072 ], [ -6.345024, 56.438991 ], [ -6.34489, 56.439037 ], [ -6.344951, 56.439071 ], [ -6.345096, 56.439072 ] ] ] ] } },
{ "type": "Feature", "properties": { "NAME": "Staffa" }, "geometry": { "type": "MultiPolygon", "coordinates": [ [ [ [ -6.342976, 56.438959 ], [ -6.342843, 56.438961 ], [ -6.342787, 56.43903 ], [ -6.342915, 56.439038 ], [ -6.342976, 56.438959 ] ] ] ] } },
{ "type": "Feature", "properties": { "NAME": "Staffa" }, "geometry": { "type": "MultiPolygon", "coordinates": [ [ [ [ -6.336744, 56.438307 ], [ -6.3366, 56.43831 ], [ -6.336609, 56.438408 ], [ -6.336753, 56.438387 ], [ -6.336744, 56.438307 ] ] ] ] } },
{ "type": "Feature", "properties": { "NAME": "Staffa" }, "geometry": { "type": "MultiPolygon", "coordinates": [ [ [ [ -6.346794, 56.436302 ], [ -6.346911, 56.436281 ], [ -6.346959, 56.436217 ], [ -6.346793, 56.436222 ], [ -6.346794, 56.436302 ] ] ] ] } },
{ "type": "Feature", "properties": { "NAME": "Staffa" }, "geometry": { "type": "MultiPolygon", "coordinates": [ [ [ [ -6.338434, 56.435256 ], [ -6.338091, 56.435398 ], [ -6.33806, 56.435756 ], [ -6.338265, 56.435701 ], [ -6.338535, 56.435473 ], [ -6.338575, 56.435312 ], [ -6.338434, 56.435256 ] ] ] ] } },
{ "type": "Feature", "properties": { "NAME": "Staffa" }, "geometry": { "type": "MultiPolygon", "coordinates": [ [ [ [ -6.345065, 56.435208 ], [ -6.344781, 56.43522 ], [ -6.344789, 56.4354 ], [ -6.345133, 56.435282 ], [ -6.345065, 56.435208 ] ] ] ] } },
{ "type": "Feature", "properties": { "NAME": "Staffa" }, "geometry": { "type": "MultiPolygon", "coordinates": [ [ [ [ -6.353226, 56.432595 ], [ -6.353087, 56.432587 ], [ -6.352893, 56.432717 ], [ -6.353035, 56.432851 ], [ -6.353224, 56.432787 ], [ -6.353226, 56.432595 ] ] ] ] } },
{ "type": "Feature", "properties": { "NAME": "Staffa" }, "geometry": { "type": "MultiPolygon", "coordinates": [ [ [ [ -6.350803, 56.432651 ], [ -6.35063, 56.432626 ], [ -6.350631, 56.43273 ], [ -6.350795, 56.432739 ], [ -6.350803, 56.432651 ] ] ] ] } },
{ "type": "Feature", "properties": { "NAME": "Staffa" }, "geometry": { "type": "MultiPolygon", "coordinates": [ [ [ [ -6.343905, 56.432716 ], [ -6.34373, 56.432751 ], [ -6.34371, 56.432807 ], [ -6.343892, 56.43281 ], [ -6.343905, 56.432716 ] ] ] ] } },
{ "type": "Feature", "properties": { "NAME": "Staffa" }, "geometry": { "type": "MultiPolygon", "coordinates": [ [ [ [ -6.356921, 56.43198 ], [ -6.356373, 56.432137 ], [ -6.357294, 56.432237 ], [ -6.357288, 56.432026 ], [ -6.356921, 56.43198 ] ] ] ] } },
{ "type": "Feature", "properties": { "NAME": "Staffa" }, "geometry": { "type": "MultiPolygon", "coordinates": [ [ [ [ -6.339469, 56.43196 ], [ -6.339242, 56.432046 ], [ -6.339405, 56.43224 ], [ -6.338991, 56.432291 ], [ -6.338939, 56.432597 ], [ -6.339203, 56.432545 ], [ -6.339386, 56.432382 ], [ -6.339693, 56.432045 ], [ -6.339469, 56.43196 ] ] ] ] } },
{ "type": "Feature", "properties": { "NAME": "Staffa" }, "geometry": { "type": "MultiPolygon", "coordinates": [ [ [ [ -6.356454, 56.431623 ], [ -6.356386, 56.431568 ], [ -6.356267, 56.431595 ], [ -6.356342, 56.431661 ], [ -6.356454, 56.431623 ] ] ] ] } },
{ "type": "Feature", "properties": { "NAME": "Staffa" }, "geometry": { "type": "MultiPolygon", "coordinates": [ [ [ [ -6.356741, 56.431451 ], [ -6.3566, 56.431413 ], [ -6.356567, 56.431502 ], [ -6.356709, 56.431509 ], [ -6.356741, 56.431451 ] ] ] ] } },
{ "type": "Feature", "properties": { "NAME": "Staffa" }, "geometry": { "type": "MultiPolygon", "coordinates": [ [ [ [ -6.356665, 56.431206 ], [ -6.356408, 56.431292 ], [ -6.356451, 56.431378 ], [ -6.356881, 56.431279 ], [ -6.356665, 56.431206 ] ] ] ] } },
{ "type": "Feature", "properties": { "NAME": "Rum" }, "geometry": { "type": "MultiPolygon", "coordinates": [ [ [ [ -6.257388, 56.96329 ], [ -6.257264, 56.963434 ], [ -6.257532, 56.96347 ], [ -6.257514, 56.963317 ], [ -6.257388, 56.96329 ] ] ] ] } },
{ "type": "Feature", "properties": { "NAME": "Rum" }, "geometry": { "type": "MultiPolygon", "coordinates": [ [ [ [ -6.257516, 56.963187 ], [ -6.257633, 56.963489 ], [ -6.257741, 56.963503 ], [ -6.257699, 56.963639 ], [ -6.258083, 56.96368 ], [ -6.258197, 56.963456 ], [ -6.258032, 56.963165 ], [ -6.258226, 56.963136 ], [ -6.258216, 56.963046 ], [ -6.257958, 56.963019 ], [ -6.257762, 56.963179 ], [ -6.257516, 56.963187 ] ] ] ] } },
{ "type": "Feature", "properties": { "NAME": "Rum" }, "geometry": { "type": "MultiPolygon", "coordinates": [ [ [ [ -6.370237, 56.959904 ], [ -6.370271, 56.959984 ], [ -6.370431, 56.959947 ], [ -6.370352, 56.959905 ], [ -6.370237, 56.959904 ] ] ] ] } },
{ "type": "Feature", "properties": { "NAME": "Rum" }, "geometry": { "type": "MultiPolygon", "coordinates": [ [ [ [ -6.370879, 56.961595 ], [ -6.371051, 56.961652 ], [ -6.371221, 56.961556 ], [ -6.370919, 56.961513 ], [ -6.370879, 56.961595 ] ] ] ] } },
{ "type": "Feature", "properties": { "NAME": "Rum" }, "geometry": { "type": "MultiPolygon", "coordinates": [ [ [ [ -6.374101, 56.963232 ], [ -6.374051, 56.963296 ], [ -6.374279, 56.963275 ], [ -6.374251, 56.963244 ], [ -6.374101, 56.963232 ] ] ] ] } },
{ "type": "Feature", "properties": { "NAME": "Rum" }, "geometry": { "type": "MultiPolygon", "coordinates": [ [ [ [ -6.373901, 56.963356 ], [ -6.373933, 56.963413 ], [ -6.374142, 56.96337 ], [ -6.374016, 56.963347 ], [ -6.373901, 56.963356 ] ] ] ] } },
{ "type": "Feature", "properties": { "NAME": "Rum" }, "geometry": { "type": "MultiPolygon", "coordinates": [ [ [ [ -6.373348, 56.963622 ], [ -6.373724, 56.9636 ], [ -6.373729, 56.963568 ], [ -6.373348, 56.963622 ] ] ] ] } },
{ "type": "Feature", "properties": { "NAME": "Rum" }, "geometry": { "type": "MultiPolygon", "coordinates": [ [ [ [ -6.373846, 56.963654 ], [ -6.374051, 56.96358 ], [ -6.373959, 56.963565 ], [ -6.373846, 56.963654 ] ] ] ] } },
{ "type": "Feature", "properties": { "NAME": "Rum" }, "geometry": { "type": "MultiPolygon", "coordinates": [ [ [ [ -6.374403, 56.966086 ], [ -6.374408, 56.966126 ], [ -6.374769, 56.965978 ], [ -6.374403, 56.966086 ] ] ] ] } },
{ "type": "Feature", "properties": { "NAME": "Rum" }, "geometry": { "type": "MultiPolygon", "coordinates": [ [ [ [ -6.374116, 56.96624 ], [ -6.374092, 56.966308 ], [ -6.374274, 56.966315 ], [ -6.374265, 56.966239 ], [ -6.374116, 56.96624 ] ] ] ] } },
{ "type": "Feature", "properties": { "NAME": "Rum" }, "geometry": { "type": "MultiPolygon", "coordinates": [ [ [ [ -6.379429, 56.971508 ], [ -6.379309, 56.971472 ], [ -6.379124, 56.97151 ], [ -6.379153, 56.971549 ], [ -6.379429, 56.971508 ] ] ] ] } },
{ "type": "Feature", "properties": { "NAME": "Rum" }, "geometry": { "type": "MultiPolygon", "coordinates": [ [ [ [ -6.379355, 56.971934 ], [ -6.379462, 56.97193 ], [ -6.379431, 56.971877 ], [ -6.379355, 56.971934 ] ] ] ] } },
{ "type": "Feature", "properties": { "NAME": "Forvie" }, "geometry": { "type": "MultiPolygon", "coordinates": [ [ [ [ -2.01451, 57.359146 ], [ -2.016059, 57.35965 ], [ -2.016398, 57.359978 ], [ -2.016597, 57.35992 ], [ -2.015866, 57.359215 ], [ -2.014984, 57.358726 ], [ -2.012516, 57.358441 ], [ -2.012007, 57.358292 ], [ -2.009312, 57.35614 ], [ -2.008396, 57.355572 ], [ -2.007097, 57.355019 ], [ -2.006344, 57.354372 ], [ -2.005955, 57.353644 ], [ -2.005493, 57.351484 ], [ -2.004954, 57.351234 ], [ -2.00441, 57.351099 ], [ -2.002526, 57.35086 ], [ -2.000626, 57.350142 ], [ -1.999099, 57.349736 ], [ -1.998172, 57.349164 ], [ -1.99775, 57.34864 ], [ -1.99762, 57.348195 ], [ -1.997275, 57.347947 ], [ -1.996874, 57.347761 ], [ -1.996409, 57.347661 ], [ -1.994684, 57.347666 ], [ -1.994122, 57.347516 ], [ -1.993507, 57.347174 ], [ -1.99319, 57.346804 ], [ -1.993217, 57.346445 ], [ -1.992634, 57.346129 ], [ -1.993077, 57.345352 ], [ -1.993976, 57.344563 ], [ -1.994557, 57.344217 ], [ -1.995805, 57.343949 ], [ -1.996315, 57.343923 ], [ -1.996806, 57.34371 ], [ -1.997172, 57.343972 ], [ -1.997318, 57.343778 ], [ -1.997588, 57.343755 ], [ -1.997721, 57.343664 ], [ -1.998047, 57.343671 ], [ -1.997812, 57.343592 ], [ -1.9978, 57.34351 ], [ -1.998518, 57.343138 ], [ -1.999019, 57.342754 ], [ -1.998724, 57.34281 ], [ -1.998152, 57.34308 ], [ -1.999624, 57.342028 ], [ -1.99979, 57.3418 ], [ -2.000115, 57.340507 ], [ -2.000133, 57.339743 ], [ -2.00003, 57.338847 ], [ -1.999549, 57.337278 ], [ -1.999878, 57.336882 ], [ -1.999855, 57.336549 ], [ -1.999659, 57.336342 ], [ -1.9993, 57.336286 ], [ -1.999296, 57.337 ], [ -1.999039, 57.336584 ], [ -1.999271, 57.33541 ], [ -1.999309, 57.333742 ], [ -1.999034, 57.333184 ], [ -1.998679, 57.333084 ], [ -1.997596, 57.331711 ], [ -1.99718, 57.331454 ], [ -1.996824, 57.331069 ], [ -1.996526, 57.330927 ], [ -1.996302, 57.330563 ], [ -1.996494, 57.329916 ], [ -1.996253, 57.329446 ], [ -1.996093, 57.328521 ], [ -1.996076, 57.327497 ], [ -1.996287, 57.32691 ], [ -1.996223, 57.325903 ], [ -1.995761, 57.324672 ], [ -1.995371, 57.324091 ], [ -1.99511, 57.323788 ], [ -1.994615, 57.323466 ], [ -1.994125, 57.323237 ], [ -1.993778, 57.32317 ], [ -1.993154, 57.323193 ], [ -1.993375, 57.323563 ], [ -1.993081, 57.323512 ], [ -1.993059, 57.323364 ], [ -1.992465, 57.323283 ], [ -1.992779, 57.323498 ], [ -1.993048, 57.324191 ], [ -1.992359, 57.323824 ], [ -1.991834, 57.323378 ], [ -1.991349, 57.32277 ], [ -1.989369, 57.321502 ], [ -1.989178, 57.321108 ], [ -1.989166, 57.320126 ], [ -1.988992, 57.319525 ], [ -1.988439, 57.319055 ], [ -1.987953, 57.318417 ], [ -1.9875, 57.318015 ], [ -1.987429, 57.318108 ], [ -1.987352, 57.318004 ], [ -1.987371, 57.317802 ], [ -1.987477, 57.317819 ], [ -1.987675, 57.317683 ], [ -1.987754, 57.317805 ], [ -1.987924, 57.317689 ], [ -1.987744, 57.317638 ], [ -1.987809, 57.317484 ], [ -1.987651, 57.317574 ], [ -1.987628, 57.317496 ], [ -1.988078, 57.317286 ], [ -1.988155, 57.316884 ], [ -1.98843, 57.316603 ], [ -1.9885, 57.316365 ], [ -1.988386, 57.316371 ], [ -1.988608, 57.316291 ], [ -1.988709, 57.316005 ], [ -1.989093, 57.315632 ], [ -1.988997, 57.315588 ], [ -1.988738, 57.315645 ], [ -1.988754, 57.315489 ], [ -1.988623, 57.315445 ], [ -1.987893, 57.315764 ], [ -1.987597, 57.315771 ], [ -1.987237, 57.316115 ], [ -1.987504, 57.316488 ], [ -1.987227, 57.316337 ], [ -1.987172, 57.31601 ], [ -1.988591, 57.31504 ], [ -1.98946, 57.313737 ], [ -1.990215, 57.313081 ], [ -1.991123, 57.312606 ], [ -1.991981, 57.312337 ], [ -1.99265, 57.312022 ], [ -1.992864, 57.311624 ], [ -1.992154, 57.311096 ], [ -1.988946, 57.309411 ], [ -1.986395, 57.307476 ], [ -1.985027, 57.306595 ], [ -1.984809, 57.306363 ], [ -1.984576, 57.305626 ], [ -1.984124, 57.304795 ], [ -1.983806, 57.304515 ], [ -1.983445, 57.304422 ], [ -1.982215, 57.306182 ], [ -1.98178, 57.306627 ], [ -1.980834, 57.308331 ], [ -1.981071, 57.308405 ], [ -1.981359, 57.308225 ], [ -1.981404, 57.308297 ], [ -1.981095, 57.308668 ], [ -1.980903, 57.30844 ], [ -1.980757, 57.308456 ], [ -1.980843, 57.308721 ], [ -1.979743, 57.310253 ], [ -1.979821, 57.3103 ], [ -1.980942, 57.310033 ], [ -1.981056, 57.31005 ], [ -1.981121, 57.3102 ], [ -1.98099, 57.310416 ], [ -1.979924, 57.310972 ], [ -1.979562, 57.311299 ], [ -1.97964, 57.311619 ], [ -1.980406, 57.311925 ], [ -1.980539, 57.311811 ], [ -1.980403, 57.311678 ], [ -1.980473, 57.311548 ], [ -1.981252, 57.311301 ], [ -1.980848, 57.311859 ], [ -1.980499, 57.311961 ], [ -1.980582, 57.312122 ], [ -1.98038, 57.312463 ], [ -1.980527, 57.312826 ], [ -1.979956, 57.313258 ], [ -1.98001, 57.313745 ], [ -1.979752, 57.313238 ], [ -1.980022, 57.312737 ], [ -1.97972, 57.312636 ], [ -1.979544, 57.312766 ], [ -1.977455, 57.315563 ], [ -1.976486, 57.316524 ], [ -1.976137, 57.317224 ], [ -1.976633, 57.31716 ], [ -1.97665, 57.317301 ], [ -1.976195, 57.317634 ], [ -1.975799, 57.318131 ], [ -1.97548, 57.319113 ], [ -1.975166, 57.319513 ], [ -1.97427, 57.319992 ], [ -1.974006, 57.32029 ], [ -1.974106, 57.32033 ], [ -1.974468, 57.320154 ], [ -1.975356, 57.319923 ], [ -1.975142, 57.320144 ], [ -1.974509, 57.320472 ], [ -1.974733, 57.320662 ], [ -1.974449, 57.320751 ], [ -1.974394, 57.32147 ], [ -1.974251, 57.321543 ], [ -1.974157, 57.321363 ], [ -1.974255, 57.320729 ], [ -1.973594, 57.320742 ], [ -1.971864, 57.322564 ], [ -1.971869, 57.322665 ], [ -1.97204, 57.322741 ], [ -1.972648, 57.322667 ], [ -1.972262, 57.323117 ], [ -1.971462, 57.323578 ], [ -1.971824, 57.322912 ], [ -1.971756, 57.322817 ], [ -1.971494, 57.322832 ], [ -1.969989, 57.323704 ], [ -1.968185, 57.325496 ], [ -1.968045, 57.325926 ], [ -1.968196, 57.325955 ], [ -1.968744, 57.325736 ], [ -1.967132, 57.326692 ], [ -1.965465, 57.32727 ], [ -1.964526, 57.327457 ], [ -1.964009, 57.327371 ], [ -1.963661, 57.327412 ], [ -1.96263, 57.327705 ], [ -1.962414, 57.327913 ], [ -1.962225, 57.327859 ], [ -1.962064, 57.327946 ], [ -1.961849, 57.327903 ], [ -1.961535, 57.327957 ], [ -1.961411, 57.32789 ], [ -1.961134, 57.32801 ], [ -1.960999, 57.327909 ], [ -1.960909, 57.327967 ], [ -1.960788, 57.327924 ], [ -1.960463, 57.328055 ], [ -1.960486, 57.328267 ], [ -1.960271, 57.328234 ], [ -1.960088, 57.328297 ], [ -1.959853, 57.328489 ], [ -1.959793, 57.328372 ], [ -1.959687, 57.328383 ], [ -1.959491, 57.32852 ], [ -1.959682, 57.328631 ], [ -1.959531, 57.328664 ], [ -1.959539, 57.328739 ], [ -1.959273, 57.328725 ], [ -1.9592, 57.328621 ], [ -1.958959, 57.328933 ], [ -1.958673, 57.328927 ], [ -1.958522, 57.329011 ], [ -1.958548, 57.329185 ], [ -1.958003, 57.329376 ], [ -1.957978, 57.329453 ], [ -1.957711, 57.329507 ], [ -1.957822, 57.329418 ], [ -1.957733, 57.329338 ], [ -1.957532, 57.329471 ], [ -1.957043, 57.329355 ], [ -1.956723, 57.329516 ], [ -1.956663, 57.329433 ], [ -1.956395, 57.329643 ], [ -1.955952, 57.329688 ], [ -1.955945, 57.32996 ], [ -1.956387, 57.330002 ], [ -1.955995, 57.33003 ], [ -1.956069, 57.330262 ], [ -1.956253, 57.330322 ], [ -1.956077, 57.33034 ], [ -1.955963, 57.33049 ], [ -1.956072, 57.330597 ], [ -1.955926, 57.330575 ], [ -1.955934, 57.330509 ], [ -1.955659, 57.330497 ], [ -1.955293, 57.330595 ], [ -1.955282, 57.330513 ], [ -1.955054, 57.330436 ], [ -1.954904, 57.330827 ], [ -1.954682, 57.330402 ], [ -1.954689, 57.330532 ], [ -1.954499, 57.3306 ], [ -1.95427, 57.330884 ], [ -1.954539, 57.330999 ], [ -1.954278, 57.331003 ], [ -1.954314, 57.331182 ], [ -1.95396, 57.331229 ], [ -1.953875, 57.331397 ], [ -1.953733, 57.331236 ], [ -1.953618, 57.331233 ], [ -1.953101, 57.331539 ], [ -1.953035, 57.331407 ], [ -1.953181, 57.331371 ], [ -1.953175, 57.331296 ], [ -1.952482, 57.331282 ], [ -1.952484, 57.331363 ], [ -1.952665, 57.331382 ], [ -1.95243, 57.331468 ], [ -1.95257, 57.331539 ], [ -1.952397, 57.331639 ], [ -1.952254, 57.331589 ], [ -1.952025, 57.331633 ], [ -1.952096, 57.331867 ], [ -1.952189, 57.331935 ], [ -1.952304, 57.331886 ], [ -1.952259, 57.331988 ], [ -1.952749, 57.331989 ], [ -1.95286, 57.332072 ], [ -1.952858, 57.332215 ], [ -1.952592, 57.332271 ], [ -1.952562, 57.332361 ], [ -1.952823, 57.332485 ], [ -1.953425, 57.332576 ], [ -1.954818, 57.333061 ], [ -1.9548, 57.333536 ], [ -1.95434, 57.334078 ], [ -1.953343, 57.334141 ], [ -1.953004, 57.33432 ], [ -1.953308, 57.334357 ], [ -1.952522, 57.334632 ], [ -1.952781, 57.334716 ], [ -1.951987, 57.334739 ], [ -1.952254, 57.334905 ], [ -1.952135, 57.335049 ], [ -1.951811, 57.335076 ], [ -1.951772, 57.335208 ], [ -1.951256, 57.335144 ], [ -1.951238, 57.335212 ], [ -1.95144, 57.335283 ], [ -1.951536, 57.335584 ], [ -1.950919, 57.335856 ], [ -1.950866, 57.336229 ], [ -1.950617, 57.336007 ], [ -1.950332, 57.336494 ], [ -1.950048, 57.33649 ], [ -1.950026, 57.336602 ], [ -1.948879, 57.336514 ], [ -1.948965, 57.33681 ], [ -1.948782, 57.336887 ], [ -1.948861, 57.336946 ], [ -1.948772, 57.337043 ], [ -1.948592, 57.337031 ], [ -1.948511, 57.337109 ], [ -1.948305, 57.337045 ], [ -1.948261, 57.337149 ], [ -1.948082, 57.337148 ], [ -1.948017, 57.337237 ], [ -1.947609, 57.337246 ], [ -1.947449, 57.337414 ], [ -1.947293, 57.337324 ], [ -1.947244, 57.337473 ], [ -1.947474, 57.337581 ], [ -1.947249, 57.337512 ], [ -1.947108, 57.337579 ], [ -1.946992, 57.33737 ], [ -1.946816, 57.337473 ], [ -1.94628, 57.337211 ], [ -1.946257, 57.337047 ], [ -1.946152, 57.337023 ], [ -1.94622, 57.337228 ], [ -1.946029, 57.337225 ], [ -1.946093, 57.337349 ], [ -1.946236, 57.337283 ], [ -1.946316, 57.337322 ], [ -1.946357, 57.337544 ], [ -1.946254, 57.337558 ], [ -1.946181, 57.337409 ], [ -1.946143, 57.337624 ], [ -1.945969, 57.337526 ], [ -1.945782, 57.337567 ], [ -1.945876, 57.337455 ], [ -1.945607, 57.337459 ], [ -1.945427, 57.337681 ], [ -1.945513, 57.337836 ], [ -1.94578, 57.337827 ], [ -1.945609, 57.337918 ], [ -1.945883, 57.337946 ], [ -1.94572, 57.338089 ], [ -1.945825, 57.338143 ], [ -1.945639, 57.338217 ], [ -1.945898, 57.338399 ], [ -1.945299, 57.338392 ], [ -1.945098, 57.338503 ], [ -1.945103, 57.338392 ], [ -1.944937, 57.338494 ], [ -1.944487, 57.338345 ], [ -1.944355, 57.338881 ], [ -1.944068, 57.338927 ], [ -1.943759, 57.338725 ], [ -1.943826, 57.338563 ], [ -1.943512, 57.3386 ], [ -1.943465, 57.33873 ], [ -1.943294, 57.338621 ], [ -1.943146, 57.338909 ], [ -1.943023, 57.338907 ], [ -1.943069, 57.339128 ], [ -1.942744, 57.339054 ], [ -1.942628, 57.339691 ], [ -1.942473, 57.339827 ], [ -1.941811, 57.339603 ], [ -1.9417, 57.339413 ], [ -1.941786, 57.339216 ], [ -1.941389, 57.339485 ], [ -1.941231, 57.339495 ], [ -1.941211, 57.339367 ], [ -1.940782, 57.339556 ], [ -1.940563, 57.339876 ], [ -1.94073, 57.339969 ], [ -1.940579, 57.34012 ], [ -1.94076, 57.340121 ], [ -1.940585, 57.340185 ], [ -1.940515, 57.340372 ], [ -1.940688, 57.340408 ], [ -1.940544, 57.340417 ], [ -1.94052, 57.340504 ], [ -1.94106, 57.340524 ], [ -1.940377, 57.340655 ], [ -1.940812, 57.340789 ], [ -1.940845, 57.341042 ], [ -1.940376, 57.341407 ], [ -1.939844, 57.341533 ], [ -1.940633, 57.341503 ], [ -1.940751, 57.341668 ], [ -1.940624, 57.341784 ], [ -1.940752, 57.341797 ], [ -1.940862, 57.341998 ], [ -1.940471, 57.342203 ], [ -1.940519, 57.342298 ], [ -1.940281, 57.342461 ], [ -1.940423, 57.342489 ], [ -1.940508, 57.342644 ], [ -1.940033, 57.342698 ], [ -1.939876, 57.342987 ], [ -1.939647, 57.342889 ], [ -1.939659, 57.343145 ], [ -1.939779, 57.343232 ], [ -1.941136, 57.343115 ], [ -1.943857, 57.343906 ], [ -1.944744, 57.344322 ], [ -1.944621, 57.344435 ], [ -1.944803, 57.344767 ], [ -1.944304, 57.345173 ], [ -1.944442, 57.345314 ], [ -1.944142, 57.34603 ], [ -1.94398, 57.346063 ], [ -1.943935, 57.346174 ], [ -1.943658, 57.346132 ], [ -1.942948, 57.346246 ], [ -1.942659, 57.346567 ], [ -1.942605, 57.346835 ], [ -1.941573, 57.346829 ], [ -1.941373, 57.34689 ], [ -1.940094, 57.346674 ], [ -1.941636, 57.347158 ], [ -1.942348, 57.347554 ], [ -1.942843, 57.347443 ], [ -1.943375, 57.347937 ], [ -1.949019, 57.351079 ], [ -1.949056, 57.351261 ], [ -1.950239, 57.352836 ], [ -1.950969, 57.352586 ], [ -1.951844, 57.353366 ], [ -1.954243, 57.353038 ], [ -1.955272, 57.353711 ], [ -1.954218, 57.354347 ], [ -1.954612, 57.354824 ], [ -1.956068, 57.354743 ], [ -1.957393, 57.355183 ], [ -1.959, 57.355393 ], [ -1.960368, 57.354968 ], [ -1.958696, 57.354273 ], [ -1.959401, 57.353936 ], [ -1.9607, 57.354313 ], [ -1.965617, 57.350149 ], [ -1.972558, 57.346309 ], [ -1.982926, 57.339121 ], [ -1.984379, 57.338238 ], [ -1.985599, 57.336393 ], [ -1.987207, 57.336021 ], [ -1.987599, 57.335245 ], [ -1.986854, 57.332106 ], [ -1.98761, 57.329561 ], [ -1.988783, 57.327691 ], [ -1.989028, 57.326863 ], [ -1.992634, 57.326715 ], [ -1.992673, 57.327083 ], [ -1.992426, 57.328378 ], [ -1.993336, 57.329884 ], [ -1.993123, 57.330709 ], [ -1.993315, 57.33145 ], [ -1.993997, 57.332262 ], [ -1.994707, 57.333559 ], [ -1.995539, 57.334007 ], [ -1.995964, 57.334465 ], [ -1.996848, 57.335735 ], [ -1.997116, 57.336347 ], [ -1.997264, 57.336427 ], [ -1.998025, 57.33642 ], [ -1.998085, 57.336836 ], [ -1.997319, 57.336857 ], [ -1.997549, 57.337833 ], [ -1.998043, 57.339074 ], [ -1.99806, 57.340232 ], [ -1.997808, 57.340991 ], [ -1.996987, 57.342399 ], [ -1.996013, 57.34349 ], [ -1.995285, 57.343805 ], [ -1.99353, 57.344202 ], [ -1.992203, 57.344991 ], [ -1.991374, 57.345376 ], [ -1.987929, 57.346601 ], [ -1.988709, 57.348307 ], [ -1.98951, 57.348705 ], [ -1.990141, 57.348839 ], [ -1.992289, 57.35032 ], [ -1.993003, 57.350422 ], [ -1.995395, 57.350991 ], [ -1.996266, 57.351297 ], [ -1.996446, 57.352103 ], [ -1.996381, 57.353091 ], [ -1.996153, 57.353458 ], [ -1.996291, 57.353515 ], [ -1.996662, 57.353595 ], [ -1.996857, 57.353396 ], [ -1.997178, 57.352228 ], [ -1.997537, 57.351822 ], [ -1.997773, 57.351703 ], [ -1.99825, 57.351802 ], [ -1.998272, 57.351868 ], [ -1.998705, 57.351856 ], [ -2.000766, 57.352174 ], [ -2.001452, 57.352195 ], [ -2.001721, 57.352412 ], [ -2.001871, 57.35271 ], [ -2.002828, 57.352976 ], [ -2.003301, 57.353015 ], [ -2.004355, 57.353266 ], [ -2.005428, 57.353226 ], [ -2.00598, 57.354225 ], [ -2.007813, 57.355945 ], [ -2.008899, 57.356118 ], [ -2.009406, 57.356353 ], [ -2.01034, 57.356999 ], [ -2.011191, 57.357894 ], [ -2.012137, 57.35858 ], [ -2.012479, 57.358654 ], [ -2.012746, 57.358839 ], [ -2.013484, 57.359024 ], [ -2.013695, 57.359227 ], [ -2.01451, 57.359146 ] ], [ [ -1.967982, 57.327976 ], [ -1.967684, 57.328764 ], [ -1.966775, 57.32825 ], [ -1.96756, 57.328136 ], [ -1.967982, 57.327976 ] ] ] ] } },
{ "type": "Feature", "properties": { "NAME": "Rum" }, "geometry": { "type": "MultiPolygon", "coordinates": [ [ [ [ -6.378707, 56.972096 ], [ -6.378605, 56.972207 ], [ -6.378861, 56.972212 ], [ -6.378992, 56.972135 ], [ -6.378928, 56.972083 ], [ -6.378707, 56.972096 ] ] ] ] } },
{ "type": "Feature", "properties": { "NAME": "Rum" }, "geometry": { "type": "MultiPolygon", "coordinates": [ [ [ [ -6.386284, 56.972666 ], [ -6.386198, 56.972773 ], [ -6.386552, 56.972778 ], [ -6.386504, 56.972649 ], [ -6.386284, 56.972666 ] ] ] ] } },
{ "type": "Feature", "properties": { "NAME": "Rum" }, "geometry": { "type": "MultiPolygon", "coordinates": [ [ [ [ -6.37924, 56.973129 ], [ -6.379512, 56.973129 ], [ -6.37944, 56.973073 ], [ -6.37924, 56.973129 ] ] ] ] } },
{ "type": "Feature", "properties": { "NAME": "Loch Lomond" }, "geometry": { "type": "MultiPolygon", "coordinates": [ [ [ [ -4.554854, 56.083411 ], [ -4.556272, 56.083321 ], [ -4.558609, 56.082567 ], [ -4.558919, 56.082626 ], [ -4.559877, 56.082472 ], [ -4.560464, 56.082043 ], [ -4.560572, 56.081716 ], [ -4.560857, 56.08149 ], [ -4.561571, 56.080231 ], [ -4.5625, 56.079579 ], [ -4.56205, 56.078277 ], [ -4.562172, 56.077979 ], [ -4.562465, 56.077766 ], [ -4.562268, 56.077637 ], [ -4.562675, 56.077302 ], [ -4.562235, 56.076838 ], [ -4.562773, 56.076606 ], [ -4.562768, 56.076213 ], [ -4.563526, 56.075711 ], [ -4.563315, 56.075675 ], [ -4.562661, 56.076111 ], [ -4.562467, 56.076079 ], [ -4.562563, 56.076188 ], [ -4.562377, 56.076319 ], [ -4.562062, 56.076356 ], [ -4.56171, 56.07655 ], [ -4.560851, 56.076285 ], [ -4.560649, 56.075951 ], [ -4.560881, 56.075811 ], [ -4.560938, 56.075585 ], [ -4.561229, 56.075368 ], [ -4.561418, 56.074937 ], [ -4.561936, 56.07463 ], [ -4.56186, 56.074335 ], [ -4.562187, 56.074184 ], [ -4.562249, 56.073895 ], [ -4.562516, 56.073809 ], [ -4.562484, 56.073688 ], [ -4.562684, 56.073675 ], [ -4.562731, 56.073535 ], [ -4.56289, 56.073514 ], [ -4.562916, 56.073306 ], [ -4.562525, 56.072973 ], [ -4.56157, 56.072988 ], [ -4.561194, 56.072897 ], [ -4.561123, 56.073159 ], [ -4.560953, 56.073266 ], [ -4.559967, 56.073538 ], [ -4.559393, 56.073847 ], [ -4.558374, 56.074722 ], [ -4.558115, 56.074813 ], [ -4.558115, 56.074934 ], [ -4.557379, 56.075596 ], [ -4.556967, 56.075798 ], [ -4.556811, 56.075986 ], [ -4.556261, 56.076181 ], [ -4.555491, 56.077018 ], [ -4.554719, 56.077268 ], [ -4.553504, 56.077978 ], [ -4.551761, 56.079166 ], [ -4.551563, 56.079473 ], [ -4.551158, 56.079774 ], [ -4.550203, 56.080081 ], [ -4.549458, 56.080912 ], [ -4.549417, 56.081711 ], [ -4.549718, 56.082224 ], [ -4.549916, 56.082351 ], [ -4.550095, 56.082406 ], [ -4.550333, 56.082318 ], [ -4.551383, 56.082349 ], [ -4.551766, 56.082488 ], [ -4.552648, 56.083135 ], [ -4.553631, 56.083349 ], [ -4.554854, 56.083411 ] ] ] ] } },
{ "type": "Feature", "properties": { "NAME": "Forvie" }, "geometry": { "type": "MultiPolygon", "coordinates": [ [ [ [ -1.953864, 57.331115 ], [ -1.954195, 57.331148 ], [ -1.95419, 57.331019 ], [ -1.953864, 57.331115 ] ] ] ] } },
{ "type": "Feature", "properties": { "NAME": "Ariundle Oakwood" }, "geometry": { "type": "MultiPolygon", "coordinates": [ [ [ [ -5.517995, 56.725684 ], [ -5.517136, 56.726019 ], [ -5.517834, 56.72646 ], [ -5.520154, 56.725502 ], [ -5.521131, 56.725196 ], [ -5.522592, 56.724908 ], [ -5.522806, 56.724785 ], [ -5.523604, 56.724896 ], [ -5.524429, 56.724527 ], [ -5.525151, 56.724561 ], [ -5.525465, 56.724507 ], [ -5.526528, 56.724243 ], [ -5.526895, 56.723977 ], [ -5.527222, 56.723967 ], [ -5.527554, 56.72385 ], [ -5.527875, 56.723868 ], [ -5.528322, 56.723671 ], [ -5.5289, 56.723731 ], [ -5.529805, 56.723701 ], [ -5.530996, 56.723582 ], [ -5.532478, 56.723868 ], [ -5.533685, 56.723667 ], [ -5.533867, 56.723509 ], [ -5.535169, 56.723095 ], [ -5.535915, 56.722607 ], [ -5.536411, 56.722649 ], [ -5.537946, 56.722458 ], [ -5.538809, 56.72251 ], [ -5.539501, 56.722387 ], [ -5.541108, 56.721259 ], [ -5.544164, 56.718852 ], [ -5.544392, 56.718584 ], [ -5.544404, 56.718193 ], [ -5.545751, 56.716599 ], [ -5.545121, 56.716175 ], [ -5.543832, 56.716631 ], [ -5.542947, 56.716852 ], [ -5.542557, 56.716886 ], [ -5.541581, 56.716775 ], [ -5.540432, 56.717074 ], [ -5.538214, 56.717507 ], [ -5.534216, 56.718895 ], [ -5.532665, 56.718896 ], [ -5.532508, 56.719614 ], [ -5.531361, 56.719867 ], [ -5.530587, 56.718162 ], [ -5.530031, 56.718269 ], [ -5.52984, 56.718409 ], [ -5.529358, 56.718409 ], [ -5.527864, 56.718622 ], [ -5.529175, 56.720063 ], [ -5.526471, 56.721155 ], [ -5.523303, 56.721553 ], [ -5.520841, 56.722946 ], [ -5.518104, 56.723952 ], [ -5.516306, 56.724864 ], [ -5.517051, 56.72555 ], [ -5.51782, 56.72547 ], [ -5.517995, 56.725684 ] ] ] ] } },
{ "type": "Feature", "properties": { "NAME": "Rum" }, "geometry": { "type": "MultiPolygon", "coordinates": [ [ [ [ -6.310209, 56.93452 ], [ -6.310268, 56.934671 ], [ -6.310467, 56.934691 ], [ -6.310475, 56.93447 ], [ -6.310209, 56.93452 ] ] ] ] } },
{ "type": "Feature", "properties": { "NAME": "Rum" }, "geometry": { "type": "MultiPolygon", "coordinates": [ [ [ [ -6.311979, 56.934747 ], [ -6.312085, 56.934734 ], [ -6.312052, 56.934663 ], [ -6.311995, 56.93467 ], [ -6.311979, 56.934747 ] ] ] ] } },
{ "type": "Feature", "properties": { "NAME": "Rum" }, "geometry": { "type": "MultiPolygon", "coordinates": [ [ [ [ -6.309982, 56.934685 ], [ -6.309914, 56.934813 ], [ -6.310033, 56.934845 ], [ -6.310067, 56.934786 ], [ -6.309982, 56.934685 ] ] ] ] } },
{ "type": "Feature", "properties": { "NAME": "Rum" }, "geometry": { "type": "MultiPolygon", "coordinates": [ [ [ [ -6.309973, 56.934964 ], [ -6.310024, 56.934985 ], [ -6.310034, 56.934926 ], [ -6.309973, 56.934964 ] ] ] ] } },
{ "type": "Feature", "properties": { "NAME": "Rum" }, "geometry": { "type": "MultiPolygon", "coordinates": [ [ [ [ -6.309608, 56.934873 ], [ -6.309568, 56.935019 ], [ -6.309694, 56.935046 ], [ -6.309719, 56.934901 ], [ -6.309608, 56.934873 ] ] ] ] } },
{ "type": "Feature", "properties": { "NAME": "Rum" }, "geometry": { "type": "MultiPolygon", "coordinates": [ [ [ [ -6.30937, 56.935084 ], [ -6.309421, 56.9351 ], [ -6.309368, 56.935003 ], [ -6.30937, 56.935084 ] ] ] ] } },
{ "type": "Feature", "properties": { "NAME": "Rum" }, "geometry": { "type": "MultiPolygon", "coordinates": [ [ [ [ -6.309672, 56.935136 ], [ -6.309772, 56.935151 ], [ -6.309723, 56.935085 ], [ -6.309672, 56.935136 ] ] ] ] } },
{ "type": "Feature", "properties": { "NAME": "Isle of May" }, "geometry": { "type": "MultiPolygon", "coordinates": [ [ [ [ -2.561447, 56.186205 ], [ -2.56138, 56.186277 ], [ -2.561468, 56.18631 ], [ -2.561566, 56.186246 ], [ -2.561447, 56.186205 ] ] ] ] } },
{ "type": "Feature", "properties": { "NAME": "Rum" }, "geometry": { "type": "MultiPolygon", "coordinates": [ [ [ [ -6.314919, 56.935126 ], [ -6.315005, 56.935164 ], [ -6.315051, 56.935063 ], [ -6.314919, 56.935126 ] ] ] ] } },
{ "type": "Feature", "properties": { "NAME": "Rum" }, "geometry": { "type": "MultiPolygon", "coordinates": [ [ [ [ -6.315908, 56.935002 ], [ -6.315916, 56.935078 ], [ -6.316138, 56.935147 ], [ -6.316045, 56.934979 ], [ -6.315908, 56.935002 ] ] ] ] } },
{ "type": "Feature", "properties": { "NAME": "Rum" }, "geometry": { "type": "MultiPolygon", "coordinates": [ [ [ [ -6.309664, 56.935357 ], [ -6.309745, 56.935417 ], [ -6.309799, 56.93524 ], [ -6.309664, 56.935357 ] ] ] ] } },
{ "type": "Feature", "properties": { "NAME": "Rum" }, "geometry": { "type": "MultiPolygon", "coordinates": [ [ [ [ -6.319322, 56.935077 ], [ -6.319424, 56.935105 ], [ -6.3194, 56.935039 ], [ -6.319322, 56.935077 ] ] ] ] } },
{ "type": "Feature", "properties": { "NAME": "Rum" }, "geometry": { "type": "MultiPolygon", "coordinates": [ [ [ [ -6.31522, 56.935314 ], [ -6.315394, 56.935254 ], [ -6.315308, 56.935221 ], [ -6.31522, 56.935314 ] ] ] ] } },
{ "type": "Feature", "properties": { "NAME": "Rum" }, "geometry": { "type": "MultiPolygon", "coordinates": [ [ [ [ -6.31995, 56.935249 ], [ -6.319972, 56.935226 ], [ -6.319845, 56.935194 ], [ -6.31995, 56.935249 ] ] ] ] } },
{ "type": "Feature", "properties": { "NAME": "Rum" }, "geometry": { "type": "MultiPolygon", "coordinates": [ [ [ [ -6.320491, 56.935226 ], [ -6.320593, 56.935254 ], [ -6.320621, 56.935217 ], [ -6.320491, 56.935226 ] ] ] ] } },
{ "type": "Feature", "properties": { "NAME": "Rum" }, "geometry": { "type": "MultiPolygon", "coordinates": [ [ [ [ -6.32091, 56.935436 ], [ -6.321186, 56.935336 ], [ -6.321111, 56.93533 ], [ -6.32091, 56.935436 ] ] ] ] } },
{ "type": "Feature", "properties": { "NAME": "Rum" }, "geometry": { "type": "MultiPolygon", "coordinates": [ [ [ [ -6.326025, 56.935924 ], [ -6.326051, 56.935865 ], [ -6.32601, 56.935862 ], [ -6.326025, 56.935924 ] ] ] ] } },
{ "type": "Feature", "properties": { "NAME": "Loch Leven" }, "geometry": { "type": "MultiPolygon", "coordinates": [ [ [ [ -3.397815, 56.221424 ], [ -3.398772, 56.221284 ], [ -3.39825, 56.22027 ], [ -3.403895, 56.217328 ], [ -3.403708, 56.216887 ], [ -3.403059, 56.216259 ], [ -3.402356, 56.216014 ], [ -3.401862, 56.215732 ], [ -3.401242, 56.215737 ], [ -3.401252, 56.21562 ], [ -3.40153, 56.215476 ], [ -3.401853, 56.215513 ], [ -3.402449, 56.214886 ], [ -3.404911, 56.215135 ], [ -3.404997, 56.214302 ], [ -3.404511, 56.214245 ], [ -3.403497, 56.212835 ], [ -3.403719, 56.211969 ], [ -3.404153, 56.212085 ], [ -3.406288, 56.208064 ], [ -3.406324, 56.207969 ], [ -3.405578, 56.207876 ], [ -3.405864, 56.207269 ], [ -3.406203, 56.207312 ], [ -3.406417, 56.206837 ], [ -3.407095, 56.205967 ], [ -3.406345, 56.204428 ], [ -3.406554, 56.204399 ], [ -3.406643, 56.204292 ], [ -3.406368, 56.204081 ], [ -3.406281, 56.203859 ], [ -3.406953, 56.202036 ], [ -3.406963, 56.201662 ], [ -3.406747, 56.201377 ], [ -3.40609, 56.201087 ], [ -3.40607, 56.200843 ], [ -3.406343, 56.200759 ], [ -3.406651, 56.200828 ], [ -3.406794, 56.200675 ], [ -3.407255, 56.200803 ], [ -3.40726, 56.200915 ], [ -3.410076, 56.201751 ], [ -3.411905, 56.201869 ], [ -3.413916, 56.202441 ], [ -3.415859, 56.202281 ], [ -3.417138, 56.202397 ], [ -3.416737, 56.201261 ], [ -3.41723, 56.200781 ], [ -3.416524, 56.200793 ], [ -3.416162, 56.200682 ], [ -3.416317, 56.200399 ], [ -3.416301, 56.200293 ], [ -3.416155, 56.200271 ], [ -3.416305, 56.200175 ], [ -3.416237, 56.19992 ], [ -3.415772, 56.199866 ], [ -3.415784, 56.199479 ], [ -3.416568, 56.199524 ], [ -3.416676, 56.198968 ], [ -3.415318, 56.198565 ], [ -3.414726, 56.198186 ], [ -3.414894, 56.198088 ], [ -3.414805, 56.197976 ], [ -3.414915, 56.198036 ], [ -3.415215, 56.197994 ], [ -3.415107, 56.198151 ], [ -3.415339, 56.198089 ], [ -3.415785, 56.198187 ], [ -3.416286, 56.198114 ], [ -3.416456, 56.198162 ], [ -3.416877, 56.197883 ], [ -3.417584, 56.197578 ], [ -3.4184, 56.197397 ], [ -3.418755, 56.197182 ], [ -3.41952, 56.196927 ], [ -3.419777, 56.196281 ], [ -3.420627, 56.196026 ], [ -3.417265, 56.194268 ], [ -3.415033, 56.193232 ], [ -3.412898, 56.192413 ], [ -3.409445, 56.191324 ], [ -3.409137, 56.191711 ], [ -3.405622, 56.191228 ], [ -3.401764, 56.19046 ], [ -3.397914, 56.18942 ], [ -3.394411, 56.18765 ], [ -3.394173, 56.18734 ], [ -3.394678, 56.186565 ], [ -3.39337, 56.186944 ], [ -3.392204, 56.186233 ], [ -3.390884, 56.185786 ], [ -3.390426, 56.185761 ], [ -3.390003, 56.185627 ], [ -3.389109, 56.185788 ], [ -3.389, 56.186123 ], [ -3.388858, 56.186214 ], [ -3.388535, 56.185976 ], [ -3.388622, 56.185544 ], [ -3.388012, 56.185364 ], [ -3.387971, 56.185006 ], [ -3.387471, 56.184805 ], [ -3.385745, 56.184352 ], [ -3.385208, 56.184123 ], [ -3.385044, 56.183708 ], [ -3.385193, 56.183265 ], [ -3.385081, 56.183041 ], [ -3.384864, 56.182999 ], [ -3.384479, 56.182409 ], [ -3.384579, 56.181914 ], [ -3.388743, 56.177518 ], [ -3.387537, 56.177026 ], [ -3.384631, 56.177664 ], [ -3.381826, 56.173701 ], [ -3.380936, 56.171962 ], [ -3.380376, 56.171246 ], [ -3.376404, 56.171677 ], [ -3.376628, 56.171884 ], [ -3.375963, 56.171982 ], [ -3.375736, 56.171756 ], [ -3.371436, 56.172321 ], [ -3.37154, 56.172642 ], [ -3.370657, 56.17278 ], [ -3.370546, 56.17244 ], [ -3.36516, 56.172938 ], [ -3.362691, 56.173369 ], [ -3.360461, 56.174038 ], [ -3.35887, 56.174716 ], [ -3.354089, 56.177569 ], [ -3.352405, 56.178198 ], [ -3.350583, 56.178639 ], [ -3.348295, 56.17892 ], [ -3.348177, 56.17875 ], [ -3.346876, 56.178727 ], [ -3.341705, 56.178308 ], [ -3.341675, 56.17912 ], [ -3.339649, 56.179181 ], [ -3.339177, 56.179398 ], [ -3.338757, 56.179734 ], [ -3.338146, 56.179686 ], [ -3.337221, 56.179244 ], [ -3.336556, 56.179239 ], [ -3.324805, 56.181892 ], [ -3.32646, 56.184169 ], [ -3.328635, 56.183743 ], [ -3.329, 56.184891 ], [ -3.329069, 56.185693 ], [ -3.3297, 56.186487 ], [ -3.328532, 56.186986 ], [ -3.330556, 56.189636 ], [ -3.331832, 56.190472 ], [ -3.337921, 56.190773 ], [ -3.338281, 56.191124 ], [ -3.338733, 56.191093 ], [ -3.341495, 56.190564 ], [ -3.341979, 56.190631 ], [ -3.344424, 56.19386 ], [ -3.344071, 56.195552 ], [ -3.345072, 56.195372 ], [ -3.346587, 56.198899 ], [ -3.348588, 56.201439 ], [ -3.348581, 56.201812 ], [ -3.348374, 56.202059 ], [ -3.347103, 56.20228 ], [ -3.349849, 56.205119 ], [ -3.352108, 56.206757 ], [ -3.354028, 56.208912 ], [ -3.351984, 56.209284 ], [ -3.350912, 56.209857 ], [ -3.351949, 56.210739 ], [ -3.352508, 56.210555 ], [ -3.355897, 56.212808 ], [ -3.356983, 56.213596 ], [ -3.356518, 56.213883 ], [ -3.357705, 56.214581 ], [ -3.360577, 56.215525 ], [ -3.360644, 56.215213 ], [ -3.364004, 56.215545 ], [ -3.364123, 56.215334 ], [ -3.368779, 56.216577 ], [ -3.369044, 56.216977 ], [ -3.369052, 56.217483 ], [ -3.370239, 56.218108 ], [ -3.374123, 56.219346 ], [ -3.375311, 56.219588 ], [ -3.376936, 56.219772 ], [ -3.376076, 56.218514 ], [ -3.376629, 56.218659 ], [ -3.377062, 56.218149 ], [ -3.382724, 56.219866 ], [ -3.383354, 56.219884 ], [ -3.38356, 56.219197 ], [ -3.384925, 56.219444 ], [ -3.388051, 56.219194 ], [ -3.387847, 56.219936 ], [ -3.389849, 56.220259 ], [ -3.39026, 56.220319 ], [ -3.390478, 56.219842 ], [ -3.394084, 56.220561 ], [ -3.397522, 56.22047 ], [ -3.397815, 56.221424 ] ] ] ] } },
{ "type": "Feature", "properties": { "NAME": "Rum" }, "geometry": { "type": "MultiPolygon", "coordinates": [ [ [ [ -6.326142, 56.936006 ], [ -6.326184, 56.936018 ], [ -6.326257, 56.935934 ], [ -6.326142, 56.936006 ] ] ] ] } },
{ "type": "Feature", "properties": { "NAME": "Rum" }, "geometry": { "type": "MultiPolygon", "coordinates": [ [ [ [ -6.303586, 56.936718 ], [ -6.303752, 56.936942 ], [ -6.303827, 56.936953 ], [ -6.303775, 56.936788 ], [ -6.303586, 56.936718 ] ] ] ] } },
{ "type": "Feature", "properties": { "NAME": "Isle of May" }, "geometry": { "type": "MultiPolygon", "coordinates": [ [ [ [ -2.545571, 56.182466 ], [ -2.545801, 56.182544 ], [ -2.545745, 56.182404 ], [ -2.545571, 56.182466 ] ] ] ] } },
{ "type": "Feature", "properties": { "NAME": "Rum" }, "geometry": { "type": "MultiPolygon", "coordinates": [ [ [ [ -6.30108, 56.937236 ], [ -6.301125, 56.937414 ], [ -6.301494, 56.937546 ], [ -6.301521, 56.937428 ], [ -6.301201, 56.937218 ], [ -6.30108, 56.937236 ] ] ] ] } },
{ "type": "Feature", "properties": { "NAME": "Rum" }, "geometry": { "type": "MultiPolygon", "coordinates": [ [ [ [ -6.299515, 56.938077 ], [ -6.299728, 56.938353 ], [ -6.299947, 56.938327 ], [ -6.299659, 56.937897 ], [ -6.299361, 56.937952 ], [ -6.299148, 56.93768 ], [ -6.29885, 56.937951 ], [ -6.298881, 56.938076 ], [ -6.299497, 56.93828 ], [ -6.299515, 56.938077 ] ] ] ] } },
{ "type": "Feature", "properties": { "NAME": "Rum" }, "geometry": { "type": "MultiPolygon", "coordinates": [ [ [ [ -6.331016, 56.937388 ], [ -6.331008, 56.93746 ], [ -6.331168, 56.9375 ], [ -6.331131, 56.937389 ], [ -6.331016, 56.937388 ] ] ] ] } },
{ "type": "Feature", "properties": { "NAME": "Rum" }, "geometry": { "type": "MultiPolygon", "coordinates": [ [ [ [ -6.331989, 56.937768 ], [ -6.331931, 56.9379 ], [ -6.331992, 56.937934 ], [ -6.33213, 56.937777 ], [ -6.331989, 56.937768 ] ] ] ] } },
{ "type": "Feature", "properties": { "NAME": "Rum" }, "geometry": { "type": "MultiPolygon", "coordinates": [ [ [ [ -6.297012, 56.939706 ], [ -6.297185, 56.939776 ], [ -6.297196, 56.939659 ], [ -6.297371, 56.939603 ], [ -6.29721, 56.939348 ], [ -6.296537, 56.939511 ], [ -6.296759, 56.939723 ], [ -6.297012, 56.939706 ] ] ] ] } },
{ "type": "Feature", "properties": { "NAME": "Rum" }, "geometry": { "type": "MultiPolygon", "coordinates": [ [ [ [ -6.332773, 56.938209 ], [ -6.33251, 56.938424 ], [ -6.332646, 56.938537 ], [ -6.332906, 56.938577 ], [ -6.333023, 56.938308 ], [ -6.332773, 56.938209 ] ] ] ] } },
{ "type": "Feature", "properties": { "NAME": "Rum" }, "geometry": { "type": "MultiPolygon", "coordinates": [ [ [ [ -6.341899, 56.94036 ], [ -6.341952, 56.940529 ], [ -6.342153, 56.940558 ], [ -6.342451, 56.940435 ], [ -6.342245, 56.940357 ], [ -6.341899, 56.94036 ] ] ] ] } },
{ "type": "Feature", "properties": { "NAME": "Forvie" }, "geometry": { "type": "MultiPolygon", "coordinates": [ [ [ [ -1.947546, 57.336914 ], [ -1.947358, 57.336895 ], [ -1.94727, 57.336991 ], [ -1.94741, 57.337005 ], [ -1.947546, 57.336914 ] ] ] ] } },
{ "type": "Feature", "properties": { "NAME": "Rum" }, "geometry": { "type": "MultiPolygon", "coordinates": [ [ [ [ -6.341598, 56.940807 ], [ -6.341872, 56.940689 ], [ -6.341388, 56.940634 ], [ -6.341395, 56.94076 ], [ -6.341598, 56.940807 ] ] ] ] } },
{ "type": "Feature", "properties": { "NAME": "Loch Lomond" }, "geometry": { "type": "MultiPolygon", "coordinates": [ [ [ [ -4.563807, 56.07207 ], [ -4.56369, 56.072126 ], [ -4.564394, 56.072332 ], [ -4.565071, 56.072349 ], [ -4.565886, 56.07204 ], [ -4.566862, 56.071979 ], [ -4.567092, 56.071817 ], [ -4.567842, 56.071743 ], [ -4.568541, 56.071136 ], [ -4.570549, 56.070276 ], [ -4.571009, 56.069826 ], [ -4.571165, 56.069517 ], [ -4.571436, 56.069489 ], [ -4.571791, 56.069149 ], [ -4.57172, 56.068687 ], [ -4.57094, 56.068798 ], [ -4.570565, 56.069071 ], [ -4.570256, 56.069145 ], [ -4.569589, 56.069132 ], [ -4.569343, 56.069061 ], [ -4.569142, 56.069177 ], [ -4.568783, 56.069212 ], [ -4.568774, 56.06932 ], [ -4.568068, 56.069586 ], [ -4.567435, 56.070089 ], [ -4.567275, 56.070106 ], [ -4.56665, 56.070492 ], [ -4.565699, 56.070921 ], [ -4.565158, 56.071013 ], [ -4.564977, 56.071187 ], [ -4.564107, 56.071394 ], [ -4.563826, 56.071759 ], [ -4.563807, 56.07207 ] ] ] ] } },
{ "type": "Feature", "properties": { "NAME": "Glasdrum Wood" }, "geometry": { "type": "MultiPolygon", "coordinates": [ [ [ [ -5.253335, 56.57028 ], [ -5.253773, 56.570354 ], [ -5.255222, 56.570878 ], [ -5.258218, 56.571203 ], [ -5.264777, 56.567328 ], [ -5.264539, 56.566689 ], [ -5.264381, 56.565704 ], [ -5.264544, 56.564583 ], [ -5.26446, 56.564262 ], [ -5.26475, 56.562915 ], [ -5.264773, 56.561283 ], [ -5.264502, 56.559753 ], [ -5.264614, 56.559066 ], [ -5.264427, 56.558307 ], [ -5.264115, 56.558001 ], [ -5.264215, 56.556798 ], [ -5.264012, 56.555671 ], [ -5.264114, 56.555344 ], [ -5.264322, 56.555209 ], [ -5.264416, 56.55469 ], [ -5.26261, 56.554703 ], [ -5.260834, 56.555161 ], [ -5.260126, 56.555491 ], [ -5.260311, 56.555602 ], [ -5.260083, 56.555698 ], [ -5.259901, 56.555616 ], [ -5.257416, 56.556635 ], [ -5.256468, 56.557123 ], [ -5.25533, 56.557309 ], [ -5.253705, 56.558248 ], [ -5.251166, 56.559527 ], [ -5.250098, 56.559793 ], [ -5.250158, 56.559858 ], [ -5.249411, 56.560225 ], [ -5.249386, 56.56041 ], [ -5.248164, 56.561066 ], [ -5.246619, 56.562132 ], [ -5.246414, 56.562488 ], [ -5.245056, 56.563454 ], [ -5.245222, 56.563584 ], [ -5.245103, 56.563816 ], [ -5.244613, 56.563798 ], [ -5.244495, 56.564133 ], [ -5.244154, 56.564237 ], [ -5.243154, 56.564918 ], [ -5.243428, 56.566298 ], [ -5.242217, 56.567126 ], [ -5.241733, 56.567019 ], [ -5.24187, 56.567454 ], [ -5.242292, 56.5679 ], [ -5.243757, 56.568489 ], [ -5.244811, 56.570288 ], [ -5.245911, 56.57018 ], [ -5.247793, 56.570313 ], [ -5.248307, 56.570228 ], [ -5.248993, 56.570223 ], [ -5.249312, 56.570462 ], [ -5.250306, 56.570373 ], [ -5.251189, 56.570413 ], [ -5.251319, 56.570315 ], [ -5.251671, 56.570247 ], [ -5.253335, 56.57028 ] ] ] ] } },
{ "type": "Feature", "properties": { "NAME": "Rum" }, "geometry": { "type": "MultiPolygon", "coordinates": [ [ [ [ -6.342695, 56.941043 ], [ -6.3424, 56.94113 ], [ -6.342516, 56.941202 ], [ -6.342889, 56.941086 ], [ -6.342695, 56.941043 ] ] ] ] } },
{ "type": "Feature", "properties": { "NAME": "Rum" }, "geometry": { "type": "MultiPolygon", "coordinates": [ [ [ [ -6.342175, 56.941241 ], [ -6.342059, 56.941308 ], [ -6.342275, 56.941395 ], [ -6.342489, 56.941329 ], [ -6.342434, 56.941281 ], [ -6.342175, 56.941241 ] ] ] ] } },
{ "type": "Feature", "properties": { "NAME": "Rum" }, "geometry": { "type": "MultiPolygon", "coordinates": [ [ [ [ -6.292418, 56.943313 ], [ -6.292116, 56.943049 ], [ -6.291948, 56.943095 ], [ -6.291766, 56.943016 ], [ -6.291838, 56.943211 ], [ -6.292418, 56.943313 ] ] ] ] } },
{ "type": "Feature", "properties": { "NAME": "Rum" }, "geometry": { "type": "MultiPolygon", "coordinates": [ [ [ [ -6.340611, 56.941448 ], [ -6.340563, 56.941531 ], [ -6.340834, 56.941742 ], [ -6.340777, 56.94146 ], [ -6.340611, 56.941448 ] ] ] ] } },
{ "type": "Feature", "properties": { "NAME": "Rum" }, "geometry": { "type": "MultiPolygon", "coordinates": [ [ [ [ -6.292174, 56.943411 ], [ -6.292242, 56.943431 ], [ -6.292265, 56.943349 ], [ -6.292174, 56.943411 ] ] ] ] } },
{ "type": "Feature", "properties": { "NAME": "Abernethy" }, "geometry": { "type": "MultiPolygon", "coordinates": [ [ [ [ -3.675306, 57.266138 ], [ -3.679889, 57.267035 ], [ -3.680691, 57.266946 ], [ -3.68068, 57.266862 ], [ -3.683, 57.265691 ], [ -3.683115, 57.265745 ], [ -3.683516, 57.265716 ], [ -3.684864, 57.266157 ], [ -3.68515, 57.266183 ], [ -3.68598, 57.265994 ], [ -3.686657, 57.265684 ], [ -3.687709, 57.264701 ], [ -3.688061, 57.264504 ], [ -3.68801, 57.264462 ], [ -3.689193, 57.263933 ], [ -3.694627, 57.262789 ], [ -3.697067, 57.26199 ], [ -3.700845, 57.260977 ], [ -3.700966, 57.259607 ], [ -3.700455, 57.258872 ], [ -3.701254, 57.257873 ], [ -3.702864, 57.256657 ], [ -3.704506, 57.257025 ], [ -3.704579, 57.257711 ], [ -3.706118, 57.257816 ], [ -3.708225, 57.256431 ], [ -3.710497, 57.255173 ], [ -3.712004, 57.25407 ], [ -3.713182, 57.253632 ], [ -3.713605, 57.253248 ], [ -3.713977, 57.252352 ], [ -3.715075, 57.252674 ], [ -3.716978, 57.252866 ], [ -3.71788, 57.253647 ], [ -3.718396, 57.253869 ], [ -3.723438, 57.254209 ], [ -3.724685, 57.254674 ], [ -3.726184, 57.254138 ], [ -3.727221, 57.25389 ], [ -3.730033, 57.253469 ], [ -3.731393, 57.252762 ], [ -3.733973, 57.252204 ], [ -3.734606, 57.251975 ], [ -3.735589, 57.251449 ], [ -3.736502, 57.251114 ], [ -3.737454, 57.250526 ], [ -3.738098, 57.249982 ], [ -3.740982, 57.247082 ], [ -3.740125, 57.246658 ], [ -3.739317, 57.246391 ], [ -3.738723, 57.246273 ], [ -3.738367, 57.246283 ], [ -3.736853, 57.245104 ], [ -3.737432, 57.244535 ], [ -3.737783, 57.243546 ], [ -3.737835, 57.242544 ], [ -3.738695, 57.242154 ], [ -3.738773, 57.24205 ], [ -3.738747, 57.241853 ], [ -3.738435, 57.24157 ], [ -3.738868, 57.240908 ], [ -3.738942, 57.240534 ], [ -3.739767, 57.239925 ], [ -3.740735, 57.238312 ], [ -3.740892, 57.236733 ], [ -3.740395, 57.235505 ], [ -3.739079, 57.234472 ], [ -3.738118, 57.233411 ], [ -3.737406, 57.231572 ], [ -3.737514, 57.231502 ], [ -3.741395, 57.233177 ], [ -3.737227, 57.226443 ], [ -3.736384, 57.226311 ], [ -3.735389, 57.226293 ], [ -3.734674, 57.226201 ], [ -3.737389, 57.231573 ], [ -3.73671, 57.231324 ], [ -3.736505, 57.231318 ], [ -3.734859, 57.231819 ], [ -3.734985, 57.232042 ], [ -3.736127, 57.232824 ], [ -3.735921, 57.233388 ], [ -3.73606, 57.233871 ], [ -3.735769, 57.234023 ], [ -3.733586, 57.234458 ], [ -3.732336, 57.234484 ], [ -3.729911, 57.235591 ], [ -3.72968, 57.236138 ], [ -3.728957, 57.236458 ], [ -3.72779, 57.236654 ], [ -3.726358, 57.237384 ], [ -3.724447, 57.238874 ], [ -3.723889, 57.239169 ], [ -3.723325, 57.239174 ], [ -3.722123, 57.238916 ], [ -3.721397, 57.238613 ], [ -3.72099, 57.238357 ], [ -3.720692, 57.237796 ], [ -3.719296, 57.237038 ], [ -3.719275, 57.236735 ], [ -3.719458, 57.236527 ], [ -3.720123, 57.23622 ], [ -3.720936, 57.235558 ], [ -3.721088, 57.23526 ], [ -3.72087, 57.234752 ], [ -3.720994, 57.23464 ], [ -3.720915, 57.234547 ], [ -3.72106, 57.234459 ], [ -3.721218, 57.234471 ], [ -3.721199, 57.234417 ], [ -3.720873, 57.23417 ], [ -3.720227, 57.233999 ], [ -3.720022, 57.233683 ], [ -3.719848, 57.233681 ], [ -3.719674, 57.233513 ], [ -3.719255, 57.233419 ], [ -3.719233, 57.233303 ], [ -3.718626, 57.233055 ], [ -3.71852, 57.232926 ], [ -3.718162, 57.232891 ], [ -3.718084, 57.23282 ], [ -3.71783, 57.232882 ], [ -3.71763, 57.23284 ], [ -3.717372, 57.232637 ], [ -3.716879, 57.232558 ], [ -3.717049, 57.232816 ], [ -3.716505, 57.232887 ], [ -3.716535, 57.23281 ], [ -3.716097, 57.232829 ], [ -3.715796, 57.23295 ], [ -3.715324, 57.233851 ], [ -3.714716, 57.233953 ], [ -3.714696, 57.234057 ], [ -3.714143, 57.23428 ], [ -3.714235, 57.234656 ], [ -3.714638, 57.234785 ], [ -3.714241, 57.23497 ], [ -3.714436, 57.235144 ], [ -3.713909, 57.235487 ], [ -3.713291, 57.235567 ], [ -3.712862, 57.235771 ], [ -3.711997, 57.236591 ], [ -3.711599, 57.236776 ], [ -3.711319, 57.237158 ], [ -3.710846, 57.23733 ], [ -3.710179, 57.237941 ], [ -3.710234, 57.238417 ], [ -3.709784, 57.239005 ], [ -3.709411, 57.239122 ], [ -3.708815, 57.239168 ], [ -3.70875, 57.238769 ], [ -3.708073, 57.238275 ], [ -3.708049, 57.238105 ], [ -3.707832, 57.238077 ], [ -3.707606, 57.237675 ], [ -3.70721, 57.237532 ], [ -3.706858, 57.237614 ], [ -3.706615, 57.237568 ], [ -3.705641, 57.23763 ], [ -3.705528, 57.237699 ], [ -3.704994, 57.237621 ], [ -3.704619, 57.237756 ], [ -3.704197, 57.237771 ], [ -3.703442, 57.237736 ], [ -3.70318, 57.237623 ], [ -3.703032, 57.237666 ], [ -3.703281, 57.237316 ], [ -3.701851, 57.234851 ], [ -3.697806, 57.234983 ], [ -3.695808, 57.234605 ], [ -3.691801, 57.235198 ], [ -3.689262, 57.234927 ], [ -3.686543, 57.234353 ], [ -3.685193, 57.233261 ], [ -3.68365, 57.23286 ], [ -3.683373, 57.232589 ], [ -3.682552, 57.232208 ], [ -3.679402, 57.232696 ], [ -3.678249, 57.232658 ], [ -3.677608, 57.232506 ], [ -3.677175, 57.23237 ], [ -3.675478, 57.230678 ], [ -3.673331, 57.229795 ], [ -3.672529, 57.228193 ], [ -3.670797, 57.22725 ], [ -3.670442, 57.227448 ], [ -3.670297, 57.227364 ], [ -3.668581, 57.228065 ], [ -3.666178, 57.228587 ], [ -3.665422, 57.228898 ], [ -3.66399, 57.229106 ], [ -3.662855, 57.22948 ], [ -3.661894, 57.229654 ], [ -3.661566, 57.229784 ], [ -3.661468, 57.229679 ], [ -3.660858, 57.22965 ], [ -3.658676, 57.228462 ], [ -3.657187, 57.227763 ], [ -3.656157, 57.227507 ], [ -3.654431, 57.225948 ], [ -3.65418, 57.225349 ], [ -3.653692, 57.225316 ], [ -3.65367, 57.225643 ], [ -3.65236, 57.22571 ], [ -3.652306, 57.225109 ], [ -3.654111, 57.224874 ], [ -3.657909, 57.22396 ], [ -3.658459, 57.22096 ], [ -3.659838, 57.218119 ], [ -3.666153, 57.208763 ], [ -3.670543, 57.203489 ], [ -3.672943, 57.202945 ], [ -3.680515, 57.201999 ], [ -3.681323, 57.201933 ], [ -3.683348, 57.201935 ], [ -3.699168, 57.204084 ], [ -3.702139, 57.204251 ], [ -3.703128, 57.204152 ], [ -3.706218, 57.203473 ], [ -3.707751, 57.203002 ], [ -3.710535, 57.201814 ], [ -3.713167, 57.201091 ], [ -3.716802, 57.20149 ], [ -3.72045, 57.202159 ], [ -3.720965, 57.202197 ], [ -3.718234, 57.200457 ], [ -3.719108, 57.196378 ], [ -3.709139, 57.193725 ], [ -3.706424, 57.194241 ], [ -3.691684, 57.187695 ], [ -3.691076, 57.185283 ], [ -3.68542, 57.184315 ], [ -3.681239, 57.184072 ], [ -3.68015, 57.184167 ], [ -3.676252, 57.185181 ], [ -3.671058, 57.183474 ], [ -3.66063, 57.186792 ], [ -3.648474, 57.18233 ], [ -3.647819, 57.18087 ], [ -3.646702, 57.180075 ], [ -3.647657, 57.173912 ], [ -3.646807, 57.171385 ], [ -3.625686, 57.164167 ], [ -3.63282, 57.160789 ], [ -3.63397, 57.157421 ], [ -3.630296, 57.149961 ], [ -3.627667, 57.139909 ], [ -3.633077, 57.132214 ], [ -3.632401, 57.12682 ], [ -3.637017, 57.124037 ], [ -3.638851, 57.121473 ], [ -3.638717, 57.11788 ], [ -3.641357, 57.116394 ], [ -3.641817, 57.116494 ], [ -3.64384, 57.116476 ], [ -3.644063, 57.116298 ], [ -3.644068, 57.115844 ], [ -3.644294, 57.115738 ], [ -3.64554, 57.115897 ], [ -3.649077, 57.115392 ], [ -3.650632, 57.115457 ], [ -3.652673, 57.115318 ], [ -3.654698, 57.115916 ], [ -3.654605, 57.115117 ], [ -3.65487, 57.113833 ], [ -3.654443, 57.111665 ], [ -3.654587, 57.110279 ], [ -3.654848, 57.109638 ], [ -3.655506, 57.108857 ], [ -3.656103, 57.108346 ], [ -3.656466, 57.107779 ], [ -3.656939, 57.107647 ], [ -3.658334, 57.106919 ], [ -3.660796, 57.106401 ], [ -3.661782, 57.106119 ], [ -3.66261, 57.105986 ], [ -3.663344, 57.105968 ], [ -3.663588, 57.105874 ], [ -3.66403, 57.10599 ], [ -3.664285, 57.105973 ], [ -3.665317, 57.105411 ], [ -3.665796, 57.105041 ], [ -3.666724, 57.104755 ], [ -3.668704, 57.104921 ], [ -3.669973, 57.104671 ], [ -3.670837, 57.104624 ], [ -3.672102, 57.104849 ], [ -3.67244, 57.104831 ], [ -3.673512, 57.104269 ], [ -3.674525, 57.104017 ], [ -3.675327, 57.103697 ], [ -3.675752, 57.103399 ], [ -3.676081, 57.102824 ], [ -3.676712, 57.102914 ], [ -3.677344, 57.102825 ], [ -3.680441, 57.097577 ], [ -3.681091, 57.096984 ], [ -3.683703, 57.095247 ], [ -3.683266, 57.093986 ], [ -3.683452, 57.093727 ], [ -3.683998, 57.093378 ], [ -3.684031, 57.093216 ], [ -3.683331, 57.091779 ], [ -3.682991, 57.091568 ], [ -3.682189, 57.091336 ], [ -3.6818, 57.091135 ], [ -3.680303, 57.089614 ], [ -3.67977, 57.088404 ], [ -3.678838, 57.087859 ], [ -3.678242, 57.087274 ], [ -3.677739, 57.086912 ], [ -3.677303, 57.086757 ], [ -3.676844, 57.086462 ], [ -3.674242, 57.085302 ], [ -3.673835, 57.084885 ], [ -3.673892, 57.084489 ], [ -3.674852, 57.083456 ], [ -3.676105, 57.082703 ], [ -3.676827, 57.082073 ], [ -3.677115, 57.081683 ], [ -3.677079, 57.081436 ], [ -3.675982, 57.079434 ], [ -3.674228, 57.078401 ], [ -3.673356, 57.07773 ], [ -3.672201, 57.07735 ], [ -3.667162, 57.076272 ], [ -3.666364, 57.075959 ], [ -3.666038, 57.075685 ], [ -3.66679, 57.074606 ], [ -3.666686, 57.073583 ], [ -3.669108, 57.070379 ], [ -3.667987, 57.070039 ], [ -3.668003, 57.069841 ], [ -3.666468, 57.069076 ], [ -3.664914, 57.068454 ], [ -3.663028, 57.068497 ], [ -3.661796, 57.068625 ], [ -3.660603, 57.068861 ], [ -3.65856, 57.068736 ], [ -3.656944, 57.06855 ], [ -3.65537, 57.07265 ], [ -3.654872, 57.073519 ], [ -3.653497, 57.074499 ], [ -3.652148, 57.075882 ], [ -3.653155, 57.07644 ], [ -3.65398, 57.077377 ], [ -3.654639, 57.077718 ], [ -3.653819, 57.07821 ], [ -3.653968, 57.080077 ], [ -3.653744, 57.080983 ], [ -3.652682, 57.081401 ], [ -3.651485, 57.082677 ], [ -3.650607, 57.082969 ], [ -3.649672, 57.083642 ], [ -3.648537, 57.083742 ], [ -3.647891, 57.084236 ], [ -3.647608, 57.084931 ], [ -3.64751, 57.086235 ], [ -3.646875, 57.087367 ], [ -3.646555, 57.088337 ], [ -3.646033, 57.08829 ], [ -3.645274, 57.087931 ], [ -3.644301, 57.087747 ], [ -3.641676, 57.087363 ], [ -3.640804, 57.087411 ], [ -3.639888, 57.087045 ], [ -3.639346, 57.086536 ], [ -3.638824, 57.086295 ], [ -3.638051, 57.086359 ], [ -3.634841, 57.08615 ], [ -3.63445, 57.086083 ], [ -3.633658, 57.085725 ], [ -3.633268, 57.085667 ], [ -3.632991, 57.085743 ], [ -3.63261, 57.08608 ], [ -3.63066, 57.087332 ], [ -3.629628, 57.087705 ], [ -3.625412, 57.087701 ], [ -3.624505, 57.087538 ], [ -3.623659, 57.087629 ], [ -3.621738, 57.088602 ], [ -3.620918, 57.089668 ], [ -3.620653, 57.089847 ], [ -3.620359, 57.089896 ], [ -3.619838, 57.089696 ], [ -3.618898, 57.089515 ], [ -3.618211, 57.089286 ], [ -3.616221, 57.088498 ], [ -3.616019, 57.088213 ], [ -3.615691, 57.087108 ], [ -3.615268, 57.086682 ], [ -3.610757, 57.085401 ], [ -3.609, 57.085981 ], [ -3.607062, 57.086397 ], [ -3.606381, 57.086477 ], [ -3.605725, 57.086387 ], [ -3.604778, 57.086615 ], [ -3.603472, 57.086375 ], [ -3.603102, 57.08603 ], [ -3.602783, 57.085904 ], [ -3.598386, 57.085138 ], [ -3.596526, 57.084479 ], [ -3.595931, 57.084466 ], [ -3.58675, 57.10408 ], [ -3.585257, 57.105192 ], [ -3.583412, 57.106262 ], [ -3.58283, 57.10714 ], [ -3.582771, 57.107496 ], [ -3.5829, 57.108011 ], [ -3.582797, 57.108489 ], [ -3.582982, 57.109151 ], [ -3.582688, 57.10949 ], [ -3.58265, 57.10986 ], [ -3.582221, 57.11085 ], [ -3.582232, 57.111119 ], [ -3.581763, 57.111336 ], [ -3.581661, 57.111481 ], [ -3.581467, 57.112153 ], [ -3.581107, 57.112611 ], [ -3.580801, 57.11337 ], [ -3.580519, 57.115094 ], [ -3.579878, 57.117501 ], [ -3.579076, 57.11845 ], [ -3.578703, 57.119182 ], [ -3.577559, 57.120239 ], [ -3.576496, 57.12204 ], [ -3.575256, 57.123583 ], [ -3.574647, 57.124206 ], [ -3.573755, 57.124806 ], [ -3.573443, 57.125434 ], [ -3.572613, 57.126012 ], [ -3.571118, 57.127378 ], [ -3.570219, 57.12785 ], [ -3.569841, 57.128911 ], [ -3.569533, 57.129202 ], [ -3.568731, 57.129676 ], [ -3.568381, 57.130143 ], [ -3.568117, 57.130961 ], [ -3.568407, 57.131549 ], [ -3.568145, 57.131991 ], [ -3.568113, 57.132852 ], [ -3.567833, 57.133215 ], [ -3.567795, 57.133495 ], [ -3.56735, 57.134015 ], [ -3.566554, 57.136001 ], [ -3.566649, 57.137037 ], [ -3.567086, 57.138071 ], [ -3.564808, 57.138251 ], [ -3.562035, 57.140284 ], [ -3.560357, 57.141069 ], [ -3.557715, 57.143662 ], [ -3.556722, 57.1454 ], [ -3.556652, 57.145701 ], [ -3.557223, 57.147294 ], [ -3.559508, 57.149165 ], [ -3.556265, 57.15067 ], [ -3.555458, 57.151331 ], [ -3.553422, 57.152637 ], [ -3.552719, 57.15323 ], [ -3.550885, 57.155215 ], [ -3.548983, 57.156789 ], [ -3.548461, 57.157352 ], [ -3.546477, 57.158742 ], [ -3.544186, 57.161295 ], [ -3.541458, 57.161994 ], [ -3.541198, 57.162128 ], [ -3.541041, 57.162385 ], [ -3.541053, 57.162823 ], [ -3.540725, 57.163315 ], [ -3.540194, 57.163618 ], [ -3.539412, 57.164267 ], [ -3.539197, 57.165291 ], [ -3.53894, 57.165963 ], [ -3.538767, 57.166109 ], [ -3.537603, 57.166113 ], [ -3.536805, 57.16632 ], [ -3.536475, 57.166545 ], [ -3.536344, 57.167086 ], [ -3.536117, 57.167263 ], [ -3.534778, 57.167513 ], [ -3.533062, 57.167564 ], [ -3.530727, 57.167114 ], [ -3.530243, 57.166785 ], [ -3.528895, 57.166299 ], [ -3.527885, 57.165762 ], [ -3.527426, 57.165651 ], [ -3.526701, 57.165581 ], [ -3.524707, 57.165601 ], [ -3.523425, 57.165791 ], [ -3.522102, 57.16546 ], [ -3.521147, 57.165556 ], [ -3.520186, 57.165556 ], [ -3.518204, 57.165279 ], [ -3.516009, 57.165295 ], [ -3.514856, 57.165601 ], [ -3.514587, 57.165914 ], [ -3.514856, 57.166101 ], [ -3.515953, 57.166334 ], [ -3.516089, 57.166478 ], [ -3.516051, 57.166728 ], [ -3.51579, 57.166816 ], [ -3.515064, 57.166852 ], [ -3.514043, 57.166752 ], [ -3.513122, 57.16648 ], [ -3.512784, 57.166493 ], [ -3.512433, 57.166605 ], [ -3.511366, 57.167693 ], [ -3.51138, 57.168342 ], [ -3.51107, 57.168409 ], [ -3.510245, 57.168298 ], [ -3.509926, 57.168387 ], [ -3.509701, 57.168552 ], [ -3.50939, 57.169043 ], [ -3.509349, 57.169859 ], [ -3.509012, 57.170114 ], [ -3.508144, 57.170371 ], [ -3.506, 57.171196 ], [ -3.505309, 57.171174 ], [ -3.504695, 57.170921 ], [ -3.504255, 57.170872 ], [ -3.500563, 57.172004 ], [ -3.499578, 57.17259 ], [ -3.499414, 57.17283 ], [ -3.499329, 57.173388 ], [ -3.499114, 57.173593 ], [ -3.496937, 57.173543 ], [ -3.496145, 57.173602 ], [ -3.49439, 57.173955 ], [ -3.493639, 57.17422 ], [ -3.493394, 57.174497 ], [ -3.493508, 57.175057 ], [ -3.493286, 57.175904 ], [ -3.492847, 57.176318 ], [ -3.492554, 57.17643 ], [ -3.490467, 57.176769 ], [ -3.489048, 57.176844 ], [ -3.488575, 57.177011 ], [ -3.487881, 57.177464 ], [ -3.487485, 57.177478 ], [ -3.486899, 57.177296 ], [ -3.485762, 57.176591 ], [ -3.484102, 57.176453 ], [ -3.483275, 57.176243 ], [ -3.482459, 57.175282 ], [ -3.481968, 57.174996 ], [ -3.481036, 57.174639 ], [ -3.480577, 57.174532 ], [ -3.479272, 57.174592 ], [ -3.477533, 57.174321 ], [ -3.475491, 57.174551 ], [ -3.473732, 57.174626 ], [ -3.470875, 57.174516 ], [ -3.46974, 57.174677 ], [ -3.468523, 57.175073 ], [ -3.466137, 57.176422 ], [ -3.464692, 57.176911 ], [ -3.467104, 57.177812 ], [ -3.467712, 57.178398 ], [ -3.469029, 57.181864 ], [ -3.470075, 57.187608 ], [ -3.490018, 57.192132 ], [ -3.496061, 57.193615 ], [ -3.506831, 57.195989 ], [ -3.555346, 57.218278 ], [ -3.558112, 57.219907 ], [ -3.56011, 57.220947 ], [ -3.562727, 57.221939 ], [ -3.564147, 57.222231 ], [ -3.570575, 57.222456 ], [ -3.576886, 57.222583 ], [ -3.583345, 57.222542 ], [ -3.584202, 57.222715 ], [ -3.585545, 57.223139 ], [ -3.59083, 57.224959 ], [ -3.590786, 57.225072 ], [ -3.590937, 57.225111 ], [ -3.590958, 57.225209 ], [ -3.591336, 57.225335 ], [ -3.59145, 57.225675 ], [ -3.591273, 57.225803 ], [ -3.591797, 57.225846 ], [ -3.59253, 57.226137 ], [ -3.592741, 57.226101 ], [ -3.593327, 57.226318 ], [ -3.593787, 57.22631 ], [ -3.595194, 57.226624 ], [ -3.595486, 57.226606 ], [ -3.595656, 57.226477 ], [ -3.596906, 57.226707 ], [ -3.597233, 57.226679 ], [ -3.597979, 57.226766 ], [ -3.598735, 57.226691 ], [ -3.598992, 57.226766 ], [ -3.59916, 57.22693 ], [ -3.599458, 57.226906 ], [ -3.600778, 57.227061 ], [ -3.601481, 57.227264 ], [ -3.602591, 57.227207 ], [ -3.602792, 57.227328 ], [ -3.602641, 57.227479 ], [ -3.602706, 57.227545 ], [ -3.603398, 57.227762 ], [ -3.603574, 57.227741 ], [ -3.603763, 57.227577 ], [ -3.60434, 57.227842 ], [ -3.604999, 57.227955 ], [ -3.607084, 57.227919 ], [ -3.618622, 57.229995 ], [ -3.619437, 57.230128 ], [ -3.61989, 57.230087 ], [ -3.61945, 57.230131 ], [ -3.61969, 57.23017 ], [ -3.620149, 57.230434 ], [ -3.620191, 57.230635 ], [ -3.619712, 57.232007 ], [ -3.617071, 57.233697 ], [ -3.616718, 57.234188 ], [ -3.614994, 57.234675 ], [ -3.618222, 57.23637 ], [ -3.619038, 57.236661 ], [ -3.620278, 57.237341 ], [ -3.622217, 57.238097 ], [ -3.622645, 57.238429 ], [ -3.622798, 57.238687 ], [ -3.622979, 57.239795 ], [ -3.622867, 57.240075 ], [ -3.623051, 57.240301 ], [ -3.622953, 57.240527 ], [ -3.623194, 57.241108 ], [ -3.623185, 57.241279 ], [ -3.622807, 57.241728 ], [ -3.6232, 57.241993 ], [ -3.622664, 57.242457 ], [ -3.62257, 57.242941 ], [ -3.623105, 57.243156 ], [ -3.623902, 57.243184 ], [ -3.624463, 57.243127 ], [ -3.62492, 57.24324 ], [ -3.62513, 57.243775 ], [ -3.625406, 57.243917 ], [ -3.625667, 57.244212 ], [ -3.625651, 57.244362 ], [ -3.625257, 57.244584 ], [ -3.62522, 57.244868 ], [ -3.625804, 57.244962 ], [ -3.626072, 57.245307 ], [ -3.626109, 57.245585 ], [ -3.625825, 57.246114 ], [ -3.626082, 57.246677 ], [ -3.624672, 57.247577 ], [ -3.62479, 57.247804 ], [ -3.625599, 57.24835 ], [ -3.625214, 57.248847 ], [ -3.62556, 57.248864 ], [ -3.625499, 57.249232 ], [ -3.625655, 57.250137 ], [ -3.627308, 57.250807 ], [ -3.629411, 57.25149 ], [ -3.630641, 57.251582 ], [ -3.632291, 57.251281 ], [ -3.633643, 57.251781 ], [ -3.634618, 57.252045 ], [ -3.640303, 57.25266 ], [ -3.640073, 57.253357 ], [ -3.639298, 57.25465 ], [ -3.641631, 57.255596 ], [ -3.641846, 57.256206 ], [ -3.641588, 57.257026 ], [ -3.643031, 57.258262 ], [ -3.642907, 57.258277 ], [ -3.643669, 57.259543 ], [ -3.644693, 57.260391 ], [ -3.645174, 57.260672 ], [ -3.645768, 57.26217 ], [ -3.647973, 57.26254 ], [ -3.652213, 57.262783 ], [ -3.651657, 57.263515 ], [ -3.652505, 57.263669 ], [ -3.652838, 57.263026 ], [ -3.652747, 57.262815 ], [ -3.653402, 57.262907 ], [ -3.653197, 57.261856 ], [ -3.654474, 57.261741 ], [ -3.654842, 57.261948 ], [ -3.655225, 57.262639 ], [ -3.656442, 57.262615 ], [ -3.656345, 57.26191 ], [ -3.656728, 57.261723 ], [ -3.657332, 57.260657 ], [ -3.659304, 57.260456 ], [ -3.659635, 57.261044 ], [ -3.660043, 57.261292 ], [ -3.659979, 57.26158 ], [ -3.66169, 57.26152 ], [ -3.661664, 57.261733 ], [ -3.665505, 57.261778 ], [ -3.665492, 57.261536 ], [ -3.66606, 57.26149 ], [ -3.666098, 57.261773 ], [ -3.668319, 57.262131 ], [ -3.668711, 57.262115 ], [ -3.669608, 57.264164 ], [ -3.671333, 57.264638 ], [ -3.675306, 57.266138 ] ], [ [ -3.637695, 57.208423 ], [ -3.638018, 57.20845 ], [ -3.63795, 57.20906 ], [ -3.640243, 57.211018 ], [ -3.639305, 57.211713 ], [ -3.638617, 57.2128 ], [ -3.637275, 57.213896 ], [ -3.636322, 57.213696 ], [ -3.636367, 57.213422 ], [ -3.634864, 57.209564 ], [ -3.635383, 57.209294 ], [ -3.637137, 57.208979 ], [ -3.637695, 57.208423 ] ] ] ] } },
{ "type": "Feature", "properties": { "NAME": "Rum" }, "geometry": { "type": "MultiPolygon", "coordinates": [ [ [ [ -6.291981, 56.943521 ], [ -6.292047, 56.943528 ], [ -6.292058, 56.943473 ], [ -6.291981, 56.943521 ] ] ] ] } },
{ "type": "Feature", "properties": { "NAME": "Rum" }, "geometry": { "type": "MultiPolygon", "coordinates": [ [ [ [ -6.342005, 56.94176 ], [ -6.342281, 56.941871 ], [ -6.342392, 56.941836 ], [ -6.342219, 56.941761 ], [ -6.342005, 56.94176 ] ] ] ] } },
{ "type": "Feature", "properties": { "NAME": "Rum" }, "geometry": { "type": "MultiPolygon", "coordinates": [ [ [ [ -6.342146, 56.942056 ], [ -6.342161, 56.942114 ], [ -6.342435, 56.942059 ], [ -6.342316, 56.942028 ], [ -6.342146, 56.942056 ] ] ] ] } },
{ "type": "Feature", "properties": { "NAME": "Rum" }, "geometry": { "type": "MultiPolygon", "coordinates": [ [ [ [ -6.342711, 56.941892 ], [ -6.342807, 56.942078 ], [ -6.343087, 56.942077 ], [ -6.343102, 56.941928 ], [ -6.342711, 56.941892 ] ] ] ] } },
{ "type": "Feature", "properties": { "NAME": "Rum" }, "geometry": { "type": "MultiPolygon", "coordinates": [ [ [ [ -6.290204, 56.944027 ], [ -6.290117, 56.944129 ], [ -6.290283, 56.944213 ], [ -6.29037, 56.94404 ], [ -6.290204, 56.944027 ] ] ] ] } },
{ "type": "Feature", "properties": { "NAME": "Rum" }, "geometry": { "type": "MultiPolygon", "coordinates": [ [ [ [ -6.342294, 56.942478 ], [ -6.342467, 56.942476 ], [ -6.342784, 56.942304 ], [ -6.342284, 56.942182 ], [ -6.342294, 56.942478 ] ] ] ] } },
{ "type": "Feature", "properties": { "NAME": "Rum" }, "geometry": { "type": "MultiPolygon", "coordinates": [ [ [ [ -6.341657, 56.942379 ], [ -6.341778, 56.9425 ], [ -6.34213, 56.942479 ], [ -6.341794, 56.942356 ], [ -6.341657, 56.942379 ] ] ] ] } },
{ "type": "Feature", "properties": { "NAME": "Rum" }, "geometry": { "type": "MultiPolygon", "coordinates": [ [ [ [ -6.288431, 56.945491 ], [ -6.288414, 56.945703 ], [ -6.288477, 56.94575 ], [ -6.288573, 56.945653 ], [ -6.288431, 56.945491 ] ] ] ] } },
{ "type": "Feature", "properties": { "NAME": "Rum" }, "geometry": { "type": "MultiPolygon", "coordinates": [ [ [ [ -6.288187, 56.945805 ], [ -6.288215, 56.945975 ], [ -6.288569, 56.946192 ], [ -6.288432, 56.945927 ], [ -6.288187, 56.945805 ] ] ] ] } },
{ "type": "Feature", "properties": { "NAME": "Rum" }, "geometry": { "type": "MultiPolygon", "coordinates": [ [ [ [ -6.342263, 56.944332 ], [ -6.342311, 56.944389 ], [ -6.342417, 56.94438 ], [ -6.342371, 56.944337 ], [ -6.342263, 56.944332 ] ] ] ] } },
{ "type": "Feature", "properties": { "NAME": "Rum" }, "geometry": { "type": "MultiPolygon", "coordinates": [ [ [ [ -6.288326, 56.946511 ], [ -6.288509, 56.946455 ], [ -6.28816, 56.94635 ], [ -6.288326, 56.946511 ] ] ] ] } },
{ "type": "Feature", "properties": { "NAME": "Rum" }, "geometry": { "type": "MultiPolygon", "coordinates": [ [ [ [ -6.34234, 56.944567 ], [ -6.34254, 56.944659 ], [ -6.342545, 56.944565 ], [ -6.34234, 56.944567 ] ] ] ] } },
{ "type": "Feature", "properties": { "NAME": "Rum" }, "geometry": { "type": "MultiPolygon", "coordinates": [ [ [ [ -6.288013, 56.946508 ], [ -6.287946, 56.946569 ], [ -6.287982, 56.946595 ], [ -6.28811, 56.946563 ], [ -6.288013, 56.946508 ] ] ] ] } },
{ "type": "Feature", "properties": { "NAME": "Rum" }, "geometry": { "type": "MultiPolygon", "coordinates": [ [ [ [ -6.288055, 56.946655 ], [ -6.288034, 56.946687 ], [ -6.28821, 56.946645 ], [ -6.288055, 56.946655 ] ] ] ] } },
{ "type": "Feature", "properties": { "NAME": "Rum" }, "geometry": { "type": "MultiPolygon", "coordinates": [ [ [ [ -6.28785, 56.946806 ], [ -6.288016, 56.946823 ], [ -6.287907, 56.946656 ], [ -6.28785, 56.946806 ] ] ] ] } },
{ "type": "Feature", "properties": { "NAME": "Rum" }, "geometry": { "type": "MultiPolygon", "coordinates": [ [ [ [ -6.288532, 56.947017 ], [ -6.288671, 56.946863 ], [ -6.28845, 56.94666 ], [ -6.288339, 56.94669 ], [ -6.288418, 56.946805 ], [ -6.288259, 56.94686 ], [ -6.288217, 56.946996 ], [ -6.288532, 56.947017 ] ] ] ] } },
{ "type": "Feature", "properties": { "NAME": "Rum" }, "geometry": { "type": "MultiPolygon", "coordinates": [ [ [ [ -6.287845, 56.94691 ], [ -6.28785, 56.947022 ], [ -6.28797, 56.947063 ], [ -6.287971, 56.946932 ], [ -6.287845, 56.94691 ] ] ] ] } },
{ "type": "Feature", "properties": { "NAME": "Rum" }, "geometry": { "type": "MultiPolygon", "coordinates": [ [ [ [ -6.287951, 56.947185 ], [ -6.288055, 56.947231 ], [ -6.288083, 56.947113 ], [ -6.287951, 56.947185 ] ] ] ] } },
{ "type": "Feature", "properties": { "NAME": "Rum" }, "geometry": { "type": "MultiPolygon", "coordinates": [ [ [ [ -6.288432, 56.947141 ], [ -6.288266, 56.947278 ], [ -6.28834, 56.947347 ], [ -6.288447, 56.947343 ], [ -6.288566, 56.947164 ], [ -6.288432, 56.947141 ] ] ] ] } },
{ "type": "Feature", "properties": { "NAME": "Rum" }, "geometry": { "type": "MultiPolygon", "coordinates": [ [ [ [ -6.349052, 56.945116 ], [ -6.348989, 56.945208 ], [ -6.34917, 56.945283 ], [ -6.349231, 56.945236 ], [ -6.349052, 56.945116 ] ] ] ] } },
{ "type": "Feature", "properties": { "NAME": "Rum" }, "geometry": { "type": "MultiPolygon", "coordinates": [ [ [ [ -6.348722, 56.945672 ], [ -6.348903, 56.945598 ], [ -6.348829, 56.945394 ], [ -6.348562, 56.945358 ], [ -6.348255, 56.945481 ], [ -6.348722, 56.945672 ] ] ] ] } },
{ "type": "Feature", "properties": { "NAME": "Rum" }, "geometry": { "type": "MultiPolygon", "coordinates": [ [ [ [ -6.35311, 56.945478 ], [ -6.353212, 56.94565 ], [ -6.353507, 56.945568 ], [ -6.353309, 56.945498 ], [ -6.35311, 56.945478 ] ] ] ] } },
{ "type": "Feature", "properties": { "NAME": "Rum" }, "geometry": { "type": "MultiPolygon", "coordinates": [ [ [ [ -6.352023, 56.945548 ], [ -6.3519, 56.945615 ], [ -6.351892, 56.945831 ], [ -6.352128, 56.945949 ], [ -6.352333, 56.945946 ], [ -6.352456, 56.945874 ], [ -6.352321, 56.945632 ], [ -6.352023, 56.945548 ] ] ] ] } },
{ "type": "Feature", "properties": { "NAME": "Rum" }, "geometry": { "type": "MultiPolygon", "coordinates": [ [ [ [ -6.350444, 56.946259 ], [ -6.350713, 56.946025 ], [ -6.350594, 56.94571 ], [ -6.350445, 56.945769 ], [ -6.350299, 56.946076 ], [ -6.350444, 56.946259 ] ] ] ] } },
{ "type": "Feature", "properties": { "NAME": "Rum" }, "geometry": { "type": "MultiPolygon", "coordinates": [ [ [ [ -6.351001, 56.946726 ], [ -6.351334, 56.946692 ], [ -6.35114, 56.946577 ], [ -6.3514, 56.946343 ], [ -6.351382, 56.946182 ], [ -6.350735, 56.94642 ], [ -6.350829, 56.946664 ], [ -6.351001, 56.946726 ] ] ] ] } },
{ "type": "Feature", "properties": { "NAME": "Rum" }, "geometry": { "type": "MultiPolygon", "coordinates": [ [ [ [ -6.351932, 56.946882 ], [ -6.35217, 56.947018 ], [ -6.352223, 56.946768 ], [ -6.35205, 56.946622 ], [ -6.351932, 56.946882 ] ] ] ] } },
{ "type": "Feature", "properties": { "NAME": "Rum" }, "geometry": { "type": "MultiPolygon", "coordinates": [ [ [ [ -6.287426, 56.949276 ], [ -6.287452, 56.949289 ], [ -6.287527, 56.949151 ], [ -6.287426, 56.949276 ] ] ] ] } },
{ "type": "Feature", "properties": { "NAME": "Rum" }, "geometry": { "type": "MultiPolygon", "coordinates": [ [ [ [ -6.353087, 56.946837 ], [ -6.353436, 56.947005 ], [ -6.353714, 56.946986 ], [ -6.353519, 56.946732 ], [ -6.353087, 56.946837 ] ] ] ] } },
{ "type": "Feature", "properties": { "NAME": "Rum" }, "geometry": { "type": "MultiPolygon", "coordinates": [ [ [ [ -6.287601, 56.949288 ], [ -6.287642, 56.949291 ], [ -6.287669, 56.949241 ], [ -6.287601, 56.949288 ] ] ] ] } },
{ "type": "Feature", "properties": { "NAME": "Rum" }, "geometry": { "type": "MultiPolygon", "coordinates": [ [ [ [ -6.352872, 56.947034 ], [ -6.352995, 56.947101 ], [ -6.353099, 56.94708 ], [ -6.352991, 56.947003 ], [ -6.352872, 56.947034 ] ] ] ] } },
{ "type": "Feature", "properties": { "NAME": "Isle of May" }, "geometry": { "type": "MultiPolygon", "coordinates": [ [ [ [ -2.567793, 56.193461 ], [ -2.56823, 56.193512 ], [ -2.568387, 56.193366 ], [ -2.568341, 56.19327 ], [ -2.56806, 56.19319 ], [ -2.56759, 56.193266 ], [ -2.567657, 56.193382 ], [ -2.567958, 56.193375 ], [ -2.567793, 56.193461 ] ] ] ] } },
{ "type": "Feature", "properties": { "NAME": "Rum" }, "geometry": { "type": "MultiPolygon", "coordinates": [ [ [ [ -6.352344, 56.947093 ], [ -6.352516, 56.947163 ], [ -6.352757, 56.946831 ], [ -6.35248, 56.946778 ], [ -6.352344, 56.947093 ] ] ] ] } },
{ "type": "Feature", "properties": { "NAME": "Rum" }, "geometry": { "type": "MultiPolygon", "coordinates": [ [ [ [ -6.346225, 56.9474 ], [ -6.345983, 56.947512 ], [ -6.346047, 56.947573 ], [ -6.346411, 56.947515 ], [ -6.346431, 56.947402 ], [ -6.346225, 56.9474 ] ] ] ] } },
{ "type": "Feature", "properties": { "NAME": "Rum" }, "geometry": { "type": "MultiPolygon", "coordinates": [ [ [ [ -6.287357, 56.94975 ], [ -6.287593, 56.949365 ], [ -6.287341, 56.949319 ], [ -6.287357, 56.94975 ] ] ] ] } },
{ "type": "Feature", "properties": { "NAME": "Rum" }, "geometry": { "type": "MultiPolygon", "coordinates": [ [ [ [ -6.352964, 56.947898 ], [ -6.353114, 56.948051 ], [ -6.353351, 56.94797 ], [ -6.353666, 56.947703 ], [ -6.353403, 56.947636 ], [ -6.352964, 56.947898 ] ] ] ] } },
{ "type": "Feature", "properties": { "NAME": "Rum" }, "geometry": { "type": "MultiPolygon", "coordinates": [ [ [ [ -6.287318, 56.950413 ], [ -6.287427, 56.950283 ], [ -6.287207, 56.950016 ], [ -6.286934, 56.950291 ], [ -6.286959, 56.950362 ], [ -6.287318, 56.950413 ] ] ] ] } },
{ "type": "Feature", "properties": { "NAME": "Rum" }, "geometry": { "type": "MultiPolygon", "coordinates": [ [ [ [ -6.353862, 56.948258 ], [ -6.353874, 56.948361 ], [ -6.354216, 56.948259 ], [ -6.35399, 56.948222 ], [ -6.353862, 56.948258 ] ] ] ] } },
{ "type": "Feature", "properties": { "NAME": "Rum" }, "geometry": { "type": "MultiPolygon", "coordinates": [ [ [ [ -6.286854, 56.950955 ], [ -6.287005, 56.950905 ], [ -6.286878, 56.950878 ], [ -6.286854, 56.950955 ] ] ] ] } },
{ "type": "Feature", "properties": { "NAME": "Rum" }, "geometry": { "type": "MultiPolygon", "coordinates": [ [ [ [ -6.287319, 56.951065 ], [ -6.287359, 56.951054 ], [ -6.287258, 56.950959 ], [ -6.287319, 56.951065 ] ] ] ] } },
{ "type": "Feature", "properties": { "NAME": "Rum" }, "geometry": { "type": "MultiPolygon", "coordinates": [ [ [ [ -6.362193, 56.950189 ], [ -6.362349, 56.950183 ], [ -6.362345, 56.950152 ], [ -6.362193, 56.950189 ] ] ] ] } },
{ "type": "Feature", "properties": { "NAME": "Rum" }, "geometry": { "type": "MultiPolygon", "coordinates": [ [ [ [ -6.362325, 56.950328 ], [ -6.362404, 56.950298 ], [ -6.362325, 56.950256 ], [ -6.362325, 56.950328 ] ] ] ] } },
{ "type": "Feature", "properties": { "NAME": "Rum" }, "geometry": { "type": "MultiPolygon", "coordinates": [ [ [ [ -6.362611, 56.950381 ], [ -6.362704, 56.950333 ], [ -6.362561, 56.950311 ], [ -6.362611, 56.950381 ] ] ] ] } },
{ "type": "Feature", "properties": { "NAME": "Rum" }, "geometry": { "type": "MultiPolygon", "coordinates": [ [ [ [ -6.358217, 56.948556 ], [ -6.35834, 56.948619 ], [ -6.358497, 56.948555 ], [ -6.35835, 56.948497 ], [ -6.358217, 56.948556 ] ] ] ] } },
{ "type": "Feature", "properties": { "NAME": "Rum" }, "geometry": { "type": "MultiPolygon", "coordinates": [ [ [ [ -6.287123, 56.951076 ], [ -6.287198, 56.951083 ], [ -6.287157, 56.951016 ], [ -6.287123, 56.951076 ] ] ] ] } },
{ "type": "Feature", "properties": { "NAME": "Rum" }, "geometry": { "type": "MultiPolygon", "coordinates": [ [ [ [ -6.358792, 56.948621 ], [ -6.358918, 56.948568 ], [ -6.358823, 56.94853 ], [ -6.358792, 56.948621 ] ] ] ] } },
{ "type": "Feature", "properties": { "NAME": "Rum" }, "geometry": { "type": "MultiPolygon", "coordinates": [ [ [ [ -6.357739, 56.948829 ], [ -6.357793, 56.948868 ], [ -6.358005, 56.948784 ], [ -6.357739, 56.948829 ] ] ] ] } },
{ "type": "Feature", "properties": { "NAME": "Rum" }, "geometry": { "type": "MultiPolygon", "coordinates": [ [ [ [ -6.356075, 56.949242 ], [ -6.356208, 56.949247 ], [ -6.356355, 56.949174 ], [ -6.35619, 56.949166 ], [ -6.356075, 56.949242 ] ] ] ] } },
{ "type": "Feature", "properties": { "NAME": "Rum" }, "geometry": { "type": "MultiPolygon", "coordinates": [ [ [ [ -6.282612, 56.952063 ], [ -6.282699, 56.952033 ], [ -6.282678, 56.951993 ], [ -6.282612, 56.952063 ] ] ] ] } },
{ "type": "Feature", "properties": { "NAME": "Rum" }, "geometry": { "type": "MultiPolygon", "coordinates": [ [ [ [ -6.283053, 56.951962 ], [ -6.283013, 56.952049 ], [ -6.283092, 56.952091 ], [ -6.283224, 56.952019 ], [ -6.283053, 56.951962 ] ] ] ] } },
{ "type": "Feature", "properties": { "NAME": "Morrone Birkwood" }, "geometry": { "type": "MultiPolygon", "coordinates": [ [ [ [ -3.436474, 56.99641 ], [ -3.436957, 56.996245 ], [ -3.437331, 56.995959 ], [ -3.437462, 56.99559 ], [ -3.43742, 56.995152 ], [ -3.437156, 56.994933 ], [ -3.43633, 56.994593 ], [ -3.43664, 56.994386 ], [ -3.436791, 56.994076 ], [ -3.437373, 56.993783 ], [ -3.437756, 56.993301 ], [ -3.437607, 56.993088 ], [ -3.437152, 56.992818 ], [ -3.435214, 56.992123 ], [ -3.434162, 56.991521 ], [ -3.433956, 56.991263 ], [ -3.43324, 56.991009 ], [ -3.433044, 56.990843 ], [ -3.432923, 56.990384 ], [ -3.432187, 56.989751 ], [ -3.432129, 56.989363 ], [ -3.431698, 56.988453 ], [ -3.431788, 56.988109 ], [ -3.42974, 56.980792 ], [ -3.428458, 56.981498 ], [ -3.427598, 56.981846 ], [ -3.427043, 56.98199 ], [ -3.425839, 56.98208 ], [ -3.425265, 56.982225 ], [ -3.424761, 56.983231 ], [ -3.424693, 56.983632 ], [ -3.423636, 56.984303 ], [ -3.423401, 56.984721 ], [ -3.422056, 56.986025 ], [ -3.421443, 56.98689 ], [ -3.418008, 56.98848 ], [ -3.417168, 56.988493 ], [ -3.406563, 56.996436 ], [ -3.407588, 56.996655 ], [ -3.408988, 56.996772 ], [ -3.409096, 56.996913 ], [ -3.409778, 56.996949 ], [ -3.411923, 56.997665 ], [ -3.413593, 56.997715 ], [ -3.414547, 56.998218 ], [ -3.414643, 56.998322 ], [ -3.414535, 56.998574 ], [ -3.414041, 56.998986 ], [ -3.414458, 56.999187 ], [ -3.414528, 56.999371 ], [ -3.41369, 56.999815 ], [ -3.413926, 57.000131 ], [ -3.41446, 57.000267 ], [ -3.414784, 57.000446 ], [ -3.415148, 57.001334 ], [ -3.415608, 57.001853 ], [ -3.416063, 57.001849 ], [ -3.417493, 57.00216 ], [ -3.420101, 57.002573 ], [ -3.421968, 57.002607 ], [ -3.422391, 57.002734 ], [ -3.424541, 57.002191 ], [ -3.425276, 57.00161 ], [ -3.426028, 57.001209 ], [ -3.426781, 57.001214 ], [ -3.42796, 57.000445 ], [ -3.428063, 57.000126 ], [ -3.427875, 56.999683 ], [ -3.428173, 56.999387 ], [ -3.429137, 56.998906 ], [ -3.430576, 56.998588 ], [ -3.431294, 56.998331 ], [ -3.43294, 56.998059 ], [ -3.433724, 56.997463 ], [ -3.434354, 56.996768 ], [ -3.436474, 56.99641 ] ], [ [ -3.417757, 56.999991 ], [ -3.417901, 57.000409 ], [ -3.417191, 57.000511 ], [ -3.417041, 57.000114 ], [ -3.417757, 56.999991 ] ] ] ] } },
{ "type": "Feature", "properties": { "NAME": "Rum" }, "geometry": { "type": "MultiPolygon", "coordinates": [ [ [ [ -6.283524, 56.952054 ], [ -6.283595, 56.952097 ], [ -6.283638, 56.952046 ], [ -6.283524, 56.952054 ] ] ] ] } },
{ "type": "Feature", "properties": { "NAME": "Rum" }, "geometry": { "type": "MultiPolygon", "coordinates": [ [ [ [ -6.282146, 56.952304 ], [ -6.282258, 56.952061 ], [ -6.282052, 56.951992 ], [ -6.2818, 56.952158 ], [ -6.281947, 56.952292 ], [ -6.282146, 56.952304 ] ] ] ] } },
{ "type": "Feature", "properties": { "NAME": "Rum" }, "geometry": { "type": "MultiPolygon", "coordinates": [ [ [ [ -6.281579, 56.952386 ], [ -6.281554, 56.95245 ], [ -6.281785, 56.95246 ], [ -6.281763, 56.952407 ], [ -6.281579, 56.952386 ] ] ] ] } },
{ "type": "Feature", "properties": { "NAME": "Rum" }, "geometry": { "type": "MultiPolygon", "coordinates": [ [ [ [ -6.280415, 56.952565 ], [ -6.280399, 56.952642 ], [ -6.280457, 56.952645 ], [ -6.280504, 56.95263 ], [ -6.280415, 56.952565 ] ] ] ] } },
{ "type": "Feature", "properties": { "NAME": "Rum" }, "geometry": { "type": "MultiPolygon", "coordinates": [ [ [ [ -6.363525, 56.950106 ], [ -6.363367, 56.950166 ], [ -6.363397, 56.950205 ], [ -6.363649, 56.950179 ], [ -6.363525, 56.950106 ] ] ] ] } },
{ "type": "Feature", "properties": { "NAME": "Rum" }, "geometry": { "type": "MultiPolygon", "coordinates": [ [ [ [ -6.26491, 56.957669 ], [ -6.264717, 56.957775 ], [ -6.264868, 56.957945 ], [ -6.265044, 56.957691 ], [ -6.26491, 56.957669 ] ] ] ] } },
{ "type": "Feature", "properties": { "NAME": "Rum" }, "geometry": { "type": "MultiPolygon", "coordinates": [ [ [ [ -6.246059, 57.011516 ], [ -6.246084, 57.011587 ], [ -6.24624, 57.011582 ], [ -6.246223, 57.011506 ], [ -6.246059, 57.011516 ] ] ] ] } },
{ "type": "Feature", "properties": { "NAME": "Rum" }, "geometry": { "type": "MultiPolygon", "coordinates": [ [ [ [ -6.245492, 57.011962 ], [ -6.245525, 57.011966 ], [ -6.245565, 57.011879 ], [ -6.245492, 57.011962 ] ] ] ] } },
{ "type": "Feature", "properties": { "NAME": "Rum" }, "geometry": { "type": "MultiPolygon", "coordinates": [ [ [ [ -6.457884, 57.005213 ], [ -6.45765, 57.005532 ], [ -6.457987, 57.005659 ], [ -6.458129, 57.005407 ], [ -6.458037, 57.005253 ], [ -6.457884, 57.005213 ] ] ] ] } },
{ "type": "Feature", "properties": { "NAME": "Rum" }, "geometry": { "type": "MultiPolygon", "coordinates": [ [ [ [ -6.458635, 57.006526 ], [ -6.458413, 57.006669 ], [ -6.458465, 57.006766 ], [ -6.458674, 57.006718 ], [ -6.458728, 57.006546 ], [ -6.458635, 57.006526 ] ] ] ] } },
{ "type": "Feature", "properties": { "NAME": "Rum" }, "geometry": { "type": "MultiPolygon", "coordinates": [ [ [ [ -6.457901, 57.009004 ], [ -6.457757, 57.009175 ], [ -6.458021, 57.009247 ], [ -6.45822, 57.009118 ], [ -6.457901, 57.009004 ] ] ] ] } },
{ "type": "Feature", "properties": { "NAME": "Rum" }, "geometry": { "type": "MultiPolygon", "coordinates": [ [ [ [ -6.460139, 57.009171 ], [ -6.459969, 57.0092 ], [ -6.459977, 57.009339 ], [ -6.460345, 57.009245 ], [ -6.460139, 57.009171 ] ] ] ] } },
{ "type": "Feature", "properties": { "NAME": "Rum" }, "geometry": { "type": "MultiPolygon", "coordinates": [ [ [ [ -6.262433, 57.016453 ], [ -6.262621, 57.016505 ], [ -6.262593, 57.016407 ], [ -6.262433, 57.016453 ] ] ] ] } },
{ "type": "Feature", "properties": { "NAME": "Rum" }, "geometry": { "type": "MultiPolygon", "coordinates": [ [ [ [ -6.457584, 57.009384 ], [ -6.457499, 57.009913 ], [ -6.458054, 57.009452 ], [ -6.457813, 57.009366 ], [ -6.457584, 57.009384 ] ] ] ] } },
{ "type": "Feature", "properties": { "NAME": "Rum" }, "geometry": { "type": "MultiPolygon", "coordinates": [ [ [ [ -6.260156, 57.016652 ], [ -6.260347, 57.016448 ], [ -6.259952, 57.016524 ], [ -6.259882, 57.016635 ], [ -6.260156, 57.016652 ] ] ] ] } },
{ "type": "Feature", "properties": { "NAME": "Rum" }, "geometry": { "type": "MultiPolygon", "coordinates": [ [ [ [ -6.260369, 57.016636 ], [ -6.260706, 57.016625 ], [ -6.260753, 57.016466 ], [ -6.260369, 57.016636 ] ] ] ] } },
{ "type": "Feature", "properties": { "NAME": "Rum" }, "geometry": { "type": "MultiPolygon", "coordinates": [ [ [ [ -6.261708, 57.0166 ], [ -6.262157, 57.016562 ], [ -6.262236, 57.016384 ], [ -6.261966, 57.01633 ], [ -6.261708, 57.0166 ] ] ] ] } },
{ "type": "Feature", "properties": { "NAME": "Rum" }, "geometry": { "type": "MultiPolygon", "coordinates": [ [ [ [ -6.260972, 57.016647 ], [ -6.261182, 57.016608 ], [ -6.261192, 57.016478 ], [ -6.260808, 57.016585 ], [ -6.260972, 57.016647 ] ] ] ] } },
{ "type": "Feature", "properties": { "NAME": "Rum" }, "geometry": { "type": "MultiPolygon", "coordinates": [ [ [ [ -6.457812, 57.009839 ], [ -6.458222, 57.009896 ], [ -6.45817, 57.009803 ], [ -6.458386, 57.009814 ], [ -6.458501, 57.009747 ], [ -6.458026, 57.009566 ], [ -6.457812, 57.009839 ] ] ] ] } },
{ "type": "Feature", "properties": { "NAME": "Rum" }, "geometry": { "type": "MultiPolygon", "coordinates": [ [ [ [ -6.453718, 57.009935 ], [ -6.453767, 57.010064 ], [ -6.453932, 57.010071 ], [ -6.453921, 57.009977 ], [ -6.453718, 57.009935 ] ] ] ] } },
{ "type": "Feature", "properties": { "NAME": "Rum" }, "geometry": { "type": "MultiPolygon", "coordinates": [ [ [ [ -6.453386, 57.01005 ], [ -6.453464, 57.010156 ], [ -6.453557, 57.01017 ], [ -6.453514, 57.010091 ], [ -6.453386, 57.01005 ] ] ] ] } },
{ "type": "Feature", "properties": { "NAME": "Rum" }, "geometry": { "type": "MultiPolygon", "coordinates": [ [ [ [ -6.457441, 57.010185 ], [ -6.457613, 57.010313 ], [ -6.457841, 57.010148 ], [ -6.457441, 57.010185 ] ] ] ] } },
{ "type": "Feature", "properties": { "NAME": "Rum" }, "geometry": { "type": "MultiPolygon", "coordinates": [ [ [ [ -6.255338, 57.01741 ], [ -6.255478, 57.017482 ], [ -6.255641, 57.017319 ], [ -6.255462, 57.017267 ], [ -6.255338, 57.01741 ] ] ] ] } },
{ "type": "Feature", "properties": { "NAME": "Rum" }, "geometry": { "type": "MultiPolygon", "coordinates": [ [ [ [ -6.452671, 57.01062 ], [ -6.452739, 57.01064 ], [ -6.452758, 57.01059 ], [ -6.452671, 57.01062 ] ] ] ] } },
{ "type": "Feature", "properties": { "NAME": "Rum" }, "geometry": { "type": "MultiPolygon", "coordinates": [ [ [ [ -6.256889, 57.017128 ], [ -6.25662, 57.017232 ], [ -6.256442, 57.017471 ], [ -6.256903, 57.017321 ], [ -6.256889, 57.017128 ] ] ] ] } },
{ "type": "Feature", "properties": { "NAME": "Rum" }, "geometry": { "type": "MultiPolygon", "coordinates": [ [ [ [ -6.451327, 57.010614 ], [ -6.451366, 57.010802 ], [ -6.451546, 57.010863 ], [ -6.451745, 57.010802 ], [ -6.451555, 57.010597 ], [ -6.451327, 57.010614 ] ] ] ] } },
{ "type": "Feature", "properties": { "NAME": "Rum" }, "geometry": { "type": "MultiPolygon", "coordinates": [ [ [ [ -6.317767, 57.055871 ], [ -6.31784, 57.055859 ], [ -6.31782, 57.055828 ], [ -6.317767, 57.055871 ] ] ] ] } },
{ "type": "Feature", "properties": { "NAME": "Rum" }, "geometry": { "type": "MultiPolygon", "coordinates": [ [ [ [ -6.317334, 57.055908 ], [ -6.317636, 57.05588 ], [ -6.317565, 57.055698 ], [ -6.31772, 57.055683 ], [ -6.317714, 57.055558 ], [ -6.317224, 57.055386 ], [ -6.317222, 57.055588 ], [ -6.317371, 57.055731 ], [ -6.317334, 57.055908 ] ] ] ] } },
{ "type": "Feature", "properties": { "NAME": "Rum" }, "geometry": { "type": "MultiPolygon", "coordinates": [ [ [ [ -6.320447, 57.05741 ], [ -6.320543, 57.057456 ], [ -6.320623, 57.057364 ], [ -6.32057, 57.057339 ], [ -6.320447, 57.05741 ] ] ] ] } },
{ "type": "Feature", "properties": { "NAME": "Rum" }, "geometry": { "type": "MultiPolygon", "coordinates": [ [ [ [ -6.348431, 57.056206 ], [ -6.348491, 57.056434 ], [ -6.348753, 57.056488 ], [ -6.348826, 57.056332 ], [ -6.34871, 57.056048 ], [ -6.348931, 57.05596 ], [ -6.348863, 57.055805 ], [ -6.349133, 57.055642 ], [ -6.349091, 57.055424 ], [ -6.348966, 57.055414 ], [ -6.348881, 57.055678 ], [ -6.348596, 57.055571 ], [ -6.348597, 57.055504 ], [ -6.348472, 57.055571 ], [ -6.347904, 57.055505 ], [ -6.347703, 57.055553 ], [ -6.347229, 57.05588 ], [ -6.347299, 57.056124 ], [ -6.347659, 57.056094 ], [ -6.347991, 57.056253 ], [ -6.348431, 57.056206 ] ] ] ] } },
{ "type": "Feature", "properties": { "NAME": "Rum" }, "geometry": { "type": "MultiPolygon", "coordinates": [ [ [ [ -6.319448, 57.057481 ], [ -6.319433, 57.057562 ], [ -6.319442, 57.057575 ], [ -6.319566, 57.057499 ], [ -6.319448, 57.057481 ] ] ] ] } },
{ "type": "Feature", "properties": { "NAME": "Rum" }, "geometry": { "type": "MultiPolygon", "coordinates": [ [ [ [ -6.320388, 57.057475 ], [ -6.320326, 57.057581 ], [ -6.32042, 57.057605 ], [ -6.320489, 57.057562 ], [ -6.320388, 57.057475 ] ] ] ] } },
{ "type": "Feature", "properties": { "NAME": "Rum" }, "geometry": { "type": "MultiPolygon", "coordinates": [ [ [ [ -6.345226, 57.056601 ], [ -6.345186, 57.056755 ], [ -6.345255, 57.056776 ], [ -6.345298, 57.056657 ], [ -6.345226, 57.056601 ] ] ] ] } },
{ "type": "Feature", "properties": { "NAME": "Rum" }, "geometry": { "type": "MultiPolygon", "coordinates": [ [ [ [ -6.34552, 57.056856 ], [ -6.345537, 57.05686 ], [ -6.345564, 57.05681 ], [ -6.34552, 57.056856 ] ] ] ] } },
{ "type": "Feature", "properties": { "NAME": "Rum" }, "geometry": { "type": "MultiPolygon", "coordinates": [ [ [ [ -6.319733, 57.057664 ], [ -6.31999, 57.057741 ], [ -6.319899, 57.057528 ], [ -6.319733, 57.057664 ] ] ] ] } },
{ "type": "Feature", "properties": { "NAME": "Rum" }, "geometry": { "type": "MultiPolygon", "coordinates": [ [ [ [ -6.319589, 57.057629 ], [ -6.319618, 57.05774 ], [ -6.319653, 57.057757 ], [ -6.319728, 57.057691 ], [ -6.319589, 57.057629 ] ] ] ] } },
{ "type": "Feature", "properties": { "NAME": "Rum" }, "geometry": { "type": "MultiPolygon", "coordinates": [ [ [ [ -6.320118, 57.057853 ], [ -6.320145, 57.057866 ], [ -6.320198, 57.057756 ], [ -6.320118, 57.057853 ] ] ] ] } },
{ "type": "Feature", "properties": { "NAME": "Rum" }, "geometry": { "type": "MultiPolygon", "coordinates": [ [ [ [ -6.343295, 57.057806 ], [ -6.343551, 57.05773 ], [ -6.343461, 57.05753 ], [ -6.343481, 57.057696 ], [ -6.343295, 57.057806 ] ] ] ] } },
{ "type": "Feature", "properties": { "NAME": "Rum" }, "geometry": { "type": "MultiPolygon", "coordinates": [ [ [ [ -6.341352, 57.058053 ], [ -6.341624, 57.058048 ], [ -6.341697, 57.05783 ], [ -6.34149, 57.057824 ], [ -6.341352, 57.058053 ] ] ] ] } },
{ "type": "Feature", "properties": { "NAME": "Rum" }, "geometry": { "type": "MultiPolygon", "coordinates": [ [ [ [ -6.34279, 57.058003 ], [ -6.342696, 57.05811 ], [ -6.34276, 57.058171 ], [ -6.342841, 57.058087 ], [ -6.34279, 57.058003 ] ] ] ] } },
{ "type": "Feature", "properties": { "NAME": "Rum" }, "geometry": { "type": "MultiPolygon", "coordinates": [ [ [ [ -6.322031, 57.058831 ], [ -6.322127, 57.059016 ], [ -6.322194, 57.059023 ], [ -6.322347, 57.058919 ], [ -6.322031, 57.058831 ] ] ] ] } },
{ "type": "Feature", "properties": { "NAME": "Rum" }, "geometry": { "type": "MultiPolygon", "coordinates": [ [ [ [ -6.342268, 57.058408 ], [ -6.342322, 57.058442 ], [ -6.342447, 57.058317 ], [ -6.342268, 57.058408 ] ] ] ] } },
{ "type": "Feature", "properties": { "NAME": "Rum" }, "geometry": { "type": "MultiPolygon", "coordinates": [ [ [ [ -6.321722, 57.059151 ], [ -6.321729, 57.059214 ], [ -6.321933, 57.059122 ], [ -6.321722, 57.059151 ] ] ] ] } },
{ "type": "Feature", "properties": { "NAME": "Rum" }, "geometry": { "type": "MultiPolygon", "coordinates": [ [ [ [ -6.342873, 57.058572 ], [ -6.342949, 57.058515 ], [ -6.342865, 57.058293 ], [ -6.342651, 57.058503 ], [ -6.342873, 57.058572 ] ] ] ] } },
{ "type": "Feature", "properties": { "NAME": "Rum" }, "geometry": { "type": "MultiPolygon", "coordinates": [ [ [ [ -6.32023, 57.059095 ], [ -6.320378, 57.059517 ], [ -6.320575, 57.059155 ], [ -6.320767, 57.059032 ], [ -6.320744, 57.058835 ], [ -6.320451, 57.059083 ], [ -6.32023, 57.059095 ] ] ] ] } },
{ "type": "Feature", "properties": { "NAME": "Rum" }, "geometry": { "type": "MultiPolygon", "coordinates": [ [ [ [ -6.342371, 57.058508 ], [ -6.342166, 57.058596 ], [ -6.342174, 57.058798 ], [ -6.342476, 57.058635 ], [ -6.342371, 57.058508 ] ] ] ] } },
{ "type": "Feature", "properties": { "NAME": "Rum" }, "geometry": { "type": "MultiPolygon", "coordinates": [ [ [ [ -6.326021, 57.059354 ], [ -6.32622, 57.05936 ], [ -6.326255, 57.05931 ], [ -6.326021, 57.059354 ] ] ] ] } },
{ "type": "Feature", "properties": { "NAME": "Rum" }, "geometry": { "type": "MultiPolygon", "coordinates": [ [ [ [ -6.319929, 57.059492 ], [ -6.319966, 57.059594 ], [ -6.320169, 57.05956 ], [ -6.320148, 57.059525 ], [ -6.319929, 57.059492 ] ] ] ] } },
{ "type": "Feature", "properties": { "NAME": "Rum" }, "geometry": { "type": "MultiPolygon", "coordinates": [ [ [ [ -6.320717, 57.059312 ], [ -6.320593, 57.059595 ], [ -6.320699, 57.05965 ], [ -6.320882, 57.05959 ], [ -6.321213, 57.059178 ], [ -6.321502, 57.059177 ], [ -6.321556, 57.058932 ], [ -6.321362, 57.058962 ], [ -6.320717, 57.059312 ] ] ] ] } },
{ "type": "Feature", "properties": { "NAME": "Rum" }, "geometry": { "type": "MultiPolygon", "coordinates": [ [ [ [ -6.321453, 57.059606 ], [ -6.32138, 57.059689 ], [ -6.321395, 57.059743 ], [ -6.321571, 57.059624 ], [ -6.321453, 57.059606 ] ] ] ] } },
{ "type": "Feature", "properties": { "NAME": "Rum" }, "geometry": { "type": "MultiPolygon", "coordinates": [ [ [ [ -6.326569, 57.059523 ], [ -6.326693, 57.059596 ], [ -6.326795, 57.059556 ], [ -6.326719, 57.059464 ], [ -6.326569, 57.059523 ] ] ] ] } },
{ "type": "Feature", "properties": { "NAME": "Rum" }, "geometry": { "type": "MultiPolygon", "coordinates": [ [ [ [ -6.320871, 57.059712 ], [ -6.321108, 57.059834 ], [ -6.321026, 57.059621 ], [ -6.320871, 57.059712 ] ] ] ] } },
{ "type": "Feature", "properties": { "NAME": "Rum" }, "geometry": { "type": "MultiPolygon", "coordinates": [ [ [ [ -6.322094, 57.059935 ], [ -6.322122, 57.059961 ], [ -6.322194, 57.059873 ], [ -6.322094, 57.059935 ] ] ] ] } },
{ "type": "Feature", "properties": { "NAME": "Rum" }, "geometry": { "type": "MultiPolygon", "coordinates": [ [ [ [ -6.3267, 57.059937 ], [ -6.326781, 57.05993 ], [ -6.326767, 57.059876 ], [ -6.3267, 57.059937 ] ] ] ] } },
{ "type": "Feature", "properties": { "NAME": "Rum" }, "geometry": { "type": "MultiPolygon", "coordinates": [ [ [ [ -6.321392, 57.059932 ], [ -6.321358, 57.060063 ], [ -6.321445, 57.060173 ], [ -6.321637, 57.059977 ], [ -6.321392, 57.059932 ] ] ] ] } },
{ "type": "Feature", "properties": { "NAME": "Rum" }, "geometry": { "type": "MultiPolygon", "coordinates": [ [ [ [ -6.323865, 57.059761 ], [ -6.323098, 57.06012 ], [ -6.323184, 57.060153 ], [ -6.323757, 57.059904 ], [ -6.323865, 57.059761 ] ] ] ] } },
{ "type": "Feature", "properties": { "NAME": "Rum" }, "geometry": { "type": "MultiPolygon", "coordinates": [ [ [ [ -6.324602, 57.060068 ], [ -6.324569, 57.060141 ], [ -6.324596, 57.060163 ], [ -6.324681, 57.060106 ], [ -6.324602, 57.060068 ] ] ] ] } },
{ "type": "Feature", "properties": { "NAME": "Rum" }, "geometry": { "type": "MultiPolygon", "coordinates": [ [ [ [ -6.324131, 57.060273 ], [ -6.324159, 57.060308 ], [ -6.324253, 57.06026 ], [ -6.324131, 57.060273 ] ] ] ] } },
{ "type": "Feature", "properties": { "NAME": "Rum" }, "geometry": { "type": "MultiPolygon", "coordinates": [ [ [ [ -6.323587, 57.060072 ], [ -6.323219, 57.060237 ], [ -6.323282, 57.060357 ], [ -6.323776, 57.060065 ], [ -6.323587, 57.060072 ] ] ] ] } },
{ "type": "Feature", "properties": { "NAME": "Rum" }, "geometry": { "type": "MultiPolygon", "coordinates": [ [ [ [ -6.323574, 57.060311 ], [ -6.323579, 57.060423 ], [ -6.324033, 57.060214 ], [ -6.324078, 57.060104 ], [ -6.323434, 57.060315 ], [ -6.323574, 57.060311 ] ] ] ] } },
{ "type": "Feature", "properties": { "NAME": "Rum" }, "geometry": { "type": "MultiPolygon", "coordinates": [ [ [ [ -6.328418, 57.06066 ], [ -6.328611, 57.060689 ], [ -6.328416, 57.060575 ], [ -6.328418, 57.06066 ] ] ] ] } },
{ "type": "Feature", "properties": { "NAME": "Rum" }, "geometry": { "type": "MultiPolygon", "coordinates": [ [ [ [ -6.332338, 57.060372 ], [ -6.332553, 57.060589 ], [ -6.33293, 57.060216 ], [ -6.332658, 57.060217 ], [ -6.332618, 57.060088 ], [ -6.332469, 57.060156 ], [ -6.332364, 57.060101 ], [ -6.332338, 57.060372 ] ] ] ] } },
{ "type": "Feature", "properties": { "NAME": "Rum" }, "geometry": { "type": "MultiPolygon", "coordinates": [ [ [ [ -6.332137, 57.060563 ], [ -6.332242, 57.060613 ], [ -6.3322, 57.060462 ], [ -6.332137, 57.060563 ] ] ] ] } },
{ "type": "Feature", "properties": { "NAME": "Rum" }, "geometry": { "type": "MultiPolygon", "coordinates": [ [ [ [ -6.328564, 57.060781 ], [ -6.328638, 57.060846 ], [ -6.328728, 57.060843 ], [ -6.328669, 57.060759 ], [ -6.328564, 57.060781 ] ] ] ] } },
{ "type": "Feature", "properties": { "NAME": "Rum" }, "geometry": { "type": "MultiPolygon", "coordinates": [ [ [ [ -6.32868, 57.060925 ], [ -6.328819, 57.060912 ], [ -6.328692, 57.060885 ], [ -6.32868, 57.060925 ] ] ] ] } },
{ "type": "Feature", "properties": { "NAME": "Rum" }, "geometry": { "type": "MultiPolygon", "coordinates": [ [ [ [ -6.33459, 57.060716 ], [ -6.334608, 57.060801 ], [ -6.334659, 57.060813 ], [ -6.334699, 57.060735 ], [ -6.33459, 57.060716 ] ] ] ] } },
{ "type": "Feature", "properties": { "NAME": "Rum" }, "geometry": { "type": "MultiPolygon", "coordinates": [ [ [ [ -6.328905, 57.060945 ], [ -6.328939, 57.06102 ], [ -6.32902, 57.061013 ], [ -6.329041, 57.06098 ], [ -6.328905, 57.060945 ] ] ] ] } },
{ "type": "Feature", "properties": { "NAME": "Beinn Eighe" }, "geometry": { "type": "MultiPolygon", "coordinates": [ [ [ [ -5.313543, 57.611523 ], [ -5.319687, 57.615474 ], [ -5.323082, 57.617387 ], [ -5.324411, 57.617953 ], [ -5.327266, 57.618621 ], [ -5.327978, 57.618954 ], [ -5.334062, 57.622998 ], [ -5.335513, 57.624581 ], [ -5.336392, 57.624939 ], [ -5.338252, 57.625484 ], [ -5.343033, 57.627456 ], [ -5.343733, 57.627968 ], [ -5.344461, 57.629144 ], [ -5.345113, 57.629576 ], [ -5.346254, 57.629964 ], [ -5.350322, 57.630638 ], [ -5.351255, 57.630861 ], [ -5.352126, 57.631305 ], [ -5.35278, 57.632034 ], [ -5.353558, 57.632566 ], [ -5.356054, 57.633192 ], [ -5.356917, 57.633465 ], [ -5.358756, 57.634509 ], [ -5.36002, 57.635037 ], [ -5.361024, 57.635293 ], [ -5.363399, 57.635688 ], [ -5.364588, 57.636133 ], [ -5.365532, 57.636908 ], [ -5.368556, 57.641052 ], [ -5.369187, 57.641714 ], [ -5.369889, 57.642235 ], [ -5.374078, 57.644384 ], [ -5.381793, 57.647306 ], [ -5.386434, 57.649334 ], [ -5.387785, 57.650075 ], [ -5.389786, 57.651698 ], [ -5.391335, 57.650768 ], [ -5.3924, 57.64931 ], [ -5.394243, 57.648518 ], [ -5.394524, 57.648111 ], [ -5.39411, 57.647199 ], [ -5.394623, 57.64651 ], [ -5.393965, 57.64521 ], [ -5.393838, 57.644224 ], [ -5.394094, 57.643931 ], [ -5.394825, 57.643779 ], [ -5.39751, 57.642888 ], [ -5.397867, 57.642536 ], [ -5.399302, 57.641946 ], [ -5.399898, 57.641492 ], [ -5.402048, 57.640198 ], [ -5.402324, 57.639734 ], [ -5.403474, 57.63857 ], [ -5.403913, 57.63795 ], [ -5.404144, 57.637392 ], [ -5.403933, 57.635514 ], [ -5.403302, 57.634465 ], [ -5.40178, 57.632604 ], [ -5.401497, 57.63185 ], [ -5.401392, 57.631111 ], [ -5.401478, 57.629758 ], [ -5.401855, 57.628169 ], [ -5.402201, 57.627626 ], [ -5.402241, 57.627106 ], [ -5.402667, 57.626168 ], [ -5.402787, 57.625555 ], [ -5.402704, 57.62474 ], [ -5.403497, 57.622983 ], [ -5.404248, 57.622234 ], [ -5.404583, 57.621702 ], [ -5.40508, 57.620293 ], [ -5.405105, 57.619709 ], [ -5.405922, 57.618203 ], [ -5.407091, 57.617058 ], [ -5.409002, 57.615503 ], [ -5.410078, 57.614123 ], [ -5.410251, 57.613528 ], [ -5.410061, 57.613191 ], [ -5.410086, 57.612316 ], [ -5.411839, 57.611549 ], [ -5.415627, 57.610133 ], [ -5.415254, 57.609644 ], [ -5.414517, 57.609102 ], [ -5.414772, 57.60861 ], [ -5.414411, 57.608332 ], [ -5.414269, 57.607806 ], [ -5.414518, 57.607062 ], [ -5.414972, 57.606816 ], [ -5.415437, 57.606682 ], [ -5.415408, 57.606287 ], [ -5.415204, 57.606073 ], [ -5.415225, 57.605946 ], [ -5.415793, 57.605755 ], [ -5.415921, 57.605595 ], [ -5.415972, 57.605076 ], [ -5.416405, 57.604602 ], [ -5.416107, 57.604457 ], [ -5.415481, 57.604393 ], [ -5.415135, 57.604182 ], [ -5.414767, 57.603388 ], [ -5.414489, 57.603103 ], [ -5.414403, 57.602804 ], [ -5.414532, 57.602482 ], [ -5.414282, 57.602052 ], [ -5.414658, 57.601669 ], [ -5.414707, 57.601227 ], [ -5.414585, 57.601087 ], [ -5.414162, 57.600954 ], [ -5.413998, 57.600806 ], [ -5.413819, 57.599885 ], [ -5.414202, 57.599591 ], [ -5.413341, 57.599435 ], [ -5.413144, 57.599296 ], [ -5.412646, 57.599162 ], [ -5.412498, 57.598833 ], [ -5.412155, 57.598833 ], [ -5.411988, 57.598752 ], [ -5.412228, 57.598449 ], [ -5.412326, 57.597714 ], [ -5.412638, 57.597557 ], [ -5.41258, 57.597473 ], [ -5.411952, 57.597293 ], [ -5.411928, 57.597221 ], [ -5.412261, 57.597019 ], [ -5.412729, 57.597186 ], [ -5.412956, 57.597023 ], [ -5.412758, 57.59661 ], [ -5.412957, 57.596232 ], [ -5.413307, 57.595944 ], [ -5.413372, 57.595564 ], [ -5.41322, 57.595465 ], [ -5.413204, 57.595295 ], [ -5.41348, 57.595022 ], [ -5.41356, 57.594714 ], [ -5.413498, 57.5945 ], [ -5.413271, 57.594313 ], [ -5.413196, 57.59378 ], [ -5.4128, 57.593216 ], [ -5.412707, 57.592041 ], [ -5.41211, 57.591841 ], [ -5.412009, 57.59148 ], [ -5.411718, 57.591222 ], [ -5.411836, 57.590878 ], [ -5.412137, 57.590788 ], [ -5.412077, 57.590507 ], [ -5.412583, 57.590093 ], [ -5.412442, 57.589751 ], [ -5.412858, 57.589187 ], [ -5.41314, 57.588986 ], [ -5.413083, 57.58865 ], [ -5.412833, 57.588388 ], [ -5.412721, 57.587914 ], [ -5.412277, 57.587728 ], [ -5.412187, 57.587214 ], [ -5.412339, 57.586958 ], [ -5.411779, 57.58634 ], [ -5.411842, 57.586037 ], [ -5.411197, 57.585728 ], [ -5.410349, 57.584981 ], [ -5.409369, 57.584379 ], [ -5.409186, 57.584117 ], [ -5.407222, 57.583753 ], [ -5.406449, 57.580787 ], [ -5.406055, 57.58053 ], [ -5.407288, 57.580204 ], [ -5.408069, 57.580231 ], [ -5.409061, 57.579963 ], [ -5.410818, 57.57924 ], [ -5.412426, 57.579149 ], [ -5.414909, 57.578824 ], [ -5.415279, 57.578943 ], [ -5.41744, 57.579013 ], [ -5.4182, 57.579137 ], [ -5.419122, 57.579402 ], [ -5.422074, 57.580559 ], [ -5.422834, 57.581005 ], [ -5.424382, 57.581557 ], [ -5.426516, 57.58293 ], [ -5.427563, 57.583239 ], [ -5.429874, 57.583627 ], [ -5.430722, 57.584054 ], [ -5.432692, 57.583679 ], [ -5.434542, 57.583628 ], [ -5.435701, 57.583854 ], [ -5.438014, 57.58363 ], [ -5.438734, 57.583643 ], [ -5.439292, 57.583531 ], [ -5.439475, 57.583253 ], [ -5.439934, 57.583047 ], [ -5.441709, 57.583144 ], [ -5.441821, 57.58306 ], [ -5.443107, 57.583057 ], [ -5.444679, 57.583223 ], [ -5.446112, 57.583506 ], [ -5.446797, 57.583776 ], [ -5.448104, 57.583998 ], [ -5.448751, 57.584189 ], [ -5.449775, 57.584579 ], [ -5.450599, 57.585055 ], [ -5.451635, 57.5862 ], [ -5.452288, 57.587404 ], [ -5.472855, 57.584637 ], [ -5.473464, 57.584193 ], [ -5.47475, 57.582606 ], [ -5.475538, 57.581481 ], [ -5.475567, 57.580974 ], [ -5.475197, 57.580818 ], [ -5.474195, 57.580755 ], [ -5.472183, 57.580395 ], [ -5.471707, 57.580425 ], [ -5.470078, 57.580843 ], [ -5.468548, 57.580993 ], [ -5.468391, 57.58064 ], [ -5.468289, 57.579739 ], [ -5.467966, 57.579424 ], [ -5.466407, 57.578952 ], [ -5.463474, 57.578809 ], [ -5.462429, 57.578539 ], [ -5.461974, 57.578302 ], [ -5.4618, 57.5781 ], [ -5.461544, 57.577194 ], [ -5.461093, 57.576675 ], [ -5.460608, 57.576448 ], [ -5.456508, 57.575556 ], [ -5.455643, 57.575398 ], [ -5.454246, 57.57532 ], [ -5.452786, 57.575069 ], [ -5.450329, 57.574896 ], [ -5.448346, 57.574502 ], [ -5.447543, 57.574507 ], [ -5.445733, 57.574316 ], [ -5.444129, 57.574045 ], [ -5.440965, 57.573907 ], [ -5.43917, 57.573375 ], [ -5.437954, 57.57325 ], [ -5.437082, 57.573266 ], [ -5.435987, 57.573445 ], [ -5.434933, 57.573731 ], [ -5.434439, 57.573736 ], [ -5.428391, 57.572071 ], [ -5.426244, 57.57125 ], [ -5.425439, 57.571064 ], [ -5.424059, 57.570334 ], [ -5.422367, 57.569583 ], [ -5.422035, 57.569335 ], [ -5.421685, 57.568407 ], [ -5.420855, 57.56772 ], [ -5.419264, 57.566726 ], [ -5.418749, 57.566508 ], [ -5.416171, 57.564868 ], [ -5.414714, 57.563655 ], [ -5.412648, 57.561614 ], [ -5.411883, 57.560697 ], [ -5.411615, 57.559646 ], [ -5.411067, 57.558574 ], [ -5.410893, 57.557699 ], [ -5.411011, 57.556817 ], [ -5.410843, 57.556003 ], [ -5.40716, 57.556742 ], [ -5.406117, 57.556675 ], [ -5.405145, 57.556481 ], [ -5.402455, 57.55686 ], [ -5.401402, 57.557324 ], [ -5.400548, 57.557576 ], [ -5.399401, 57.558457 ], [ -5.398603, 57.558869 ], [ -5.395027, 57.560161 ], [ -5.394332, 57.560953 ], [ -5.39278, 57.561799 ], [ -5.385614, 57.564428 ], [ -5.384425, 57.564774 ], [ -5.382155, 57.56497 ], [ -5.378873, 57.565062 ], [ -5.376753, 57.565371 ], [ -5.375725, 57.565427 ], [ -5.374731, 57.565308 ], [ -5.37424, 57.565155 ], [ -5.373098, 57.564385 ], [ -5.371576, 57.563669 ], [ -5.370229, 57.563517 ], [ -5.367424, 57.563624 ], [ -5.366953, 57.563705 ], [ -5.366161, 57.563995 ], [ -5.364112, 57.564965 ], [ -5.361205, 57.565471 ], [ -5.359363, 57.566082 ], [ -5.358267, 57.566354 ], [ -5.355022, 57.566809 ], [ -5.3534, 57.567364 ], [ -5.352899, 57.567369 ], [ -5.351415, 57.566873 ], [ -5.350199, 57.566654 ], [ -5.34904, 57.566608 ], [ -5.348007, 57.566748 ], [ -5.346538, 57.567232 ], [ -5.344995, 57.5681 ], [ -5.341426, 57.569403 ], [ -5.338677, 57.570618 ], [ -5.335939, 57.571598 ], [ -5.333036, 57.572147 ], [ -5.331075, 57.572657 ], [ -5.329287, 57.572857 ], [ -5.328601, 57.573046 ], [ -5.326058, 57.574875 ], [ -5.323592, 57.575726 ], [ -5.322856, 57.57628 ], [ -5.321483, 57.576995 ], [ -5.317461, 57.578768 ], [ -5.313242, 57.582326 ], [ -5.312296, 57.583246 ], [ -5.310488, 57.587073 ], [ -5.309398, 57.590639 ], [ -5.308837, 57.591959 ], [ -5.307611, 57.593969 ], [ -5.307155, 57.595179 ], [ -5.306103, 57.59631 ], [ -5.305427, 57.602007 ], [ -5.307434, 57.602492 ], [ -5.306882, 57.603603 ], [ -5.305631, 57.605406 ], [ -5.306385, 57.60582 ], [ -5.306824, 57.606208 ], [ -5.307622, 57.607616 ], [ -5.308481, 57.608494 ], [ -5.313543, 57.611523 ] ] ], [ [ [ -5.408615, 57.658163 ], [ -5.409676, 57.65839 ], [ -5.410653, 57.658795 ], [ -5.411795, 57.659434 ], [ -5.412156, 57.659532 ], [ -5.411911, 57.659692 ], [ -5.411956, 57.659807 ], [ -5.412434, 57.659812 ], [ -5.413099, 57.659664 ], [ -5.413189, 57.659549 ], [ -5.413092, 57.659323 ], [ -5.412498, 57.65882 ], [ -5.398005, 57.655623 ], [ -5.395717, 57.655202 ], [ -5.394264, 57.654604 ], [ -5.393025, 57.6542 ], [ -5.391426, 57.653155 ], [ -5.388347, 57.650613 ], [ -5.387083, 57.649739 ], [ -5.384936, 57.648732 ], [ -5.381742, 57.647383 ], [ -5.37467, 57.644709 ], [ -5.372093, 57.643497 ], [ -5.369864, 57.642325 ], [ -5.368556, 57.641237 ], [ -5.365439, 57.636991 ], [ -5.364485, 57.636194 ], [ -5.363346, 57.635748 ], [ -5.360898, 57.635334 ], [ -5.359734, 57.635022 ], [ -5.358589, 57.634513 ], [ -5.357145, 57.633666 ], [ -5.356203, 57.633273 ], [ -5.353515, 57.632648 ], [ -5.352761, 57.632191 ], [ -5.352085, 57.631409 ], [ -5.351209, 57.630898 ], [ -5.350462, 57.630711 ], [ -5.347986, 57.630386 ], [ -5.347947, 57.630328 ], [ -5.346236, 57.630036 ], [ -5.345079, 57.629663 ], [ -5.344419, 57.629226 ], [ -5.343928, 57.628632 ], [ -5.343636, 57.628002 ], [ -5.343066, 57.627549 ], [ -5.339048, 57.625849 ], [ -5.335555, 57.624669 ], [ -5.335104, 57.624331 ], [ -5.334287, 57.623353 ], [ -5.334069, 57.623414 ], [ -5.334705, 57.624368 ], [ -5.335816, 57.625045 ], [ -5.336716, 57.625358 ], [ -5.337412, 57.625461 ], [ -5.338796, 57.625937 ], [ -5.340207, 57.627072 ], [ -5.341122, 57.627178 ], [ -5.341522, 57.627433 ], [ -5.341985, 57.627547 ], [ -5.342062, 57.627648 ], [ -5.343171, 57.627866 ], [ -5.343489, 57.628051 ], [ -5.343571, 57.628759 ], [ -5.343364, 57.629052 ], [ -5.343051, 57.630211 ], [ -5.343795, 57.630276 ], [ -5.344659, 57.63011 ], [ -5.345521, 57.630096 ], [ -5.346049, 57.630185 ], [ -5.34667, 57.63047 ], [ -5.347802, 57.630575 ], [ -5.348181, 57.630686 ], [ -5.348951, 57.631227 ], [ -5.349957, 57.631228 ], [ -5.350608, 57.631111 ], [ -5.351114, 57.631147 ], [ -5.351753, 57.631445 ], [ -5.352069, 57.631783 ], [ -5.352017, 57.632849 ], [ -5.353338, 57.632904 ], [ -5.355476, 57.633194 ], [ -5.356369, 57.633606 ], [ -5.356437, 57.633707 ], [ -5.357563, 57.634104 ], [ -5.359226, 57.635242 ], [ -5.361417, 57.635642 ], [ -5.362857, 57.635806 ], [ -5.36349, 57.635947 ], [ -5.363814, 57.6361 ], [ -5.364495, 57.636572 ], [ -5.364661, 57.636828 ], [ -5.36472, 57.637375 ], [ -5.366181, 57.638765 ], [ -5.367488, 57.640753 ], [ -5.367807, 57.641661 ], [ -5.368638, 57.6423 ], [ -5.369267, 57.64249 ], [ -5.36992, 57.642935 ], [ -5.370335, 57.643068 ], [ -5.370657, 57.643284 ], [ -5.371346, 57.6434 ], [ -5.372057, 57.643741 ], [ -5.372595, 57.644212 ], [ -5.373504, 57.644435 ], [ -5.374473, 57.644939 ], [ -5.374864, 57.644996 ], [ -5.376102, 57.645777 ], [ -5.377706, 57.64626 ], [ -5.378541, 57.646943 ], [ -5.379973, 57.647386 ], [ -5.380687, 57.647492 ], [ -5.381203, 57.647807 ], [ -5.381729, 57.647878 ], [ -5.382242, 57.648251 ], [ -5.382284, 57.648434 ], [ -5.382739, 57.648552 ], [ -5.383444, 57.649005 ], [ -5.383821, 57.649094 ], [ -5.384007, 57.649296 ], [ -5.384294, 57.649405 ], [ -5.384377, 57.649569 ], [ -5.384811, 57.649647 ], [ -5.385329, 57.649988 ], [ -5.386046, 57.650118 ], [ -5.38699, 57.650627 ], [ -5.387305, 57.650942 ], [ -5.388012, 57.651067 ], [ -5.388859, 57.65188 ], [ -5.389638, 57.652143 ], [ -5.389811, 57.652381 ], [ -5.391011, 57.653108 ], [ -5.392079, 57.654131 ], [ -5.394241, 57.654918 ], [ -5.39512, 57.655802 ], [ -5.395287, 57.655883 ], [ -5.39576, 57.65592 ], [ -5.395786, 57.656108 ], [ -5.395966, 57.656247 ], [ -5.39635, 57.656407 ], [ -5.396903, 57.656491 ], [ -5.398909, 57.656599 ], [ -5.399961, 57.657447 ], [ -5.400514, 57.657707 ], [ -5.401594, 57.657961 ], [ -5.402197, 57.658493 ], [ -5.402777, 57.658778 ], [ -5.403052, 57.658758 ], [ -5.404169, 57.658413 ], [ -5.404683, 57.658448 ], [ -5.405259, 57.65868 ], [ -5.407591, 57.658339 ], [ -5.408238, 57.658173 ], [ -5.408615, 57.658163 ] ] ] ] } },
{ "type": "Feature", "properties": { "NAME": "Rum" }, "geometry": { "type": "MultiPolygon", "coordinates": [ [ [ [ -6.330107, 57.061346 ], [ -6.330041, 57.061174 ], [ -6.330241, 57.060886 ], [ -6.330581, 57.060926 ], [ -6.330545, 57.06078 ], [ -6.330212, 57.060688 ], [ -6.330604, 57.060647 ], [ -6.330856, 57.060337 ], [ -6.331051, 57.060304 ], [ -6.331125, 57.060022 ], [ -6.331314, 57.060155 ], [ -6.331826, 57.060021 ], [ -6.332114, 57.059871 ], [ -6.332414, 57.059825 ], [ -6.332693, 57.059599 ], [ -6.333212, 57.059586 ], [ -6.334072, 57.059817 ], [ -6.334218, 57.059722 ], [ -6.334506, 57.059923 ], [ -6.334865, 57.060037 ], [ -6.33513, 57.060113 ], [ -6.335502, 57.060046 ], [ -6.335751, 57.060195 ], [ -6.335981, 57.060191 ], [ -6.336242, 57.059948 ], [ -6.337206, 57.05965 ], [ -6.337805, 57.05962 ], [ -6.338037, 57.059419 ], [ -6.338264, 57.059456 ], [ -6.338543, 57.059797 ], [ -6.338769, 57.059398 ], [ -6.338691, 57.059157 ], [ -6.338999, 57.05889 ], [ -6.339365, 57.058779 ], [ -6.339323, 57.058492 ], [ -6.339437, 57.05848 ], [ -6.3399, 57.057915 ], [ -6.339952, 57.057873 ], [ -6.340069, 57.057949 ], [ -6.340283, 57.057735 ], [ -6.340426, 57.057762 ], [ -6.34073, 57.057531 ], [ -6.340871, 57.057544 ], [ -6.341141, 57.057377 ], [ -6.341657, 57.057346 ], [ -6.341901, 57.057036 ], [ -6.342121, 57.057006 ], [ -6.342382, 57.056696 ], [ -6.342645, 57.056623 ], [ -6.342701, 57.056464 ], [ -6.343009, 57.056489 ], [ -6.343152, 57.056583 ], [ -6.343463, 57.056555 ], [ -6.34385, 57.056478 ], [ -6.343771, 57.056301 ], [ -6.343905, 57.056247 ], [ -6.344611, 57.056213 ], [ -6.344512, 57.056284 ], [ -6.345266, 57.056451 ], [ -6.345833, 57.05685 ], [ -6.346138, 57.056781 ], [ -6.346185, 57.056689 ], [ -6.34599, 57.05657 ], [ -6.345976, 57.056454 ], [ -6.346151, 57.056398 ], [ -6.346043, 57.05611 ], [ -6.346294, 57.056141 ], [ -6.346596, 57.056392 ], [ -6.347011, 57.056062 ], [ -6.34669, 57.055642 ], [ -6.346428, 57.055943 ], [ -6.346388, 57.05581 ], [ -6.346944, 57.054639 ], [ -6.3474, 57.054093 ], [ -6.348838, 57.053125 ], [ -6.349906, 57.052589 ], [ -6.350902, 57.052289 ], [ -6.351471, 57.052355 ], [ -6.351433, 57.0521 ], [ -6.352553, 57.051872 ], [ -6.35283, 57.051912 ], [ -6.353728, 57.051831 ], [ -6.354426, 57.051942 ], [ -6.355676, 57.052402 ], [ -6.355851, 57.052414 ], [ -6.355686, 57.052276 ], [ -6.356395, 57.052404 ], [ -6.356778, 57.052579 ], [ -6.356709, 57.052694 ], [ -6.357487, 57.052991 ], [ -6.358215, 57.053082 ], [ -6.358484, 57.052907 ], [ -6.359026, 57.05331 ], [ -6.359166, 57.053166 ], [ -6.359435, 57.053139 ], [ -6.359647, 57.053541 ], [ -6.359774, 57.053428 ], [ -6.36036, 57.053493 ], [ -6.360714, 57.053422 ], [ -6.361095, 57.053571 ], [ -6.361187, 57.053163 ], [ -6.36134, 57.053131 ], [ -6.361455, 57.053477 ], [ -6.361936, 57.053569 ], [ -6.362174, 57.053488 ], [ -6.362705, 57.053582 ], [ -6.363236, 57.053537 ], [ -6.363608, 57.053605 ], [ -6.363856, 57.053753 ], [ -6.365199, 57.053873 ], [ -6.36559, 57.053688 ], [ -6.365589, 57.053405 ], [ -6.366097, 57.053509 ], [ -6.36635, 57.053415 ], [ -6.367164, 57.053391 ], [ -6.368378, 57.053542 ], [ -6.368552, 57.053621 ], [ -6.368701, 57.053481 ], [ -6.369104, 57.053399 ], [ -6.369123, 57.053138 ], [ -6.368882, 57.052912 ], [ -6.369266, 57.053164 ], [ -6.369267, 57.05338 ], [ -6.369546, 57.053366 ], [ -6.369865, 57.053134 ], [ -6.370207, 57.053379 ], [ -6.370686, 57.053164 ], [ -6.370854, 57.05319 ], [ -6.370818, 57.053101 ], [ -6.371425, 57.05272 ], [ -6.371686, 57.05276 ], [ -6.371921, 57.052621 ], [ -6.372081, 57.052679 ], [ -6.372505, 57.052287 ], [ -6.373201, 57.05224 ], [ -6.373308, 57.052025 ], [ -6.373233, 57.051879 ], [ -6.373395, 57.051855 ], [ -6.373648, 57.051977 ], [ -6.373619, 57.051726 ], [ -6.373805, 57.051689 ], [ -6.373994, 57.051758 ], [ -6.374174, 57.051608 ], [ -6.374299, 57.051689 ], [ -6.37422, 57.051296 ], [ -6.374328, 57.051296 ], [ -6.374429, 57.051459 ], [ -6.374721, 57.051485 ], [ -6.374505, 57.051335 ], [ -6.374556, 57.051203 ], [ -6.37531, 57.051235 ], [ -6.375645, 57.050783 ], [ -6.376011, 57.050671 ], [ -6.376135, 57.050392 ], [ -6.376418, 57.050203 ], [ -6.376368, 57.050056 ], [ -6.376615, 57.050052 ], [ -6.376282, 57.049816 ], [ -6.376496, 57.049699 ], [ -6.377079, 57.049784 ], [ -6.37731, 57.04965 ], [ -6.377455, 57.049406 ], [ -6.377698, 57.049366 ], [ -6.377798, 57.049444 ], [ -6.378046, 57.049449 ], [ -6.378662, 57.049283 ], [ -6.378511, 57.048987 ], [ -6.37912, 57.04911 ], [ -6.37959, 57.048828 ], [ -6.379667, 57.048645 ], [ -6.379939, 57.048568 ], [ -6.380853, 57.048415 ], [ -6.381176, 57.048565 ], [ -6.381193, 57.048245 ], [ -6.381326, 57.048155 ], [ -6.381517, 57.048107 ], [ -6.381969, 57.048295 ], [ -6.382162, 57.048252 ], [ -6.382643, 57.047992 ], [ -6.382636, 57.047723 ], [ -6.382876, 57.047593 ], [ -6.383313, 57.047447 ], [ -6.383482, 57.047554 ], [ -6.383628, 57.047531 ], [ -6.384505, 57.047131 ], [ -6.387425, 57.046075 ], [ -6.388732, 57.045683 ], [ -6.389699, 57.045492 ], [ -6.391533, 57.044672 ], [ -6.393312, 57.043674 ], [ -6.394294, 57.04332 ], [ -6.394566, 57.043113 ], [ -6.39607, 57.042718 ], [ -6.396955, 57.042597 ], [ -6.39735, 57.042588 ], [ -6.397812, 57.042724 ], [ -6.397854, 57.042597 ], [ -6.397439, 57.042081 ], [ -6.397842, 57.042071 ], [ -6.398197, 57.04173 ], [ -6.398669, 57.041741 ], [ -6.399124, 57.041406 ], [ -6.398894, 57.040226 ], [ -6.399019, 57.04024 ], [ -6.399146, 57.040964 ], [ -6.399386, 57.040834 ], [ -6.399198, 57.040634 ], [ -6.399821, 57.040531 ], [ -6.400193, 57.040337 ], [ -6.400321, 57.040365 ], [ -6.400299, 57.04046 ], [ -6.400446, 57.040446 ], [ -6.401021, 57.040219 ], [ -6.40118, 57.040025 ], [ -6.400865, 57.040013 ], [ -6.40071, 57.039821 ], [ -6.400974, 57.039335 ], [ -6.401526, 57.039046 ], [ -6.402143, 57.039172 ], [ -6.402017, 57.039019 ], [ -6.40299, 57.038666 ], [ -6.403511, 57.038189 ], [ -6.403707, 57.038173 ], [ -6.403929, 57.037886 ], [ -6.404269, 57.037694 ], [ -6.404489, 57.037394 ], [ -6.404032, 57.037154 ], [ -6.404111, 57.036778 ], [ -6.404343, 57.036648 ], [ -6.404007, 57.03639 ], [ -6.404311, 57.036236 ], [ -6.404337, 57.036109 ], [ -6.404063, 57.035957 ], [ -6.404718, 57.035776 ], [ -6.404772, 57.035603 ], [ -6.405097, 57.035497 ], [ -6.404915, 57.035351 ], [ -6.405134, 57.035177 ], [ -6.404957, 57.035075 ], [ -6.405057, 57.034739 ], [ -6.404585, 57.034724 ], [ -6.404554, 57.034671 ], [ -6.405705, 57.034361 ], [ -6.405403, 57.034183 ], [ -6.405001, 57.034125 ], [ -6.405757, 57.034035 ], [ -6.406063, 57.03411 ], [ -6.406174, 57.033931 ], [ -6.405804, 57.033737 ], [ -6.406422, 57.033589 ], [ -6.40642, 57.033369 ], [ -6.406938, 57.033004 ], [ -6.407658, 57.032745 ], [ -6.407661, 57.032632 ], [ -6.407938, 57.0326 ], [ -6.407889, 57.032471 ], [ -6.407351, 57.032311 ], [ -6.407423, 57.032229 ], [ -6.40791, 57.032228 ], [ -6.408407, 57.032111 ], [ -6.408342, 57.031839 ], [ -6.408012, 57.03177 ], [ -6.408395, 57.031662 ], [ -6.408515, 57.03142 ], [ -6.408316, 57.031341 ], [ -6.408379, 57.031173 ], [ -6.40864, 57.030871 ], [ -6.409915, 57.030084 ], [ -6.410251, 57.029717 ], [ -6.410675, 57.029742 ], [ -6.410749, 57.029605 ], [ -6.411057, 57.029558 ], [ -6.411306, 57.02936 ], [ -6.411801, 57.029365 ], [ -6.411944, 57.029113 ], [ -6.41209, 57.029225 ], [ -6.412025, 57.029515 ], [ -6.412148, 57.029646 ], [ -6.41234, 57.029526 ], [ -6.412291, 57.029393 ], [ -6.412945, 57.029276 ], [ -6.412971, 57.029009 ], [ -6.413338, 57.029046 ], [ -6.413411, 57.028895 ], [ -6.414026, 57.028792 ], [ -6.413834, 57.028637 ], [ -6.413917, 57.028532 ], [ -6.414083, 57.028579 ], [ -6.414453, 57.028498 ], [ -6.414655, 57.028536 ], [ -6.415316, 57.028409 ], [ -6.41514, 57.028245 ], [ -6.414948, 57.028225 ], [ -6.414976, 57.028048 ], [ -6.415428, 57.027965 ], [ -6.415965, 57.028112 ], [ -6.416319, 57.028032 ], [ -6.416522, 57.027872 ], [ -6.41633, 57.02778 ], [ -6.41639, 57.027728 ], [ -6.417019, 57.027679 ], [ -6.417358, 57.027483 ], [ -6.417323, 57.02739 ], [ -6.416922, 57.027422 ], [ -6.416961, 57.027357 ], [ -6.418382, 57.02652 ], [ -6.418375, 57.026318 ], [ -6.418497, 57.026237 ], [ -6.418604, 57.026305 ], [ -6.418816, 57.026078 ], [ -6.418904, 57.026052 ], [ -6.418836, 57.026243 ], [ -6.419122, 57.026499 ], [ -6.419447, 57.026465 ], [ -6.419718, 57.026311 ], [ -6.419402, 57.026084 ], [ -6.419975, 57.026118 ], [ -6.420313, 57.02598 ], [ -6.420449, 57.025737 ], [ -6.421226, 57.025543 ], [ -6.421344, 57.025561 ], [ -6.42145, 57.025764 ], [ -6.422218, 57.025908 ], [ -6.422543, 57.025865 ], [ -6.423062, 57.025999 ], [ -6.423275, 57.025848 ], [ -6.423061, 57.025644 ], [ -6.423498, 57.025507 ], [ -6.423587, 57.025351 ], [ -6.424126, 57.025377 ], [ -6.424672, 57.025119 ], [ -6.42627, 57.024968 ], [ -6.426771, 57.024811 ], [ -6.427923, 57.023754 ], [ -6.428854, 57.023262 ], [ -6.430075, 57.022922 ], [ -6.432119, 57.022499 ], [ -6.433141, 57.022148 ], [ -6.433824, 57.021652 ], [ -6.434439, 57.021005 ], [ -6.435395, 57.020233 ], [ -6.436494, 57.019632 ], [ -6.436999, 57.019515 ], [ -6.43731, 57.019356 ], [ -6.437419, 57.019163 ], [ -6.43717, 57.019014 ], [ -6.437132, 57.018831 ], [ -6.437423, 57.017611 ], [ -6.438901, 57.015283 ], [ -6.439677, 57.01432 ], [ -6.440282, 57.013863 ], [ -6.441463, 57.013263 ], [ -6.442986, 57.012759 ], [ -6.443483, 57.012647 ], [ -6.443791, 57.012672 ], [ -6.443797, 57.012447 ], [ -6.444204, 57.011987 ], [ -6.445146, 57.011527 ], [ -6.446128, 57.01043 ], [ -6.447364, 57.010013 ], [ -6.449284, 57.009733 ], [ -6.450837, 57.010245 ], [ -6.451028, 57.010391 ], [ -6.451101, 57.010658 ], [ -6.451287, 57.010485 ], [ -6.45148, 57.010451 ], [ -6.451774, 57.010702 ], [ -6.452294, 57.010638 ], [ -6.452635, 57.010522 ], [ -6.452541, 57.010364 ], [ -6.452574, 57.010291 ], [ -6.452661, 57.0104 ], [ -6.452695, 57.010273 ], [ -6.452907, 57.010454 ], [ -6.453148, 57.010401 ], [ -6.453524, 57.010243 ], [ -6.453218, 57.010092 ], [ -6.453676, 57.009788 ], [ -6.454558, 57.010198 ], [ -6.454927, 57.010112 ], [ -6.455073, 57.010373 ], [ -6.455621, 57.010133 ], [ -6.455751, 57.010254 ], [ -6.455979, 57.010156 ], [ -6.456121, 57.010173 ], [ -6.456193, 57.010504 ], [ -6.456323, 57.010553 ], [ -6.456581, 57.010161 ], [ -6.456688, 57.010504 ], [ -6.457277, 57.009984 ], [ -6.457021, 57.009912 ], [ -6.457304, 57.009663 ], [ -6.457443, 57.009308 ], [ -6.456461, 57.008956 ], [ -6.457664, 57.009156 ], [ -6.457713, 57.008947 ], [ -6.457171, 57.008692 ], [ -6.457268, 57.008671 ], [ -6.458144, 57.009035 ], [ -6.458618, 57.009135 ], [ -6.459803, 57.008913 ], [ -6.459952, 57.008786 ], [ -6.46006, 57.008931 ], [ -6.460245, 57.00896 ], [ -6.46033, 57.008773 ], [ -6.460141, 57.00802 ], [ -6.460245, 57.007449 ], [ -6.460125, 57.007341 ], [ -6.459979, 57.007355 ], [ -6.459356, 57.007733 ], [ -6.459476, 57.007562 ], [ -6.4594, 57.007479 ], [ -6.459066, 57.007514 ], [ -6.458936, 57.007662 ], [ -6.458858, 57.007499 ], [ -6.45856, 57.007554 ], [ -6.458802, 57.007307 ], [ -6.45852, 57.007084 ], [ -6.457713, 57.007162 ], [ -6.457839, 57.00704 ], [ -6.458147, 57.006994 ], [ -6.458254, 57.006792 ], [ -6.458005, 57.006778 ], [ -6.457845, 57.006955 ], [ -6.45781, 57.00652 ], [ -6.457506, 57.006742 ], [ -6.457443, 57.006623 ], [ -6.457164, 57.006637 ], [ -6.457614, 57.006199 ], [ -6.457857, 57.005745 ], [ -6.457264, 57.005541 ], [ -6.456246, 57.005717 ], [ -6.456932, 57.005247 ], [ -6.45617, 57.004941 ], [ -6.456454, 57.004558 ], [ -6.456407, 57.004447 ], [ -6.455891, 57.004475 ], [ -6.455581, 57.004769 ], [ -6.455562, 57.004617 ], [ -6.455266, 57.004411 ], [ -6.454987, 57.004421 ], [ -6.454559, 57.004563 ], [ -6.454968, 57.00413 ], [ -6.454987, 57.003945 ], [ -6.454543, 57.003677 ], [ -6.454514, 57.003161 ], [ -6.454315, 57.003078 ], [ -6.453992, 57.003135 ], [ -6.453797, 57.002813 ], [ -6.453486, 57.002627 ], [ -6.453442, 57.002255 ], [ -6.453229, 57.002065 ], [ -6.452884, 57.002 ], [ -6.452143, 57.002144 ], [ -6.45201, 57.002414 ], [ -6.451726, 57.002451 ], [ -6.451091, 57.003274 ], [ -6.450929, 57.002812 ], [ -6.45064, 57.002535 ], [ -6.450462, 57.002559 ], [ -6.450285, 57.002736 ], [ -6.450275, 57.002444 ], [ -6.449505, 57.001793 ], [ -6.449431, 57.001314 ], [ -6.449149, 57.001027 ], [ -6.449012, 57.000978 ], [ -6.448856, 57.001195 ], [ -6.448524, 57.001103 ], [ -6.44841, 57.000905 ], [ -6.447701, 57.000971 ], [ -6.447626, 57.00083 ], [ -6.447949, 57.000701 ], [ -6.447835, 57.000579 ], [ -6.448068, 57.000518 ], [ -6.447845, 57.000458 ], [ -6.448016, 57.000318 ], [ -6.447692, 56.999937 ], [ -6.447527, 56.999934 ], [ -6.447327, 57.000049 ], [ -6.447088, 56.999778 ], [ -6.446888, 56.999759 ], [ -6.446642, 56.999974 ], [ -6.446079, 57.000021 ], [ -6.446219, 56.999746 ], [ -6.445404, 56.999685 ], [ -6.445418, 56.999384 ], [ -6.444963, 56.999094 ], [ -6.444751, 56.999115 ], [ -6.444307, 56.998987 ], [ -6.444056, 56.999086 ], [ -6.443738, 56.99898 ], [ -6.443515, 56.999114 ], [ -6.443564, 56.999045 ], [ -6.443409, 56.998983 ], [ -6.443246, 56.999277 ], [ -6.443149, 56.999015 ], [ -6.442891, 56.998857 ], [ -6.442685, 56.99886 ], [ -6.44253, 56.99901 ], [ -6.442252, 56.998754 ], [ -6.442529, 56.998726 ], [ -6.442625, 56.998629 ], [ -6.442275, 56.998461 ], [ -6.442383, 56.998327 ], [ -6.44202, 56.998191 ], [ -6.442094, 56.998049 ], [ -6.441817, 56.997933 ], [ -6.441683, 56.99792 ], [ -6.441539, 56.998024 ], [ -6.441162, 56.997975 ], [ -6.440837, 56.998215 ], [ -6.440713, 56.998148 ], [ -6.440722, 56.998013 ], [ -6.440478, 56.997972 ], [ -6.440557, 56.997807 ], [ -6.44015, 56.99757 ], [ -6.440159, 56.997372 ], [ -6.439553, 56.996714 ], [ -6.439561, 56.996291 ], [ -6.43897, 56.996038 ], [ -6.438685, 56.99558 ], [ -6.437936, 56.995108 ], [ -6.437578, 56.995143 ], [ -6.437091, 56.99507 ], [ -6.436492, 56.994813 ], [ -6.435984, 56.994768 ], [ -6.436007, 56.995167 ], [ -6.435793, 56.99531 ], [ -6.435708, 56.995074 ], [ -6.435332, 56.994894 ], [ -6.435203, 56.994921 ], [ -6.435189, 56.995075 ], [ -6.435012, 56.995113 ], [ -6.434682, 56.994832 ], [ -6.434201, 56.994741 ], [ -6.434009, 56.994788 ], [ -6.433771, 56.995071 ], [ -6.433381, 56.995049 ], [ -6.433481, 56.995333 ], [ -6.433265, 56.995247 ], [ -6.432964, 56.994938 ], [ -6.432573, 56.994767 ], [ -6.432397, 56.994877 ], [ -6.432683, 56.995065 ], [ -6.432768, 56.995296 ], [ -6.432247, 56.995143 ], [ -6.431931, 56.994912 ], [ -6.431482, 56.994874 ], [ -6.430854, 56.994653 ], [ -6.430352, 56.993965 ], [ -6.430209, 56.99401 ], [ -6.429851, 56.993911 ], [ -6.429615, 56.993937 ], [ -6.429664, 56.993791 ], [ -6.429308, 56.993781 ], [ -6.428375, 56.994381 ], [ -6.42852, 56.994151 ], [ -6.428961, 56.993839 ], [ -6.428577, 56.993731 ], [ -6.428742, 56.99359 ], [ -6.428575, 56.993569 ], [ -6.428401, 56.993706 ], [ -6.428448, 56.993547 ], [ -6.428758, 56.993378 ], [ -6.428687, 56.993268 ], [ -6.427999, 56.993023 ], [ -6.427448, 56.993173 ], [ -6.427378, 56.993067 ], [ -6.427063, 56.993119 ], [ -6.427644, 56.992464 ], [ -6.42701, 56.992401 ], [ -6.426813, 56.992129 ], [ -6.426521, 56.992027 ], [ -6.426231, 56.992011 ], [ -6.425901, 56.99222 ], [ -6.425459, 56.991966 ], [ -6.42537, 56.99205 ], [ -6.424723, 56.99201 ], [ -6.424983, 56.991772 ], [ -6.424566, 56.991454 ], [ -6.424313, 56.991476 ], [ -6.424282, 56.991284 ], [ -6.424496, 56.991141 ], [ -6.424219, 56.990958 ], [ -6.423408, 56.991 ], [ -6.423156, 56.991373 ], [ -6.422653, 56.991027 ], [ -6.421909, 56.990864 ], [ -6.421536, 56.990706 ], [ -6.421206, 56.9907 ], [ -6.42124, 56.990506 ], [ -6.420482, 56.99002 ], [ -6.420669, 56.99 ], [ -6.42092, 56.989752 ], [ -6.420789, 56.98955 ], [ -6.420314, 56.989293 ], [ -6.420205, 56.989072 ], [ -6.419674, 56.988762 ], [ -6.419396, 56.98843 ], [ -6.418591, 56.988315 ], [ -6.417509, 56.988501 ], [ -6.416968, 56.988381 ], [ -6.417, 56.988298 ], [ -6.417945, 56.988356 ], [ -6.418527, 56.988259 ], [ -6.418599, 56.988175 ], [ -6.4181, 56.987788 ], [ -6.417722, 56.987653 ], [ -6.417457, 56.987644 ], [ -6.417351, 56.987441 ], [ -6.417193, 56.987501 ], [ -6.416394, 56.986949 ], [ -6.416338, 56.986686 ], [ -6.415898, 56.986584 ], [ -6.415777, 56.986606 ], [ -6.415745, 56.986756 ], [ -6.415295, 56.986713 ], [ -6.415047, 56.986772 ], [ -6.414579, 56.986505 ], [ -6.413317, 56.986424 ], [ -6.413654, 56.986344 ], [ -6.413613, 56.986206 ], [ -6.413782, 56.986038 ], [ -6.413612, 56.985923 ], [ -6.412936, 56.985848 ], [ -6.412715, 56.986211 ], [ -6.412699, 56.985937 ], [ -6.412437, 56.985672 ], [ -6.412191, 56.985681 ], [ -6.412036, 56.985898 ], [ -6.411796, 56.985821 ], [ -6.411973, 56.985437 ], [ -6.411852, 56.98518 ], [ -6.411484, 56.98486 ], [ -6.411343, 56.984852 ], [ -6.410363, 56.984297 ], [ -6.409481, 56.983596 ], [ -6.408939, 56.983327 ], [ -6.40842, 56.98326 ], [ -6.407924, 56.983318 ], [ -6.407624, 56.983211 ], [ -6.40827, 56.983036 ], [ -6.408354, 56.982907 ], [ -6.407785, 56.982347 ], [ -6.407518, 56.982392 ], [ -6.406984, 56.982119 ], [ -6.406782, 56.982229 ], [ -6.406482, 56.982267 ], [ -6.406513, 56.982108 ], [ -6.40609, 56.981943 ], [ -6.40481, 56.982267 ], [ -6.404351, 56.982284 ], [ -6.405051, 56.982074 ], [ -6.405084, 56.982006 ], [ -6.405282, 56.982008 ], [ -6.406261, 56.981717 ], [ -6.40611, 56.98156 ], [ -6.405142, 56.981379 ], [ -6.403466, 56.980655 ], [ -6.403111, 56.980645 ], [ -6.403408, 56.98037 ], [ -6.403454, 56.980134 ], [ -6.403316, 56.98008 ], [ -6.402803, 56.98013 ], [ -6.402941, 56.979693 ], [ -6.4028, 56.979411 ], [ -6.402437, 56.979262 ], [ -6.402096, 56.979305 ], [ -6.401773, 56.979146 ], [ -6.401455, 56.979314 ], [ -6.400934, 56.979229 ], [ -6.400527, 56.979338 ], [ -6.40058, 56.979156 ], [ -6.400233, 56.979083 ], [ -6.399963, 56.979304 ], [ -6.399926, 56.978855 ], [ -6.399604, 56.978772 ], [ -6.398533, 56.978985 ], [ -6.399308, 56.978711 ], [ -6.399324, 56.978499 ], [ -6.398889, 56.978366 ], [ -6.398589, 56.977994 ], [ -6.397917, 56.977667 ], [ -6.397951, 56.977891 ], [ -6.39741, 56.977982 ], [ -6.39688, 56.97796 ], [ -6.396995, 56.977879 ], [ -6.396566, 56.977809 ], [ -6.396597, 56.977583 ], [ -6.396366, 56.977506 ], [ -6.396281, 56.977554 ], [ -6.396373, 56.97778 ], [ -6.39612, 56.97787 ], [ -6.395991, 56.977816 ], [ -6.396125, 56.977559 ], [ -6.396055, 56.977319 ], [ -6.395792, 56.977112 ], [ -6.39567, 56.977121 ], [ -6.395549, 56.977283 ], [ -6.395449, 56.977264 ], [ -6.395751, 56.976767 ], [ -6.395577, 56.976751 ], [ -6.395354, 56.976889 ], [ -6.395165, 56.976896 ], [ -6.395111, 56.976849 ], [ -6.395585, 56.976683 ], [ -6.394823, 56.976503 ], [ -6.395686, 56.976558 ], [ -6.395577, 56.976472 ], [ -6.396214, 56.976292 ], [ -6.39624, 56.976229 ], [ -6.395015, 56.975831 ], [ -6.394652, 56.975821 ], [ -6.394274, 56.975974 ], [ -6.394176, 56.97587 ], [ -6.39434, 56.975765 ], [ -6.393924, 56.975658 ], [ -6.394189, 56.975388 ], [ -6.394617, 56.975251 ], [ -6.394338, 56.975122 ], [ -6.394622, 56.975152 ], [ -6.394855, 56.974964 ], [ -6.394626, 56.97477 ], [ -6.3943, 56.974723 ], [ -6.394164, 56.974827 ], [ -6.393997, 56.97481 ], [ -6.394009, 56.974702 ], [ -6.393748, 56.974657 ], [ -6.393637, 56.974413 ], [ -6.393291, 56.97448 ], [ -6.393163, 56.974583 ], [ -6.39292, 56.974475 ], [ -6.392664, 56.97447 ], [ -6.393132, 56.974809 ], [ -6.39247, 56.974643 ], [ -6.39248, 56.974724 ], [ -6.392284, 56.974735 ], [ -6.392076, 56.97486 ], [ -6.39184, 56.974674 ], [ -6.391638, 56.974641 ], [ -6.390949, 56.974733 ], [ -6.390704, 56.974678 ], [ -6.390873, 56.974578 ], [ -6.390782, 56.9745 ], [ -6.390364, 56.974515 ], [ -6.390033, 56.974648 ], [ -6.389162, 56.974661 ], [ -6.388857, 56.975004 ], [ -6.388663, 56.974894 ], [ -6.388855, 56.974707 ], [ -6.388795, 56.974552 ], [ -6.388899, 56.974454 ], [ -6.388416, 56.974341 ], [ -6.388422, 56.97425 ], [ -6.388024, 56.974089 ], [ -6.387349, 56.974302 ], [ -6.386736, 56.974269 ], [ -6.386387, 56.973751 ], [ -6.386136, 56.973715 ], [ -6.386182, 56.973623 ], [ -6.385752, 56.973395 ], [ -6.385905, 56.973296 ], [ -6.385724, 56.97323 ], [ -6.384733, 56.973274 ], [ -6.384576, 56.973477 ], [ -6.383967, 56.973476 ], [ -6.383646, 56.97369 ], [ -6.383396, 56.9736 ], [ -6.38354, 56.97377 ], [ -6.382494, 56.974328 ], [ -6.381646, 56.974331 ], [ -6.381209, 56.974256 ], [ -6.380245, 56.97362 ], [ -6.378351, 56.973057 ], [ -6.377565, 56.97268 ], [ -6.377382, 56.97238 ], [ -6.377742, 56.971801 ], [ -6.378122, 56.971532 ], [ -6.37817, 56.971377 ], [ -6.37835, 56.971299 ], [ -6.378666, 56.971324 ], [ -6.378689, 56.971242 ], [ -6.377683, 56.971093 ], [ -6.377922, 56.971021 ], [ -6.378196, 56.971039 ], [ -6.378222, 56.970907 ], [ -6.379091, 56.970598 ], [ -6.379128, 56.970287 ], [ -6.378725, 56.970143 ], [ -6.378945, 56.969915 ], [ -6.378304, 56.969857 ], [ -6.378368, 56.969702 ], [ -6.377946, 56.969546 ], [ -6.377842, 56.969077 ], [ -6.377551, 56.969056 ], [ -6.377487, 56.968932 ], [ -6.377181, 56.968853 ], [ -6.376678, 56.968565 ], [ -6.376223, 56.968473 ], [ -6.376008, 56.968534 ], [ -6.375715, 56.968351 ], [ -6.375209, 56.967622 ], [ -6.375736, 56.967199 ], [ -6.375689, 56.967084 ], [ -6.375296, 56.967026 ], [ -6.37522, 56.966871 ], [ -6.375573, 56.966656 ], [ -6.375124, 56.966753 ], [ -6.374923, 56.966661 ], [ -6.375051, 56.966414 ], [ -6.374612, 56.966537 ], [ -6.37356, 56.966201 ], [ -6.373302, 56.965967 ], [ -6.37348, 56.965731 ], [ -6.373416, 56.965599 ], [ -6.373678, 56.965383 ], [ -6.373468, 56.965345 ], [ -6.373097, 56.965412 ], [ -6.372956, 56.965327 ], [ -6.373071, 56.965255 ], [ -6.373007, 56.965064 ], [ -6.372589, 56.964872 ], [ -6.372452, 56.964544 ], [ -6.372853, 56.964521 ], [ -6.373332, 56.964189 ], [ -6.373175, 56.963826 ], [ -6.372882, 56.963792 ], [ -6.37322, 56.963721 ], [ -6.373215, 56.963609 ], [ -6.373025, 56.963602 ], [ -6.372853, 56.963397 ], [ -6.372627, 56.963373 ], [ -6.372345, 56.963212 ], [ -6.372374, 56.963103 ], [ -6.372199, 56.962952 ], [ -6.371876, 56.962932 ], [ -6.371841, 56.962636 ], [ -6.371613, 56.962446 ], [ -6.371243, 56.962446 ], [ -6.371151, 56.962229 ], [ -6.370659, 56.96217 ], [ -6.370966, 56.961911 ], [ -6.37068, 56.96158 ], [ -6.370403, 56.961463 ], [ -6.371121, 56.961061 ], [ -6.371011, 56.960965 ], [ -6.371222, 56.96094 ], [ -6.371171, 56.960501 ], [ -6.371376, 56.960287 ], [ -6.371297, 56.960169 ], [ -6.370988, 56.960341 ], [ -6.370723, 56.960117 ], [ -6.370154, 56.960249 ], [ -6.370019, 56.96015 ], [ -6.370253, 56.960048 ], [ -6.370028, 56.959948 ], [ -6.370033, 56.959786 ], [ -6.370424, 56.959677 ], [ -6.370425, 56.959542 ], [ -6.370273, 56.959444 ], [ -6.370736, 56.95946 ], [ -6.371136, 56.959149 ], [ -6.37096, 56.958633 ], [ -6.371039, 56.95846 ], [ -6.370853, 56.958426 ], [ -6.370886, 56.958281 ], [ -6.370402, 56.95823 ], [ -6.370321, 56.958166 ], [ -6.369585, 56.958277 ], [ -6.369366, 56.958239 ], [ -6.369923, 56.958004 ], [ -6.369674, 56.957842 ], [ -6.370128, 56.957574 ], [ -6.370014, 56.957299 ], [ -6.370393, 56.957097 ], [ -6.369742, 56.956877 ], [ -6.369508, 56.956643 ], [ -6.369644, 56.956602 ], [ -6.369923, 56.95674 ], [ -6.370079, 56.956456 ], [ -6.370021, 56.956314 ], [ -6.370301, 56.95617 ], [ -6.370386, 56.955987 ], [ -6.370616, 56.955979 ], [ -6.370957, 56.955796 ], [ -6.370761, 56.9556 ], [ -6.370824, 56.955508 ], [ -6.371155, 56.955456 ], [ -6.371336, 56.955526 ], [ -6.371449, 56.955716 ], [ -6.371574, 56.955725 ], [ -6.372088, 56.955684 ], [ -6.372107, 56.955504 ], [ -6.372304, 56.955569 ], [ -6.372287, 56.955349 ], [ -6.372403, 56.955287 ], [ -6.372262, 56.955134 ], [ -6.372677, 56.95489 ], [ -6.372426, 56.954782 ], [ -6.372077, 56.954821 ], [ -6.371754, 56.954734 ], [ -6.371477, 56.954829 ], [ -6.371287, 56.954683 ], [ -6.370919, 56.954637 ], [ -6.371048, 56.954543 ], [ -6.370724, 56.954513 ], [ -6.370748, 56.954369 ], [ -6.370404, 56.954246 ], [ -6.370509, 56.954085 ], [ -6.370335, 56.954001 ], [ -6.370472, 56.953843 ], [ -6.370329, 56.953529 ], [ -6.370604, 56.953492 ], [ -6.370432, 56.953008 ], [ -6.370592, 56.95276 ], [ -6.370218, 56.952795 ], [ -6.370322, 56.952634 ], [ -6.3702, 56.952576 ], [ -6.370331, 56.952495 ], [ -6.370213, 56.952332 ], [ -6.369486, 56.952313 ], [ -6.36946, 56.951945 ], [ -6.369288, 56.951883 ], [ -6.369012, 56.951983 ], [ -6.368585, 56.951994 ], [ -6.368359, 56.951889 ], [ -6.368366, 56.95174 ], [ -6.368082, 56.951773 ], [ -6.368103, 56.95139 ], [ -6.367856, 56.951389 ], [ -6.367741, 56.951465 ], [ -6.367776, 56.951617 ], [ -6.367557, 56.951652 ], [ -6.366789, 56.951202 ], [ -6.366618, 56.951361 ], [ -6.366898, 56.951576 ], [ -6.36668, 56.951745 ], [ -6.366323, 56.951654 ], [ -6.365934, 56.9517 ], [ -6.365099, 56.951526 ], [ -6.36487, 56.951265 ], [ -6.364355, 56.951287 ], [ -6.363899, 56.951056 ], [ -6.363914, 56.950898 ], [ -6.36423, 56.950711 ], [ -6.364101, 56.950455 ], [ -6.363144, 56.950435 ], [ -6.363, 56.950543 ], [ -6.362757, 56.950502 ], [ -6.362584, 56.950575 ], [ -6.362503, 56.950443 ], [ -6.362148, 56.950505 ], [ -6.362058, 56.950302 ], [ -6.361507, 56.950303 ], [ -6.361295, 56.950531 ], [ -6.36134, 56.950772 ], [ -6.361005, 56.951008 ], [ -6.360864, 56.950851 ], [ -6.360216, 56.950658 ], [ -6.360156, 56.950363 ], [ -6.359878, 56.950301 ], [ -6.359802, 56.950147 ], [ -6.359432, 56.95015 ], [ -6.359175, 56.950065 ], [ -6.359143, 56.949931 ], [ -6.359469, 56.949556 ], [ -6.359433, 56.949386 ], [ -6.359681, 56.949256 ], [ -6.359392, 56.949037 ], [ -6.358951, 56.949065 ], [ -6.358734, 56.948965 ], [ -6.358432, 56.948985 ], [ -6.358302, 56.94907 ], [ -6.3581, 56.94896 ], [ -6.357886, 56.949107 ], [ -6.357701, 56.949001 ], [ -6.357596, 56.94909 ], [ -6.357114, 56.949116 ], [ -6.356623, 56.949489 ], [ -6.35634, 56.949328 ], [ -6.355766, 56.949271 ], [ -6.35523, 56.949474 ], [ -6.35498, 56.949303 ], [ -6.354485, 56.949433 ], [ -6.353687, 56.949294 ], [ -6.353597, 56.94923 ], [ -6.353758, 56.94913 ], [ -6.354356, 56.949033 ], [ -6.354488, 56.948758 ], [ -6.353938, 56.948489 ], [ -6.35326, 56.948527 ], [ -6.352939, 56.948317 ], [ -6.352777, 56.948053 ], [ -6.352656, 56.948147 ], [ -6.35253, 56.947846 ], [ -6.352135, 56.947846 ], [ -6.352287, 56.947661 ], [ -6.352126, 56.94741 ], [ -6.351628, 56.947234 ], [ -6.351271, 56.947346 ], [ -6.351254, 56.947202 ], [ -6.350946, 56.946961 ], [ -6.350792, 56.94712 ], [ -6.350025, 56.947182 ], [ -6.349727, 56.946599 ], [ -6.349364, 56.946594 ], [ -6.349293, 56.946826 ], [ -6.348683, 56.946959 ], [ -6.34789, 56.946861 ], [ -6.347741, 56.946295 ], [ -6.347506, 56.946326 ], [ -6.347207, 56.946156 ], [ -6.346908, 56.946207 ], [ -6.34686, 56.946497 ], [ -6.347051, 56.946652 ], [ -6.347161, 56.947035 ], [ -6.34683, 56.947231 ], [ -6.346888, 56.947301 ], [ -6.347317, 56.947313 ], [ -6.347427, 56.947412 ], [ -6.34661, 56.94767 ], [ -6.345987, 56.94762 ], [ -6.345535, 56.948404 ], [ -6.34454, 56.947846 ], [ -6.344534, 56.947365 ], [ -6.343942, 56.947304 ], [ -6.343905, 56.947198 ], [ -6.343577, 56.947133 ], [ -6.343494, 56.946992 ], [ -6.343095, 56.946812 ], [ -6.343098, 56.946763 ], [ -6.343413, 56.946788 ], [ -6.343472, 56.946727 ], [ -6.343196, 56.946552 ], [ -6.343177, 56.946315 ], [ -6.342876, 56.946204 ], [ -6.3423, 56.945005 ], [ -6.341824, 56.944801 ], [ -6.342138, 56.944601 ], [ -6.342069, 56.944428 ], [ -6.341883, 56.94439 ], [ -6.341747, 56.944206 ], [ -6.341785, 56.944038 ], [ -6.341646, 56.94398 ], [ -6.3414, 56.944056 ], [ -6.341157, 56.944019 ], [ -6.340808, 56.94378 ], [ -6.340965, 56.943073 ], [ -6.341158, 56.943035 ], [ -6.341261, 56.942788 ], [ -6.340747, 56.942478 ], [ -6.34058, 56.942034 ], [ -6.340255, 56.941784 ], [ -6.340049, 56.941778 ], [ -6.33978, 56.94159 ], [ -6.339391, 56.941567 ], [ -6.339169, 56.941642 ], [ -6.338974, 56.941941 ], [ -6.338756, 56.94198 ], [ -6.338524, 56.941899 ], [ -6.338664, 56.941615 ], [ -6.338843, 56.941528 ], [ -6.338688, 56.941394 ], [ -6.338081, 56.94155 ], [ -6.33777, 56.941426 ], [ -6.337664, 56.941578 ], [ -6.337353, 56.941445 ], [ -6.336524, 56.942175 ], [ -6.336131, 56.942332 ], [ -6.335688, 56.942339 ], [ -6.335523, 56.942192 ], [ -6.335139, 56.942286 ], [ -6.334835, 56.942153 ], [ -6.334297, 56.942122 ], [ -6.334217, 56.941864 ], [ -6.33396, 56.941913 ], [ -6.333694, 56.941819 ], [ -6.333705, 56.941346 ], [ -6.333001, 56.941303 ], [ -6.333162, 56.940992 ], [ -6.333414, 56.940893 ], [ -6.333165, 56.940596 ], [ -6.333609, 56.940662 ], [ -6.333207, 56.940033 ], [ -6.332915, 56.940002 ], [ -6.333141, 56.939536 ], [ -6.332753, 56.939315 ], [ -6.332683, 56.938922 ], [ -6.332476, 56.938704 ], [ -6.331848, 56.938326 ], [ -6.33154, 56.938292 ], [ -6.331569, 56.93812 ], [ -6.331324, 56.93785 ], [ -6.331032, 56.937743 ], [ -6.330834, 56.937457 ], [ -6.330398, 56.937311 ], [ -6.330365, 56.936745 ], [ -6.330164, 56.936572 ], [ -6.3302, 56.936387 ], [ -6.329944, 56.936166 ], [ -6.329759, 56.935422 ], [ -6.329454, 56.935558 ], [ -6.32863, 56.935123 ], [ -6.328515, 56.935267 ], [ -6.328089, 56.935133 ], [ -6.327766, 56.935612 ], [ -6.327958, 56.93592 ], [ -6.327672, 56.936011 ], [ -6.327415, 56.935993 ], [ -6.327116, 56.936111 ], [ -6.326998, 56.936016 ], [ -6.326755, 56.936043 ], [ -6.326741, 56.935994 ], [ -6.326489, 56.936093 ], [ -6.326595, 56.935873 ], [ -6.32607, 56.936094 ], [ -6.325781, 56.935946 ], [ -6.325665, 56.93573 ], [ -6.325269, 56.935856 ], [ -6.325048, 56.935657 ], [ -6.324892, 56.935658 ], [ -6.324891, 56.935509 ], [ -6.324548, 56.93559 ], [ -6.324366, 56.935447 ], [ -6.324157, 56.935562 ], [ -6.323852, 56.935559 ], [ -6.323913, 56.935444 ], [ -6.323656, 56.935494 ], [ -6.323094, 56.935257 ], [ -6.322908, 56.935079 ], [ -6.322695, 56.935086 ], [ -6.322552, 56.935199 ], [ -6.322373, 56.935142 ], [ -6.321991, 56.935187 ], [ -6.321976, 56.935336 ], [ -6.321617, 56.935506 ], [ -6.321298, 56.935517 ], [ -6.321147, 56.935639 ], [ -6.320602, 56.935406 ], [ -6.319908, 56.935309 ], [ -6.319583, 56.935347 ], [ -6.319463, 56.935162 ], [ -6.319134, 56.935304 ], [ -6.318941, 56.935054 ], [ -6.318603, 56.935053 ], [ -6.31856, 56.934964 ], [ -6.318388, 56.935181 ], [ -6.318528, 56.935253 ], [ -6.318415, 56.935271 ], [ -6.318123, 56.935168 ], [ -6.318207, 56.935039 ], [ -6.317907, 56.935005 ], [ -6.317986, 56.934692 ], [ -6.317864, 56.934709 ], [ -6.317718, 56.934939 ], [ -6.317239, 56.93492 ], [ -6.317522, 56.934739 ], [ -6.317462, 56.934503 ], [ -6.317334, 56.934458 ], [ -6.317081, 56.934692 ], [ -6.316593, 56.93474 ], [ -6.316323, 56.934898 ], [ -6.316342, 56.934991 ], [ -6.316912, 56.935295 ], [ -6.316166, 56.93524 ], [ -6.315965, 56.935144 ], [ -6.315667, 56.935406 ], [ -6.31556, 56.93541 ], [ -6.315571, 56.935292 ], [ -6.315212, 56.935386 ], [ -6.315192, 56.935571 ], [ -6.314353, 56.935496 ], [ -6.314063, 56.935551 ], [ -6.313901, 56.935431 ], [ -6.313693, 56.935555 ], [ -6.313749, 56.935607 ], [ -6.313497, 56.935706 ], [ -6.313487, 56.935553 ], [ -6.313295, 56.935524 ], [ -6.313353, 56.935392 ], [ -6.312859, 56.935526 ], [ -6.312772, 56.934841 ], [ -6.312195, 56.934834 ], [ -6.312173, 56.934929 ], [ -6.312028, 56.934817 ], [ -6.311683, 56.934887 ], [ -6.311571, 56.934842 ], [ -6.311631, 56.934655 ], [ -6.311082, 56.934674 ], [ -6.310216, 56.934861 ], [ -6.309873, 56.935669 ], [ -6.309364, 56.935462 ], [ -6.309166, 56.935743 ], [ -6.308777, 56.935864 ], [ -6.308747, 56.935609 ], [ -6.308521, 56.935356 ], [ -6.308405, 56.935347 ], [ -6.308345, 56.935825 ], [ -6.308203, 56.935884 ], [ -6.308416, 56.936016 ], [ -6.308196, 56.9361 ], [ -6.308003, 56.936071 ], [ -6.30802, 56.935787 ], [ -6.307882, 56.935954 ], [ -6.307775, 56.935953 ], [ -6.30772, 56.935546 ], [ -6.307524, 56.935773 ], [ -6.307486, 56.936152 ], [ -6.306943, 56.936085 ], [ -6.306799, 56.936189 ], [ -6.306613, 56.936146 ], [ -6.306321, 56.93625 ], [ -6.306046, 56.936219 ], [ -6.305749, 56.936284 ], [ -6.305797, 56.936129 ], [ -6.30548, 56.936091 ], [ -6.305448, 56.936245 ], [ -6.305291, 56.936308 ], [ -6.305235, 56.935969 ], [ -6.305126, 56.935945 ], [ -6.304966, 56.936126 ], [ -6.304837, 56.936081 ], [ -6.30468, 56.936145 ], [ -6.30468, 56.936505 ], [ -6.304293, 56.936352 ], [ -6.30466, 56.936047 ], [ -6.304064, 56.936085 ], [ -6.303959, 56.93617 ], [ -6.304086, 56.936341 ], [ -6.304444, 56.936598 ], [ -6.304248, 56.936677 ], [ -6.304183, 56.9369 ], [ -6.30406, 56.93676 ], [ -6.303911, 56.936824 ], [ -6.303972, 56.936993 ], [ -6.303767, 56.937004 ], [ -6.303592, 56.936839 ], [ -6.303428, 56.93684 ], [ -6.303373, 56.936941 ], [ -6.303577, 56.937065 ], [ -6.303354, 56.937198 ], [ -6.30203, 56.937136 ], [ -6.301757, 56.937406 ], [ -6.301732, 56.937614 ], [ -6.301472, 56.937641 ], [ -6.301051, 56.937849 ], [ -6.300885, 56.937616 ], [ -6.300352, 56.93763 ], [ -6.300175, 56.938027 ], [ -6.300325, 56.938251 ], [ -6.300081, 56.938282 ], [ -6.299727, 56.938488 ], [ -6.2995, 56.938451 ], [ -6.299204, 56.938524 ], [ -6.298909, 56.938314 ], [ -6.298721, 56.938325 ], [ -6.298608, 56.938486 ], [ -6.298809, 56.938519 ], [ -6.298812, 56.938614 ], [ -6.298431, 56.938591 ], [ -6.298445, 56.938716 ], [ -6.298228, 56.938692 ], [ -6.298396, 56.938862 ], [ -6.298331, 56.939008 ], [ -6.298564, 56.939103 ], [ -6.298197, 56.939134 ], [ -6.29824, 56.939506 ], [ -6.297971, 56.939385 ], [ -6.297258, 56.939836 ], [ -6.296191, 56.93986 ], [ -6.296178, 56.940031 ], [ -6.296881, 56.940281 ], [ -6.29642, 56.940203 ], [ -6.296312, 56.940337 ], [ -6.29582, 56.940569 ], [ -6.295679, 56.940417 ], [ -6.295544, 56.940458 ], [ -6.295423, 56.940619 ], [ -6.295577, 56.940672 ], [ -6.295542, 56.940867 ], [ -6.295199, 56.941036 ], [ -6.295043, 56.940888 ], [ -6.294956, 56.941139 ], [ -6.294809, 56.941144 ], [ -6.294601, 56.941407 ], [ -6.294573, 56.941314 ], [ -6.294401, 56.94132 ], [ -6.294366, 56.941442 ], [ -6.294108, 56.941271 ], [ -6.293939, 56.941309 ], [ -6.293899, 56.94153 ], [ -6.293647, 56.941773 ], [ -6.29414, 56.942269 ], [ -6.293511, 56.942304 ], [ -6.293141, 56.942235 ], [ -6.293143, 56.942541 ], [ -6.293352, 56.942834 ], [ -6.293081, 56.942714 ], [ -6.292985, 56.942812 ], [ -6.292428, 56.942615 ], [ -6.292466, 56.942803 ], [ -6.292731, 56.94296 ], [ -6.292573, 56.943375 ], [ -6.29214, 56.943619 ], [ -6.291829, 56.943634 ], [ -6.291871, 56.943853 ], [ -6.291745, 56.943902 ], [ -6.291589, 56.943903 ], [ -6.29159, 56.943773 ], [ -6.29135, 56.943687 ], [ -6.291264, 56.943802 ], [ -6.291498, 56.943969 ], [ -6.291296, 56.944075 ], [ -6.291223, 56.943938 ], [ -6.291103, 56.943969 ], [ -6.29097, 56.944104 ], [ -6.291098, 56.944284 ], [ -6.290818, 56.944352 ], [ -6.290667, 56.944542 ], [ -6.290495, 56.944545 ], [ -6.290545, 56.944416 ], [ -6.290373, 56.944278 ], [ -6.290259, 56.94443 ], [ -6.289972, 56.944507 ], [ -6.289982, 56.944601 ], [ -6.290136, 56.944646 ], [ -6.290068, 56.944769 ], [ -6.289533, 56.94463 ], [ -6.289564, 56.944827 ], [ -6.289423, 56.944958 ], [ -6.289671, 56.944972 ], [ -6.289657, 56.945134 ], [ -6.289884, 56.945243 ], [ -6.2896, 56.945213 ], [ -6.289582, 56.945272 ], [ -6.289385, 56.945202 ], [ -6.289272, 56.945296 ], [ -6.289211, 56.945118 ], [ -6.289054, 56.945182 ], [ -6.28901, 56.945305 ], [ -6.289153, 56.945475 ], [ -6.289049, 56.945573 ], [ -6.288807, 56.945609 ], [ -6.288814, 56.946171 ], [ -6.289332, 56.946387 ], [ -6.288831, 56.94639 ], [ -6.288732, 56.946466 ], [ -6.288853, 56.946803 ], [ -6.288993, 56.94687 ], [ -6.289176, 56.946747 ], [ -6.289199, 56.946877 ], [ -6.289052, 56.947246 ], [ -6.2889, 56.947283 ], [ -6.288953, 56.947528 ], [ -6.288737, 56.94772 ], [ -6.28879, 56.947898 ], [ -6.288961, 56.947955 ], [ -6.288765, 56.94825 ], [ -6.288532, 56.948154 ], [ -6.288384, 56.948227 ], [ -6.288534, 56.94846 ], [ -6.288251, 56.949005 ], [ -6.287768, 56.949242 ], [ -6.287869, 56.94962 ], [ -6.288144, 56.949503 ], [ -6.288275, 56.949575 ], [ -6.287779, 56.950123 ], [ -6.288017, 56.950551 ], [ -6.287655, 56.950622 ], [ -6.287833, 56.950809 ], [ -6.287479, 56.950879 ], [ -6.287321, 56.951222 ], [ -6.287063, 56.951195 ], [ -6.28682, 56.951586 ], [ -6.286401, 56.951807 ], [ -6.286207, 56.951769 ], [ -6.286107, 56.95197 ], [ -6.285677, 56.952025 ], [ -6.285451, 56.951848 ], [ -6.285146, 56.951917 ], [ -6.284942, 56.952149 ], [ -6.284677, 56.952136 ], [ -6.2845, 56.952236 ], [ -6.283657, 56.952211 ], [ -6.283564, 56.952327 ], [ -6.283016, 56.952139 ], [ -6.282644, 56.952417 ], [ -6.282425, 56.952299 ], [ -6.281938, 56.952572 ], [ -6.281662, 56.952536 ], [ -6.281492, 56.952627 ], [ -6.281268, 56.952613 ], [ -6.281219, 56.952902 ], [ -6.28114, 56.952864 ], [ -6.281077, 56.952956 ], [ -6.280491, 56.953084 ], [ -6.279811, 56.953045 ], [ -6.279661, 56.953095 ], [ -6.279407, 56.953036 ], [ -6.279544, 56.952869 ], [ -6.279509, 56.952709 ], [ -6.27918, 56.952635 ], [ -6.27904, 56.952702 ], [ -6.279159, 56.952878 ], [ -6.279014, 56.953126 ], [ -6.278788, 56.953165 ], [ -6.278746, 56.952942 ], [ -6.278319, 56.952808 ], [ -6.278294, 56.953016 ], [ -6.277979, 56.952995 ], [ -6.27794, 56.953235 ], [ -6.27773, 56.953194 ], [ -6.277269, 56.953542 ], [ -6.276748, 56.954339 ], [ -6.274117, 56.954485 ], [ -6.273645, 56.954672 ], [ -6.273413, 56.954878 ], [ -6.273252, 56.954767 ], [ -6.272896, 56.954963 ], [ -6.272379, 56.954977 ], [ -6.272306, 56.95484 ], [ -6.271474, 56.954472 ], [ -6.271193, 56.954388 ], [ -6.270957, 56.954418 ], [ -6.271833, 56.954802 ], [ -6.271398, 56.954884 ], [ -6.271167, 56.955027 ], [ -6.271214, 56.955439 ], [ -6.270362, 56.955468 ], [ -6.269681, 56.955635 ], [ -6.26959, 56.955989 ], [ -6.269735, 56.956178 ], [ -6.269395, 56.956225 ], [ -6.268815, 56.956546 ], [ -6.267882, 56.956729 ], [ -6.267538, 56.956684 ], [ -6.267172, 56.956935 ], [ -6.267128, 56.95685 ], [ -6.267269, 56.956775 ], [ -6.267042, 56.956661 ], [ -6.266246, 56.956899 ], [ -6.266092, 56.957426 ], [ -6.265801, 56.957769 ], [ -6.265554, 56.957755 ], [ -6.265448, 56.957619 ], [ -6.265293, 56.957634 ], [ -6.265255, 56.958093 ], [ -6.26543, 56.958326 ], [ -6.26484, 56.958579 ], [ -6.264818, 56.958374 ], [ -6.264526, 56.958415 ], [ -6.264468, 56.958835 ], [ -6.263967, 56.959319 ], [ -6.263678, 56.9592 ], [ -6.26363, 56.959354 ], [ -6.263175, 56.95941 ], [ -6.263497, 56.959561 ], [ -6.263536, 56.959686 ], [ -6.263156, 56.959676 ], [ -6.262491, 56.959829 ], [ -6.262, 56.960156 ], [ -6.261663, 56.960006 ], [ -6.261656, 56.960591 ], [ -6.261968, 56.960872 ], [ -6.261584, 56.960822 ], [ -6.261048, 56.960962 ], [ -6.26069, 56.961145 ], [ -6.260373, 56.961178 ], [ -6.260223, 56.961161 ], [ -6.260111, 56.960972 ], [ -6.260031, 56.960992 ], [ -6.260187, 56.961706 ], [ -6.259912, 56.96204 ], [ -6.259646, 56.96195 ], [ -6.259394, 56.961976 ], [ -6.260117, 56.962397 ], [ -6.260127, 56.963201 ], [ -6.259939, 56.963648 ], [ -6.259608, 56.963849 ], [ -6.259839, 56.96385 ], [ -6.259676, 56.964157 ], [ -6.259531, 56.964256 ], [ -6.25939, 56.964247 ], [ -6.259355, 56.964365 ], [ -6.259656, 56.964337 ], [ -6.259945, 56.964057 ], [ -6.260066, 56.964395 ], [ -6.259815, 56.964507 ], [ -6.260145, 56.96473 ], [ -6.260171, 56.964886 ], [ -6.259946, 56.96529 ], [ -6.259223, 56.965876 ], [ -6.259156, 56.966301 ], [ -6.258913, 56.966337 ], [ -6.258797, 56.966543 ], [ -6.258301, 56.966811 ], [ -6.257483, 56.967078 ], [ -6.257017, 56.967683 ], [ -6.255987, 56.968105 ], [ -6.25457, 56.968531 ], [ -6.254346, 56.968732 ], [ -6.254355, 56.969041 ], [ -6.254234, 56.969118 ], [ -6.254064, 56.969146 ], [ -6.253633, 56.969048 ], [ -6.253035, 56.969293 ], [ -6.251687, 56.970463 ], [ -6.251199, 56.970664 ], [ -6.250903, 56.97103 ], [ -6.250433, 56.971019 ], [ -6.249841, 56.971313 ], [ -6.249519, 56.971742 ], [ -6.249515, 56.971994 ], [ -6.249012, 56.972425 ], [ -6.249075, 56.972612 ], [ -6.248927, 56.973116 ], [ -6.249253, 56.973231 ], [ -6.249129, 56.973662 ], [ -6.249252, 56.974962 ], [ -6.249611, 56.975435 ], [ -6.249591, 56.975688 ], [ -6.250007, 56.975872 ], [ -6.249734, 56.976011 ], [ -6.249625, 56.976348 ], [ -6.249706, 56.977136 ], [ -6.249538, 56.977902 ], [ -6.24974, 56.978871 ], [ -6.24967, 56.979921 ], [ -6.249844, 56.980005 ], [ -6.249556, 56.980361 ], [ -6.24952, 56.9807 ], [ -6.250546, 56.983048 ], [ -6.250104, 56.983364 ], [ -6.250085, 56.983842 ], [ -6.250395, 56.984182 ], [ -6.249952, 56.984557 ], [ -6.249727, 56.985468 ], [ -6.249977, 56.985803 ], [ -6.249724, 56.986021 ], [ -6.250106, 56.986197 ], [ -6.249792, 56.986401 ], [ -6.249593, 56.988054 ], [ -6.249764, 56.988246 ], [ -6.25009, 56.988365 ], [ -6.250066, 56.988442 ], [ -6.249703, 56.988513 ], [ -6.249394, 56.988834 ], [ -6.249425, 56.989894 ], [ -6.249189, 56.990428 ], [ -6.249406, 56.990673 ], [ -6.249213, 56.99107 ], [ -6.2489, 56.992515 ], [ -6.24869, 56.992981 ], [ -6.247517, 56.993538 ], [ -6.247198, 56.994057 ], [ -6.246097, 56.994949 ], [ -6.245094, 56.995478 ], [ -6.244031, 56.995694 ], [ -6.243961, 56.99566 ], [ -6.24424, 56.995358 ], [ -6.243964, 56.995323 ], [ -6.243711, 56.995556 ], [ -6.243363, 56.995689 ], [ -6.243348, 56.995843 ], [ -6.243085, 56.995991 ], [ -6.243114, 56.996251 ], [ -6.242186, 56.997577 ], [ -6.242139, 56.998177 ], [ -6.241466, 56.998847 ], [ -6.24152, 56.999322 ], [ -6.241364, 56.999615 ], [ -6.240729, 57.000334 ], [ -6.240308, 57.000613 ], [ -6.240049, 57.000582 ], [ -6.239959, 57.000805 ], [ -6.239771, 57.000821 ], [ -6.239494, 57.001284 ], [ -6.239401, 57.001989 ], [ -6.238851, 57.002439 ], [ -6.238431, 57.002656 ], [ -6.238511, 57.002851 ], [ -6.238056, 57.003487 ], [ -6.238409, 57.003983 ], [ -6.238363, 57.004083 ], [ -6.238125, 57.004163 ], [ -6.237905, 57.004697 ], [ -6.238124, 57.005243 ], [ -6.238394, 57.005373 ], [ -6.238211, 57.005572 ], [ -6.238714, 57.006158 ], [ -6.238691, 57.006312 ], [ -6.238443, 57.00645 ], [ -6.238691, 57.006752 ], [ -6.23883, 57.006734 ], [ -6.23867, 57.006852 ], [ -6.239198, 57.006856 ], [ -6.239467, 57.006757 ], [ -6.240093, 57.007042 ], [ -6.239903, 57.007188 ], [ -6.239823, 57.007496 ], [ -6.239663, 57.007542 ], [ -6.239684, 57.007726 ], [ -6.240172, 57.007664 ], [ -6.240235, 57.007136 ], [ -6.24033, 57.007533 ], [ -6.240544, 57.007319 ], [ -6.24104, 57.007765 ], [ -6.241238, 57.008487 ], [ -6.241403, 57.008486 ], [ -6.241449, 57.00817 ], [ -6.241606, 57.008097 ], [ -6.241807, 57.008342 ], [ -6.242115, 57.008372 ], [ -6.242642, 57.009019 ], [ -6.24287, 57.008998 ], [ -6.242923, 57.00874 ], [ -6.243449, 57.008794 ], [ -6.243338, 57.008982 ], [ -6.243697, 57.009451 ], [ -6.243956, 57.009411 ], [ -6.244077, 57.009245 ], [ -6.243933, 57.009061 ], [ -6.244215, 57.009011 ], [ -6.244312, 57.009066 ], [ -6.244205, 57.009429 ], [ -6.244513, 57.009307 ], [ -6.244487, 57.009222 ], [ -6.244756, 57.009056 ], [ -6.245217, 57.009049 ], [ -6.245187, 57.008933 ], [ -6.24501, 57.008894 ], [ -6.24543, 57.008893 ], [ -6.245546, 57.009047 ], [ -6.245747, 57.009004 ], [ -6.245678, 57.009258 ], [ -6.245805, 57.009294 ], [ -6.246252, 57.00909 ], [ -6.246407, 57.009436 ], [ -6.247018, 57.009379 ], [ -6.247118, 57.009169 ], [ -6.247297, 57.009297 ], [ -6.248076, 57.009257 ], [ -6.247939, 57.009433 ], [ -6.248139, 57.009736 ], [ -6.24842, 57.009749 ], [ -6.248504, 57.009684 ], [ -6.248371, 57.009603 ], [ -6.248418, 57.009507 ], [ -6.24821, 57.009491 ], [ -6.248254, 57.009377 ], [ -6.248678, 57.009547 ], [ -6.248712, 57.009483 ], [ -6.249086, 57.009515 ], [ -6.249306, 57.009422 ], [ -6.249379, 57.009555 ], [ -6.249564, 57.009585 ], [ -6.249905, 57.009542 ], [ -6.249946, 57.009612 ], [ -6.250068, 57.009527 ], [ -6.250239, 57.009575 ], [ -6.250506, 57.009535 ], [ -6.250294, 57.009771 ], [ -6.250393, 57.009844 ], [ -6.250564, 57.009757 ], [ -6.250893, 57.009751 ], [ -6.251111, 57.009492 ], [ -6.25103, 57.009431 ], [ -6.251269, 57.00936 ], [ -6.251978, 57.009287 ], [ -6.251988, 57.009525 ], [ -6.251797, 57.009724 ], [ -6.25201, 57.009713 ], [ -6.25222, 57.009458 ], [ -6.252177, 57.009302 ], [ -6.252332, 57.009216 ], [ -6.252655, 57.009156 ], [ -6.252803, 57.009227 ], [ -6.253103, 57.009113 ], [ -6.253252, 57.009189 ], [ -6.253439, 57.009093 ], [ -6.253725, 57.009074 ], [ -6.254142, 57.009114 ], [ -6.254994, 57.009359 ], [ -6.256769, 57.009533 ], [ -6.256896, 57.009632 ], [ -6.2568, 57.009801 ], [ -6.256891, 57.009942 ], [ -6.25674, 57.010069 ], [ -6.257085, 57.009985 ], [ -6.257104, 57.010367 ], [ -6.257214, 57.01039 ], [ -6.257533, 57.010159 ], [ -6.25738, 57.009827 ], [ -6.258121, 57.010107 ], [ -6.258048, 57.010335 ], [ -6.258228, 57.010396 ], [ -6.258238, 57.010553 ], [ -6.258586, 57.010644 ], [ -6.258707, 57.010478 ], [ -6.258505, 57.010364 ], [ -6.258585, 57.010271 ], [ -6.258852, 57.010298 ], [ -6.258931, 57.010412 ], [ -6.258916, 57.010287 ], [ -6.259038, 57.010274 ], [ -6.259156, 57.010369 ], [ -6.259453, 57.010368 ], [ -6.259465, 57.010475 ], [ -6.259856, 57.010435 ], [ -6.260762, 57.010638 ], [ -6.261556, 57.010521 ], [ -6.26181, 57.010584 ], [ -6.261867, 57.010434 ], [ -6.262706, 57.010419 ], [ -6.263938, 57.010597 ], [ -6.264739, 57.010606 ], [ -6.264891, 57.010657 ], [ -6.264789, 57.01079 ], [ -6.264872, 57.010915 ], [ -6.2652, 57.010997 ], [ -6.265805, 57.010595 ], [ -6.265989, 57.010729 ], [ -6.266203, 57.01065 ], [ -6.266712, 57.010633 ], [ -6.26665, 57.010738 ], [ -6.267068, 57.010791 ], [ -6.267239, 57.010705 ], [ -6.267261, 57.010533 ], [ -6.267995, 57.010434 ], [ -6.268013, 57.009774 ], [ -6.268464, 57.009215 ], [ -6.268809, 57.00897 ], [ -6.270378, 57.009034 ], [ -6.271889, 57.009323 ], [ -6.272924, 57.009401 ], [ -6.2779, 57.010095 ], [ -6.278801, 57.009689 ], [ -6.279349, 57.010116 ], [ -6.280248, 57.010219 ], [ -6.281672, 57.010521 ], [ -6.287976, 57.012249 ], [ -6.28824, 57.012435 ], [ -6.28655, 57.013827 ], [ -6.287602, 57.014227 ], [ -6.286763, 57.015572 ], [ -6.288066, 57.016193 ], [ -6.289237, 57.01649 ], [ -6.289853, 57.017327 ], [ -6.291713, 57.017938 ], [ -6.292567, 57.018057 ], [ -6.294048, 57.018532 ], [ -6.294767, 57.018328 ], [ -6.294942, 57.018704 ], [ -6.296094, 57.019038 ], [ -6.296597, 57.019038 ], [ -6.298216, 57.019351 ], [ -6.301808, 57.019336 ], [ -6.305548, 57.019805 ], [ -6.305953, 57.019632 ], [ -6.305887, 57.019748 ], [ -6.303842, 57.020453 ], [ -6.301175, 57.020414 ], [ -6.298397, 57.020496 ], [ -6.296624, 57.020207 ], [ -6.293339, 57.020176 ], [ -6.286688, 57.019262 ], [ -6.286673, 57.019204 ], [ -6.284808, 57.01867 ], [ -6.284808, 57.018598 ], [ -6.283284, 57.018223 ], [ -6.283282, 57.01805 ], [ -6.279105, 57.017591 ], [ -6.277463, 57.018796 ], [ -6.273184, 57.019029 ], [ -6.268602, 57.018825 ], [ -6.268753, 57.017385 ], [ -6.2702, 57.016818 ], [ -6.270567, 57.016568 ], [ -6.270385, 57.016471 ], [ -6.269886, 57.016517 ], [ -6.269937, 57.016366 ], [ -6.269134, 57.01653 ], [ -6.269075, 57.016732 ], [ -6.26856, 57.016826 ], [ -6.268445, 57.016761 ], [ -6.268152, 57.016789 ], [ -6.267484, 57.017001 ], [ -6.264535, 57.016593 ], [ -6.263772, 57.016556 ], [ -6.260139, 57.016788 ], [ -6.258727, 57.017124 ], [ -6.257495, 57.017238 ], [ -6.257205, 57.017374 ], [ -6.256045, 57.017678 ], [ -6.255418, 57.017749 ], [ -6.255271, 57.017835 ], [ -6.254144, 57.017923 ], [ -6.253792, 57.018164 ], [ -6.253243, 57.018187 ], [ -6.252933, 57.018504 ], [ -6.252062, 57.018821 ], [ -6.251856, 57.018747 ], [ -6.251776, 57.018844 ], [ -6.250872, 57.019086 ], [ -6.250895, 57.019 ], [ -6.250647, 57.019067 ], [ -6.250663, 57.018986 ], [ -6.250464, 57.018903 ], [ -6.2503, 57.019061 ], [ -6.249719, 57.01931 ], [ -6.249607, 57.019269 ], [ -6.249169, 57.019477 ], [ -6.24897, 57.019466 ], [ -6.248779, 57.01967 ], [ -6.248239, 57.019702 ], [ -6.247895, 57.019867 ], [ -6.247804, 57.01987 ], [ -6.247823, 57.019743 ], [ -6.247241, 57.019916 ], [ -6.246883, 57.020247 ], [ -6.246587, 57.021341 ], [ -6.246594, 57.021399 ], [ -6.24672, 57.021346 ], [ -6.246801, 57.021842 ], [ -6.247238, 57.022344 ], [ -6.246962, 57.022313 ], [ -6.246879, 57.022383 ], [ -6.247152, 57.022824 ], [ -6.247279, 57.022851 ], [ -6.247403, 57.022779 ], [ -6.247519, 57.022861 ], [ -6.247585, 57.022787 ], [ -6.24764, 57.022834 ], [ -6.247867, 57.023591 ], [ -6.247989, 57.023578 ], [ -6.247947, 57.023714 ], [ -6.248303, 57.023801 ], [ -6.24826, 57.023933 ], [ -6.248468, 57.024016 ], [ -6.24857, 57.024264 ], [ -6.24841, 57.024454 ], [ -6.248543, 57.024463 ], [ -6.248686, 57.024336 ], [ -6.248766, 57.024464 ], [ -6.24896, 57.024431 ], [ -6.24876, 57.024703 ], [ -6.248384, 57.024652 ], [ -6.248479, 57.024982 ], [ -6.248626, 57.024901 ], [ -6.248694, 57.02506 ], [ -6.248578, 57.025199 ], [ -6.248779, 57.0253 ], [ -6.24856, 57.025397 ], [ -6.248337, 57.025396 ], [ -6.248371, 57.025548 ], [ -6.248587, 57.025707 ], [ -6.249552, 57.025998 ], [ -6.249904, 57.026413 ], [ -6.250009, 57.026895 ], [ -6.250099, 57.02682 ], [ -6.250982, 57.027622 ], [ -6.250724, 57.028319 ], [ -6.250776, 57.02856 ], [ -6.250924, 57.028622 ], [ -6.251004, 57.028966 ], [ -6.251398, 57.029096 ], [ -6.251454, 57.029436 ], [ -6.251721, 57.029607 ], [ -6.251639, 57.029686 ], [ -6.251744, 57.029957 ], [ -6.251994, 57.030191 ], [ -6.252206, 57.030175 ], [ -6.252362, 57.029949 ], [ -6.252432, 57.029983 ], [ -6.252613, 57.030341 ], [ -6.252849, 57.030459 ], [ -6.253136, 57.030449 ], [ -6.253288, 57.030547 ], [ -6.253226, 57.030869 ], [ -6.253633, 57.031044 ], [ -6.25413, 57.03149 ], [ -6.253694, 57.031505 ], [ -6.253499, 57.031597 ], [ -6.253501, 57.031907 ], [ -6.253674, 57.032189 ], [ -6.253834, 57.032152 ], [ -6.253903, 57.032392 ], [ -6.254038, 57.032347 ], [ -6.254075, 57.032454 ], [ -6.254212, 57.032422 ], [ -6.254248, 57.032808 ], [ -6.254635, 57.033307 ], [ -6.254864, 57.033439 ], [ -6.255091, 57.0334 ], [ -6.255129, 57.033587 ], [ -6.255312, 57.033532 ], [ -6.255436, 57.033608 ], [ -6.255625, 57.033525 ], [ -6.255677, 57.033766 ], [ -6.255821, 57.033726 ], [ -6.255876, 57.033773 ], [ -6.256203, 57.034252 ], [ -6.25639, 57.034156 ], [ -6.256871, 57.03418 ], [ -6.257179, 57.034493 ], [ -6.257387, 57.034441 ], [ -6.257632, 57.034559 ], [ -6.257898, 57.034577 ], [ -6.258527, 57.034888 ], [ -6.258741, 57.035605 ], [ -6.258678, 57.035993 ], [ -6.25888, 57.035811 ], [ -6.259012, 57.036171 ], [ -6.259197, 57.036124 ], [ -6.259131, 57.036347 ], [ -6.259335, 57.036398 ], [ -6.259492, 57.036254 ], [ -6.259482, 57.036596 ], [ -6.259674, 57.036616 ], [ -6.25969, 57.036687 ], [ -6.259444, 57.036844 ], [ -6.259834, 57.037006 ], [ -6.25972, 57.036875 ], [ -6.259854, 57.036893 ], [ -6.26, 57.037014 ], [ -6.259879, 57.037117 ], [ -6.260218, 57.037196 ], [ -6.260295, 57.037076 ], [ -6.260334, 57.037268 ], [ -6.260557, 57.037058 ], [ -6.260591, 57.03721 ], [ -6.260797, 57.037135 ], [ -6.26065, 57.037365 ], [ -6.261225, 57.037197 ], [ -6.261252, 57.037286 ], [ -6.261401, 57.037223 ], [ -6.261694, 57.03733 ], [ -6.261474, 57.037571 ], [ -6.261648, 57.037583 ], [ -6.261881, 57.037454 ], [ -6.261876, 57.037697 ], [ -6.262279, 57.037395 ], [ -6.263172, 57.037414 ], [ -6.263566, 57.037693 ], [ -6.263479, 57.037867 ], [ -6.263684, 57.038071 ], [ -6.263853, 57.037818 ], [ -6.264439, 57.037969 ], [ -6.264499, 57.038057 ], [ -6.26437, 57.038151 ], [ -6.264578, 57.038526 ], [ -6.264723, 57.038427 ], [ -6.264803, 57.038622 ], [ -6.264936, 57.038559 ], [ -6.265011, 57.038709 ], [ -6.265178, 57.038659 ], [ -6.265394, 57.038881 ], [ -6.266134, 57.038793 ], [ -6.266177, 57.039097 ], [ -6.266451, 57.039038 ], [ -6.26658, 57.039088 ], [ -6.266528, 57.039278 ], [ -6.266765, 57.039329 ], [ -6.266712, 57.039443 ], [ -6.266959, 57.039443 ], [ -6.266945, 57.039601 ], [ -6.267192, 57.039674 ], [ -6.267368, 57.039411 ], [ -6.267509, 57.039636 ], [ -6.267728, 57.039386 ], [ -6.268323, 57.039464 ], [ -6.268639, 57.039633 ], [ -6.268615, 57.039922 ], [ -6.268802, 57.039902 ], [ -6.26899, 57.039671 ], [ -6.269153, 57.040016 ], [ -6.269396, 57.039976 ], [ -6.26948, 57.040275 ], [ -6.269725, 57.040464 ], [ -6.269892, 57.040418 ], [ -6.270055, 57.040466 ], [ -6.270168, 57.040377 ], [ -6.270867, 57.040502 ], [ -6.270952, 57.040593 ], [ -6.271239, 57.040574 ], [ -6.271377, 57.040776 ], [ -6.271491, 57.040692 ], [ -6.271706, 57.040698 ], [ -6.272182, 57.040888 ], [ -6.272649, 57.040791 ], [ -6.272825, 57.040889 ], [ -6.273179, 57.040881 ], [ -6.273729, 57.040638 ], [ -6.274261, 57.040534 ], [ -6.274649, 57.040678 ], [ -6.275613, 57.040672 ], [ -6.276928, 57.040339 ], [ -6.277098, 57.040311 ], [ -6.277155, 57.040377 ], [ -6.277834, 57.04011 ], [ -6.278877, 57.039998 ], [ -6.27915, 57.040007 ], [ -6.279187, 57.040114 ], [ -6.279518, 57.04012 ], [ -6.279491, 57.040247 ], [ -6.279739, 57.040252 ], [ -6.279721, 57.040383 ], [ -6.280064, 57.040281 ], [ -6.280302, 57.040341 ], [ -6.28055, 57.040206 ], [ -6.281339, 57.040031 ], [ -6.282591, 57.040087 ], [ -6.282948, 57.040327 ], [ -6.283178, 57.04089 ], [ -6.283528, 57.040923 ], [ -6.284443, 57.04077 ], [ -6.285007, 57.040944 ], [ -6.284864, 57.041273 ], [ -6.285095, 57.041274 ], [ -6.285143, 57.041052 ], [ -6.285776, 57.041246 ], [ -6.285612, 57.041539 ], [ -6.285371, 57.041593 ], [ -6.285665, 57.041637 ], [ -6.285635, 57.041736 ], [ -6.285998, 57.041526 ], [ -6.28593, 57.041722 ], [ -6.286254, 57.041598 ], [ -6.286344, 57.04173 ], [ -6.286531, 57.041638 ], [ -6.287294, 57.041747 ], [ -6.287899, 57.042342 ], [ -6.28851, 57.042488 ], [ -6.288614, 57.042821 ], [ -6.288802, 57.042878 ], [ -6.288793, 57.04273 ], [ -6.288924, 57.042793 ], [ -6.289356, 57.042742 ], [ -6.289429, 57.043162 ], [ -6.289669, 57.043311 ], [ -6.290175, 57.043546 ], [ -6.291216, 57.043775 ], [ -6.291836, 57.044006 ], [ -6.291957, 57.044478 ], [ -6.291852, 57.044567 ], [ -6.292054, 57.044673 ], [ -6.291865, 57.044823 ], [ -6.29167, 57.044853 ], [ -6.291587, 57.045058 ], [ -6.291811, 57.04514 ], [ -6.291702, 57.045409 ], [ -6.291788, 57.045442 ], [ -6.29176, 57.045983 ], [ -6.291947, 57.04603 ], [ -6.292093, 57.0458 ], [ -6.292283, 57.046154 ], [ -6.292275, 57.046442 ], [ -6.292439, 57.046364 ], [ -6.29251, 57.04669 ], [ -6.29266, 57.046779 ], [ -6.292572, 57.047155 ], [ -6.292908, 57.047 ], [ -6.29292, 57.047382 ], [ -6.292791, 57.047409 ], [ -6.292899, 57.047702 ], [ -6.292575, 57.047902 ], [ -6.292565, 57.048095 ], [ -6.292327, 57.048396 ], [ -6.29261, 57.04884 ], [ -6.29295, 57.048856 ], [ -6.293277, 57.048975 ], [ -6.293379, 57.048859 ], [ -6.293512, 57.04894 ], [ -6.293694, 57.048871 ], [ -6.293658, 57.048989 ], [ -6.293829, 57.049037 ], [ -6.294431, 57.049039 ], [ -6.294549, 57.04899 ], [ -6.294408, 57.048842 ], [ -6.294595, 57.048745 ], [ -6.294282, 57.048747 ], [ -6.294703, 57.048674 ], [ -6.294943, 57.048823 ], [ -6.294807, 57.04908 ], [ -6.294973, 57.049159 ], [ -6.295082, 57.049097 ], [ -6.295278, 57.049153 ], [ -6.295676, 57.049032 ], [ -6.296056, 57.048605 ], [ -6.295908, 57.048893 ], [ -6.295976, 57.048981 ], [ -6.295746, 57.049133 ], [ -6.296122, 57.049106 ], [ -6.296238, 57.048891 ], [ -6.296023, 57.048894 ], [ -6.296064, 57.048744 ], [ -6.296278, 57.048813 ], [ -6.296376, 57.048729 ], [ -6.296481, 57.048788 ], [ -6.296946, 57.048736 ], [ -6.296742, 57.048829 ], [ -6.296941, 57.048912 ], [ -6.296828, 57.049073 ], [ -6.297159, 57.049084 ], [ -6.297067, 57.049002 ], [ -6.297339, 57.048997 ], [ -6.29716, 57.048949 ], [ -6.29724, 57.048852 ], [ -6.29749, 57.048736 ], [ -6.297634, 57.048767 ], [ -6.297608, 57.048471 ], [ -6.297893, 57.048295 ], [ -6.298946, 57.048267 ], [ -6.300755, 57.048358 ], [ -6.301086, 57.048441 ], [ -6.301191, 57.04877 ], [ -6.301409, 57.048803 ], [ -6.301856, 57.049103 ], [ -6.301587, 57.049629 ], [ -6.301847, 57.049881 ], [ -6.301975, 57.049706 ], [ -6.302154, 57.050109 ], [ -6.302315, 57.05 ], [ -6.302534, 57.050397 ], [ -6.302794, 57.050505 ], [ -6.30317, 57.050546 ], [ -6.303005, 57.050259 ], [ -6.303387, 57.05021 ], [ -6.303581, 57.0501 ], [ -6.304165, 57.050372 ], [ -6.304776, 57.049946 ], [ -6.30575, 57.050025 ], [ -6.306842, 57.05033 ], [ -6.306981, 57.050397 ], [ -6.306885, 57.050557 ], [ -6.307031, 57.050899 ], [ -6.307462, 57.051127 ], [ -6.308268, 57.05203 ], [ -6.308433, 57.052096 ], [ -6.308509, 57.052395 ], [ -6.30874, 57.052535 ], [ -6.308672, 57.052803 ], [ -6.308258, 57.052938 ], [ -6.308257, 57.053069 ], [ -6.308005, 57.053104 ], [ -6.307992, 57.053208 ], [ -6.308125, 57.053352 ], [ -6.308449, 57.053449 ], [ -6.30853, 57.053293 ], [ -6.308788, 57.053307 ], [ -6.309371, 57.053853 ], [ -6.309358, 57.054951 ], [ -6.309157, 57.055205 ], [ -6.309314, 57.05542 ], [ -6.309628, 57.055144 ], [ -6.309455, 57.055433 ], [ -6.309635, 57.055562 ], [ -6.309778, 57.055508 ], [ -6.309931, 57.055547 ], [ -6.309839, 57.055681 ], [ -6.309949, 57.055843 ], [ -6.310116, 57.055865 ], [ -6.310256, 57.055792 ], [ -6.310676, 57.055922 ], [ -6.31122, 57.055206 ], [ -6.311518, 57.055362 ], [ -6.311702, 57.055234 ], [ -6.311735, 57.055382 ], [ -6.311882, 57.055219 ], [ -6.312052, 57.055339 ], [ -6.312218, 57.055208 ], [ -6.312329, 57.055303 ], [ -6.312546, 57.055259 ], [ -6.312826, 57.055326 ], [ -6.312886, 57.055203 ], [ -6.313502, 57.055028 ], [ -6.313635, 57.054902 ], [ -6.314759, 57.054625 ], [ -6.316201, 57.054683 ], [ -6.31733, 57.055094 ], [ -6.317883, 57.055664 ], [ -6.318111, 57.055706 ], [ -6.31822, 57.055648 ], [ -6.318619, 57.055747 ], [ -6.319232, 57.056054 ], [ -6.319383, 57.056426 ], [ -6.319299, 57.056695 ], [ -6.31915, 57.056906 ], [ -6.318882, 57.056947 ], [ -6.318887, 57.057127 ], [ -6.31891, 57.057185 ], [ -6.319196, 57.057157 ], [ -6.319177, 57.057279 ], [ -6.319364, 57.057331 ], [ -6.319357, 57.057412 ], [ -6.319626, 57.05738 ], [ -6.319404, 57.057172 ], [ -6.31963, 57.057277 ], [ -6.319764, 57.057151 ], [ -6.320227, 57.057157 ], [ -6.320202, 57.057082 ], [ -6.320529, 57.056917 ], [ -6.32055, 57.057096 ], [ -6.32073, 57.057081 ], [ -6.320725, 57.056969 ], [ -6.320847, 57.057019 ], [ -6.320939, 57.05689 ], [ -6.321257, 57.056933 ], [ -6.323758, 57.056648 ], [ -6.325135, 57.056776 ], [ -6.325785, 57.057257 ], [ -6.326139, 57.057677 ], [ -6.325519, 57.058521 ], [ -6.325558, 57.058709 ], [ -6.325975, 57.058959 ], [ -6.325948, 57.059226 ], [ -6.326654, 57.059336 ], [ -6.326948, 57.059587 ], [ -6.327153, 57.059575 ], [ -6.327422, 57.059764 ], [ -6.328064, 57.059822 ], [ -6.328563, 57.05999 ], [ -6.32912, 57.060595 ], [ -6.329557, 57.060661 ], [ -6.329694, 57.061311 ], [ -6.330107, 57.061346 ] ] ] ] } },
{ "type": "Feature", "properties": { "NAME": "Rum" }, "geometry": { "type": "MultiPolygon", "coordinates": [ [ [ [ -6.412006, 57.0297 ], [ -6.41211, 57.029818 ], [ -6.412279, 57.02978 ], [ -6.412224, 57.029661 ], [ -6.412006, 57.0297 ] ] ] ] } },
{ "type": "Feature", "properties": { "NAME": "Rum" }, "geometry": { "type": "MultiPolygon", "coordinates": [ [ [ [ -6.329165, 57.061147 ], [ -6.329301, 57.061133 ], [ -6.329145, 57.06095 ], [ -6.329165, 57.061147 ] ] ] ] } },
{ "type": "Feature", "properties": { "NAME": "Rum" }, "geometry": { "type": "MultiPolygon", "coordinates": [ [ [ [ -6.330626, 57.061038 ], [ -6.330501, 57.061001 ], [ -6.330354, 57.061055 ], [ -6.330591, 57.061158 ], [ -6.330626, 57.061038 ] ] ] ] } },
{ "type": "Feature", "properties": { "NAME": "Rum" }, "geometry": { "type": "MultiPolygon", "coordinates": [ [ [ [ -6.453302, 57.010728 ], [ -6.453674, 57.010665 ], [ -6.453861, 57.010371 ], [ -6.453789, 57.010247 ], [ -6.452983, 57.010537 ], [ -6.453302, 57.010728 ] ] ] ] } },
{ "type": "Feature", "properties": { "NAME": "Rum" }, "geometry": { "type": "MultiPolygon", "coordinates": [ [ [ [ -6.254654, 57.017838 ], [ -6.25483, 57.017652 ], [ -6.254255, 57.017667 ], [ -6.254077, 57.017844 ], [ -6.254654, 57.017838 ] ] ] ] } },
{ "type": "Feature", "properties": { "NAME": "Rum" }, "geometry": { "type": "MultiPolygon", "coordinates": [ [ [ [ -6.25276, 57.018222 ], [ -6.252815, 57.018341 ], [ -6.253636, 57.017805 ], [ -6.253372, 57.017954 ], [ -6.253282, 57.017885 ], [ -6.253037, 57.017979 ], [ -6.253067, 57.017879 ], [ -6.252889, 57.017907 ], [ -6.252545, 57.018216 ], [ -6.25276, 57.018222 ] ] ] ] } },
{ "type": "Feature", "properties": { "NAME": "Rum" }, "geometry": { "type": "MultiPolygon", "coordinates": [ [ [ [ -6.280483, 57.017747 ], [ -6.280478, 57.017762 ], [ -6.280721, 57.017774 ], [ -6.280483, 57.017747 ] ] ] ] } },
{ "type": "Feature", "properties": { "NAME": "Rum" }, "geometry": { "type": "MultiPolygon", "coordinates": [ [ [ [ -6.249527, 57.019146 ], [ -6.249779, 57.019191 ], [ -6.250063, 57.019006 ], [ -6.249896, 57.018913 ], [ -6.249592, 57.018919 ], [ -6.249527, 57.019146 ] ] ] ] } },
{ "type": "Feature", "properties": { "NAME": "Rum" }, "geometry": { "type": "MultiPolygon", "coordinates": [ [ [ [ -6.248403, 57.019557 ], [ -6.248274, 57.019656 ], [ -6.248302, 57.019677 ], [ -6.24861, 57.019559 ], [ -6.248403, 57.019557 ] ] ] ] } },
{ "type": "Feature", "properties": { "NAME": "Rum" }, "geometry": { "type": "MultiPolygon", "coordinates": [ [ [ [ -6.248169, 57.019385 ], [ -6.247675, 57.019681 ], [ -6.24765, 57.019749 ], [ -6.247907, 57.019686 ], [ -6.248169, 57.019385 ] ] ] ] } },
{ "type": "Feature", "properties": { "NAME": "Rum" }, "geometry": { "type": "MultiPolygon", "coordinates": [ [ [ [ -6.437276, 57.01969 ], [ -6.437383, 57.019897 ], [ -6.437608, 57.019916 ], [ -6.437644, 57.019807 ], [ -6.437412, 57.019662 ], [ -6.437276, 57.01969 ] ] ] ] } },
{ "type": "Feature", "properties": { "NAME": "Clyde Valley Woodlands" }, "geometry": { "type": "MultiPolygon", "coordinates": [ [ [ [ -3.773791, 55.647413 ], [ -3.77502, 55.646815 ], [ -3.77599, 55.647351 ], [ -3.775697, 55.648774 ], [ -3.776389, 55.650616 ], [ -3.774822, 55.652199 ], [ -3.773945, 55.652044 ], [ -3.774019, 55.652695 ], [ -3.773839, 55.652931 ], [ -3.773824, 55.653469 ], [ -3.773481, 55.653527 ], [ -3.773297, 55.653689 ], [ -3.773268, 55.65397 ], [ -3.771236, 55.654031 ], [ -3.769116, 55.654314 ], [ -3.766536, 55.65363 ], [ -3.7656, 55.655601 ], [ -3.770996, 55.656118 ], [ -3.771239, 55.656585 ], [ -3.77245, 55.656897 ], [ -3.772637, 55.657163 ], [ -3.773241, 55.657483 ], [ -3.773343, 55.657716 ], [ -3.773592, 55.657858 ], [ -3.776194, 55.658208 ], [ -3.777365, 55.658569 ], [ -3.777453, 55.658801 ], [ -3.778288, 55.659381 ], [ -3.779673, 55.66005 ], [ -3.779904, 55.6608 ], [ -3.779833, 55.661003 ], [ -3.780757, 55.661052 ], [ -3.780721, 55.65994 ], [ -3.780375, 55.659426 ], [ -3.779721, 55.659079 ], [ -3.777502, 55.657426 ], [ -3.776093, 55.656125 ], [ -3.775746, 55.655189 ], [ -3.775117, 55.654163 ], [ -3.775111, 55.653657 ], [ -3.775228, 55.653577 ], [ -3.776039, 55.653512 ], [ -3.777646, 55.653095 ], [ -3.778118, 55.653148 ], [ -3.778295, 55.652899 ], [ -3.778399, 55.652281 ], [ -3.77814, 55.651484 ], [ -3.777812, 55.651048 ], [ -3.777842, 55.650381 ], [ -3.777546, 55.64928 ], [ -3.777381, 55.648962 ], [ -3.77686, 55.648757 ], [ -3.776757, 55.648629 ], [ -3.776724, 55.648061 ], [ -3.776433, 55.64727 ], [ -3.776183, 55.647033 ], [ -3.775986, 55.646378 ], [ -3.77566, 55.646194 ], [ -3.775309, 55.646182 ], [ -3.773125, 55.647105 ], [ -3.772431, 55.647219 ], [ -3.771019, 55.646912 ], [ -3.769952, 55.646394 ], [ -3.769126, 55.646123 ], [ -3.768636, 55.646052 ], [ -3.766832, 55.646018 ], [ -3.766227, 55.645911 ], [ -3.765693, 55.645698 ], [ -3.765349, 55.646586 ], [ -3.770054, 55.647851 ], [ -3.772963, 55.648336 ], [ -3.773791, 55.647413 ] ] ] ] } },
{ "type": "Feature", "properties": { "NAME": "Clyde Valley Woodlands" }, "geometry": { "type": "MultiPolygon", "coordinates": [ [ [ [ -3.876095, 55.699749 ], [ -3.875853, 55.699827 ], [ -3.875438, 55.700179 ], [ -3.875308, 55.700454 ], [ -3.87482, 55.70095 ], [ -3.874726, 55.701274 ], [ -3.874224, 55.701703 ], [ -3.875307, 55.701866 ], [ -3.876422, 55.700917 ], [ -3.878372, 55.699783 ], [ -3.880258, 55.69896 ], [ -3.881498, 55.699116 ], [ -3.884197, 55.698607 ], [ -3.885381, 55.697772 ], [ -3.885574, 55.697325 ], [ -3.886184, 55.69729 ], [ -3.886267, 55.697108 ], [ -3.885293, 55.696609 ], [ -3.884501, 55.696693 ], [ -3.884765, 55.697083 ], [ -3.88466, 55.69754 ], [ -3.88436, 55.697724 ], [ -3.8822, 55.698331 ], [ -3.880416, 55.698375 ], [ -3.879014, 55.698575 ], [ -3.878695, 55.698669 ], [ -3.878456, 55.699057 ], [ -3.877781, 55.69944 ], [ -3.876757, 55.699719 ], [ -3.876095, 55.699749 ] ] ] ] } },
{ "type": "Feature", "properties": { "NAME": "Clyde Valley Woodlands" }, "geometry": { "type": "MultiPolygon", "coordinates": [ [ [ [ -3.876366, 55.698222 ], [ -3.877178, 55.698243 ], [ -3.87717, 55.698379 ], [ -3.877909, 55.698349 ], [ -3.877977, 55.698137 ], [ -3.878143, 55.698028 ], [ -3.878441, 55.698022 ], [ -3.878565, 55.698206 ], [ -3.878804, 55.698189 ], [ -3.879067, 55.698147 ], [ -3.87961, 55.697889 ], [ -3.880708, 55.698013 ], [ -3.8824, 55.697823 ], [ -3.88298, 55.697883 ], [ -3.884444, 55.697463 ], [ -3.884477, 55.697112 ], [ -3.883838, 55.696489 ], [ -3.883451, 55.695603 ], [ -3.883597, 55.695427 ], [ -3.883879, 55.695326 ], [ -3.884373, 55.695275 ], [ -3.885165, 55.695375 ], [ -3.885307, 55.695291 ], [ -3.884855, 55.694707 ], [ -3.884966, 55.693546 ], [ -3.883867, 55.692975 ], [ -3.883361, 55.692985 ], [ -3.883255, 55.692464 ], [ -3.882504, 55.692713 ], [ -3.882223, 55.692948 ], [ -3.881026, 55.692923 ], [ -3.882249, 55.693622 ], [ -3.882632, 55.693519 ], [ -3.882706, 55.693565 ], [ -3.883523, 55.694635 ], [ -3.883592, 55.694873 ], [ -3.882979, 55.69487 ], [ -3.882953, 55.695062 ], [ -3.882737, 55.695173 ], [ -3.882735, 55.695594 ], [ -3.882835, 55.695616 ], [ -3.882532, 55.696109 ], [ -3.88323, 55.697019 ], [ -3.883118, 55.697064 ], [ -3.882542, 55.696884 ], [ -3.88161, 55.69695 ], [ -3.880458, 55.697206 ], [ -3.879292, 55.69714 ], [ -3.878794, 55.696969 ], [ -3.878614, 55.696976 ], [ -3.877655, 55.697247 ], [ -3.877607, 55.697516 ], [ -3.877046, 55.697676 ], [ -3.876487, 55.697679 ], [ -3.875975, 55.697847 ], [ -3.875483, 55.6981 ], [ -3.875214, 55.698367 ], [ -3.876366, 55.698222 ] ] ] ] } },
{ "type": "Feature", "properties": { "NAME": "Rum" }, "geometry": { "type": "MultiPolygon", "coordinates": [ [ [ [ -6.407034, 57.033185 ], [ -6.407094, 57.033134 ], [ -6.40695, 57.033107 ], [ -6.407034, 57.033185 ] ] ] ] } },
{ "type": "Feature", "properties": { "NAME": "Rum" }, "geometry": { "type": "MultiPolygon", "coordinates": [ [ [ [ -6.406934, 57.033319 ], [ -6.407021, 57.033289 ], [ -6.406993, 57.033259 ], [ -6.406934, 57.033319 ] ] ] ] } },
{ "type": "Feature", "properties": { "NAME": "Rum" }, "geometry": { "type": "MultiPolygon", "coordinates": [ [ [ [ -6.406861, 57.03347 ], [ -6.406768, 57.03359 ], [ -6.406828, 57.033611 ], [ -6.407027, 57.033473 ], [ -6.406861, 57.03347 ] ] ] ] } },
{ "type": "Feature", "properties": { "NAME": "Rum" }, "geometry": { "type": "MultiPolygon", "coordinates": [ [ [ [ -6.292277, 57.047534 ], [ -6.292247, 57.047634 ], [ -6.2923, 57.047659 ], [ -6.292374, 57.047585 ], [ -6.292277, 57.047534 ] ] ] ] } },
{ "type": "Feature", "properties": { "NAME": "Rum" }, "geometry": { "type": "MultiPolygon", "coordinates": [ [ [ [ -6.301384, 57.049087 ], [ -6.301415, 57.049145 ], [ -6.301518, 57.049101 ], [ -6.301499, 57.049079 ], [ -6.301384, 57.049087 ] ] ] ] } },
{ "type": "Feature", "properties": { "NAME": "Rum" }, "geometry": { "type": "MultiPolygon", "coordinates": [ [ [ [ -6.301609, 57.049039 ], [ -6.301634, 57.049182 ], [ -6.301668, 57.04919 ], [ -6.301725, 57.049035 ], [ -6.301609, 57.049039 ] ] ] ] } },
{ "type": "Feature", "properties": { "NAME": "Rum" }, "geometry": { "type": "MultiPolygon", "coordinates": [ [ [ [ -6.306932, 57.050965 ], [ -6.306964, 57.051031 ], [ -6.307032, 57.051047 ], [ -6.307066, 57.050987 ], [ -6.306932, 57.050965 ] ] ] ] } },
{ "type": "Feature", "properties": { "NAME": "Rum" }, "geometry": { "type": "MultiPolygon", "coordinates": [ [ [ [ -6.306564, 57.05114 ], [ -6.306591, 57.051157 ], [ -6.306636, 57.051115 ], [ -6.306564, 57.05114 ] ] ] ] } },
{ "type": "Feature", "properties": { "NAME": "Rum" }, "geometry": { "type": "MultiPolygon", "coordinates": [ [ [ [ -6.306854, 57.051219 ], [ -6.306879, 57.051219 ], [ -6.306895, 57.051146 ], [ -6.306854, 57.051219 ] ] ] ] } },
{ "type": "Feature", "properties": { "NAME": "Rum" }, "geometry": { "type": "MultiPolygon", "coordinates": [ [ [ [ -6.307071, 57.051172 ], [ -6.307153, 57.051236 ], [ -6.307178, 57.051168 ], [ -6.307071, 57.051172 ] ] ] ] } },
{ "type": "Feature", "properties": { "NAME": "Rum" }, "geometry": { "type": "MultiPolygon", "coordinates": [ [ [ [ -6.306681, 57.051288 ], [ -6.306714, 57.051296 ], [ -6.306748, 57.051232 ], [ -6.306681, 57.051288 ] ] ] ] } },
{ "type": "Feature", "properties": { "NAME": "Rum" }, "geometry": { "type": "MultiPolygon", "coordinates": [ [ [ [ -6.308644, 57.054346 ], [ -6.308563, 57.054497 ], [ -6.308616, 57.05481 ], [ -6.308738, 57.054374 ], [ -6.308644, 57.054346 ] ] ] ] } },
{ "type": "Feature", "properties": { "NAME": "Rum" }, "geometry": { "type": "MultiPolygon", "coordinates": [ [ [ [ -6.308971, 57.054744 ], [ -6.308938, 57.054813 ], [ -6.308958, 57.054848 ], [ -6.309057, 57.054772 ], [ -6.308971, 57.054744 ] ] ] ] } },
{ "type": "Feature", "properties": { "NAME": "Rum" }, "geometry": { "type": "MultiPolygon", "coordinates": [ [ [ [ -6.359313, 57.053296 ], [ -6.359412, 57.053292 ], [ -6.359417, 57.05327 ], [ -6.359313, 57.053296 ] ] ] ] } },
{ "type": "Feature", "properties": { "NAME": "Rum" }, "geometry": { "type": "MultiPolygon", "coordinates": [ [ [ [ -6.308841, 57.055113 ], [ -6.30887, 57.054936 ], [ -6.308704, 57.054861 ], [ -6.308841, 57.055113 ] ] ] ] } },
{ "type": "Feature", "properties": { "NAME": "Rum" }, "geometry": { "type": "MultiPolygon", "coordinates": [ [ [ [ -6.359356, 57.053524 ], [ -6.359341, 57.053601 ], [ -6.359553, 57.05358 ], [ -6.359541, 57.053549 ], [ -6.359356, 57.053524 ] ] ] ] } },
{ "type": "Feature", "properties": { "NAME": "Rum" }, "geometry": { "type": "MultiPolygon", "coordinates": [ [ [ [ -6.363173, 57.053696 ], [ -6.363277, 57.05367 ], [ -6.363183, 57.053647 ], [ -6.363173, 57.053696 ] ] ] ] } },
{ "type": "Feature", "properties": { "NAME": "Rum" }, "geometry": { "type": "MultiPolygon", "coordinates": [ [ [ [ -6.370009, 57.053372 ], [ -6.369902, 57.053448 ], [ -6.370061, 57.053537 ], [ -6.370097, 57.053491 ], [ -6.370009, 57.053372 ] ] ] ] } },
{ "type": "Feature", "properties": { "NAME": "Rum" }, "geometry": { "type": "MultiPolygon", "coordinates": [ [ [ [ -6.311792, 57.055658 ], [ -6.312138, 57.055435 ], [ -6.312037, 57.055425 ], [ -6.311792, 57.055658 ] ] ] ] } },
{ "type": "Feature", "properties": { "NAME": "Rum" }, "geometry": { "type": "MultiPolygon", "coordinates": [ [ [ [ -6.312403, 57.055655 ], [ -6.312571, 57.055686 ], [ -6.312609, 57.055585 ], [ -6.312837, 57.055631 ], [ -6.31258, 57.055406 ], [ -6.31245, 57.055424 ], [ -6.312403, 57.055655 ] ] ] ] } },
{ "type": "Feature", "properties": { "NAME": "Rum" }, "geometry": { "type": "MultiPolygon", "coordinates": [ [ [ [ -6.317014, 57.055501 ], [ -6.317061, 57.055553 ], [ -6.317103, 57.055417 ], [ -6.317014, 57.055501 ] ] ] ] } },
{ "type": "Feature", "properties": { "NAME": "Rum" }, "geometry": { "type": "MultiPolygon", "coordinates": [ [ [ [ -6.311933, 57.05573 ], [ -6.311985, 57.055755 ], [ -6.312083, 57.055675 ], [ -6.311933, 57.05573 ] ] ] ] } },
{ "type": "Feature", "properties": { "NAME": "Rum" }, "geometry": { "type": "MultiPolygon", "coordinates": [ [ [ [ -6.312255, 57.055665 ], [ -6.312214, 57.055738 ], [ -6.312251, 57.055773 ], [ -6.312333, 57.055698 ], [ -6.312255, 57.055665 ] ] ] ] } },
{ "type": "Feature", "properties": { "NAME": "Rum" }, "geometry": { "type": "MultiPolygon", "coordinates": [ [ [ [ -6.316962, 57.05562 ], [ -6.316972, 57.055705 ], [ -6.316998, 57.055717 ], [ -6.317062, 57.05563 ], [ -6.316962, 57.05562 ] ] ] ] } },
{ "type": "Feature", "properties": { "NAME": "Rum" }, "geometry": { "type": "MultiPolygon", "coordinates": [ [ [ [ -6.349368, 57.054272 ], [ -6.349372, 57.054514 ], [ -6.349754, 57.054605 ], [ -6.349635, 57.054433 ], [ -6.349731, 57.05434 ], [ -6.349368, 57.054272 ] ] ] ] } },
{ "type": "Feature", "properties": { "NAME": "Rum" }, "geometry": { "type": "MultiPolygon", "coordinates": [ [ [ [ -6.311856, 57.055782 ], [ -6.311884, 57.055952 ], [ -6.311987, 57.055985 ], [ -6.312013, 57.055853 ], [ -6.311856, 57.055782 ] ] ] ] } },
{ "type": "Feature", "properties": { "NAME": "Rum" }, "geometry": { "type": "MultiPolygon", "coordinates": [ [ [ [ -6.317957, 57.055805 ], [ -6.318007, 57.055808 ], [ -6.317993, 57.055759 ], [ -6.317957, 57.055805 ] ] ] ] } },
{ "type": "Feature", "properties": { "NAME": "Rum" }, "geometry": { "type": "MultiPolygon", "coordinates": [ [ [ [ -6.384044, 56.973159 ], [ -6.38411, 56.973156 ], [ -6.384056, 56.973118 ], [ -6.384044, 56.973159 ] ] ] ] } },
{ "type": "Feature", "properties": { "NAME": "Rum" }, "geometry": { "type": "MultiPolygon", "coordinates": [ [ [ [ -6.38368, 56.973207 ], [ -6.383798, 56.973307 ], [ -6.383911, 56.973285 ], [ -6.383881, 56.973241 ], [ -6.38368, 56.973207 ] ] ] ] } },
{ "type": "Feature", "properties": { "NAME": "Rum" }, "geometry": { "type": "MultiPolygon", "coordinates": [ [ [ [ -6.383338, 56.973386 ], [ -6.383436, 56.973373 ], [ -6.383322, 56.973314 ], [ -6.383338, 56.973386 ] ] ] ] } },
{ "type": "Feature", "properties": { "NAME": "Rum" }, "geometry": { "type": "MultiPolygon", "coordinates": [ [ [ [ -6.384276, 56.973236 ], [ -6.384258, 56.973295 ], [ -6.384408, 56.973375 ], [ -6.384449, 56.973306 ], [ -6.384276, 56.973236 ] ] ] ] } },
{ "type": "Feature", "properties": { "NAME": "Rum" }, "geometry": { "type": "MultiPolygon", "coordinates": [ [ [ [ -6.383049, 56.97345 ], [ -6.383178, 56.97349 ], [ -6.383259, 56.973483 ], [ -6.383128, 56.97342 ], [ -6.383049, 56.97345 ] ] ] ] } },
{ "type": "Feature", "properties": { "NAME": "Rum" }, "geometry": { "type": "MultiPolygon", "coordinates": [ [ [ [ -6.381381, 56.973967 ], [ -6.381505, 56.9739 ], [ -6.38128, 56.973876 ], [ -6.381381, 56.973967 ] ] ] ] } },
{ "type": "Feature", "properties": { "NAME": "Rum" }, "geometry": { "type": "MultiPolygon", "coordinates": [ [ [ [ -6.390851, 56.974179 ], [ -6.39128, 56.974119 ], [ -6.391013, 56.973804 ], [ -6.390758, 56.973669 ], [ -6.391047, 56.97347 ], [ -6.390423, 56.973551 ], [ -6.39063, 56.97335 ], [ -6.390412, 56.97325 ], [ -6.390329, 56.97345 ], [ -6.390056, 56.973653 ], [ -6.390077, 56.973833 ], [ -6.390475, 56.973783 ], [ -6.39062, 56.974038 ], [ -6.390851, 56.974179 ] ] ] ] } },
{ "type": "Feature", "properties": { "NAME": "Rum" }, "geometry": { "type": "MultiPolygon", "coordinates": [ [ [ [ -6.395232, 56.974249 ], [ -6.395246, 56.974159 ], [ -6.395025, 56.974243 ], [ -6.395232, 56.974249 ] ] ] ] } },
{ "type": "Feature", "properties": { "NAME": "Rum" }, "geometry": { "type": "MultiPolygon", "coordinates": [ [ [ [ -6.394192, 56.974232 ], [ -6.393993, 56.974288 ], [ -6.393986, 56.974442 ], [ -6.394391, 56.974378 ], [ -6.39438, 56.974284 ], [ -6.394192, 56.974232 ] ] ] ] } },
{ "type": "Feature", "properties": { "NAME": "Rum" }, "geometry": { "type": "MultiPolygon", "coordinates": [ [ [ [ -6.249394, 56.979449 ], [ -6.249205, 56.979528 ], [ -6.249139, 56.979674 ], [ -6.2495, 56.979513 ], [ -6.249394, 56.979449 ] ] ] ] } },
{ "type": "Feature", "properties": { "NAME": "Rum" }, "geometry": { "type": "MultiPolygon", "coordinates": [ [ [ [ -6.394506, 56.97445 ], [ -6.394785, 56.974652 ], [ -6.394975, 56.974726 ], [ -6.395162, 56.974706 ], [ -6.394751, 56.974361 ], [ -6.394572, 56.974309 ], [ -6.394506, 56.97445 ] ] ] ] } },
{ "type": "Feature", "properties": { "NAME": "Rum" }, "geometry": { "type": "MultiPolygon", "coordinates": [ [ [ [ -6.395784, 56.975021 ], [ -6.395845, 56.975114 ], [ -6.395993, 56.975117 ], [ -6.395876, 56.975032 ], [ -6.395784, 56.975021 ] ] ] ] } },
{ "type": "Feature", "properties": { "NAME": "Rum" }, "geometry": { "type": "MultiPolygon", "coordinates": [ [ [ [ -6.249116, 56.98012 ], [ -6.249298, 56.980338 ], [ -6.249494, 56.980107 ], [ -6.249459, 56.979946 ], [ -6.249116, 56.98012 ] ] ] ] } },
{ "type": "Feature", "properties": { "NAME": "Clyde Valley Woodlands" }, "geometry": { "type": "MultiPolygon", "coordinates": [ [ [ [ -3.912684, 55.741649 ], [ -3.91366, 55.742005 ], [ -3.914596, 55.7421 ], [ -3.915152, 55.740929 ], [ -3.916137, 55.740262 ], [ -3.916198, 55.740043 ], [ -3.915792, 55.739167 ], [ -3.914993, 55.738684 ], [ -3.914023, 55.739257 ], [ -3.912352, 55.739749 ], [ -3.911593, 55.739744 ], [ -3.909964, 55.739418 ], [ -3.908736, 55.740847 ], [ -3.908587, 55.741194 ], [ -3.909791, 55.741646 ], [ -3.912291, 55.741603 ], [ -3.912684, 55.741649 ] ] ] ] } },
{ "type": "Feature", "properties": { "NAME": "Clyde Valley Woodlands" }, "geometry": { "type": "MultiPolygon", "coordinates": [ [ [ [ -4.038781, 55.751973 ], [ -4.039237, 55.751649 ], [ -4.042417, 55.751223 ], [ -4.044192, 55.750708 ], [ -4.044767, 55.750347 ], [ -4.044449, 55.750168 ], [ -4.044305, 55.750226 ], [ -4.04424, 55.750415 ], [ -4.043765, 55.75046 ], [ -4.043158, 55.750743 ], [ -4.041585, 55.751127 ], [ -4.040401, 55.751019 ], [ -4.039801, 55.750812 ], [ -4.038622, 55.750897 ], [ -4.037946, 55.751153 ], [ -4.037869, 55.751121 ], [ -4.037794, 55.751245 ], [ -4.037055, 55.750855 ], [ -4.036879, 55.750997 ], [ -4.036066, 55.750708 ], [ -4.035705, 55.751295 ], [ -4.033501, 55.752992 ], [ -4.033333, 55.753037 ], [ -4.032643, 55.754595 ], [ -4.032539, 55.755509 ], [ -4.03278, 55.755704 ], [ -4.033189, 55.757415 ], [ -4.033952, 55.758427 ], [ -4.033021, 55.76 ], [ -4.032667, 55.760203 ], [ -4.032447, 55.760222 ], [ -4.031811, 55.76002 ], [ -4.031497, 55.760084 ], [ -4.031093, 55.760314 ], [ -4.030049, 55.761236 ], [ -4.03004, 55.761466 ], [ -4.030539, 55.762141 ], [ -4.030797, 55.762709 ], [ -4.030805, 55.762839 ], [ -4.030541, 55.763019 ], [ -4.030151, 55.76315 ], [ -4.028995, 55.762991 ], [ -4.028396, 55.7631 ], [ -4.027937, 55.763046 ], [ -4.026383, 55.761606 ], [ -4.027754, 55.760207 ], [ -4.027567, 55.760088 ], [ -4.027648, 55.759987 ], [ -4.027575, 55.759279 ], [ -4.026868, 55.759124 ], [ -4.023881, 55.759739 ], [ -4.023811, 55.759894 ], [ -4.024131, 55.760566 ], [ -4.023791, 55.761197 ], [ -4.022234, 55.760743 ], [ -4.02021, 55.760283 ], [ -4.018835, 55.759768 ], [ -4.018178, 55.759123 ], [ -4.018136, 55.758894 ], [ -4.01837, 55.75878 ], [ -4.01896, 55.758768 ], [ -4.019843, 55.758402 ], [ -4.019511, 55.758099 ], [ -4.01833, 55.757427 ], [ -4.018422, 55.757204 ], [ -4.018786, 55.756892 ], [ -4.018332, 55.756584 ], [ -4.018174, 55.754893 ], [ -4.019196, 55.753149 ], [ -4.018863, 55.752922 ], [ -4.017668, 55.752385 ], [ -4.016376, 55.751624 ], [ -4.015732, 55.751146 ], [ -4.01546, 55.750806 ], [ -4.015008, 55.750729 ], [ -4.015107, 55.75058 ], [ -4.015036, 55.750494 ], [ -4.014265, 55.750726 ], [ -4.011626, 55.749416 ], [ -4.010709, 55.749355 ], [ -4.010159, 55.74918 ], [ -4.011487, 55.748292 ], [ -4.011301, 55.747969 ], [ -4.011335, 55.747767 ], [ -4.0084, 55.747109 ], [ -4.007814, 55.74687 ], [ -4.006697, 55.746729 ], [ -4.006048, 55.745975 ], [ -4.005643, 55.745788 ], [ -4.004846, 55.745676 ], [ -4.004685, 55.745571 ], [ -4.004357, 55.745204 ], [ -4.004286, 55.744554 ], [ -4.004127, 55.744408 ], [ -4.003893, 55.744386 ], [ -4.003508, 55.744577 ], [ -4.003184, 55.744573 ], [ -4.002534, 55.744343 ], [ -4.002048, 55.744268 ], [ -4.001403, 55.744281 ], [ -4.001236, 55.744124 ], [ -4.001403, 55.743854 ], [ -4.001391, 55.743558 ], [ -4.001018, 55.742725 ], [ -4.000299, 55.742236 ], [ -3.999958, 55.741454 ], [ -3.999381, 55.741051 ], [ -3.999425, 55.74091 ], [ -3.999237, 55.740903 ], [ -3.998294, 55.740483 ], [ -3.997208, 55.740287 ], [ -3.993336, 55.74047 ], [ -3.992804, 55.74036 ], [ -3.992008, 55.740544 ], [ -3.991207, 55.741029 ], [ -3.990402, 55.74178 ], [ -3.990504, 55.74193 ], [ -3.990381, 55.742203 ], [ -3.990548, 55.742626 ], [ -3.990638, 55.74267 ], [ -3.99105, 55.742564 ], [ -3.991816, 55.743025 ], [ -3.990991, 55.743417 ], [ -3.992208, 55.744599 ], [ -3.992633, 55.744773 ], [ -3.99302, 55.744787 ], [ -3.993592, 55.743954 ], [ -3.994004, 55.743564 ], [ -3.995457, 55.743432 ], [ -3.995759, 55.743505 ], [ -3.996395, 55.74393 ], [ -3.998124, 55.74577 ], [ -4.000121, 55.747124 ], [ -4.00177, 55.748865 ], [ -4.005359, 55.751687 ], [ -4.007119, 55.752327 ], [ -4.008081, 55.752804 ], [ -4.009148, 55.752962 ], [ -4.00975, 55.752871 ], [ -4.009904, 55.75293 ], [ -4.010147, 55.753151 ], [ -4.010479, 55.75391 ], [ -4.010997, 55.754369 ], [ -4.011482, 55.755254 ], [ -4.013165, 55.755074 ], [ -4.013538, 55.75528 ], [ -4.014147, 55.755763 ], [ -4.014329, 55.756299 ], [ -4.014335, 55.75686 ], [ -4.014632, 55.757443 ], [ -4.014024, 55.758315 ], [ -4.014125, 55.759564 ], [ -4.014001, 55.760198 ], [ -4.013692, 55.760757 ], [ -4.01383, 55.761111 ], [ -4.014715, 55.761749 ], [ -4.01471, 55.761838 ], [ -4.015405, 55.761705 ], [ -4.015646, 55.761592 ], [ -4.016159, 55.761643 ], [ -4.016934, 55.761585 ], [ -4.018277, 55.761887 ], [ -4.018442, 55.762126 ], [ -4.019143, 55.762183 ], [ -4.019928, 55.762131 ], [ -4.02091, 55.762387 ], [ -4.021128, 55.762901 ], [ -4.021508, 55.763191 ], [ -4.022237, 55.763534 ], [ -4.02311, 55.764806 ], [ -4.024083, 55.764845 ], [ -4.024603, 55.764972 ], [ -4.024918, 55.765385 ], [ -4.025098, 55.765795 ], [ -4.025049, 55.765985 ], [ -4.024379, 55.766382 ], [ -4.023152, 55.766694 ], [ -4.022985, 55.767037 ], [ -4.022735, 55.767156 ], [ -4.023818, 55.767411 ], [ -4.025787, 55.76647 ], [ -4.026232, 55.766103 ], [ -4.026925, 55.766481 ], [ -4.027654, 55.766244 ], [ -4.027798, 55.766104 ], [ -4.027713, 55.765849 ], [ -4.027949, 55.765636 ], [ -4.029791, 55.766813 ], [ -4.029182, 55.76692 ], [ -4.028904, 55.767019 ], [ -4.028765, 55.767172 ], [ -4.028368, 55.767253 ], [ -4.02883, 55.767562 ], [ -4.029205, 55.767439 ], [ -4.030246, 55.767454 ], [ -4.03067, 55.767322 ], [ -4.031865, 55.766697 ], [ -4.032246, 55.766407 ], [ -4.032544, 55.765274 ], [ -4.033103, 55.765353 ], [ -4.032746, 55.763355 ], [ -4.033177, 55.762717 ], [ -4.032023, 55.762059 ], [ -4.032542, 55.761421 ], [ -4.033487, 55.761385 ], [ -4.034225, 55.760948 ], [ -4.036007, 55.758799 ], [ -4.037484, 55.758226 ], [ -4.038531, 55.75757 ], [ -4.03922, 55.757297 ], [ -4.039177, 55.757031 ], [ -4.038796, 55.756798 ], [ -4.03844, 55.756713 ], [ -4.036997, 55.757219 ], [ -4.036343, 55.757354 ], [ -4.035904, 55.757315 ], [ -4.035263, 55.756932 ], [ -4.034698, 55.756398 ], [ -4.034378, 55.755832 ], [ -4.034734, 55.754698 ], [ -4.03528, 55.753832 ], [ -4.035949, 55.753363 ], [ -4.036703, 55.75265 ], [ -4.037441, 55.752388 ], [ -4.037817, 55.752352 ], [ -4.038781, 55.751973 ] ] ] ] } },
{ "type": "Feature", "properties": { "NAME": "Rum" }, "geometry": { "type": "MultiPolygon", "coordinates": [ [ [ [ -6.395787, 56.975327 ], [ -6.395596, 56.975383 ], [ -6.395688, 56.975528 ], [ -6.396051, 56.975534 ], [ -6.396085, 56.975474 ], [ -6.395787, 56.975327 ] ] ] ] } },
{ "type": "Feature", "properties": { "NAME": "Rum" }, "geometry": { "type": "MultiPolygon", "coordinates": [ [ [ [ -6.396636, 56.97603 ], [ -6.396635, 56.976093 ], [ -6.397048, 56.976241 ], [ -6.397397, 56.975985 ], [ -6.397253, 56.975954 ], [ -6.396636, 56.97603 ] ] ] ] } },
{ "type": "Feature", "properties": { "NAME": "Loch Lomond" }, "geometry": { "type": "MultiPolygon", "coordinates": [ [ [ [ -4.528891, 56.078379 ], [ -4.529298, 56.079054 ], [ -4.529164, 56.079367 ], [ -4.529291, 56.079882 ], [ -4.529774, 56.080339 ], [ -4.532451, 56.081486 ], [ -4.533615, 56.079959 ], [ -4.5347, 56.078001 ], [ -4.534922, 56.076622 ], [ -4.534516, 56.073355 ], [ -4.533171, 56.073441 ], [ -4.532655, 56.072709 ], [ -4.531675, 56.07164 ], [ -4.530699, 56.070765 ], [ -4.529911, 56.070282 ], [ -4.526368, 56.068895 ], [ -4.524452, 56.068392 ], [ -4.522185, 56.067534 ], [ -4.521367, 56.066926 ], [ -4.519931, 56.065502 ], [ -4.519754, 56.065139 ], [ -4.519742, 56.064436 ], [ -4.519014, 56.063435 ], [ -4.518999, 56.063207 ], [ -4.519218, 56.062646 ], [ -4.521144, 56.06143 ], [ -4.522587, 56.060734 ], [ -4.524983, 56.059817 ], [ -4.525709, 56.059413 ], [ -4.527395, 56.057892 ], [ -4.52769, 56.057472 ], [ -4.527832, 56.056972 ], [ -4.527292, 56.056725 ], [ -4.527027, 56.056824 ], [ -4.525676, 56.056605 ], [ -4.522686, 56.054495 ], [ -4.52273, 56.054404 ], [ -4.520536, 56.053574 ], [ -4.52055, 56.053516 ], [ -4.518507, 56.052588 ], [ -4.518998, 56.052342 ], [ -4.518978, 56.052217 ], [ -4.519188, 56.052174 ], [ -4.519043, 56.05204 ], [ -4.518567, 56.051929 ], [ -4.51715, 56.052789 ], [ -4.516, 56.053646 ], [ -4.515029, 56.054109 ], [ -4.514381, 56.054318 ], [ -4.511632, 56.054809 ], [ -4.510445, 56.0553 ], [ -4.509969, 56.055775 ], [ -4.509764, 56.0563 ], [ -4.509467, 56.056616 ], [ -4.509098, 56.056821 ], [ -4.508952, 56.057149 ], [ -4.507399, 56.056058 ], [ -4.50728, 56.055824 ], [ -4.504235, 56.055428 ], [ -4.504066, 56.055072 ], [ -4.502648, 56.055454 ], [ -4.501287, 56.056178 ], [ -4.499152, 56.057075 ], [ -4.498588, 56.057159 ], [ -4.498294, 56.057108 ], [ -4.497495, 56.057843 ], [ -4.496741, 56.058743 ], [ -4.495774, 56.060264 ], [ -4.495223, 56.06136 ], [ -4.495238, 56.062411 ], [ -4.495565, 56.062889 ], [ -4.496182, 56.063135 ], [ -4.496183, 56.063959 ], [ -4.495109, 56.06383 ], [ -4.494588, 56.064628 ], [ -4.495211, 56.064907 ], [ -4.498897, 56.067048 ], [ -4.501575, 56.06704 ], [ -4.501855, 56.067362 ], [ -4.502338, 56.067681 ], [ -4.504081, 56.068567 ], [ -4.506323, 56.068574 ], [ -4.506464, 56.068222 ], [ -4.507013, 56.067941 ], [ -4.508808, 56.067913 ], [ -4.509125, 56.068086 ], [ -4.508818, 56.068532 ], [ -4.51, 56.068513 ], [ -4.510155, 56.068405 ], [ -4.510457, 56.068384 ], [ -4.510729, 56.06843 ], [ -4.510857, 56.068602 ], [ -4.511551, 56.068679 ], [ -4.511525, 56.068783 ], [ -4.51298, 56.070343 ], [ -4.513708, 56.070635 ], [ -4.514589, 56.070681 ], [ -4.515293, 56.071085 ], [ -4.516026, 56.071345 ], [ -4.516312, 56.071572 ], [ -4.516705, 56.072396 ], [ -4.51673, 56.073024 ], [ -4.516349, 56.073856 ], [ -4.516052, 56.074164 ], [ -4.516309, 56.074185 ], [ -4.515851, 56.075668 ], [ -4.517107, 56.076112 ], [ -4.518846, 56.077135 ], [ -4.520151, 56.077258 ], [ -4.522261, 56.077138 ], [ -4.523063, 56.077287 ], [ -4.524248, 56.07695 ], [ -4.525049, 56.077447 ], [ -4.525785, 56.07765 ], [ -4.527136, 56.077774 ], [ -4.527859, 56.078241 ], [ -4.528099, 56.077863 ], [ -4.528891, 56.078379 ] ], [ [ -4.513738, 56.055979 ], [ -4.513735, 56.055974 ], [ -4.513767, 56.055971 ], [ -4.513738, 56.055979 ] ], [ [ -4.52033, 56.053707 ], [ -4.520327, 56.053705 ], [ -4.520351, 56.053694 ], [ -4.52033, 56.053707 ] ] ] ] } },
{ "type": "Feature", "properties": { "NAME": "Rum" }, "geometry": { "type": "MultiPolygon", "coordinates": [ [ [ [ -6.397676, 56.977509 ], [ -6.397766, 56.977506 ], [ -6.39771, 56.977449 ], [ -6.397676, 56.977509 ] ] ] ] } },
{ "type": "Feature", "properties": { "NAME": "Clyde Valley Woodlands" }, "geometry": { "type": "MultiPolygon", "coordinates": [ [ [ [ -3.897538, 55.738351 ], [ -3.898145, 55.738172 ], [ -3.900024, 55.737122 ], [ -3.901032, 55.736722 ], [ -3.901893, 55.73675 ], [ -3.902422, 55.736902 ], [ -3.902309, 55.737776 ], [ -3.902826, 55.737866 ], [ -3.903073, 55.737828 ], [ -3.903984, 55.737004 ], [ -3.904429, 55.736128 ], [ -3.90472, 55.736121 ], [ -3.90432, 55.735922 ], [ -3.903889, 55.735498 ], [ -3.902954, 55.734853 ], [ -3.903015, 55.734416 ], [ -3.903521, 55.734105 ], [ -3.903053, 55.733746 ], [ -3.902369, 55.733976 ], [ -3.902076, 55.734207 ], [ -3.901926, 55.734205 ], [ -3.901329, 55.733762 ], [ -3.900581, 55.733425 ], [ -3.900372, 55.733468 ], [ -3.899361, 55.733183 ], [ -3.898113, 55.733052 ], [ -3.897926, 55.732858 ], [ -3.897204, 55.732812 ], [ -3.896976, 55.732714 ], [ -3.896796, 55.732458 ], [ -3.895624, 55.732033 ], [ -3.895035, 55.73198 ], [ -3.893713, 55.732148 ], [ -3.893701, 55.732389 ], [ -3.893387, 55.732386 ], [ -3.894516, 55.73328 ], [ -3.894485, 55.733522 ], [ -3.894615, 55.733638 ], [ -3.895085, 55.733706 ], [ -3.896952, 55.735135 ], [ -3.895022, 55.736502 ], [ -3.895396, 55.736655 ], [ -3.897267, 55.735592 ], [ -3.897653, 55.735582 ], [ -3.898166, 55.735685 ], [ -3.898717, 55.735918 ], [ -3.898998, 55.736164 ], [ -3.899094, 55.736654 ], [ -3.89865, 55.737126 ], [ -3.897862, 55.737498 ], [ -3.896459, 55.737906 ], [ -3.897538, 55.738351 ] ] ] ] } },
{ "type": "Feature", "properties": { "NAME": "Clyde Valley Woodlands" }, "geometry": { "type": "MultiPolygon", "coordinates": [ [ [ [ -3.800812, 55.681056 ], [ -3.801068, 55.680683 ], [ -3.800395, 55.680524 ], [ -3.799926, 55.680869 ], [ -3.799995, 55.681778 ], [ -3.799363, 55.681946 ], [ -3.798617, 55.682032 ], [ -3.79671, 55.682929 ], [ -3.796517, 55.683149 ], [ -3.796624, 55.683866 ], [ -3.796321, 55.684114 ], [ -3.795759, 55.684117 ], [ -3.795224, 55.683914 ], [ -3.794952, 55.683896 ], [ -3.79458, 55.684012 ], [ -3.794448, 55.684283 ], [ -3.794003, 55.684391 ], [ -3.792869, 55.683968 ], [ -3.791774, 55.684077 ], [ -3.790538, 55.683915 ], [ -3.790339, 55.683825 ], [ -3.788808, 55.684684 ], [ -3.788408, 55.685213 ], [ -3.787936, 55.685486 ], [ -3.787714, 55.685422 ], [ -3.787272, 55.686573 ], [ -3.787734, 55.686798 ], [ -3.788059, 55.686056 ], [ -3.788418, 55.68572 ], [ -3.789973, 55.684986 ], [ -3.790973, 55.684685 ], [ -3.791434, 55.684626 ], [ -3.792485, 55.684942 ], [ -3.793835, 55.685115 ], [ -3.795412, 55.684921 ], [ -3.797701, 55.684834 ], [ -3.79789, 55.684765 ], [ -3.79826, 55.684336 ], [ -3.798644, 55.68321 ], [ -3.799232, 55.682955 ], [ -3.800508, 55.682577 ], [ -3.801029, 55.681951 ], [ -3.800812, 55.681056 ] ] ] ] } },
{ "type": "Feature", "properties": { "NAME": "Clyde Valley Woodlands" }, "geometry": { "type": "MultiPolygon", "coordinates": [ [ [ [ -3.776114, 55.695732 ], [ -3.777017, 55.695588 ], [ -3.778042, 55.695216 ], [ -3.778915, 55.694782 ], [ -3.778946, 55.694561 ], [ -3.778628, 55.694326 ], [ -3.778603, 55.694108 ], [ -3.778287, 55.693833 ], [ -3.778781, 55.69321 ], [ -3.778846, 55.692979 ], [ -3.77831, 55.692171 ], [ -3.778281, 55.69189 ], [ -3.778503, 55.691523 ], [ -3.778124, 55.69139 ], [ -3.778083, 55.691166 ], [ -3.779815, 55.691046 ], [ -3.780348, 55.690884 ], [ -3.781361, 55.690415 ], [ -3.782354, 55.689386 ], [ -3.782168, 55.688956 ], [ -3.782349, 55.688777 ], [ -3.783591, 55.688077 ], [ -3.784685, 55.687762 ], [ -3.784969, 55.687481 ], [ -3.78536, 55.686714 ], [ -3.786634, 55.685804 ], [ -3.785551, 55.685726 ], [ -3.784951, 55.685471 ], [ -3.784226, 55.685404 ], [ -3.78342, 55.684867 ], [ -3.781591, 55.68666 ], [ -3.781511, 55.687372 ], [ -3.780838, 55.688252 ], [ -3.779885, 55.688902 ], [ -3.779649, 55.689253 ], [ -3.779161, 55.689534 ], [ -3.778388, 55.689527 ], [ -3.778166, 55.690318 ], [ -3.777992, 55.69044 ], [ -3.777568, 55.690592 ], [ -3.777062, 55.690571 ], [ -3.777052, 55.690662 ], [ -3.775888, 55.690423 ], [ -3.775574, 55.69069 ], [ -3.775043, 55.69073 ], [ -3.773322, 55.691067 ], [ -3.772154, 55.691126 ], [ -3.771801, 55.690775 ], [ -3.770366, 55.690307 ], [ -3.770386, 55.690197 ], [ -3.769285, 55.689977 ], [ -3.768923, 55.688698 ], [ -3.768502, 55.688517 ], [ -3.768025, 55.688452 ], [ -3.767657, 55.688206 ], [ -3.76683, 55.688073 ], [ -3.767414, 55.688539 ], [ -3.766091, 55.688923 ], [ -3.76557, 55.689157 ], [ -3.765798, 55.689345 ], [ -3.76548, 55.689573 ], [ -3.764475, 55.689815 ], [ -3.761756, 55.690128 ], [ -3.760128, 55.690003 ], [ -3.759379, 55.690148 ], [ -3.758636, 55.690477 ], [ -3.757642, 55.691694 ], [ -3.756529, 55.691996 ], [ -3.756201, 55.692174 ], [ -3.75473, 55.692082 ], [ -3.753417, 55.691901 ], [ -3.752003, 55.691912 ], [ -3.751453, 55.691854 ], [ -3.751309, 55.69175 ], [ -3.751295, 55.691451 ], [ -3.751773, 55.690571 ], [ -3.751421, 55.69018 ], [ -3.750854, 55.689817 ], [ -3.750239, 55.689694 ], [ -3.749187, 55.689948 ], [ -3.748956, 55.689943 ], [ -3.745586, 55.688366 ], [ -3.744556, 55.6883 ], [ -3.743962, 55.688378 ], [ -3.744325, 55.688811 ], [ -3.744944, 55.688657 ], [ -3.745556, 55.688682 ], [ -3.746342, 55.689013 ], [ -3.746718, 55.68927 ], [ -3.747304, 55.689462 ], [ -3.748506, 55.690126 ], [ -3.749494, 55.690408 ], [ -3.749928, 55.69063 ], [ -3.750355, 55.691158 ], [ -3.750394, 55.691904 ], [ -3.751141, 55.692162 ], [ -3.750858, 55.692502 ], [ -3.751294, 55.692551 ], [ -3.751406, 55.692681 ], [ -3.752464, 55.692437 ], [ -3.752683, 55.692598 ], [ -3.752944, 55.692517 ], [ -3.753278, 55.692828 ], [ -3.752914, 55.69309 ], [ -3.753554, 55.693074 ], [ -3.754509, 55.692742 ], [ -3.755009, 55.692735 ], [ -3.755388, 55.692762 ], [ -3.756278, 55.692998 ], [ -3.75773, 55.693198 ], [ -3.758264, 55.692718 ], [ -3.759478, 55.6923 ], [ -3.759577, 55.692093 ], [ -3.759384, 55.691585 ], [ -3.759521, 55.691361 ], [ -3.759843, 55.691314 ], [ -3.760898, 55.691373 ], [ -3.76124, 55.691271 ], [ -3.761673, 55.690898 ], [ -3.761733, 55.690534 ], [ -3.761913, 55.690475 ], [ -3.76273, 55.69067 ], [ -3.763111, 55.69089 ], [ -3.764175, 55.690593 ], [ -3.764912, 55.690165 ], [ -3.765587, 55.689964 ], [ -3.766121, 55.689924 ], [ -3.766609, 55.68965 ], [ -3.766986, 55.68963 ], [ -3.768925, 55.690767 ], [ -3.769, 55.6906 ], [ -3.770694, 55.691035 ], [ -3.771119, 55.691409 ], [ -3.771104, 55.691976 ], [ -3.771447, 55.69237 ], [ -3.771981, 55.692618 ], [ -3.772889, 55.692753 ], [ -3.773639, 55.693114 ], [ -3.773887, 55.693137 ], [ -3.774024, 55.693048 ], [ -3.774156, 55.692447 ], [ -3.774466, 55.691994 ], [ -3.776286, 55.692002 ], [ -3.777212, 55.692174 ], [ -3.777933, 55.692203 ], [ -3.778019, 55.692861 ], [ -3.77769, 55.693575 ], [ -3.777678, 55.694039 ], [ -3.777722, 55.694203 ], [ -3.77804, 55.694399 ], [ -3.778081, 55.694536 ], [ -3.777794, 55.694618 ], [ -3.776845, 55.694671 ], [ -3.77658, 55.695165 ], [ -3.776223, 55.6954 ], [ -3.775951, 55.695376 ], [ -3.776114, 55.695732 ] ] ] ] } },
{ "type": "Feature", "properties": { "NAME": "Rum" }, "geometry": { "type": "MultiPolygon", "coordinates": [ [ [ [ -6.398824, 56.977887 ], [ -6.398909, 56.97805 ], [ -6.399121, 56.978106 ], [ -6.399042, 56.977924 ], [ -6.398944, 56.977856 ], [ -6.398824, 56.977887 ] ] ] ] } },
{ "type": "Feature", "properties": { "NAME": "Rum" }, "geometry": { "type": "MultiPolygon", "coordinates": [ [ [ [ -6.399505, 56.978146 ], [ -6.399523, 56.978298 ], [ -6.399701, 56.97827 ], [ -6.399677, 56.97814 ], [ -6.399505, 56.978146 ] ] ] ] } },
{ "type": "Feature", "properties": { "NAME": "Rum" }, "geometry": { "type": "MultiPolygon", "coordinates": [ [ [ [ -6.401482, 56.978846 ], [ -6.401818, 56.978829 ], [ -6.401677, 56.978758 ], [ -6.401482, 56.978846 ] ] ] ] } },
{ "type": "Feature", "properties": { "NAME": "Rum" }, "geometry": { "type": "MultiPolygon", "coordinates": [ [ [ [ -6.402199, 56.978784 ], [ -6.402015, 56.978894 ], [ -6.402184, 56.979001 ], [ -6.402361, 56.9789 ], [ -6.402199, 56.978784 ] ] ] ] } },
{ "type": "Feature", "properties": { "NAME": "Rum" }, "geometry": { "type": "MultiPolygon", "coordinates": [ [ [ [ -6.249395, 56.987687 ], [ -6.249127, 56.988011 ], [ -6.249425, 56.988239 ], [ -6.249485, 56.988183 ], [ -6.249395, 56.987687 ] ] ] ] } },
{ "type": "Feature", "properties": { "NAME": "Rum" }, "geometry": { "type": "MultiPolygon", "coordinates": [ [ [ [ -6.415941, 56.986182 ], [ -6.416063, 56.986237 ], [ -6.416156, 56.986193 ], [ -6.416079, 56.986169 ], [ -6.415941, 56.986182 ] ] ] ] } },
{ "type": "Feature", "properties": { "NAME": "Rum" }, "geometry": { "type": "MultiPolygon", "coordinates": [ [ [ [ -6.415429, 56.986246 ], [ -6.415431, 56.986326 ], [ -6.415546, 56.986327 ], [ -6.415536, 56.986242 ], [ -6.415429, 56.986246 ] ] ] ] } },
{ "type": "Feature", "properties": { "NAME": "Rum" }, "geometry": { "type": "MultiPolygon", "coordinates": [ [ [ [ -6.248516, 56.991822 ], [ -6.248313, 56.992135 ], [ -6.248361, 56.99234 ], [ -6.248736, 56.991873 ], [ -6.248516, 56.991822 ] ] ] ] } },
{ "type": "Feature", "properties": { "NAME": "Rum" }, "geometry": { "type": "MultiPolygon", "coordinates": [ [ [ [ -6.421313, 56.989936 ], [ -6.421144, 56.990046 ], [ -6.421231, 56.990223 ], [ -6.421446, 56.990017 ], [ -6.421313, 56.989936 ] ] ] ] } },
{ "type": "Feature", "properties": { "NAME": "Rum" }, "geometry": { "type": "MultiPolygon", "coordinates": [ [ [ [ -6.257117, 56.963367 ], [ -6.257088, 56.963265 ], [ -6.256896, 56.96324 ], [ -6.256831, 56.963318 ], [ -6.257117, 56.963367 ] ] ] ] } },
{ "type": "Feature", "properties": { "NAME": "Rum" }, "geometry": { "type": "MultiPolygon", "coordinates": [ [ [ [ -6.434282, 56.994522 ], [ -6.434088, 56.994547 ], [ -6.434074, 56.994642 ], [ -6.434827, 56.994737 ], [ -6.434801, 56.994652 ], [ -6.434282, 56.994522 ] ] ] ] } },
{ "type": "Feature", "properties": { "NAME": "Rum" }, "geometry": { "type": "MultiPolygon", "coordinates": [ [ [ [ -6.237546, 57.004727 ], [ -6.23743, 57.004861 ], [ -6.237682, 57.005127 ], [ -6.237822, 57.005055 ], [ -6.23779, 57.004845 ], [ -6.237677, 57.004723 ], [ -6.237546, 57.004727 ] ] ] ] } },
{ "type": "Feature", "properties": { "NAME": "Rum" }, "geometry": { "type": "MultiPolygon", "coordinates": [ [ [ [ -6.240833, 57.00775 ], [ -6.240739, 57.008234 ], [ -6.240998, 57.008549 ], [ -6.241117, 57.008437 ], [ -6.240833, 57.00775 ] ] ] ] } },
{ "type": "Feature", "properties": { "NAME": "Rum" }, "geometry": { "type": "MultiPolygon", "coordinates": [ [ [ [ -6.241499, 57.008604 ], [ -6.241486, 57.008784 ], [ -6.241761, 57.009166 ], [ -6.241779, 57.008747 ], [ -6.241657, 57.008621 ], [ -6.241499, 57.008604 ] ] ] ] } },
{ "type": "Feature", "properties": { "NAME": "Rum" }, "geometry": { "type": "MultiPolygon", "coordinates": [ [ [ [ -6.253976, 57.009178 ], [ -6.253898, 57.009428 ], [ -6.254018, 57.009397 ], [ -6.25411, 57.009192 ], [ -6.253976, 57.009178 ] ] ] ] } },
{ "type": "Feature", "properties": { "NAME": "Rum" }, "geometry": { "type": "MultiPolygon", "coordinates": [ [ [ [ -6.246693, 57.009781 ], [ -6.247123, 57.009717 ], [ -6.247216, 57.009597 ], [ -6.246943, 57.00944 ], [ -6.246584, 57.009546 ], [ -6.246693, 57.009781 ] ] ] ] } },
{ "type": "Feature", "properties": { "NAME": "Rum" }, "geometry": { "type": "MultiPolygon", "coordinates": [ [ [ [ -6.248921, 57.009732 ], [ -6.249166, 57.009706 ], [ -6.24915, 57.009572 ], [ -6.248968, 57.00956 ], [ -6.248921, 57.009732 ] ] ] ] } },
{ "type": "Feature", "properties": { "NAME": "Isle of May" }, "geometry": { "type": "MultiPolygon", "coordinates": [ [ [ [ -2.545481, 56.180678 ], [ -2.546014, 56.180709 ], [ -2.545862, 56.180597 ], [ -2.545481, 56.180678 ] ] ] ] } },
{ "type": "Feature", "properties": { "NAME": "Rum" }, "geometry": { "type": "MultiPolygon", "coordinates": [ [ [ [ -6.255681, 57.009745 ], [ -6.255598, 57.009663 ], [ -6.255501, 57.009756 ], [ -6.255681, 57.009745 ] ] ] ] } },
{ "type": "Feature", "properties": { "NAME": "Rum" }, "geometry": { "type": "MultiPolygon", "coordinates": [ [ [ [ -6.256182, 57.0098 ], [ -6.256304, 57.00971 ], [ -6.256261, 57.009703 ], [ -6.256182, 57.0098 ] ] ] ] } },
{ "type": "Feature", "properties": { "NAME": "Isle of May" }, "geometry": { "type": "MultiPolygon", "coordinates": [ [ [ [ -2.569166, 56.194095 ], [ -2.569544, 56.194104 ], [ -2.569549, 56.194027 ], [ -2.569166, 56.194095 ] ] ] ] } },
{ "type": "Feature", "properties": { "NAME": "Rum" }, "geometry": { "type": "MultiPolygon", "coordinates": [ [ [ [ -6.256413, 57.009806 ], [ -6.256496, 57.009879 ], [ -6.256639, 57.009757 ], [ -6.256413, 57.009806 ] ] ] ] } },
{ "type": "Feature", "properties": { "NAME": "Glen Nant" }, "geometry": { "type": "MultiPolygon", "coordinates": [ [ [ [ -5.215477, 56.393459 ], [ -5.214531, 56.393106 ], [ -5.213228, 56.393885 ], [ -5.212645, 56.39399 ], [ -5.212271, 56.394265 ], [ -5.211137, 56.394564 ], [ -5.21013, 56.394541 ], [ -5.209914, 56.394663 ], [ -5.210064, 56.395005 ], [ -5.210114, 56.395906 ], [ -5.210339, 56.396729 ], [ -5.210794, 56.397319 ], [ -5.210941, 56.397814 ], [ -5.211701, 56.398177 ], [ -5.212383, 56.399157 ], [ -5.213061, 56.399598 ], [ -5.214691, 56.399987 ], [ -5.215547, 56.400527 ], [ -5.215516, 56.401072 ], [ -5.215172, 56.401085 ], [ -5.21484, 56.401471 ], [ -5.214478, 56.401701 ], [ -5.214267, 56.40361 ], [ -5.216346, 56.404554 ], [ -5.218348, 56.404585 ], [ -5.218997, 56.405945 ], [ -5.219626, 56.406191 ], [ -5.218747, 56.406812 ], [ -5.219037, 56.407149 ], [ -5.218754, 56.407921 ], [ -5.218168, 56.407888 ], [ -5.21767, 56.408025 ], [ -5.217927, 56.409678 ], [ -5.217616, 56.410326 ], [ -5.218711, 56.411089 ], [ -5.218223, 56.411487 ], [ -5.218554, 56.412601 ], [ -5.219212, 56.413341 ], [ -5.218981, 56.413988 ], [ -5.220728, 56.415106 ], [ -5.220649, 56.418423 ], [ -5.220355, 56.418893 ], [ -5.22051, 56.418933 ], [ -5.221236, 56.41865 ], [ -5.222538, 56.418854 ], [ -5.222256, 56.419884 ], [ -5.225541, 56.420822 ], [ -5.227209, 56.420507 ], [ -5.227258, 56.420266 ], [ -5.228188, 56.419919 ], [ -5.228629, 56.420342 ], [ -5.228905, 56.420806 ], [ -5.229223, 56.422506 ], [ -5.229786, 56.422522 ], [ -5.230652, 56.422424 ], [ -5.231966, 56.421608 ], [ -5.231198, 56.421489 ], [ -5.23139, 56.420835 ], [ -5.231936, 56.42045 ], [ -5.231694, 56.420046 ], [ -5.231497, 56.419044 ], [ -5.229853, 56.417729 ], [ -5.229527, 56.417221 ], [ -5.231172, 56.416648 ], [ -5.23282, 56.415526 ], [ -5.234872, 56.413809 ], [ -5.236326, 56.413272 ], [ -5.237119, 56.413351 ], [ -5.238219, 56.413317 ], [ -5.239041, 56.41326 ], [ -5.240349, 56.413019 ], [ -5.241119, 56.412612 ], [ -5.241864, 56.411575 ], [ -5.245374, 56.410883 ], [ -5.245829, 56.410705 ], [ -5.246513, 56.410075 ], [ -5.248201, 56.410085 ], [ -5.249101, 56.4099 ], [ -5.249395, 56.410608 ], [ -5.250044, 56.411127 ], [ -5.251049, 56.41068 ], [ -5.252515, 56.409522 ], [ -5.255887, 56.409614 ], [ -5.256381, 56.40956 ], [ -5.25565, 56.409121 ], [ -5.253137, 56.408265 ], [ -5.25192, 56.406455 ], [ -5.2497, 56.405043 ], [ -5.246619, 56.403519 ], [ -5.245499, 56.403117 ], [ -5.242556, 56.40225 ], [ -5.239903, 56.400993 ], [ -5.237102, 56.40046 ], [ -5.233038, 56.399469 ], [ -5.227191, 56.398763 ], [ -5.223677, 56.39689 ], [ -5.221948, 56.395618 ], [ -5.219468, 56.394559 ], [ -5.215624, 56.393279 ], [ -5.215477, 56.393459 ] ] ] ] } },
{ "type": "Feature", "properties": { "NAME": "Rum" }, "geometry": { "type": "MultiPolygon", "coordinates": [ [ [ [ -6.251629, 57.009991 ], [ -6.25147, 57.010109 ], [ -6.25151, 57.01017 ], [ -6.251659, 57.010102 ], [ -6.251629, 57.009991 ] ] ] ] } },
{ "type": "Feature", "properties": { "NAME": "Rum" }, "geometry": { "type": "MultiPolygon", "coordinates": [ [ [ [ -6.25135, 57.010212 ], [ -6.251267, 57.010282 ], [ -6.251259, 57.010354 ], [ -6.25134, 57.010343 ], [ -6.25135, 57.010212 ] ] ] ] } },
{ "type": "Feature", "properties": { "NAME": "Rum" }, "geometry": { "type": "MultiPolygon", "coordinates": [ [ [ [ -6.246445, 57.009987 ], [ -6.246371, 57.01035 ], [ -6.246448, 57.010446 ], [ -6.246846, 57.010545 ], [ -6.246977, 57.009956 ], [ -6.246445, 57.009987 ] ] ] ] } },
{ "type": "Feature", "properties": { "NAME": "Ben Wyvis" }, "geometry": { "type": "MultiPolygon", "coordinates": [ [ [ [ -4.535164, 57.659878 ], [ -4.538835, 57.65996 ], [ -4.542478, 57.660429 ], [ -4.545062, 57.660448 ], [ -4.545512, 57.660525 ], [ -4.547057, 57.661247 ], [ -4.548752, 57.661893 ], [ -4.55252, 57.663075 ], [ -4.553885, 57.66342 ], [ -4.557022, 57.662782 ], [ -4.561593, 57.661975 ], [ -4.570699, 57.66259 ], [ -4.573999, 57.664082 ], [ -4.574063, 57.664283 ], [ -4.574992, 57.665227 ], [ -4.575677, 57.666566 ], [ -4.575962, 57.666824 ], [ -4.577905, 57.667432 ], [ -4.583665, 57.669543 ], [ -4.585682, 57.670435 ], [ -4.58646, 57.671085 ], [ -4.58689, 57.671652 ], [ -4.586876, 57.672127 ], [ -4.586652, 57.672511 ], [ -4.584492, 57.674551 ], [ -4.583691, 57.674974 ], [ -4.582172, 57.676066 ], [ -4.581881, 57.676455 ], [ -4.581122, 57.677012 ], [ -4.580116, 57.678205 ], [ -4.579294, 57.678825 ], [ -4.575984, 57.684632 ], [ -4.57621, 57.686652 ], [ -4.576354, 57.687011 ], [ -4.57646, 57.689306 ], [ -4.575889, 57.690006 ], [ -4.574362, 57.69148 ], [ -4.578203, 57.693558 ], [ -4.578832, 57.693728 ], [ -4.580704, 57.693654 ], [ -4.58157, 57.693798 ], [ -4.583414, 57.694367 ], [ -4.584279, 57.694722 ], [ -4.585482, 57.695012 ], [ -4.589647, 57.696333 ], [ -4.594223, 57.697673 ], [ -4.595131, 57.697461 ], [ -4.59709, 57.696688 ], [ -4.598839, 57.696275 ], [ -4.601854, 57.695715 ], [ -4.60214, 57.695731 ], [ -4.607541, 57.694806 ], [ -4.619897, 57.693258 ], [ -4.621923, 57.692919 ], [ -4.624046, 57.692728 ], [ -4.625768, 57.692789 ], [ -4.625486, 57.693162 ], [ -4.625404, 57.693666 ], [ -4.625569, 57.694057 ], [ -4.628463, 57.6966 ], [ -4.637628, 57.700111 ], [ -4.645813, 57.696148 ], [ -4.643513, 57.696122 ], [ -4.640091, 57.695911 ], [ -4.63643, 57.69552 ], [ -4.633312, 57.694771 ], [ -4.627567, 57.6925 ], [ -4.624251, 57.69097 ], [ -4.622384, 57.687773 ], [ -4.622478, 57.686527 ], [ -4.622219, 57.685261 ], [ -4.622269, 57.683516 ], [ -4.621831, 57.681975 ], [ -4.622328, 57.680383 ], [ -4.623016, 57.678653 ], [ -4.628228, 57.674635 ], [ -4.626994, 57.673111 ], [ -4.627533, 57.672219 ], [ -4.629241, 57.669865 ], [ -4.630645, 57.668412 ], [ -4.632597, 57.667001 ], [ -4.63381, 57.66534 ], [ -4.634849, 57.664294 ], [ -4.633627, 57.663425 ], [ -4.632544, 57.662347 ], [ -4.631978, 57.66159 ], [ -4.631236, 57.661188 ], [ -4.631245, 57.661096 ], [ -4.630635, 57.661097 ], [ -4.62885, 57.660761 ], [ -4.628906, 57.660612 ], [ -4.629297, 57.660455 ], [ -4.62945, 57.660479 ], [ -4.629354, 57.660319 ], [ -4.629011, 57.66021 ], [ -4.628703, 57.660234 ], [ -4.628418, 57.660357 ], [ -4.627707, 57.660264 ], [ -4.626904, 57.66028 ], [ -4.626565, 57.660238 ], [ -4.625928, 57.660004 ], [ -4.625211, 57.660059 ], [ -4.624889, 57.660017 ], [ -4.624591, 57.659484 ], [ -4.624394, 57.65942 ], [ -4.624326, 57.659291 ], [ -4.623975, 57.6592 ], [ -4.623637, 57.658816 ], [ -4.62308, 57.658756 ], [ -4.622826, 57.658846 ], [ -4.622533, 57.658502 ], [ -4.621831, 57.658759 ], [ -4.621585, 57.658719 ], [ -4.621443, 57.658489 ], [ -4.621727, 57.658254 ], [ -4.621718, 57.658119 ], [ -4.62147, 57.658169 ], [ -4.621266, 57.658371 ], [ -4.621059, 57.658398 ], [ -4.620583, 57.658196 ], [ -4.620515, 57.657951 ], [ -4.620162, 57.658048 ], [ -4.619892, 57.658031 ], [ -4.619761, 57.658182 ], [ -4.619603, 57.658199 ], [ -4.618955, 57.658046 ], [ -4.618336, 57.657726 ], [ -4.617685, 57.657767 ], [ -4.617603, 57.657557 ], [ -4.617731, 57.657469 ], [ -4.617574, 57.657387 ], [ -4.617018, 57.65734 ], [ -4.616892, 57.657572 ], [ -4.616656, 57.657563 ], [ -4.616573, 57.657215 ], [ -4.615799, 57.657415 ], [ -4.615115, 57.657222 ], [ -4.61477, 57.657207 ], [ -4.614757, 57.656911 ], [ -4.614171, 57.65704 ], [ -4.613596, 57.656854 ], [ -4.61287, 57.657022 ], [ -4.612139, 57.656524 ], [ -4.611491, 57.656601 ], [ -4.611383, 57.656158 ], [ -4.610865, 57.655711 ], [ -4.610283, 57.655431 ], [ -4.610052, 57.655017 ], [ -4.609334, 57.654933 ], [ -4.609311, 57.654849 ], [ -4.609506, 57.654764 ], [ -4.609423, 57.654657 ], [ -4.609015, 57.654581 ], [ -4.608795, 57.654432 ], [ -4.608384, 57.654432 ], [ -4.608282, 57.654061 ], [ -4.607991, 57.653968 ], [ -4.607586, 57.654057 ], [ -4.60742, 57.653957 ], [ -4.606996, 57.65389 ], [ -4.606903, 57.653766 ], [ -4.606427, 57.653663 ], [ -4.60613, 57.653503 ], [ -4.604641, 57.641609 ], [ -4.604426, 57.641478 ], [ -4.604255, 57.641504 ], [ -4.603933, 57.641421 ], [ -4.60423, 57.641003 ], [ -4.604052, 57.640244 ], [ -4.604244, 57.639887 ], [ -4.603905, 57.639856 ], [ -4.603666, 57.639544 ], [ -4.60359, 57.639332 ], [ -4.603841, 57.639255 ], [ -4.602927, 57.63876 ], [ -4.602611, 57.638264 ], [ -4.602746, 57.637816 ], [ -4.602367, 57.637443 ], [ -4.602322, 57.637223 ], [ -4.601816, 57.636797 ], [ -4.601579, 57.636814 ], [ -4.601191, 57.636684 ], [ -4.601068, 57.63647 ], [ -4.576727, 57.633168 ], [ -4.56878, 57.634894 ], [ -4.566031, 57.634778 ], [ -4.562098, 57.6418 ], [ -4.561337, 57.644202 ], [ -4.558916, 57.645401 ], [ -4.554381, 57.645978 ], [ -4.551464, 57.646553 ], [ -4.548862, 57.646503 ], [ -4.537934, 57.646575 ], [ -4.529047, 57.648016 ], [ -4.528985, 57.647756 ], [ -4.528884, 57.647772 ], [ -4.528748, 57.647646 ], [ -4.526782, 57.647948 ], [ -4.525194, 57.648865 ], [ -4.524384, 57.649744 ], [ -4.521944, 57.651657 ], [ -4.518084, 57.653396 ], [ -4.529051, 57.659977 ], [ -4.535164, 57.659878 ] ] ] ] } },
{ "type": "Feature", "properties": { "NAME": "Hermaness" }, "geometry": { "type": "MultiPolygon", "coordinates": [ [ [ [ -0.872201, 60.860264 ], [ -0.87228, 60.860619 ], [ -0.872593, 60.860631 ], [ -0.87324, 60.860816 ], [ -0.874279, 60.860847 ], [ -0.875333, 60.86073 ], [ -0.875632, 60.860593 ], [ -0.875565, 60.860395 ], [ -0.874937, 60.860201 ], [ -0.874522, 60.859695 ], [ -0.873572, 60.859755 ], [ -0.872201, 60.860264 ] ] ] ] } },
{ "type": "Feature", "properties": { "NAME": "Rum" }, "geometry": { "type": "MultiPolygon", "coordinates": [ [ [ [ -6.256153, 57.01012 ], [ -6.256273, 57.010233 ], [ -6.256437, 57.009944 ], [ -6.256066, 57.009939 ], [ -6.255881, 57.009693 ], [ -6.255681, 57.009885 ], [ -6.255681, 57.010105 ], [ -6.255881, 57.009981 ], [ -6.255885, 57.010233 ], [ -6.256153, 57.01012 ] ] ] ] } },
{ "type": "Feature", "properties": { "NAME": "Rum" }, "geometry": { "type": "MultiPolygon", "coordinates": [ [ [ [ -6.247364, 57.01046 ], [ -6.247591, 57.010209 ], [ -6.247486, 57.010006 ], [ -6.247113, 57.009992 ], [ -6.246944, 57.010465 ], [ -6.246986, 57.010536 ], [ -6.247364, 57.01046 ] ] ] ] } },
{ "type": "Feature", "properties": { "NAME": "Rum" }, "geometry": { "type": "MultiPolygon", "coordinates": [ [ [ [ -6.24876, 57.01012 ], [ -6.248519, 57.010394 ], [ -6.24851, 57.010677 ], [ -6.248927, 57.010357 ], [ -6.248918, 57.010133 ], [ -6.24876, 57.01012 ] ] ] ] } },
{ "type": "Feature", "properties": { "NAME": "Rum" }, "geometry": { "type": "MultiPolygon", "coordinates": [ [ [ [ -6.267646, 57.010511 ], [ -6.267691, 57.010545 ], [ -6.267808, 57.010492 ], [ -6.267646, 57.010511 ] ] ] ] } },
{ "type": "Feature", "properties": { "NAME": "Rum" }, "geometry": { "type": "MultiPolygon", "coordinates": [ [ [ [ -6.267845, 57.010521 ], [ -6.267898, 57.010574 ], [ -6.267955, 57.010507 ], [ -6.267845, 57.010521 ] ] ] ] } },
{ "type": "Feature", "properties": { "NAME": "Rum" }, "geometry": { "type": "MultiPolygon", "coordinates": [ [ [ [ -6.246105, 57.011195 ], [ -6.246328, 57.011489 ], [ -6.246706, 57.01126 ], [ -6.246536, 57.011005 ], [ -6.246307, 57.011089 ], [ -6.246308, 57.011175 ], [ -6.246105, 57.011195 ] ] ] ] } },
{ "type": "Feature", "properties": { "NAME": "Insh Marshes" }, "geometry": { "type": "MultiPolygon", "coordinates": [ [ [ [ -3.94961, 57.111414 ], [ -3.949317, 57.111247 ], [ -3.949144, 57.110893 ], [ -3.949994, 57.110048 ], [ -3.949957, 57.109556 ], [ -3.948445, 57.109511 ], [ -3.948029, 57.109581 ], [ -3.947241, 57.110172 ], [ -3.946243, 57.110525 ], [ -3.945325, 57.110694 ], [ -3.944602, 57.110704 ], [ -3.942866, 57.110481 ], [ -3.940384, 57.110657 ], [ -3.940794, 57.11098 ], [ -3.941227, 57.111058 ], [ -3.942093, 57.111396 ], [ -3.943288, 57.111608 ], [ -3.944475, 57.111642 ], [ -3.945184, 57.111786 ], [ -3.946206, 57.111775 ], [ -3.946416, 57.111854 ], [ -3.946619, 57.111697 ], [ -3.946978, 57.111668 ], [ -3.948125, 57.111839 ], [ -3.948507, 57.111827 ], [ -3.94961, 57.111414 ] ] ] ] } },
{ "type": "Feature", "properties": { "NAME": "Insh Marshes" }, "geometry": { "type": "MultiPolygon", "coordinates": [ [ [ [ -3.97974, 57.090894 ], [ -3.979723, 57.08999 ], [ -3.979346, 57.089288 ], [ -3.978871, 57.088847 ], [ -3.977931, 57.088398 ], [ -3.978218, 57.088175 ], [ -3.97789, 57.087598 ], [ -3.975414, 57.085362 ], [ -3.974804, 57.085931 ], [ -3.97409, 57.086375 ], [ -3.973258, 57.086684 ], [ -3.972199, 57.086934 ], [ -3.973063, 57.087536 ], [ -3.971272, 57.088229 ], [ -3.971131, 57.088707 ], [ -3.972393, 57.089645 ], [ -3.969999, 57.090528 ], [ -3.969701, 57.090625 ], [ -3.969585, 57.090594 ], [ -3.966299, 57.091731 ], [ -3.965327, 57.092279 ], [ -3.964589, 57.092846 ], [ -3.964466, 57.092841 ], [ -3.96448, 57.092918 ], [ -3.963452, 57.093666 ], [ -3.958479, 57.091029 ], [ -3.958127, 57.09106 ], [ -3.958534, 57.091297 ], [ -3.958243, 57.091499 ], [ -3.958355, 57.091549 ], [ -3.958191, 57.091553 ], [ -3.957993, 57.091734 ], [ -3.957261, 57.091676 ], [ -3.956572, 57.091297 ], [ -3.955507, 57.091452 ], [ -3.955079, 57.091567 ], [ -3.953405, 57.092294 ], [ -3.950746, 57.093078 ], [ -3.949957, 57.093504 ], [ -3.949655, 57.093791 ], [ -3.949638, 57.094601 ], [ -3.948997, 57.095717 ], [ -3.951047, 57.096208 ], [ -3.951683, 57.096722 ], [ -3.951101, 57.097389 ], [ -3.9513, 57.098544 ], [ -3.950732, 57.100285 ], [ -3.950929, 57.100535 ], [ -3.949903, 57.101871 ], [ -3.949536, 57.10219 ], [ -3.950529, 57.102557 ], [ -3.950872, 57.102997 ], [ -3.950502, 57.103151 ], [ -3.950499, 57.103265 ], [ -3.948788, 57.104531 ], [ -3.950004, 57.104715 ], [ -3.950136, 57.104321 ], [ -3.950392, 57.104194 ], [ -3.950857, 57.104467 ], [ -3.950821, 57.105185 ], [ -3.950942, 57.105303 ], [ -3.953426, 57.106982 ], [ -3.95379, 57.107358 ], [ -3.952769, 57.1079 ], [ -3.950221, 57.108827 ], [ -3.952291, 57.110436 ], [ -3.952583, 57.110448 ], [ -3.952858, 57.110592 ], [ -3.953913, 57.110108 ], [ -3.955504, 57.109083 ], [ -3.958285, 57.108184 ], [ -3.958704, 57.107888 ], [ -3.95947, 57.106811 ], [ -3.960477, 57.106663 ], [ -3.961783, 57.106656 ], [ -3.962382, 57.106568 ], [ -3.965242, 57.105326 ], [ -3.966228, 57.104771 ], [ -3.966784, 57.104315 ], [ -3.966936, 57.103997 ], [ -3.966922, 57.103721 ], [ -3.96635, 57.102506 ], [ -3.966411, 57.102295 ], [ -3.966784, 57.102026 ], [ -3.967723, 57.101958 ], [ -3.970381, 57.10239 ], [ -3.972145, 57.102389 ], [ -3.972745, 57.1023 ], [ -3.97365, 57.102036 ], [ -3.974431, 57.101721 ], [ -3.975227, 57.101248 ], [ -3.975737, 57.100832 ], [ -3.976073, 57.100327 ], [ -3.976052, 57.099933 ], [ -3.975646, 57.099571 ], [ -3.974948, 57.099174 ], [ -3.974741, 57.098914 ], [ -3.974819, 57.09811 ], [ -3.975194, 57.097894 ], [ -3.978475, 57.096869 ], [ -3.978633, 57.096656 ], [ -3.978605, 57.096143 ], [ -3.977343, 57.095124 ], [ -3.977224, 57.094704 ], [ -3.977299, 57.094295 ], [ -3.977494, 57.093871 ], [ -3.978576, 57.092868 ], [ -3.978943, 57.092046 ], [ -3.979622, 57.091641 ], [ -3.980172, 57.091527 ], [ -3.97974, 57.090894 ] ] ] ] } },
{ "type": "Feature", "properties": { "NAME": "Insh Marshes" }, "geometry": { "type": "MultiPolygon", "coordinates": [ [ [ [ -3.978516, 57.103547 ], [ -3.979901, 57.103093 ], [ -3.981383, 57.102363 ], [ -3.983232, 57.101038 ], [ -3.984244, 57.10051 ], [ -3.986374, 57.09973 ], [ -3.988964, 57.099189 ], [ -3.990816, 57.098536 ], [ -3.992148, 57.09794 ], [ -3.993266, 57.097204 ], [ -3.99472, 57.096401 ], [ -3.993329, 57.095755 ], [ -3.984408, 57.099583 ], [ -3.974989, 57.103495 ], [ -3.976015, 57.104039 ], [ -3.978516, 57.103547 ] ] ] ] } },
{ "type": "Feature", "properties": { "NAME": "Insh Marshes" }, "geometry": { "type": "MultiPolygon", "coordinates": [ [ [ [ -3.974757, 57.103378 ], [ -3.993988, 57.095278 ], [ -3.99867, 57.093347 ], [ -4.001511, 57.092265 ], [ -4.007573, 57.090406 ], [ -4.007745, 57.090486 ], [ -4.009313, 57.08986 ], [ -4.010349, 57.089622 ], [ -4.013126, 57.088718 ], [ -4.014925, 57.088247 ], [ -4.016245, 57.08801 ], [ -4.018117, 57.087408 ], [ -4.021943, 57.086385 ], [ -4.023115, 57.086019 ], [ -4.023083, 57.08594 ], [ -4.022401, 57.085582 ], [ -4.022191, 57.085565 ], [ -4.019952, 57.08457 ], [ -4.019335, 57.084405 ], [ -4.018925, 57.08464 ], [ -4.018149, 57.08535 ], [ -4.017444, 57.0856 ], [ -4.016849, 57.085552 ], [ -4.015657, 57.085038 ], [ -4.015358, 57.085024 ], [ -4.015226, 57.085203 ], [ -4.014906, 57.085303 ], [ -4.014422, 57.08535 ], [ -4.014113, 57.085481 ], [ -4.011834, 57.085955 ], [ -4.009699, 57.08611 ], [ -4.005377, 57.08662 ], [ -4.004188, 57.086973 ], [ -4.002643, 57.087733 ], [ -4.000512, 57.089467 ], [ -3.999315, 57.09066 ], [ -3.998315, 57.090955 ], [ -3.997445, 57.090755 ], [ -3.997086, 57.090921 ], [ -3.997151, 57.091004 ], [ -3.996647, 57.090711 ], [ -3.995968, 57.090636 ], [ -3.994889, 57.090128 ], [ -3.993657, 57.089805 ], [ -3.993368, 57.089858 ], [ -3.992613, 57.0895 ], [ -3.990888, 57.089138 ], [ -3.989601, 57.089002 ], [ -3.987953, 57.088973 ], [ -3.986914, 57.089045 ], [ -3.985822, 57.089317 ], [ -3.985038, 57.089687 ], [ -3.9844, 57.090319 ], [ -3.98378, 57.090732 ], [ -3.982717, 57.091274 ], [ -3.982047, 57.091472 ], [ -3.980473, 57.091642 ], [ -3.980105, 57.091762 ], [ -3.979975, 57.091891 ], [ -3.979544, 57.091974 ], [ -3.979214, 57.092197 ], [ -3.978865, 57.093039 ], [ -3.97794, 57.094044 ], [ -3.977708, 57.094522 ], [ -3.977947, 57.095272 ], [ -3.979058, 57.096222 ], [ -3.979018, 57.096687 ], [ -3.97844, 57.097122 ], [ -3.976015, 57.097835 ], [ -3.975178, 57.098233 ], [ -3.975155, 57.098952 ], [ -3.976079, 57.099576 ], [ -3.976529, 57.100083 ], [ -3.976387, 57.100483 ], [ -3.975858, 57.101074 ], [ -3.976051, 57.101249 ], [ -3.97591, 57.10128 ], [ -3.975722, 57.101166 ], [ -3.974915, 57.101808 ], [ -3.974023, 57.10218 ], [ -3.972689, 57.102474 ], [ -3.974757, 57.103378 ] ] ] ] } },
{ "type": "Feature", "properties": { "NAME": "Insh Marshes" }, "geometry": { "type": "MultiPolygon", "coordinates": [ [ [ [ -4.023281, 57.086294 ], [ -4.02099, 57.086954 ], [ -4.018249, 57.088109 ], [ -4.018075, 57.088777 ], [ -4.018164, 57.088947 ], [ -4.019816, 57.090379 ], [ -4.020339, 57.090664 ], [ -4.021133, 57.090634 ], [ -4.021651, 57.090487 ], [ -4.021877, 57.089668 ], [ -4.022157, 57.089551 ], [ -4.02235, 57.089582 ], [ -4.023117, 57.090307 ], [ -4.026355, 57.089874 ], [ -4.023281, 57.086294 ] ] ] ] } },
{ "type": "Feature", "properties": { "NAME": "Loch Leven" }, "geometry": { "type": "MultiPolygon", "coordinates": [ [ [ [ -3.348406, 56.176175 ], [ -3.348193, 56.17855 ], [ -3.348542, 56.178574 ], [ -3.350994, 56.178162 ], [ -3.351702, 56.178114 ], [ -3.353568, 56.177558 ], [ -3.354696, 56.177104 ], [ -3.355381, 56.176724 ], [ -3.358129, 56.175023 ], [ -3.357455, 56.174754 ], [ -3.3578, 56.1745 ], [ -3.358377, 56.174726 ], [ -3.358533, 56.174696 ], [ -3.359681, 56.173974 ], [ -3.363893, 56.172972 ], [ -3.362952, 56.171764 ], [ -3.361232, 56.170419 ], [ -3.356946, 56.167822 ], [ -3.356629, 56.168122 ], [ -3.355716, 56.168558 ], [ -3.351884, 56.169386 ], [ -3.350671, 56.17006 ], [ -3.348704, 56.17041 ], [ -3.348786, 56.170624 ], [ -3.348672, 56.171274 ], [ -3.348304, 56.171782 ], [ -3.345449, 56.172953 ], [ -3.347858, 56.174925 ], [ -3.348546, 56.175725 ], [ -3.348406, 56.176175 ] ] ] ] } },
{ "type": "Feature", "properties": { "NAME": "Dinnet Oakwood" }, "geometry": { "type": "MultiPolygon", "coordinates": [ [ [ [ -2.883653, 57.070699 ], [ -2.88263, 57.068647 ], [ -2.879009, 57.069138 ], [ -2.880237, 57.069807 ], [ -2.882098, 57.0706 ], [ -2.882746, 57.070951 ], [ -2.882725, 57.071009 ], [ -2.883457, 57.071016 ], [ -2.887297, 57.071393 ], [ -2.889444, 57.071213 ], [ -2.891306, 57.070787 ], [ -2.892611, 57.070272 ], [ -2.892792, 57.069819 ], [ -2.892635, 57.069667 ], [ -2.892793, 57.06959 ], [ -2.892616, 57.069392 ], [ -2.89139, 57.068739 ], [ -2.891136, 57.068483 ], [ -2.887305, 57.069546 ], [ -2.887153, 57.070324 ], [ -2.884816, 57.070472 ], [ -2.883653, 57.070699 ] ] ] ] } },
{ "type": "Feature", "properties": { "NAME": "Isle of May" }, "geometry": { "type": "MultiPolygon", "coordinates": [ [ [ [ -2.545686, 56.180777 ], [ -2.545822, 56.180741 ], [ -2.545629, 56.180727 ], [ -2.545686, 56.180777 ] ] ] ] } },
{ "type": "Feature", "properties": { "NAME": "Insh Marshes" }, "geometry": { "type": "MultiPolygon", "coordinates": [ [ [ [ -4.020755, 57.086848 ], [ -4.018687, 57.08747 ], [ -4.017649, 57.087754 ], [ -4.018019, 57.088007 ], [ -4.020755, 57.086848 ] ] ] ] } },
{ "type": "Feature", "properties": { "NAME": "Insh Marshes" }, "geometry": { "type": "MultiPolygon", "coordinates": [ [ [ [ -4.022306, 57.073403 ], [ -4.021659, 57.073305 ], [ -4.021526, 57.073136 ], [ -4.020336, 57.073027 ], [ -4.0174, 57.072305 ], [ -4.015596, 57.071681 ], [ -4.013529, 57.071161 ], [ -4.003518, 57.070061 ], [ -4.002185, 57.070166 ], [ -3.999488, 57.070653 ], [ -3.997954, 57.070581 ], [ -3.997914, 57.070632 ], [ -3.997937, 57.070721 ], [ -3.99825, 57.070801 ], [ -3.99837, 57.071054 ], [ -3.998754, 57.071197 ], [ -3.999237, 57.071866 ], [ -4.000817, 57.072189 ], [ -4.001876, 57.072077 ], [ -4.002631, 57.072112 ], [ -4.002959, 57.072209 ], [ -4.003592, 57.07262 ], [ -4.003873, 57.07303 ], [ -4.00358, 57.07391 ], [ -4.003632, 57.074548 ], [ -4.004994, 57.075775 ], [ -4.008063, 57.074917 ], [ -4.00916, 57.074899 ], [ -4.009818, 57.075283 ], [ -4.01045, 57.075393 ], [ -4.012223, 57.075247 ], [ -4.011598, 57.07613 ], [ -4.012373, 57.076333 ], [ -4.012068, 57.076612 ], [ -4.012668, 57.076925 ], [ -4.013383, 57.077036 ], [ -4.014574, 57.077375 ], [ -4.016206, 57.077578 ], [ -4.01656, 57.077725 ], [ -4.017736, 57.078647 ], [ -4.017793, 57.078813 ], [ -4.012714, 57.081895 ], [ -4.013466, 57.082509 ], [ -4.01407, 57.083622 ], [ -4.014178, 57.084162 ], [ -4.014645, 57.085143 ], [ -4.014789, 57.085132 ], [ -4.015137, 57.084899 ], [ -4.015786, 57.084912 ], [ -4.016967, 57.085412 ], [ -4.017242, 57.085423 ], [ -4.017937, 57.085207 ], [ -4.019153, 57.084222 ], [ -4.019999, 57.083855 ], [ -4.0214, 57.083722 ], [ -4.027599, 57.083567 ], [ -4.028287, 57.083234 ], [ -4.028804, 57.08266 ], [ -4.029457, 57.082202 ], [ -4.03026, 57.081824 ], [ -4.032865, 57.081495 ], [ -4.035419, 57.080982 ], [ -4.036086, 57.080523 ], [ -4.036008, 57.079622 ], [ -4.036191, 57.079281 ], [ -4.036573, 57.079045 ], [ -4.03549, 57.078616 ], [ -4.03474, 57.078003 ], [ -4.034751, 57.076909 ], [ -4.035061, 57.076686 ], [ -4.036262, 57.076352 ], [ -4.037691, 57.07692 ], [ -4.039814, 57.078171 ], [ -4.0409, 57.0764 ], [ -4.042612, 57.074344 ], [ -4.044598, 57.072503 ], [ -4.045759, 57.071695 ], [ -4.044481, 57.071014 ], [ -4.043484, 57.070614 ], [ -4.042667, 57.070107 ], [ -4.040366, 57.070526 ], [ -4.039417, 57.07123 ], [ -4.040964, 57.072079 ], [ -4.040168, 57.073054 ], [ -4.039662, 57.073281 ], [ -4.037104, 57.07225 ], [ -4.036567, 57.072296 ], [ -4.035921, 57.072234 ], [ -4.033523, 57.071772 ], [ -4.034224, 57.072579 ], [ -4.032504, 57.072791 ], [ -4.031673, 57.07274 ], [ -4.030615, 57.071936 ], [ -4.029372, 57.072226 ], [ -4.028613, 57.072305 ], [ -4.025712, 57.072205 ], [ -4.026303, 57.07298 ], [ -4.025501, 57.07352 ], [ -4.024223, 57.073419 ], [ -4.023173, 57.07322 ], [ -4.022835, 57.073385 ], [ -4.022306, 57.073403 ] ] ] ] } },
{ "type": "Feature", "properties": { "NAME": "Rum" }, "geometry": { "type": "MultiPolygon", "coordinates": [ [ [ [ -6.450888, 57.002679 ], [ -6.451123, 57.002783 ], [ -6.451088, 57.002968 ], [ -6.451209, 57.003023 ], [ -6.451539, 57.002543 ], [ -6.451389, 57.002521 ], [ -6.451266, 57.002598 ], [ -6.451057, 57.002506 ], [ -6.450888, 57.002679 ] ] ] ] } },
{ "type": "Feature", "properties": { "NAME": "Rum" }, "geometry": { "type": "MultiPolygon", "coordinates": [ [ [ [ -6.238312, 57.006311 ], [ -6.238502, 57.006251 ], [ -6.238508, 57.006156 ], [ -6.238111, 57.005783 ], [ -6.237996, 57.006146 ], [ -6.238312, 57.006311 ] ] ] ] } },
{ "type": "Feature", "properties": { "NAME": "Rum" }, "geometry": { "type": "MultiPolygon", "coordinates": [ [ [ [ -6.322225, 57.057731 ], [ -6.322369, 57.057834 ], [ -6.322642, 57.057699 ], [ -6.32285, 57.057215 ], [ -6.322452, 57.057197 ], [ -6.32242, 57.057347 ], [ -6.32267, 57.057298 ], [ -6.322662, 57.057442 ], [ -6.322401, 57.057685 ], [ -6.32231, 57.057463 ], [ -6.322225, 57.057731 ] ] ] ] } },
{ "type": "Feature", "properties": { "NAME": "Rum" }, "geometry": { "type": "MultiPolygon", "coordinates": [ [ [ [ -6.319606, 57.057916 ], [ -6.319789, 57.057928 ], [ -6.319662, 57.057833 ], [ -6.319606, 57.057916 ] ] ] ] } },
{ "type": "Feature", "properties": { "NAME": "Rum" }, "geometry": { "type": "MultiPolygon", "coordinates": [ [ [ [ -6.321819, 57.057574 ], [ -6.321604, 57.057856 ], [ -6.321657, 57.057953 ], [ -6.321895, 57.05794 ], [ -6.321944, 57.057867 ], [ -6.321819, 57.057574 ] ] ] ] } },
{ "type": "Feature", "properties": { "NAME": "Rum" }, "geometry": { "type": "MultiPolygon", "coordinates": [ [ [ [ -6.342997, 57.057304 ], [ -6.34308, 57.057301 ], [ -6.343054, 57.057221 ], [ -6.342997, 57.057304 ] ] ] ] } },
{ "type": "Feature", "properties": { "NAME": "Rum" }, "geometry": { "type": "MultiPolygon", "coordinates": [ [ [ [ -6.342377, 57.057433 ], [ -6.342462, 57.057453 ], [ -6.342496, 57.057326 ], [ -6.342377, 57.057433 ] ] ] ] } },
{ "type": "Feature", "properties": { "NAME": "Rum" }, "geometry": { "type": "MultiPolygon", "coordinates": [ [ [ [ -6.322013, 57.058247 ], [ -6.32203, 57.058179 ], [ -6.321854, 57.058158 ], [ -6.321749, 57.058251 ], [ -6.321855, 57.058239 ], [ -6.322013, 57.058247 ] ] ] ] } },
{ "type": "Feature", "properties": { "NAME": "Rum" }, "geometry": { "type": "MultiPolygon", "coordinates": [ [ [ [ -6.342596, 57.057538 ], [ -6.342786, 57.057545 ], [ -6.342704, 57.057336 ], [ -6.342596, 57.057538 ] ] ] ] } },
{ "type": "Feature", "properties": { "NAME": "Rum" }, "geometry": { "type": "MultiPolygon", "coordinates": [ [ [ [ -6.342967, 57.057399 ], [ -6.342947, 57.05758 ], [ -6.342984, 57.057614 ], [ -6.343086, 57.057498 ], [ -6.342967, 57.057399 ] ] ] ] } },
{ "type": "Feature", "properties": { "NAME": "Rum" }, "geometry": { "type": "MultiPolygon", "coordinates": [ [ [ [ -6.343227, 57.057646 ], [ -6.343287, 57.057662 ], [ -6.343287, 57.05759 ], [ -6.343227, 57.057646 ] ] ] ] } },
{ "type": "Feature", "properties": { "NAME": "Blawhorn Moss" }, "geometry": { "type": "MultiPolygon", "coordinates": [ [ [ [ -3.780024, 55.8998 ], [ -3.78281, 55.899402 ], [ -3.783264, 55.899654 ], [ -3.784979, 55.89958 ], [ -3.785151, 55.899205 ], [ -3.785679, 55.899034 ], [ -3.785638, 55.898843 ], [ -3.786087, 55.898773 ], [ -3.786177, 55.898983 ], [ -3.790801, 55.898169 ], [ -3.791896, 55.893684 ], [ -3.791531, 55.892292 ], [ -3.791215, 55.89191 ], [ -3.790312, 55.890153 ], [ -3.790325, 55.88973 ], [ -3.789751, 55.889706 ], [ -3.789665, 55.889509 ], [ -3.789493, 55.889461 ], [ -3.779297, 55.890234 ], [ -3.773402, 55.891545 ], [ -3.772373, 55.892702 ], [ -3.772399, 55.894226 ], [ -3.775583, 55.894631 ], [ -3.776365, 55.895395 ], [ -3.772791, 55.897168 ], [ -3.775268, 55.899193 ], [ -3.779283, 55.899163 ], [ -3.780024, 55.8998 ] ], [ [ -3.782518, 55.899242 ], [ -3.782519, 55.899243 ], [ -3.782501, 55.899242 ], [ -3.782518, 55.899242 ] ] ] ] } },
{ "type": "Feature", "properties": { "NAME": "Glen Tanar" }, "geometry": { "type": "MultiPolygon", "coordinates": [ [ [ [ -2.891746, 57.053347 ], [ -2.898691, 57.053152 ], [ -2.902185, 57.053131 ], [ -2.904398, 57.051579 ], [ -2.907147, 57.049403 ], [ -2.907182, 57.049449 ], [ -2.911657, 57.047461 ], [ -2.915994, 57.045857 ], [ -2.920866, 57.041914 ], [ -2.933549, 57.037723 ], [ -2.942251, 57.037115 ], [ -2.94918, 57.036474 ], [ -2.958207, 57.033454 ], [ -2.963927, 57.032167 ], [ -2.964553, 57.031658 ], [ -2.964947, 57.030968 ], [ -2.965096, 57.030041 ], [ -2.965002, 57.029283 ], [ -2.964136, 57.028696 ], [ -2.963153, 57.028471 ], [ -2.961577, 57.02775 ], [ -2.95946, 57.026478 ], [ -2.959079, 57.026054 ], [ -2.95905, 57.024944 ], [ -2.959705, 57.023493 ], [ -2.96127, 57.021581 ], [ -2.961607, 57.020923 ], [ -2.962107, 57.020506 ], [ -2.963076, 57.020094 ], [ -2.96391, 57.019557 ], [ -2.965287, 57.018338 ], [ -2.966608, 57.017497 ], [ -2.967959, 57.01641 ], [ -2.968423, 57.01564 ], [ -2.969363, 57.015321 ], [ -2.969439, 57.015163 ], [ -2.968734, 57.014694 ], [ -2.967996, 57.014483 ], [ -2.967271, 57.014049 ], [ -2.966348, 57.013983 ], [ -2.965563, 57.014013 ], [ -2.965503, 57.013869 ], [ -2.965679, 57.013531 ], [ -2.965515, 57.013441 ], [ -2.964749, 57.013543 ], [ -2.963386, 57.013126 ], [ -2.961765, 57.012755 ], [ -2.95791, 57.013343 ], [ -2.95711, 57.012445 ], [ -2.95876, 57.011901 ], [ -2.958875, 57.011715 ], [ -2.958817, 57.011303 ], [ -2.959077, 57.011034 ], [ -2.961349, 57.00973 ], [ -2.963446, 57.008247 ], [ -2.964203, 57.00761 ], [ -2.964953, 57.006697 ], [ -2.96594, 57.005747 ], [ -2.966659, 57.005194 ], [ -2.967415, 57.004841 ], [ -2.961917, 57.003267 ], [ -2.953902, 57.000171 ], [ -2.948456, 56.999633 ], [ -2.946182, 56.999214 ], [ -2.941241, 56.99781 ], [ -2.93881, 56.99722 ], [ -2.938443, 56.996143 ], [ -2.937966, 56.99588 ], [ -2.937945, 56.995694 ], [ -2.936286, 56.995821 ], [ -2.935666, 56.99574 ], [ -2.934629, 56.99573 ], [ -2.933549, 56.995963 ], [ -2.933085, 56.996186 ], [ -2.932494, 56.996258 ], [ -2.932033, 56.996253 ], [ -2.931684, 56.996107 ], [ -2.931214, 56.996079 ], [ -2.930915, 56.995955 ], [ -2.930186, 56.996105 ], [ -2.929766, 56.996076 ], [ -2.929083, 56.996268 ], [ -2.928075, 56.995945 ], [ -2.9274, 56.995613 ], [ -2.927047, 56.995319 ], [ -2.926418, 56.995153 ], [ -2.926209, 56.995025 ], [ -2.925846, 56.995014 ], [ -2.925009, 56.994607 ], [ -2.924575, 56.994791 ], [ -2.924268, 56.994644 ], [ -2.923891, 56.994692 ], [ -2.923449, 56.994572 ], [ -2.922947, 56.994767 ], [ -2.921702, 56.994723 ], [ -2.921097, 56.995059 ], [ -2.92033, 56.994975 ], [ -2.919978, 56.995007 ], [ -2.919374, 56.995281 ], [ -2.918891, 56.9953 ], [ -2.918505, 56.995413 ], [ -2.918457, 56.995588 ], [ -2.917892, 56.995783 ], [ -2.91765, 56.995791 ], [ -2.917478, 56.995588 ], [ -2.917283, 56.995566 ], [ -2.916744, 56.995641 ], [ -2.916224, 56.995932 ], [ -2.915526, 56.995909 ], [ -2.915391, 56.996007 ], [ -2.915484, 56.996217 ], [ -2.915288, 56.996394 ], [ -2.914583, 56.996476 ], [ -2.914211, 56.996743 ], [ -2.913531, 56.996879 ], [ -2.912807, 56.997243 ], [ -2.912416, 56.997307 ], [ -2.911878, 56.99722 ], [ -2.911672, 56.997252 ], [ -2.911453, 56.997716 ], [ -2.910855, 56.997864 ], [ -2.910467, 56.998123 ], [ -2.90899, 56.998336 ], [ -2.90848, 56.998667 ], [ -2.907698, 56.999014 ], [ -2.90737, 56.999713 ], [ -2.907109, 56.999827 ], [ -2.90642, 56.999935 ], [ -2.905809, 57.000209 ], [ -2.90589, 57.000456 ], [ -2.905801, 57.000555 ], [ -2.905239, 57.000766 ], [ -2.904788, 57.000841 ], [ -2.903248, 57.001843 ], [ -2.903276, 57.001638 ], [ -2.902804, 57.001511 ], [ -2.902883, 57.001371 ], [ -2.902768, 57.001071 ], [ -2.90231, 57.00085 ], [ -2.902283, 56.999875 ], [ -2.902056, 56.99985 ], [ -2.902068, 56.999661 ], [ -2.900863, 56.998848 ], [ -2.900548, 56.998433 ], [ -2.90009, 56.998198 ], [ -2.899677, 56.998156 ], [ -2.899567, 56.99804 ], [ -2.899005, 56.997932 ], [ -2.898887, 56.997798 ], [ -2.898298, 56.997618 ], [ -2.898101, 56.9973 ], [ -2.897097, 56.996962 ], [ -2.895919, 56.996233 ], [ -2.894879, 56.995765 ], [ -2.894475, 56.995399 ], [ -2.894167, 56.995258 ], [ -2.893912, 56.995237 ], [ -2.893843, 56.995116 ], [ -2.893311, 56.994935 ], [ -2.892925, 56.995134 ], [ -2.892333, 56.995689 ], [ -2.891844, 56.995989 ], [ -2.889665, 56.9963 ], [ -2.883484, 56.99675 ], [ -2.880945, 56.996736 ], [ -2.878336, 56.996194 ], [ -2.875853, 56.995315 ], [ -2.875499, 56.994495 ], [ -2.876532, 56.993204 ], [ -2.877154, 56.992723 ], [ -2.877584, 56.992679 ], [ -2.876828, 56.992492 ], [ -2.875134, 56.992531 ], [ -2.874152, 56.992448 ], [ -2.873602, 56.992497 ], [ -2.870874, 56.991968 ], [ -2.870496, 56.991988 ], [ -2.870206, 56.991909 ], [ -2.869279, 56.992028 ], [ -2.868882, 56.991986 ], [ -2.868255, 56.992242 ], [ -2.867115, 56.992412 ], [ -2.866432, 56.992389 ], [ -2.866047, 56.992477 ], [ -2.86566, 56.992444 ], [ -2.865382, 56.992527 ], [ -2.864031, 56.992455 ], [ -2.863761, 56.992561 ], [ -2.862842, 56.992666 ], [ -2.862207, 56.992598 ], [ -2.861363, 56.992752 ], [ -2.860736, 56.99268 ], [ -2.860245, 56.992818 ], [ -2.859742, 56.992759 ], [ -2.85909, 56.992798 ], [ -2.858793, 56.993211 ], [ -2.858571, 56.993001 ], [ -2.858322, 56.992912 ], [ -2.857651, 56.99271 ], [ -2.857387, 56.992717 ], [ -2.857146, 56.992579 ], [ -2.856841, 56.992563 ], [ -2.856318, 56.992369 ], [ -2.85551, 56.99233 ], [ -2.854939, 56.992154 ], [ -2.854619, 56.992192 ], [ -2.854319, 56.992046 ], [ -2.853476, 56.991899 ], [ -2.852686, 56.991909 ], [ -2.851762, 56.991798 ], [ -2.851546, 56.991692 ], [ -2.850995, 56.991727 ], [ -2.85021, 56.991575 ], [ -2.849865, 56.991618 ], [ -2.84932, 56.991505 ], [ -2.848917, 56.991539 ], [ -2.848578, 56.991447 ], [ -2.84678, 56.991497 ], [ -2.844195, 56.991417 ], [ -2.846354, 56.995339 ], [ -2.844033, 56.998624 ], [ -2.843393, 57.003421 ], [ -2.840006, 57.004338 ], [ -2.83805, 57.005586 ], [ -2.835895, 57.009329 ], [ -2.826478, 57.009773 ], [ -2.82165, 57.010362 ], [ -2.816806, 57.012105 ], [ -2.816747, 57.018044 ], [ -2.817334, 57.020034 ], [ -2.816189, 57.022634 ], [ -2.815046, 57.024253 ], [ -2.815226, 57.028313 ], [ -2.827089, 57.028384 ], [ -2.827326, 57.029014 ], [ -2.827907, 57.029969 ], [ -2.827697, 57.030553 ], [ -2.827739, 57.031317 ], [ -2.827368, 57.032424 ], [ -2.827474, 57.034606 ], [ -2.827381, 57.035236 ], [ -2.82762, 57.035625 ], [ -2.828319, 57.036157 ], [ -2.833503, 57.035249 ], [ -2.837316, 57.034824 ], [ -2.83868, 57.034744 ], [ -2.840898, 57.034939 ], [ -2.842532, 57.034818 ], [ -2.844035, 57.034285 ], [ -2.845542, 57.033593 ], [ -2.848065, 57.032812 ], [ -2.850905, 57.034265 ], [ -2.851449, 57.035016 ], [ -2.85205, 57.036431 ], [ -2.855959, 57.03693 ], [ -2.856368, 57.038239 ], [ -2.856425, 57.03938 ], [ -2.856714, 57.040393 ], [ -2.856284, 57.042125 ], [ -2.856249, 57.042723 ], [ -2.855875, 57.043314 ], [ -2.856985, 57.044303 ], [ -2.857956, 57.044826 ], [ -2.858594, 57.045376 ], [ -2.858819, 57.045461 ], [ -2.858901, 57.045371 ], [ -2.860544, 57.045432 ], [ -2.861144, 57.045643 ], [ -2.861473, 57.045909 ], [ -2.861603, 57.04588 ], [ -2.861748, 57.045971 ], [ -2.862305, 57.045848 ], [ -2.862412, 57.045666 ], [ -2.86197, 57.045059 ], [ -2.861947, 57.044559 ], [ -2.862652, 57.043496 ], [ -2.863225, 57.043117 ], [ -2.863947, 57.043181 ], [ -2.867565, 57.046894 ], [ -2.869867, 57.046529 ], [ -2.874242, 57.0465 ], [ -2.875767, 57.045606 ], [ -2.880433, 57.045272 ], [ -2.89017, 57.05122 ], [ -2.891746, 57.053347 ] ] ] ] } },
{ "type": "Feature", "properties": { "NAME": "Forvie" }, "geometry": { "type": "MultiPolygon", "coordinates": [ [ [ [ -1.945267, 57.337776 ], [ -1.945247, 57.337849 ], [ -1.945304, 57.337832 ], [ -1.945267, 57.337776 ] ] ] ] } },
{ "type": "Feature", "properties": { "NAME": "Glen Roy" }, "geometry": { "type": "MultiPolygon", "coordinates": [ [ [ [ -4.753954, 56.985679 ], [ -4.755408, 56.985423 ], [ -4.756116, 56.985537 ], [ -4.756455, 56.98544 ], [ -4.756493, 56.985286 ], [ -4.756945, 56.985169 ], [ -4.757132, 56.985025 ], [ -4.758471, 56.984778 ], [ -4.759628, 56.984939 ], [ -4.760036, 56.985123 ], [ -4.760599, 56.985052 ], [ -4.760971, 56.985183 ], [ -4.76121, 56.985187 ], [ -4.761563, 56.98539 ], [ -4.762998, 56.98543 ], [ -4.764023, 56.985273 ], [ -4.764425, 56.985143 ], [ -4.764867, 56.985218 ], [ -4.765039, 56.985098 ], [ -4.765704, 56.985078 ], [ -4.766095, 56.984908 ], [ -4.76646, 56.984496 ], [ -4.766882, 56.984306 ], [ -4.767814, 56.984115 ], [ -4.770247, 56.983405 ], [ -4.771724, 56.982797 ], [ -4.772071, 56.98247 ], [ -4.772557, 56.982262 ], [ -4.772597, 56.98214 ], [ -4.772961, 56.981934 ], [ -4.773778, 56.98175 ], [ -4.773866, 56.981595 ], [ -4.774603, 56.981327 ], [ -4.775173, 56.981359 ], [ -4.775649, 56.981227 ], [ -4.775768, 56.981274 ], [ -4.776093, 56.981226 ], [ -4.776515, 56.981276 ], [ -4.7766, 56.981406 ], [ -4.777003, 56.981525 ], [ -4.777468, 56.981552 ], [ -4.778022, 56.981469 ], [ -4.778298, 56.981517 ], [ -4.779314, 56.981299 ], [ -4.779705, 56.981345 ], [ -4.780385, 56.981228 ], [ -4.781451, 56.981291 ], [ -4.798492, 56.978927 ], [ -4.797726, 56.978057 ], [ -4.797166, 56.976973 ], [ -4.796987, 56.976281 ], [ -4.797011, 56.975323 ], [ -4.797473, 56.974686 ], [ -4.798103, 56.974167 ], [ -4.799864, 56.973414 ], [ -4.801819, 56.973144 ], [ -4.807072, 56.972643 ], [ -4.808458, 56.97242 ], [ -4.809364, 56.972174 ], [ -4.810568, 56.971659 ], [ -4.811602, 56.971009 ], [ -4.812258, 56.970403 ], [ -4.812469, 56.968553 ], [ -4.812322, 56.962795 ], [ -4.830154, 56.949207 ], [ -4.815088, 56.944196 ], [ -4.814899, 56.942476 ], [ -4.814906, 56.930744 ], [ -4.815067, 56.929505 ], [ -4.815028, 56.927703 ], [ -4.797997, 56.927258 ], [ -4.798103, 56.927511 ], [ -4.79784, 56.927724 ], [ -4.79784, 56.927953 ], [ -4.798091, 56.928006 ], [ -4.798815, 56.927904 ], [ -4.798999, 56.927954 ], [ -4.799668, 56.929098 ], [ -4.80025, 56.929728 ], [ -4.800737, 56.930085 ], [ -4.80131, 56.931254 ], [ -4.801761, 56.931568 ], [ -4.801437, 56.931858 ], [ -4.801412, 56.93207 ], [ -4.802034, 56.932254 ], [ -4.802232, 56.932703 ], [ -4.802145, 56.93297 ], [ -4.802443, 56.933328 ], [ -4.802163, 56.933864 ], [ -4.802374, 56.93416 ], [ -4.802052, 56.934361 ], [ -4.802261, 56.934626 ], [ -4.801923, 56.934939 ], [ -4.802011, 56.93513 ], [ -4.801847, 56.935786 ], [ -4.802888, 56.937501 ], [ -4.802904, 56.937932 ], [ -4.803182, 56.938349 ], [ -4.803122, 56.938642 ], [ -4.803396, 56.939117 ], [ -4.803361, 56.939311 ], [ -4.803029, 56.939709 ], [ -4.802994, 56.940667 ], [ -4.803389, 56.941876 ], [ -4.803316, 56.942219 ], [ -4.803086, 56.942431 ], [ -4.802928, 56.943176 ], [ -4.802491, 56.943608 ], [ -4.802075, 56.943757 ], [ -4.801872, 56.944341 ], [ -4.800839, 56.945367 ], [ -4.80081, 56.945637 ], [ -4.7998, 56.946751 ], [ -4.799652, 56.947191 ], [ -4.798957, 56.947462 ], [ -4.79849, 56.948794 ], [ -4.797325, 56.95037 ], [ -4.796455, 56.950947 ], [ -4.795809, 56.951654 ], [ -4.795887, 56.951809 ], [ -4.796709, 56.952245 ], [ -4.796759, 56.952477 ], [ -4.796544, 56.952572 ], [ -4.796004, 56.952494 ], [ -4.795361, 56.952589 ], [ -4.794412, 56.953096 ], [ -4.794354, 56.953287 ], [ -4.794491, 56.953646 ], [ -4.794167, 56.953883 ], [ -4.794194, 56.954786 ], [ -4.79502, 56.956381 ], [ -4.795018, 56.956574 ], [ -4.794718, 56.957183 ], [ -4.794143, 56.957843 ], [ -4.794054, 56.9582 ], [ -4.793215, 56.958852 ], [ -4.790877, 56.959713 ], [ -4.79003, 56.96037 ], [ -4.789408, 56.960636 ], [ -4.789063, 56.960967 ], [ -4.788167, 56.961302 ], [ -4.78759, 56.961396 ], [ -4.786963, 56.961603 ], [ -4.785481, 56.96169 ], [ -4.784858, 56.961834 ], [ -4.784471, 56.962049 ], [ -4.783986, 56.961943 ], [ -4.783577, 56.96175 ], [ -4.783163, 56.961822 ], [ -4.782954, 56.962106 ], [ -4.782532, 56.96229 ], [ -4.782416, 56.962953 ], [ -4.781177, 56.96321 ], [ -4.780043, 56.963995 ], [ -4.777661, 56.964821 ], [ -4.776224, 56.965194 ], [ -4.774794, 56.965756 ], [ -4.772613, 56.967076 ], [ -4.771323, 56.967545 ], [ -4.769957, 56.968209 ], [ -4.768798, 56.969219 ], [ -4.76799, 56.969749 ], [ -4.766977, 56.970068 ], [ -4.764676, 56.970609 ], [ -4.762124, 56.971088 ], [ -4.760788, 56.97216 ], [ -4.760175, 56.972429 ], [ -4.758966, 56.972775 ], [ -4.757985, 56.973417 ], [ -4.75682, 56.974018 ], [ -4.756718, 56.9742 ], [ -4.756739, 56.975035 ], [ -4.75653, 56.975772 ], [ -4.756288, 56.976056 ], [ -4.755241, 56.976699 ], [ -4.754088, 56.977138 ], [ -4.751733, 56.977783 ], [ -4.751493, 56.978103 ], [ -4.751141, 56.978349 ], [ -4.748631, 56.979352 ], [ -4.748059, 56.979685 ], [ -4.746209, 56.980276 ], [ -4.74532, 56.98081 ], [ -4.743893, 56.981056 ], [ -4.742654, 56.981445 ], [ -4.742926, 56.981559 ], [ -4.742873, 56.981924 ], [ -4.743195, 56.982074 ], [ -4.743175, 56.982231 ], [ -4.743439, 56.982351 ], [ -4.744113, 56.982406 ], [ -4.74413, 56.982615 ], [ -4.744516, 56.982713 ], [ -4.74463, 56.982928 ], [ -4.74507, 56.983082 ], [ -4.745466, 56.983518 ], [ -4.745754, 56.98362 ], [ -4.746146, 56.983968 ], [ -4.746628, 56.984061 ], [ -4.747323, 56.984423 ], [ -4.747689, 56.984556 ], [ -4.747921, 56.984551 ], [ -4.748269, 56.984744 ], [ -4.748891, 56.98483 ], [ -4.749694, 56.985068 ], [ -4.749826, 56.985178 ], [ -4.750526, 56.98538 ], [ -4.750496, 56.985538 ], [ -4.750696, 56.985673 ], [ -4.751733, 56.98571 ], [ -4.752267, 56.985577 ], [ -4.753954, 56.985679 ] ] ], [ [ [ -4.742629, 56.981424 ], [ -4.743091, 56.981254 ], [ -4.743098, 56.981168 ], [ -4.743263, 56.981202 ], [ -4.744042, 56.980995 ], [ -4.745278, 56.980797 ], [ -4.746203, 56.980252 ], [ -4.747951, 56.979674 ], [ -4.748579, 56.979318 ], [ -4.750977, 56.978366 ], [ -4.751325, 56.978165 ], [ -4.751681, 56.977749 ], [ -4.754052, 56.977099 ], [ -4.755046, 56.97674 ], [ -4.75638, 56.975865 ], [ -4.756609, 56.97529 ], [ -4.75664, 56.974143 ], [ -4.756744, 56.973993 ], [ -4.757925, 56.973387 ], [ -4.758906, 56.972745 ], [ -4.760131, 56.97239 ], [ -4.760728, 56.972125 ], [ -4.762064, 56.971053 ], [ -4.764814, 56.970525 ], [ -4.766941, 56.970029 ], [ -4.76793, 56.969715 ], [ -4.768731, 56.969193 ], [ -4.769898, 56.968179 ], [ -4.771271, 56.967506 ], [ -4.772561, 56.967041 ], [ -4.774734, 56.965726 ], [ -4.77675, 56.964967 ], [ -4.777625, 56.964781 ], [ -4.779991, 56.96396 ], [ -4.781133, 56.963175 ], [ -4.782348, 56.962923 ], [ -4.782456, 56.962269 ], [ -4.783026, 56.961974 ], [ -4.783103, 56.961792 ], [ -4.783598, 56.961705 ], [ -4.784435, 56.962005 ], [ -4.784814, 56.96179 ], [ -4.785453, 56.961645 ], [ -4.786944, 56.961558 ], [ -4.78813, 56.961258 ], [ -4.788995, 56.960942 ], [ -4.789349, 56.96061 ], [ -4.78997, 56.96034 ], [ -4.790818, 56.959683 ], [ -4.793163, 56.958818 ], [ -4.793788, 56.958381 ], [ -4.794936, 56.956571 ], [ -4.794938, 56.956387 ], [ -4.794111, 56.954788 ], [ -4.794077, 56.953778 ], [ -4.7943, 56.95357 ], [ -4.794337, 56.953075 ], [ -4.795317, 56.95255 ], [ -4.796025, 56.952449 ], [ -4.796533, 56.952527 ], [ -4.796684, 56.952456 ], [ -4.796637, 56.952269 ], [ -4.795744, 56.951767 ], [ -4.795703, 56.951561 ], [ -4.79678, 56.950532 ], [ -4.797085, 56.950461 ], [ -4.79731, 56.950285 ], [ -4.798414, 56.948773 ], [ -4.798897, 56.947428 ], [ -4.799576, 56.947161 ], [ -4.799777, 56.946667 ], [ -4.800743, 56.945616 ], [ -4.800772, 56.945341 ], [ -4.801797, 56.94432 ], [ -4.801985, 56.943764 ], [ -4.802447, 56.943569 ], [ -4.802852, 56.943155 ], [ -4.80299, 56.942474 ], [ -4.803233, 56.942203 ], [ -4.803306, 56.941869 ], [ -4.802912, 56.940664 ], [ -4.802954, 56.939697 ], [ -4.803313, 56.939114 ], [ -4.80304, 56.938653 ], [ -4.8031, 56.938355 ], [ -4.802823, 56.937948 ], [ -4.802806, 56.937508 ], [ -4.801765, 56.935796 ], [ -4.801921, 56.935137 ], [ -4.8018, 56.934942 ], [ -4.802187, 56.934619 ], [ -4.801962, 56.934358 ], [ -4.802274, 56.934145 ], [ -4.802064, 56.933857 ], [ -4.802362, 56.933338 ], [ -4.802055, 56.932972 ], [ -4.80215, 56.932701 ], [ -4.801944, 56.932256 ], [ -4.80134, 56.932094 ], [ -4.801361, 56.931833 ], [ -4.801678, 56.93157 ], [ -4.801237, 56.931274 ], [ -4.800665, 56.930109 ], [ -4.800178, 56.929752 ], [ -4.799596, 56.929118 ], [ -4.799303, 56.928495 ], [ -4.798878, 56.927983 ], [ -4.798102, 56.92805 ], [ -4.797767, 56.927959 ], [ -4.797772, 56.927694 ], [ -4.798012, 56.927508 ], [ -4.797914, 56.92726 ], [ -4.794541, 56.927167 ], [ -4.794046, 56.927993 ], [ -4.794316, 56.928746 ], [ -4.794797, 56.929126 ], [ -4.795304, 56.929308 ], [ -4.795731, 56.929744 ], [ -4.796322, 56.930067 ], [ -4.796628, 56.93042 ], [ -4.797243, 56.930734 ], [ -4.797624, 56.931216 ], [ -4.798192, 56.931338 ], [ -4.79884, 56.932406 ], [ -4.798791, 56.932636 ], [ -4.798248, 56.93317 ], [ -4.798062, 56.933543 ], [ -4.79744, 56.935233 ], [ -4.797951, 56.935468 ], [ -4.79858, 56.936295 ], [ -4.798502, 56.93755 ], [ -4.798342, 56.937716 ], [ -4.798277, 56.938166 ], [ -4.798322, 56.938556 ], [ -4.798372, 56.938775 ], [ -4.798988, 56.939436 ], [ -4.799082, 56.939694 ], [ -4.798897, 56.940193 ], [ -4.79891, 56.940588 ], [ -4.799308, 56.940741 ], [ -4.79955, 56.941108 ], [ -4.799511, 56.941361 ], [ -4.799328, 56.941657 ], [ -4.799232, 56.942904 ], [ -4.798757, 56.943472 ], [ -4.798563, 56.944618 ], [ -4.798374, 56.94495 ], [ -4.796922, 56.946533 ], [ -4.796932, 56.946771 ], [ -4.795831, 56.947442 ], [ -4.796034, 56.947959 ], [ -4.795767, 56.94823 ], [ -4.795689, 56.948726 ], [ -4.794865, 56.948812 ], [ -4.79457, 56.94872 ], [ -4.794203, 56.94876 ], [ -4.793803, 56.948912 ], [ -4.793576, 56.949174 ], [ -4.793442, 56.949806 ], [ -4.793514, 56.950101 ], [ -4.79315, 56.951619 ], [ -4.793418, 56.953442 ], [ -4.793789, 56.954215 ], [ -4.793895, 56.95508 ], [ -4.794166, 56.955852 ], [ -4.793759, 56.956674 ], [ -4.793031, 56.95772 ], [ -4.792999, 56.958165 ], [ -4.792373, 56.958485 ], [ -4.792364, 56.958692 ], [ -4.790962, 56.959303 ], [ -4.78949, 56.960194 ], [ -4.787314, 56.961015 ], [ -4.786257, 56.961178 ], [ -4.785379, 56.961099 ], [ -4.784587, 56.961283 ], [ -4.784159, 56.961274 ], [ -4.783164, 56.961058 ], [ -4.782616, 56.961219 ], [ -4.781629, 56.961991 ], [ -4.780729, 56.962501 ], [ -4.780316, 56.962915 ], [ -4.777598, 56.964565 ], [ -4.776413, 56.964725 ], [ -4.776159, 56.964862 ], [ -4.775854, 56.964841 ], [ -4.775415, 56.964718 ], [ -4.773861, 56.963897 ], [ -4.773359, 56.963872 ], [ -4.772648, 56.964006 ], [ -4.771885, 56.964445 ], [ -4.771468, 56.96486 ], [ -4.771461, 56.965225 ], [ -4.771149, 56.966065 ], [ -4.770813, 56.966736 ], [ -4.770144, 56.967549 ], [ -4.769907, 56.967792 ], [ -4.768851, 56.96835 ], [ -4.768261, 56.969009 ], [ -4.7673, 56.969556 ], [ -4.766199, 56.970076 ], [ -4.765689, 56.970223 ], [ -4.764615, 56.970386 ], [ -4.762194, 56.970924 ], [ -4.760876, 56.971565 ], [ -4.760509, 56.971717 ], [ -4.760134, 56.97177 ], [ -4.760052, 56.971879 ], [ -4.75957, 56.972038 ], [ -4.757955, 56.972348 ], [ -4.756592, 56.972715 ], [ -4.756435, 56.972934 ], [ -4.756355, 56.974635 ], [ -4.756206, 56.974953 ], [ -4.756365, 56.975322 ], [ -4.756093, 56.975768 ], [ -4.755779, 56.975973 ], [ -4.755779, 56.976193 ], [ -4.755158, 56.976589 ], [ -4.754586, 56.976858 ], [ -4.753569, 56.977132 ], [ -4.752352, 56.97737 ], [ -4.752121, 56.977474 ], [ -4.751363, 56.977576 ], [ -4.751125, 56.977689 ], [ -4.751098, 56.977883 ], [ -4.750794, 56.978226 ], [ -4.750346, 56.978403 ], [ -4.750193, 56.978554 ], [ -4.74753, 56.97948 ], [ -4.747375, 56.979642 ], [ -4.74616, 56.980179 ], [ -4.744741, 56.980227 ], [ -4.743744, 56.98054 ], [ -4.742361, 56.981081 ], [ -4.742629, 56.981424 ] ] ] ] } },
{ "type": "Feature", "properties": { "NAME": "Flanders Moss" }, "geometry": { "type": "MultiPolygon", "coordinates": [ [ [ [ -4.20385, 56.174496 ], [ -4.215835, 56.174123 ], [ -4.216648, 56.174224 ], [ -4.216648, 56.173516 ], [ -4.219498, 56.172756 ], [ -4.222238, 56.171318 ], [ -4.223863, 56.170097 ], [ -4.224279, 56.169238 ], [ -4.22533, 56.168273 ], [ -4.229037, 56.165971 ], [ -4.22798, 56.165196 ], [ -4.225898, 56.165461 ], [ -4.222816, 56.165538 ], [ -4.222012, 56.165402 ], [ -4.221057, 56.164767 ], [ -4.220233, 56.164436 ], [ -4.220316, 56.162794 ], [ -4.224467, 56.16206 ], [ -4.230255, 56.161474 ], [ -4.228927, 56.160469 ], [ -4.228403, 56.159846 ], [ -4.229212, 56.158841 ], [ -4.23033, 56.158253 ], [ -4.228473, 56.156532 ], [ -4.228963, 56.155894 ], [ -4.230479, 56.155145 ], [ -4.231017, 56.15501 ], [ -4.230334, 56.154091 ], [ -4.230173, 56.153539 ], [ -4.229809, 56.153006 ], [ -4.229308, 56.151081 ], [ -4.229563, 56.151 ], [ -4.228108, 56.149436 ], [ -4.227239, 56.148675 ], [ -4.22678, 56.148794 ], [ -4.226092, 56.148459 ], [ -4.225223, 56.147852 ], [ -4.224881, 56.147893 ], [ -4.224545, 56.147628 ], [ -4.22424, 56.147659 ], [ -4.224152, 56.147835 ], [ -4.223154, 56.147986 ], [ -4.221257, 56.148529 ], [ -4.220849, 56.149057 ], [ -4.220073, 56.149429 ], [ -4.219582, 56.149366 ], [ -4.219211, 56.149143 ], [ -4.218466, 56.14797 ], [ -4.218253, 56.147929 ], [ -4.217408, 56.148093 ], [ -4.216873, 56.148771 ], [ -4.21699, 56.149202 ], [ -4.216881, 56.149358 ], [ -4.216583, 56.149417 ], [ -4.21603, 56.149362 ], [ -4.215849, 56.149285 ], [ -4.215121, 56.148083 ], [ -4.21467, 56.147718 ], [ -4.212131, 56.147665 ], [ -4.212031, 56.147238 ], [ -4.211423, 56.146901 ], [ -4.211039, 56.146768 ], [ -4.210638, 56.146851 ], [ -4.210207, 56.146707 ], [ -4.209806, 56.145755 ], [ -4.206307, 56.144785 ], [ -4.206177, 56.14456 ], [ -4.20594, 56.144877 ], [ -4.205672, 56.144935 ], [ -4.200059, 56.143824 ], [ -4.199765, 56.143865 ], [ -4.199171, 56.14377 ], [ -4.198389, 56.143927 ], [ -4.198067, 56.144165 ], [ -4.196691, 56.144269 ], [ -4.195406, 56.144576 ], [ -4.195153, 56.144782 ], [ -4.194162, 56.145164 ], [ -4.194146, 56.145308 ], [ -4.193645, 56.145518 ], [ -4.193674, 56.145803 ], [ -4.193524, 56.145962 ], [ -4.191639, 56.146565 ], [ -4.191572, 56.146466 ], [ -4.19052, 56.146819 ], [ -4.190344, 56.147038 ], [ -4.189344, 56.147617 ], [ -4.190396, 56.148453 ], [ -4.190171, 56.148669 ], [ -4.190754, 56.149128 ], [ -4.191394, 56.149028 ], [ -4.19254, 56.149575 ], [ -4.192792, 56.150879 ], [ -4.191494, 56.15199 ], [ -4.184249, 56.151682 ], [ -4.183102, 56.152894 ], [ -4.18307, 56.153092 ], [ -4.183484, 56.153311 ], [ -4.183387, 56.153429 ], [ -4.182886, 56.153315 ], [ -4.181482, 56.153723 ], [ -4.180357, 56.153848 ], [ -4.175953, 56.15412 ], [ -4.174627, 56.154134 ], [ -4.173824, 56.154409 ], [ -4.173526, 56.154755 ], [ -4.17333, 56.154823 ], [ -4.172694, 56.154895 ], [ -4.170768, 56.154898 ], [ -4.170998, 56.155804 ], [ -4.168516, 56.156891 ], [ -4.17133, 56.156711 ], [ -4.175127, 56.156639 ], [ -4.175338, 56.160331 ], [ -4.175102, 56.161633 ], [ -4.177306, 56.161232 ], [ -4.177205, 56.162578 ], [ -4.177274, 56.164039 ], [ -4.177618, 56.166676 ], [ -4.18146, 56.166327 ], [ -4.181798, 56.167006 ], [ -4.181623, 56.167752 ], [ -4.182706, 56.167487 ], [ -4.183006, 56.167576 ], [ -4.184368, 56.169991 ], [ -4.185162, 56.17017 ], [ -4.194399, 56.170798 ], [ -4.196173, 56.170488 ], [ -4.195986, 56.170796 ], [ -4.200527, 56.171966 ], [ -4.200355, 56.172217 ], [ -4.20421, 56.17348 ], [ -4.204337, 56.173567 ], [ -4.20385, 56.174496 ] ] ] ] } },
{ "type": "Feature", "properties": { "NAME": "Muir of Dinnet" }, "geometry": { "type": "MultiPolygon", "coordinates": [ [ [ [ -2.921234, 57.096861 ], [ -2.921718, 57.09719 ], [ -2.920897, 57.097773 ], [ -2.921207, 57.098208 ], [ -2.922536, 57.098221 ], [ -2.923018, 57.098774 ], [ -2.924142, 57.099322 ], [ -2.925822, 57.098751 ], [ -2.926885, 57.098286 ], [ -2.929069, 57.098167 ], [ -2.929866, 57.098022 ], [ -2.932157, 57.09725 ], [ -2.931181, 57.096555 ], [ -2.93325, 57.096074 ], [ -2.933346, 57.095952 ], [ -2.933251, 57.0958 ], [ -2.933367, 57.095494 ], [ -2.932803, 57.094725 ], [ -2.932705, 57.094744 ], [ -2.931287, 57.094139 ], [ -2.932853, 57.093732 ], [ -2.933104, 57.093874 ], [ -2.935135, 57.093909 ], [ -2.935171, 57.095018 ], [ -2.934844, 57.095155 ], [ -2.935093, 57.095544 ], [ -2.935106, 57.096114 ], [ -2.935707, 57.096329 ], [ -2.935961, 57.09657 ], [ -2.936337, 57.097394 ], [ -2.936857, 57.097759 ], [ -2.937255, 57.098428 ], [ -2.965526, 57.097083 ], [ -2.969789, 57.083625 ], [ -2.963013, 57.081947 ], [ -2.962688, 57.081208 ], [ -2.961947, 57.08063 ], [ -2.962683, 57.080159 ], [ -2.960451, 57.079115 ], [ -2.960701, 57.076883 ], [ -2.964806, 57.075648 ], [ -2.963481, 57.07409 ], [ -2.972542, 57.072363 ], [ -2.972121, 57.071539 ], [ -2.971445, 57.071613 ], [ -2.970834, 57.071897 ], [ -2.970473, 57.071949 ], [ -2.96928, 57.071752 ], [ -2.9692, 57.071532 ], [ -2.967059, 57.071014 ], [ -2.966981, 57.07119 ], [ -2.96627, 57.071128 ], [ -2.963758, 57.070599 ], [ -2.962651, 57.070204 ], [ -2.960127, 57.068911 ], [ -2.9589, 57.068027 ], [ -2.958698, 57.067774 ], [ -2.9575, 57.068419 ], [ -2.957971, 57.068793 ], [ -2.957473, 57.069291 ], [ -2.957105, 57.069397 ], [ -2.956414, 57.068875 ], [ -2.955629, 57.069094 ], [ -2.952987, 57.067025 ], [ -2.954191, 57.066405 ], [ -2.955565, 57.065891 ], [ -2.955449, 57.065632 ], [ -2.954353, 57.064989 ], [ -2.95338, 57.064687 ], [ -2.951918, 57.064567 ], [ -2.950765, 57.064644 ], [ -2.949782, 57.064885 ], [ -2.94917, 57.06515 ], [ -2.948131, 57.065773 ], [ -2.947654, 57.06624 ], [ -2.947388, 57.066244 ], [ -2.942876, 57.062464 ], [ -2.940693, 57.06313 ], [ -2.935993, 57.064768 ], [ -2.929331, 57.067126 ], [ -2.930769, 57.071509 ], [ -2.931434, 57.07203 ], [ -2.931528, 57.072806 ], [ -2.931437, 57.074354 ], [ -2.930036, 57.075157 ], [ -2.928474, 57.075672 ], [ -2.928538, 57.075946 ], [ -2.929214, 57.076451 ], [ -2.92906, 57.076701 ], [ -2.926675, 57.077635 ], [ -2.925897, 57.077852 ], [ -2.925796, 57.078081 ], [ -2.924835, 57.078006 ], [ -2.9244, 57.077758 ], [ -2.924303, 57.077604 ], [ -2.923388, 57.078077 ], [ -2.923213, 57.078078 ], [ -2.923133, 57.077777 ], [ -2.92239, 57.077811 ], [ -2.922243, 57.077866 ], [ -2.922303, 57.07795 ], [ -2.922144, 57.077986 ], [ -2.92209, 57.077933 ], [ -2.920982, 57.077951 ], [ -2.920456, 57.078027 ], [ -2.919267, 57.07787 ], [ -2.917873, 57.077928 ], [ -2.917741, 57.077517 ], [ -2.917222, 57.077357 ], [ -2.916879, 57.077517 ], [ -2.916417, 57.077147 ], [ -2.914418, 57.077009 ], [ -2.913848, 57.07703 ], [ -2.912793, 57.077517 ], [ -2.910463, 57.076925 ], [ -2.910027, 57.077219 ], [ -2.908649, 57.077821 ], [ -2.911582, 57.080509 ], [ -2.91228, 57.08079 ], [ -2.912759, 57.081203 ], [ -2.913367, 57.081526 ], [ -2.91443, 57.081677 ], [ -2.913337, 57.084142 ], [ -2.91207, 57.084316 ], [ -2.912864, 57.084609 ], [ -2.913336, 57.084963 ], [ -2.912217, 57.086015 ], [ -2.913081, 57.086316 ], [ -2.91274, 57.086502 ], [ -2.912888, 57.086578 ], [ -2.913155, 57.086578 ], [ -2.912645, 57.086723 ], [ -2.9117, 57.086798 ], [ -2.911278, 57.087009 ], [ -2.91088, 57.087418 ], [ -2.908497, 57.088466 ], [ -2.907003, 57.090624 ], [ -2.905653, 57.090589 ], [ -2.905073, 57.090642 ], [ -2.904529, 57.090872 ], [ -2.903643, 57.09147 ], [ -2.901965, 57.091904 ], [ -2.902178, 57.092229 ], [ -2.90277, 57.09175 ], [ -2.906009, 57.092329 ], [ -2.904987, 57.094229 ], [ -2.902347, 57.094366 ], [ -2.902357, 57.094757 ], [ -2.901451, 57.094881 ], [ -2.901628, 57.095549 ], [ -2.899976, 57.096501 ], [ -2.896197, 57.096729 ], [ -2.896238, 57.096864 ], [ -2.892237, 57.096835 ], [ -2.889195, 57.097187 ], [ -2.888731, 57.097672 ], [ -2.882437, 57.098605 ], [ -2.879101, 57.098791 ], [ -2.878097, 57.10116 ], [ -2.877196, 57.102013 ], [ -2.876705, 57.10234 ], [ -2.876342, 57.102468 ], [ -2.876119, 57.10274 ], [ -2.876442, 57.103147 ], [ -2.877854, 57.103994 ], [ -2.877094, 57.104725 ], [ -2.877031, 57.104956 ], [ -2.878647, 57.105001 ], [ -2.880207, 57.104872 ], [ -2.882089, 57.10459 ], [ -2.882133, 57.104069 ], [ -2.883335, 57.104449 ], [ -2.884092, 57.104542 ], [ -2.884112, 57.10381 ], [ -2.887058, 57.103894 ], [ -2.887223, 57.104088 ], [ -2.890939, 57.103139 ], [ -2.894655, 57.103407 ], [ -2.896231, 57.102923 ], [ -2.896891, 57.102924 ], [ -2.899067, 57.102197 ], [ -2.900203, 57.101661 ], [ -2.90078, 57.101203 ], [ -2.901555, 57.100984 ], [ -2.904034, 57.100682 ], [ -2.905398, 57.100428 ], [ -2.906045, 57.100453 ], [ -2.906791, 57.10029 ], [ -2.907917, 57.099835 ], [ -2.909242, 57.099488 ], [ -2.910086, 57.099444 ], [ -2.910739, 57.099705 ], [ -2.911529, 57.099568 ], [ -2.912212, 57.099378 ], [ -2.912926, 57.098964 ], [ -2.913411, 57.098848 ], [ -2.914677, 57.098033 ], [ -2.914355, 57.097871 ], [ -2.913325, 57.096964 ], [ -2.911937, 57.096325 ], [ -2.914614, 57.095995 ], [ -2.917137, 57.096323 ], [ -2.918085, 57.097635 ], [ -2.919141, 57.097433 ], [ -2.921234, 57.096861 ] ] ] ] } },
{ "type": "Feature", "properties": { "NAME": "Forvie" }, "geometry": { "type": "MultiPolygon", "coordinates": [ [ [ [ -1.955463, 57.330089 ], [ -1.955498, 57.330182 ], [ -1.95592, 57.330278 ], [ -1.955991, 57.330159 ], [ -1.955888, 57.330075 ], [ -1.955667, 57.330153 ], [ -1.955588, 57.330055 ], [ -1.955463, 57.330089 ] ] ] ] } },
{ "type": "Feature", "properties": { "NAME": "Forvie" }, "geometry": { "type": "MultiPolygon", "coordinates": [ [ [ [ -1.948123, 57.337057 ], [ -1.948219, 57.336975 ], [ -1.948013, 57.336923 ], [ -1.947959, 57.337024 ], [ -1.948123, 57.337057 ] ] ] ] } },
{ "type": "Feature", "properties": { "NAME": "Forvie" }, "geometry": { "type": "MultiPolygon", "coordinates": [ [ [ [ -1.944236, 57.338288 ], [ -1.944668, 57.338304 ], [ -1.944813, 57.338192 ], [ -1.944325, 57.338163 ], [ -1.944236, 57.338288 ] ] ] ] } },
{ "type": "Feature", "properties": { "NAME": "Taynish" }, "geometry": { "type": "MultiPolygon", "coordinates": [ [ [ [ -5.61784, 56.020339 ], [ -5.618712, 56.020636 ], [ -5.618704, 56.020542 ], [ -5.628083, 56.019478 ], [ -5.629416, 56.018684 ], [ -5.632995, 56.01509 ], [ -5.634613, 56.013266 ], [ -5.637062, 56.010756 ], [ -5.63808, 56.009086 ], [ -5.638472, 56.008733 ], [ -5.639492, 56.007031 ], [ -5.640145, 56.006211 ], [ -5.640591, 56.005155 ], [ -5.641016, 56.003623 ], [ -5.641516, 56.002709 ], [ -5.64185, 56.002416 ], [ -5.642655, 56.002284 ], [ -5.643373, 56.001894 ], [ -5.64447, 55.999573 ], [ -5.645649, 55.998289 ], [ -5.646663, 55.996964 ], [ -5.647297, 55.99637 ], [ -5.64729, 55.996046 ], [ -5.648669, 55.993991 ], [ -5.650028, 55.992926 ], [ -5.650198, 55.992431 ], [ -5.650458, 55.992212 ], [ -5.650401, 55.992119 ], [ -5.650683, 55.991369 ], [ -5.650092, 55.990717 ], [ -5.650523, 55.990515 ], [ -5.650607, 55.990225 ], [ -5.65014, 55.990454 ], [ -5.650055, 55.990403 ], [ -5.650245, 55.990119 ], [ -5.650184, 55.989905 ], [ -5.650987, 55.988806 ], [ -5.651955, 55.987681 ], [ -5.652265, 55.987559 ], [ -5.65275, 55.987095 ], [ -5.653156, 55.98689 ], [ -5.653215, 55.986578 ], [ -5.653476, 55.986377 ], [ -5.653698, 55.986343 ], [ -5.653791, 55.986138 ], [ -5.65476, 55.985619 ], [ -5.655735, 55.98524 ], [ -5.656317, 55.984777 ], [ -5.65761, 55.984294 ], [ -5.657819, 55.984036 ], [ -5.658438, 55.983635 ], [ -5.658324, 55.983557 ], [ -5.658638, 55.983369 ], [ -5.658137, 55.9835 ], [ -5.657875, 55.98345 ], [ -5.656992, 55.983516 ], [ -5.656663, 55.983603 ], [ -5.65638, 55.98358 ], [ -5.656221, 55.983679 ], [ -5.654858, 55.983769 ], [ -5.654381, 55.983558 ], [ -5.654103, 55.983674 ], [ -5.653455, 55.983684 ], [ -5.651655, 55.983477 ], [ -5.651684, 55.983107 ], [ -5.651176, 55.983158 ], [ -5.651326, 55.982875 ], [ -5.650441, 55.983108 ], [ -5.648925, 55.982848 ], [ -5.647366, 55.98315 ], [ -5.647216, 55.983348 ], [ -5.647557, 55.983396 ], [ -5.647615, 55.983493 ], [ -5.646983, 55.983849 ], [ -5.646057, 55.984659 ], [ -5.645313, 55.984771 ], [ -5.645104, 55.985101 ], [ -5.645575, 55.984911 ], [ -5.644659, 55.985547 ], [ -5.645191, 55.985711 ], [ -5.646143, 55.984952 ], [ -5.647537, 55.985382 ], [ -5.647202, 55.985583 ], [ -5.646993, 55.985885 ], [ -5.648857, 55.986127 ], [ -5.649502, 55.986328 ], [ -5.649751, 55.986505 ], [ -5.649425, 55.987808 ], [ -5.648358, 55.987634 ], [ -5.645848, 55.986842 ], [ -5.645393, 55.987212 ], [ -5.643902, 55.986686 ], [ -5.643546, 55.986954 ], [ -5.642849, 55.987218 ], [ -5.642324, 55.987606 ], [ -5.641725, 55.987885 ], [ -5.641379, 55.988214 ], [ -5.640896, 55.988368 ], [ -5.640482, 55.988654 ], [ -5.640087, 55.988805 ], [ -5.639018, 55.990312 ], [ -5.637943, 55.991251 ], [ -5.637447, 55.991518 ], [ -5.636787, 55.991582 ], [ -5.637232, 55.990854 ], [ -5.63676, 55.99112 ], [ -5.636534, 55.99154 ], [ -5.636386, 55.991585 ], [ -5.635698, 55.992289 ], [ -5.635396, 55.992401 ], [ -5.634818, 55.993075 ], [ -5.634774, 55.993211 ], [ -5.635246, 55.993197 ], [ -5.635338, 55.993752 ], [ -5.635076, 55.994204 ], [ -5.634076, 55.99534 ], [ -5.633966, 55.995712 ], [ -5.63287, 55.996504 ], [ -5.632507, 55.99691 ], [ -5.632252, 55.997952 ], [ -5.632476, 55.998296 ], [ -5.632247, 55.998932 ], [ -5.631834, 55.999313 ], [ -5.631198, 56.000312 ], [ -5.630151, 56.001556 ], [ -5.630279, 56.001645 ], [ -5.631427, 56.001911 ], [ -5.629975, 56.003595 ], [ -5.630022, 56.003722 ], [ -5.629716, 56.003929 ], [ -5.629664, 56.004229 ], [ -5.629956, 56.004601 ], [ -5.629834, 56.004645 ], [ -5.629219, 56.004277 ], [ -5.62923, 56.003907 ], [ -5.628179, 56.003315 ], [ -5.627305, 56.003798 ], [ -5.626311, 56.004834 ], [ -5.625839, 56.004848 ], [ -5.625609, 56.004967 ], [ -5.625249, 56.00541 ], [ -5.624877, 56.005546 ], [ -5.624329, 56.00621 ], [ -5.623975, 56.006369 ], [ -5.623093, 56.007235 ], [ -5.622934, 56.00733 ], [ -5.622599, 56.007358 ], [ -5.622216, 56.007698 ], [ -5.622113, 56.007666 ], [ -5.619366, 56.010532 ], [ -5.6183, 56.011238 ], [ -5.617936, 56.011721 ], [ -5.617301, 56.012045 ], [ -5.616895, 56.012516 ], [ -5.615136, 56.013705 ], [ -5.614733, 56.014373 ], [ -5.613927, 56.015017 ], [ -5.613871, 56.015194 ], [ -5.613544, 56.015383 ], [ -5.613342, 56.016059 ], [ -5.612526, 56.016429 ], [ -5.612389, 56.016941 ], [ -5.612107, 56.017273 ], [ -5.612198, 56.017468 ], [ -5.611918, 56.017652 ], [ -5.611084, 56.019034 ], [ -5.611051, 56.019804 ], [ -5.611323, 56.019872 ], [ -5.611746, 56.020192 ], [ -5.612155, 56.020365 ], [ -5.613235, 56.020063 ], [ -5.613754, 56.02003 ], [ -5.614669, 56.020125 ], [ -5.615421, 56.020008 ], [ -5.617095, 56.020134 ], [ -5.617326, 56.020209 ], [ -5.617411, 56.020345 ], [ -5.61784, 56.020339 ] ], [ [ -5.625881, 56.01533 ], [ -5.625292, 56.015625 ], [ -5.624369, 56.015334 ], [ -5.622958, 56.015267 ], [ -5.619962, 56.014684 ], [ -5.621753, 56.012475 ], [ -5.621724, 56.01232 ], [ -5.621574, 56.012257 ], [ -5.621586, 56.01205 ], [ -5.621774, 56.011478 ], [ -5.622165, 56.010945 ], [ -5.624445, 56.009151 ], [ -5.624659, 56.009298 ], [ -5.625268, 56.009284 ], [ -5.625278, 56.009738 ], [ -5.625984, 56.010162 ], [ -5.626355, 56.009837 ], [ -5.626133, 56.009704 ], [ -5.626263, 56.009462 ], [ -5.626083, 56.009332 ], [ -5.626174, 56.009195 ], [ -5.626107, 56.008999 ], [ -5.626977, 56.008092 ], [ -5.627916, 56.007574 ], [ -5.628037, 56.007414 ], [ -5.628623, 56.007329 ], [ -5.628816, 56.007507 ], [ -5.628679, 56.007844 ], [ -5.629248, 56.00758 ], [ -5.629431, 56.007561 ], [ -5.629715, 56.007651 ], [ -5.629029, 56.00846 ], [ -5.62752, 56.011112 ], [ -5.627283, 56.011425 ], [ -5.627064, 56.011516 ], [ -5.627094, 56.011781 ], [ -5.627315, 56.012029 ], [ -5.627274, 56.012282 ], [ -5.626999, 56.012605 ], [ -5.626833, 56.013221 ], [ -5.626466, 56.013596 ], [ -5.626394, 56.013783 ], [ -5.626494, 56.013799 ], [ -5.625881, 56.01533 ] ], [ [ -5.635591, 56.003571 ], [ -5.634839, 56.004051 ], [ -5.634614, 56.004058 ], [ -5.634525, 56.003658 ], [ -5.634749, 56.003563 ], [ -5.635591, 56.003571 ] ] ] ] } },
{ "type": "Feature", "properties": { "NAME": "Forvie" }, "geometry": { "type": "MultiPolygon", "coordinates": [ [ [ [ -1.945097, 57.338223 ], [ -1.945062, 57.338177 ], [ -1.944982, 57.338224 ], [ -1.945097, 57.338223 ] ] ] ] } },
{ "type": "Feature", "properties": { "NAME": "Creag Meagaidh" }, "geometry": { "type": "MultiPolygon", "coordinates": [ [ [ [ -4.483257, 56.978748 ], [ -4.484722, 56.979487 ], [ -4.484911, 56.979731 ], [ -4.490371, 56.983088 ], [ -4.494713, 56.985303 ], [ -4.504144, 56.982074 ], [ -4.510016, 56.980555 ], [ -4.51431, 56.979305 ], [ -4.516353, 56.978241 ], [ -4.519507, 56.977486 ], [ -4.520895, 56.977353 ], [ -4.522992, 56.977302 ], [ -4.529106, 56.977661 ], [ -4.530724, 56.97785 ], [ -4.53379, 56.978533 ], [ -4.534937, 56.978945 ], [ -4.536197, 56.97952 ], [ -4.53686, 56.979663 ], [ -4.538319, 56.979653 ], [ -4.54402, 56.978089 ], [ -4.549194, 56.97719 ], [ -4.552114, 56.976166 ], [ -4.5526, 56.97577 ], [ -4.553167, 56.974966 ], [ -4.554264, 56.974507 ], [ -4.554957, 56.974377 ], [ -4.556914, 56.974191 ], [ -4.561362, 56.974468 ], [ -4.56251, 56.974357 ], [ -4.563598, 56.974104 ], [ -4.565082, 56.973571 ], [ -4.56625, 56.972777 ], [ -4.568456, 56.970705 ], [ -4.569903, 56.968899 ], [ -4.570596, 56.968341 ], [ -4.573314, 56.967058 ], [ -4.575891, 56.966219 ], [ -4.578655, 56.966188 ], [ -4.578919, 56.965973 ], [ -4.579564, 56.965725 ], [ -4.581386, 56.965351 ], [ -4.5837, 56.964597 ], [ -4.584895, 56.964315 ], [ -4.585865, 56.963893 ], [ -4.586979, 56.96357 ], [ -4.587845, 56.963049 ], [ -4.590412, 56.962848 ], [ -4.59156, 56.962245 ], [ -4.592172, 56.961146 ], [ -4.591599, 56.960804 ], [ -4.589615, 56.960348 ], [ -4.587683, 56.959803 ], [ -4.586997, 56.959455 ], [ -4.58631, 56.958022 ], [ -4.586287, 56.954873 ], [ -4.587192, 56.954481 ], [ -4.587915, 56.954422 ], [ -4.588845, 56.954473 ], [ -4.589633, 56.954309 ], [ -4.590535, 56.953852 ], [ -4.592687, 56.952124 ], [ -4.595232, 56.953141 ], [ -4.596694, 56.952794 ], [ -4.597993, 56.952849 ], [ -4.601041, 56.952295 ], [ -4.601849, 56.952075 ], [ -4.605099, 56.950459 ], [ -4.607098, 56.949808 ], [ -4.608137, 56.949386 ], [ -4.608851, 56.948878 ], [ -4.609075, 56.948435 ], [ -4.610311, 56.947 ], [ -4.61146, 56.944834 ], [ -4.611841, 56.942902 ], [ -4.613754, 56.941761 ], [ -4.615258, 56.940523 ], [ -4.615759, 56.939495 ], [ -4.615856, 56.938424 ], [ -4.616955, 56.937225 ], [ -4.618254, 56.932299 ], [ -4.617584, 56.929428 ], [ -4.61681, 56.927418 ], [ -4.614555, 56.925133 ], [ -4.611155, 56.923052 ], [ -4.611949, 56.922648 ], [ -4.615148, 56.921521 ], [ -4.617505, 56.919149 ], [ -4.619058, 56.915993 ], [ -4.617917, 56.914008 ], [ -4.616097, 56.911368 ], [ -4.614737, 56.908476 ], [ -4.614122, 56.90438 ], [ -4.611403, 56.904259 ], [ -4.61083, 56.904172 ], [ -4.608974, 56.903586 ], [ -4.608891, 56.903261 ], [ -4.608498, 56.902816 ], [ -4.608007, 56.903022 ], [ -4.60724, 56.902854 ], [ -4.606726, 56.902901 ], [ -4.605912, 56.903246 ], [ -4.605609, 56.904079 ], [ -4.605082, 56.904539 ], [ -4.604586, 56.904725 ], [ -4.603419, 56.904942 ], [ -4.601042, 56.905967 ], [ -4.59983, 56.906369 ], [ -4.5987, 56.906649 ], [ -4.598474, 56.906595 ], [ -4.598337, 56.906742 ], [ -4.597403, 56.906976 ], [ -4.597767, 56.907477 ], [ -4.595164, 56.909358 ], [ -4.594431, 56.908559 ], [ -4.593545, 56.908473 ], [ -4.592819, 56.908668 ], [ -4.592144, 56.908566 ], [ -4.591586, 56.908628 ], [ -4.591334, 56.908694 ], [ -4.590884, 56.909063 ], [ -4.590625, 56.909118 ], [ -4.590206, 56.908964 ], [ -4.589977, 56.909023 ], [ -4.589614, 56.90935 ], [ -4.589665, 56.909618 ], [ -4.589102, 56.909904 ], [ -4.588371, 56.910018 ], [ -4.586744, 56.910492 ], [ -4.584689, 56.911437 ], [ -4.583683, 56.911492 ], [ -4.581414, 56.911374 ], [ -4.575919, 56.916445 ], [ -4.570926, 56.918245 ], [ -4.568793, 56.918807 ], [ -4.567017, 56.919756 ], [ -4.56571, 56.920331 ], [ -4.565014, 56.921087 ], [ -4.563546, 56.921611 ], [ -4.560396, 56.92206 ], [ -4.560103, 56.922679 ], [ -4.55561, 56.924631 ], [ -4.555758, 56.925833 ], [ -4.552036, 56.928007 ], [ -4.550744, 56.928465 ], [ -4.550424, 56.929312 ], [ -4.547676, 56.930469 ], [ -4.546915, 56.930763 ], [ -4.545248, 56.930415 ], [ -4.543213, 56.931786 ], [ -4.541603, 56.931529 ], [ -4.539333, 56.929463 ], [ -4.53872, 56.929662 ], [ -4.538198, 56.929713 ], [ -4.537369, 56.929492 ], [ -4.536708, 56.929434 ], [ -4.53545, 56.929545 ], [ -4.534159, 56.929535 ], [ -4.534064, 56.929465 ], [ -4.534149, 56.929391 ], [ -4.533992, 56.929381 ], [ -4.533425, 56.929617 ], [ -4.53299, 56.929621 ], [ -4.532349, 56.929994 ], [ -4.53069, 56.930378 ], [ -4.530359, 56.930578 ], [ -4.529219, 56.930731 ], [ -4.528679, 56.930535 ], [ -4.528433, 56.930536 ], [ -4.527795, 56.930823 ], [ -4.527806, 56.93111 ], [ -4.527542, 56.931224 ], [ -4.527772, 56.931331 ], [ -4.52767, 56.931405 ], [ -4.527155, 56.931564 ], [ -4.525744, 56.931606 ], [ -4.525222, 56.931787 ], [ -4.524289, 56.932327 ], [ -4.52318, 56.932336 ], [ -4.522805, 56.932627 ], [ -4.521435, 56.933149 ], [ -4.521062, 56.933475 ], [ -4.519425, 56.934061 ], [ -4.5176, 56.935032 ], [ -4.516926, 56.935527 ], [ -4.516449, 56.93613 ], [ -4.516601, 56.936428 ], [ -4.516478, 56.936673 ], [ -4.515458, 56.937403 ], [ -4.51454, 56.937813 ], [ -4.512829, 56.938404 ], [ -4.510951, 56.939314 ], [ -4.509025, 56.939896 ], [ -4.506748, 56.940872 ], [ -4.505782, 56.941543 ], [ -4.504971, 56.942332 ], [ -4.503406, 56.943266 ], [ -4.5022, 56.944283 ], [ -4.501574, 56.944544 ], [ -4.500442, 56.945203 ], [ -4.500352, 56.945413 ], [ -4.499771, 56.945804 ], [ -4.499436, 56.945927 ], [ -4.499319, 56.946121 ], [ -4.49942, 56.946558 ], [ -4.499097, 56.946998 ], [ -4.498582, 56.947246 ], [ -4.498852, 56.947481 ], [ -4.499465, 56.947572 ], [ -4.499688, 56.947722 ], [ -4.499274, 56.948564 ], [ -4.498878, 56.948836 ], [ -4.49809, 56.948575 ], [ -4.497813, 56.948753 ], [ -4.497581, 56.948788 ], [ -4.497547, 56.948894 ], [ -4.498302, 56.949132 ], [ -4.498556, 56.949351 ], [ -4.497961, 56.949757 ], [ -4.499055, 56.951832 ], [ -4.499955, 56.952497 ], [ -4.50024, 56.952707 ], [ -4.501941, 56.952808 ], [ -4.503847, 56.953399 ], [ -4.501828, 56.955165 ], [ -4.500753, 56.956548 ], [ -4.499967, 56.956604 ], [ -4.498735, 56.956871 ], [ -4.497583, 56.956944 ], [ -4.497247, 56.957256 ], [ -4.496456, 56.957479 ], [ -4.495793, 56.95777 ], [ -4.495553, 56.957991 ], [ -4.494922, 56.958273 ], [ -4.494825, 56.958549 ], [ -4.494283, 56.958928 ], [ -4.49323, 56.959412 ], [ -4.492656, 56.959936 ], [ -4.491945, 56.960242 ], [ -4.491476, 56.960737 ], [ -4.490174, 56.961199 ], [ -4.48924, 56.96199 ], [ -4.48845, 56.962347 ], [ -4.488258, 56.962553 ], [ -4.488605, 56.962955 ], [ -4.488588, 56.963189 ], [ -4.488894, 56.963462 ], [ -4.488712, 56.963937 ], [ -4.488461, 56.964118 ], [ -4.48856, 56.964367 ], [ -4.488008, 56.964724 ], [ -4.487162, 56.964507 ], [ -4.486688, 56.964548 ], [ -4.48632, 56.964699 ], [ -4.486614, 56.964797 ], [ -4.486697, 56.96493 ], [ -4.486328, 56.965436 ], [ -4.486398, 56.965745 ], [ -4.486303, 56.965922 ], [ -4.485911, 56.966213 ], [ -4.485432, 56.966321 ], [ -4.485177, 56.966191 ], [ -4.485036, 56.966414 ], [ -4.484488, 56.966349 ], [ -4.48466, 56.966709 ], [ -4.485068, 56.966782 ], [ -4.484887, 56.966903 ], [ -4.484965, 56.967202 ], [ -4.484676, 56.967069 ], [ -4.484582, 56.967142 ], [ -4.484754, 56.967247 ], [ -4.484626, 56.967308 ], [ -4.483904, 56.967457 ], [ -4.483165, 56.967359 ], [ -4.483263, 56.967474 ], [ -4.483144, 56.96753 ], [ -4.48191, 56.967411 ], [ -4.481692, 56.967474 ], [ -4.481452, 56.967447 ], [ -4.481412, 56.967583 ], [ -4.481602, 56.967727 ], [ -4.480991, 56.967694 ], [ -4.480683, 56.967763 ], [ -4.48057, 56.967923 ], [ -4.47941, 56.968404 ], [ -4.479147, 56.96867 ], [ -4.47873, 56.968827 ], [ -4.47878, 56.969086 ], [ -4.478392, 56.969314 ], [ -4.478289, 56.969622 ], [ -4.478417, 56.969691 ], [ -4.478253, 56.969811 ], [ -4.478421, 56.969997 ], [ -4.478033, 56.969968 ], [ -4.477918, 56.970197 ], [ -4.477705, 56.970114 ], [ -4.477518, 56.970145 ], [ -4.477419, 56.970487 ], [ -4.477004, 56.970591 ], [ -4.477042, 56.970779 ], [ -4.47672, 56.970646 ], [ -4.476684, 56.970844 ], [ -4.47636, 56.970797 ], [ -4.47636, 56.970923 ], [ -4.476205, 56.970939 ], [ -4.476194, 56.970778 ], [ -4.475939, 56.970778 ], [ -4.475349, 56.971043 ], [ -4.475307, 56.971168 ], [ -4.475504, 56.971281 ], [ -4.475953, 56.971973 ], [ -4.475473, 56.97218 ], [ -4.475558, 56.972345 ], [ -4.47535, 56.972816 ], [ -4.475586, 56.973391 ], [ -4.475508, 56.973703 ], [ -4.476003, 56.973994 ], [ -4.476352, 56.974396 ], [ -4.477773, 56.974736 ], [ -4.477903, 56.974958 ], [ -4.477864, 56.97535 ], [ -4.478292, 56.97598 ], [ -4.479559, 56.976723 ], [ -4.479772, 56.976957 ], [ -4.480145, 56.977111 ], [ -4.480629, 56.977704 ], [ -4.481169, 56.978039 ], [ -4.482504, 56.978552 ], [ -4.48267, 56.978706 ], [ -4.483257, 56.978748 ] ] ] ] } },
{ "type": "Feature", "properties": { "NAME": "Forvie" }, "geometry": { "type": "MultiPolygon", "coordinates": [ [ [ [ -1.953115, 57.331028 ], [ -1.953027, 57.331199 ], [ -1.95322, 57.331225 ], [ -1.953407, 57.331023 ], [ -1.953115, 57.331028 ] ] ] ] } },
{ "type": "Feature", "properties": { "NAME": "Forvie" }, "geometry": { "type": "MultiPolygon", "coordinates": [ [ [ [ -2.008328, 57.355513 ], [ -2.007351, 57.354841 ], [ -2.007078, 57.354233 ], [ -2.007163, 57.354057 ], [ -2.007666, 57.353817 ], [ -2.008162, 57.35342 ], [ -2.008442, 57.353057 ], [ -2.008477, 57.352824 ], [ -2.008255, 57.352615 ], [ -2.007776, 57.352466 ], [ -2.006536, 57.352499 ], [ -2.006154, 57.352397 ], [ -2.006197, 57.352809 ], [ -2.006608, 57.353705 ], [ -2.006302, 57.353487 ], [ -2.006116, 57.353203 ], [ -2.006099, 57.353584 ], [ -2.00632, 57.354233 ], [ -2.007243, 57.355061 ], [ -2.008328, 57.355513 ] ] ] ] } },
{ "type": "Feature", "properties": { "NAME": "Forvie" }, "geometry": { "type": "MultiPolygon", "coordinates": [ [ [ [ -1.955717, 57.330454 ], [ -1.955909, 57.330484 ], [ -1.955988, 57.330445 ], [ -1.955961, 57.330436 ], [ -1.955717, 57.330454 ] ] ] ] } },
{ "type": "Feature", "properties": { "NAME": "Cairnsmore of Fleet" }, "geometry": { "type": "MultiPolygon", "coordinates": [ [ [ [ -4.326738, 54.967772 ], [ -4.325632, 54.967517 ], [ -4.324022, 54.966835 ], [ -4.323233, 54.965765 ], [ -4.322762, 54.963063 ], [ -4.322737, 54.962331 ], [ -4.323513, 54.96088 ], [ -4.323573, 54.960203 ], [ -4.323202, 54.959221 ], [ -4.322301, 54.95822 ], [ -4.321179, 54.957405 ], [ -4.3206, 54.957102 ], [ -4.318049, 54.955857 ], [ -4.315902, 54.955032 ], [ -4.315723, 54.953656 ], [ -4.315502, 54.953251 ], [ -4.314272, 54.95199 ], [ -4.31388, 54.951788 ], [ -4.313341, 54.951608 ], [ -4.311425, 54.951635 ], [ -4.309245, 54.951906 ], [ -4.307729, 54.952259 ], [ -4.308038, 54.949345 ], [ -4.309487, 54.945435 ], [ -4.308166, 54.945315 ], [ -4.305425, 54.945574 ], [ -4.299911, 54.945957 ], [ -4.296645, 54.947152 ], [ -4.294908, 54.94763 ], [ -4.288797, 54.950005 ], [ -4.287793, 54.949355 ], [ -4.285607, 54.947553 ], [ -4.281873, 54.945967 ], [ -4.281773, 54.945955 ], [ -4.281495, 54.945998 ], [ -4.280045, 54.946368 ], [ -4.27916, 54.946681 ], [ -4.277948, 54.946824 ], [ -4.277365, 54.946758 ], [ -4.275719, 54.947033 ], [ -4.274313, 54.947513 ], [ -4.272942, 54.947597 ], [ -4.272092, 54.947901 ], [ -4.271578, 54.947645 ], [ -4.270819, 54.94761 ], [ -4.270517, 54.947661 ], [ -4.269696, 54.947501 ], [ -4.269501, 54.947504 ], [ -4.269426, 54.947606 ], [ -4.26881, 54.947427 ], [ -4.26773, 54.94627 ], [ -4.267423, 54.946226 ], [ -4.266904, 54.946308 ], [ -4.266211, 54.946158 ], [ -4.265433, 54.947227 ], [ -4.263877, 54.94878 ], [ -4.263274, 54.948951 ], [ -4.261374, 54.94975 ], [ -4.256473, 54.951468 ], [ -4.255819, 54.951907 ], [ -4.253603, 54.952506 ], [ -4.253156, 54.952379 ], [ -4.252522, 54.952538 ], [ -4.252806, 54.952912 ], [ -4.253255, 54.953181 ], [ -4.255093, 54.952778 ], [ -4.255515, 54.953046 ], [ -4.255615, 54.953479 ], [ -4.269207, 54.952402 ], [ -4.26965, 54.952528 ], [ -4.270266, 54.952474 ], [ -4.271811, 54.953224 ], [ -4.272104, 54.953287 ], [ -4.284948, 54.951898 ], [ -4.287213, 54.952817 ], [ -4.291405, 54.952771 ], [ -4.294258, 54.952855 ], [ -4.295008, 54.955212 ], [ -4.293342, 54.956587 ], [ -4.290454, 54.958608 ], [ -4.277141, 54.962553 ], [ -4.274854, 54.962748 ], [ -4.269785, 54.963005 ], [ -4.269221, 54.968512 ], [ -4.269751, 54.968712 ], [ -4.269862, 54.968581 ], [ -4.270155, 54.968517 ], [ -4.270638, 54.968076 ], [ -4.270996, 54.967494 ], [ -4.271776, 54.967057 ], [ -4.272997, 54.966971 ], [ -4.273723, 54.966809 ], [ -4.274603, 54.966905 ], [ -4.275184, 54.967106 ], [ -4.275338, 54.967049 ], [ -4.275511, 54.966794 ], [ -4.27571, 54.966736 ], [ -4.276743, 54.966901 ], [ -4.277695, 54.966879 ], [ -4.279076, 54.967123 ], [ -4.279197, 54.967188 ], [ -4.279094, 54.967325 ], [ -4.279174, 54.967387 ], [ -4.280211, 54.967303 ], [ -4.280282, 54.967468 ], [ -4.280184, 54.967605 ], [ -4.280664, 54.967839 ], [ -4.280788, 54.968389 ], [ -4.28108, 54.968847 ], [ -4.282028, 54.969314 ], [ -4.282186, 54.969352 ], [ -4.282913, 54.969212 ], [ -4.283289, 54.969228 ], [ -4.284005, 54.969318 ], [ -4.284084, 54.969474 ], [ -4.284432, 54.969557 ], [ -4.284754, 54.969448 ], [ -4.285109, 54.969513 ], [ -4.284907, 54.96955 ], [ -4.285436, 54.969725 ], [ -4.290036, 54.973409 ], [ -4.293337, 54.975875 ], [ -4.293749, 54.976097 ], [ -4.29292, 54.976628 ], [ -4.293215, 54.976708 ], [ -4.293436, 54.976879 ], [ -4.293562, 54.977187 ], [ -4.294377, 54.9775 ], [ -4.294527, 54.97765 ], [ -4.294539, 54.977865 ], [ -4.294676, 54.977944 ], [ -4.29511, 54.978016 ], [ -4.295348, 54.978214 ], [ -4.295964, 54.978333 ], [ -4.296063, 54.978551 ], [ -4.296361, 54.978707 ], [ -4.296295, 54.978933 ], [ -4.297059, 54.97904 ], [ -4.297362, 54.979417 ], [ -4.297797, 54.979646 ], [ -4.29817, 54.980152 ], [ -4.298449, 54.980376 ], [ -4.298838, 54.980494 ], [ -4.298903, 54.980664 ], [ -4.298745, 54.980779 ], [ -4.298797, 54.980864 ], [ -4.29985, 54.980835 ], [ -4.300703, 54.98098 ], [ -4.301106, 54.980932 ], [ -4.301969, 54.981266 ], [ -4.30269, 54.981716 ], [ -4.30321, 54.981652 ], [ -4.303528, 54.98188 ], [ -4.303925, 54.981841 ], [ -4.304022, 54.98205 ], [ -4.304685, 54.98215 ], [ -4.30516, 54.982123 ], [ -4.305263, 54.982431 ], [ -4.305586, 54.9826 ], [ -4.30588, 54.982684 ], [ -4.306191, 54.982665 ], [ -4.306675, 54.982917 ], [ -4.307007, 54.982872 ], [ -4.30704, 54.983059 ], [ -4.307477, 54.983072 ], [ -4.307715, 54.983211 ], [ -4.308173, 54.983158 ], [ -4.308735, 54.983286 ], [ -4.308841, 54.983496 ], [ -4.309178, 54.983516 ], [ -4.309344, 54.98381 ], [ -4.309787, 54.984129 ], [ -4.310977, 54.984212 ], [ -4.313802, 54.984889 ], [ -4.314823, 54.985232 ], [ -4.316513, 54.985298 ], [ -4.31789, 54.985132 ], [ -4.319043, 54.985546 ], [ -4.321391, 54.985871 ], [ -4.323686, 54.986008 ], [ -4.325901, 54.986252 ], [ -4.326616, 54.985114 ], [ -4.327159, 54.984494 ], [ -4.328423, 54.983757 ], [ -4.329245, 54.982533 ], [ -4.329741, 54.982238 ], [ -4.331715, 54.981477 ], [ -4.332983, 54.980767 ], [ -4.331863, 54.979978 ], [ -4.333063, 54.979598 ], [ -4.335104, 54.98025 ], [ -4.337876, 54.982179 ], [ -4.338681, 54.981635 ], [ -4.339372, 54.981469 ], [ -4.340692, 54.982038 ], [ -4.341204, 54.982672 ], [ -4.341602, 54.982727 ], [ -4.343103, 54.984036 ], [ -4.345058, 54.984825 ], [ -4.345375, 54.98481 ], [ -4.345502, 54.985204 ], [ -4.345784, 54.98525 ], [ -4.345951, 54.985391 ], [ -4.346152, 54.985393 ], [ -4.346726, 54.98572 ], [ -4.348111, 54.984546 ], [ -4.35519, 54.987014 ], [ -4.359697, 54.988743 ], [ -4.361698, 54.988986 ], [ -4.364156, 54.987075 ], [ -4.365667, 54.985657 ], [ -4.365797, 54.984279 ], [ -4.366085, 54.983199 ], [ -4.366528, 54.982764 ], [ -4.3666, 54.98172 ], [ -4.366321, 54.980835 ], [ -4.366388, 54.979185 ], [ -4.366214, 54.978343 ], [ -4.364953, 54.977509 ], [ -4.364856, 54.976253 ], [ -4.364982, 54.975347 ], [ -4.364101, 54.974308 ], [ -4.363363, 54.97252 ], [ -4.364104, 54.968514 ], [ -4.365973, 54.965354 ], [ -4.3661, 54.964732 ], [ -4.365474, 54.963773 ], [ -4.364959, 54.961545 ], [ -4.355049, 54.961012 ], [ -4.337617, 54.961043 ], [ -4.337455, 54.961362 ], [ -4.335518, 54.962477 ], [ -4.334032, 54.963608 ], [ -4.333558, 54.963797 ], [ -4.332487, 54.964725 ], [ -4.33172, 54.965131 ], [ -4.330886, 54.965815 ], [ -4.327332, 54.9677 ], [ -4.327121, 54.967777 ], [ -4.326738, 54.967772 ] ] ] ] } },
{ "type": "Feature", "properties": { "NAME": "Forvie" }, "geometry": { "type": "MultiPolygon", "coordinates": [ [ [ [ -1.948794, 57.336337 ], [ -1.948553, 57.336714 ], [ -1.948709, 57.336789 ], [ -1.948794, 57.336337 ] ] ] ] } },
{ "type": "Feature", "properties": { "NAME": "Forvie" }, "geometry": { "type": "MultiPolygon", "coordinates": [ [ [ [ -1.996978, 57.344112 ], [ -1.996298, 57.344517 ], [ -1.995508, 57.34466 ], [ -1.994929, 57.344857 ], [ -1.993863, 57.345611 ], [ -1.993705, 57.346022 ], [ -1.994135, 57.34658 ], [ -1.994419, 57.346597 ], [ -1.99467, 57.346489 ], [ -1.995155, 57.346427 ], [ -1.996019, 57.345875 ], [ -1.996613, 57.345133 ], [ -1.996589, 57.34495 ], [ -1.996222, 57.34486 ], [ -1.996365, 57.344806 ], [ -1.996277, 57.344709 ], [ -1.996832, 57.34435 ], [ -1.996978, 57.344112 ] ] ] ] } },
{ "type": "Feature", "properties": { "NAME": "Forvie" }, "geometry": { "type": "MultiPolygon", "coordinates": [ [ [ [ -1.945115, 57.338302 ], [ -1.945016, 57.338276 ], [ -1.944962, 57.338309 ], [ -1.945006, 57.338321 ], [ -1.945115, 57.338302 ] ] ] ] } },
{ "type": "Feature", "properties": { "NAME": "Forvie" }, "geometry": { "type": "MultiPolygon", "coordinates": [ [ [ [ -1.949201, 57.336546 ], [ -1.949503, 57.336498 ], [ -1.949279, 57.336421 ], [ -1.949201, 57.336546 ] ] ] ] } },
{ "type": "Feature", "properties": { "NAME": "Forvie" }, "geometry": { "type": "MultiPolygon", "coordinates": [ [ [ [ -2.006088, 57.351928 ], [ -2.006287, 57.352294 ], [ -2.008176, 57.352326 ], [ -2.008124, 57.352012 ], [ -2.00783, 57.351776 ], [ -2.007327, 57.351618 ], [ -2.006227, 57.351427 ], [ -2.006088, 57.351928 ] ] ] ] } },
{ "type": "Feature", "properties": { "NAME": "Cairnsmore of Fleet" }, "geometry": { "type": "MultiPolygon", "coordinates": [ [ [ [ -4.358726, 55.006718 ], [ -4.362456, 55.006857 ], [ -4.362359, 55.006656 ], [ -4.360063, 55.004521 ], [ -4.358752, 55.003566 ], [ -4.356646, 55.002262 ], [ -4.355125, 55.001555 ], [ -4.345544, 54.998232 ], [ -4.345061, 54.997925 ], [ -4.344415, 54.997719 ], [ -4.343393, 54.997115 ], [ -4.342289, 54.996066 ], [ -4.341317, 54.994603 ], [ -4.341075, 54.993804 ], [ -4.340893, 54.992417 ], [ -4.340691, 54.991936 ], [ -4.340133, 54.991483 ], [ -4.33654, 54.989721 ], [ -4.334022, 54.988321 ], [ -4.333068, 54.987349 ], [ -4.332934, 54.986936 ], [ -4.333066, 54.986533 ], [ -4.333066, 54.985752 ], [ -4.328632, 54.986315 ], [ -4.327038, 54.986281 ], [ -4.327322, 54.988585 ], [ -4.327463, 54.992247 ], [ -4.32728, 54.992539 ], [ -4.327054, 54.993498 ], [ -4.326483, 54.994085 ], [ -4.326359, 54.994366 ], [ -4.325686, 54.994905 ], [ -4.325183, 54.99513 ], [ -4.324965, 54.995413 ], [ -4.324275, 54.995781 ], [ -4.324023, 54.996036 ], [ -4.325211, 54.996337 ], [ -4.326597, 54.996919 ], [ -4.327538, 54.997824 ], [ -4.327832, 54.998288 ], [ -4.32813, 54.999287 ], [ -4.329635, 54.999963 ], [ -4.331715, 55.001325 ], [ -4.332189, 55.00147 ], [ -4.33696, 55.00402 ], [ -4.337782, 55.004587 ], [ -4.340915, 55.006342 ], [ -4.342952, 55.007202 ], [ -4.343882, 55.006941 ], [ -4.345979, 55.006641 ], [ -4.34797, 55.0067 ], [ -4.349007, 55.006599 ], [ -4.358726, 55.006718 ] ] ] ] } },
{ "type": "Feature", "properties": { "NAME": "Forvie" }, "geometry": { "type": "MultiPolygon", "coordinates": [ [ [ [ -1.945353, 57.337996 ], [ -1.945235, 57.337996 ], [ -1.945287, 57.33809 ], [ -1.945343, 57.33808 ], [ -1.945353, 57.337996 ] ] ] ] } },
{ "type": "Feature", "properties": { "NAME": "Forvie" }, "geometry": { "type": "MultiPolygon", "coordinates": [ [ [ [ -2.006389, 57.351089 ], [ -2.006755, 57.351291 ], [ -2.008168, 57.35174 ], [ -2.008541, 57.352042 ], [ -2.010611, 57.351732 ], [ -2.010663, 57.351634 ], [ -2.010655, 57.35145 ], [ -2.009916, 57.350848 ], [ -2.009492, 57.350807 ], [ -2.009219, 57.350867 ], [ -2.008387, 57.350566 ], [ -2.008202, 57.350415 ], [ -2.008162, 57.350236 ], [ -2.008696, 57.35011 ], [ -2.008832, 57.349993 ], [ -2.008804, 57.34982 ], [ -2.008523, 57.349562 ], [ -2.008019, 57.349461 ], [ -2.007415, 57.349613 ], [ -2.005825, 57.344528 ], [ -2.008578, 57.342896 ], [ -2.009525, 57.34212 ], [ -2.010752, 57.341472 ], [ -2.01119, 57.341349 ], [ -2.011058, 57.340218 ], [ -2.011502, 57.339703 ], [ -2.011763, 57.339195 ], [ -2.011663, 57.337925 ], [ -2.011784, 57.337711 ], [ -2.013314, 57.337275 ], [ -2.015135, 57.337712 ], [ -2.016089, 57.338133 ], [ -2.016597, 57.338211 ], [ -2.016786, 57.338346 ], [ -2.018071, 57.337887 ], [ -2.018192, 57.337945 ], [ -2.018284, 57.337899 ], [ -2.015773, 57.33627 ], [ -2.015111, 57.336038 ], [ -2.01489, 57.336246 ], [ -2.014537, 57.336344 ], [ -2.014208, 57.336343 ], [ -2.013881, 57.336216 ], [ -2.013642, 57.33596 ], [ -2.013675, 57.335811 ], [ -2.014218, 57.33537 ], [ -2.014307, 57.335403 ], [ -2.01441, 57.335325 ], [ -2.014473, 57.335422 ], [ -2.01464, 57.33529 ], [ -2.014303, 57.335297 ], [ -2.014447, 57.334984 ], [ -2.014017, 57.334753 ], [ -2.013297, 57.334754 ], [ -2.011845, 57.335241 ], [ -2.011773, 57.335157 ], [ -2.011679, 57.335279 ], [ -2.010925, 57.33526 ], [ -2.009584, 57.335725 ], [ -2.009095, 57.335762 ], [ -2.008946, 57.335712 ], [ -2.008781, 57.335406 ], [ -2.00637, 57.334916 ], [ -2.004833, 57.334503 ], [ -2.004282, 57.334568 ], [ -2.003328, 57.334878 ], [ -2.002842, 57.334905 ], [ -2.002682, 57.334793 ], [ -2.002758, 57.334381 ], [ -2.002583, 57.333763 ], [ -2.00214, 57.333215 ], [ -2.000631, 57.332391 ], [ -1.999932, 57.332182 ], [ -1.998729, 57.331652 ], [ -1.998586, 57.331725 ], [ -1.999194, 57.332249 ], [ -1.999403, 57.332675 ], [ -1.999925, 57.332835 ], [ -2.000772, 57.334189 ], [ -2.00085, 57.335384 ], [ -2.000674, 57.336022 ], [ -2.00145, 57.337008 ], [ -2.001638, 57.337667 ], [ -2.001677, 57.339678 ], [ -2.001277, 57.341671 ], [ -2.000794, 57.342568 ], [ -2.000286, 57.343053 ], [ -1.999185, 57.34375 ], [ -1.998349, 57.344163 ], [ -1.997566, 57.344436 ], [ -1.996892, 57.344949 ], [ -1.99676, 57.344933 ], [ -1.99667, 57.345305 ], [ -1.996204, 57.345839 ], [ -1.995469, 57.346363 ], [ -1.994353, 57.346917 ], [ -1.994806, 57.346959 ], [ -1.99603, 57.34739 ], [ -1.997562, 57.347647 ], [ -1.998737, 57.347985 ], [ -1.998775, 57.348139 ], [ -1.998376, 57.348259 ], [ -1.998117, 57.348757 ], [ -1.998584, 57.349116 ], [ -1.999329, 57.349416 ], [ -1.999923, 57.349507 ], [ -2.000583, 57.349507 ], [ -2.002094, 57.349277 ], [ -2.003047, 57.349242 ], [ -2.003765, 57.349312 ], [ -2.004794, 57.349543 ], [ -2.005661, 57.349947 ], [ -2.006561, 57.350739 ], [ -2.006748, 57.351072 ], [ -2.006303, 57.35084 ], [ -2.006389, 57.351089 ] ], [ [ -2.003402, 57.34157 ], [ -2.003537, 57.341928 ], [ -2.003786, 57.342182 ], [ -2.003652, 57.342519 ], [ -2.003037, 57.342608 ], [ -2.001744, 57.342313 ], [ -2.001895, 57.342212 ], [ -2.002065, 57.341668 ], [ -2.002026, 57.340525 ], [ -2.00217, 57.340289 ], [ -2.002477, 57.340091 ], [ -2.002696, 57.340167 ], [ -2.002973, 57.340688 ], [ -2.003379, 57.340913 ], [ -2.003577, 57.341215 ], [ -2.003402, 57.34157 ] ] ] ] } },
{ "type": "Feature", "properties": { "NAME": "Forvie" }, "geometry": { "type": "MultiPolygon", "coordinates": [ [ [ [ -1.93921, 57.341002 ], [ -1.939091, 57.341027 ], [ -1.939055, 57.34117 ], [ -1.939265, 57.341111 ], [ -1.93921, 57.341002 ] ] ] ] } },
{ "type": "Feature", "properties": { "NAME": "Forvie" }, "geometry": { "type": "MultiPolygon", "coordinates": [ [ [ [ -1.939757, 57.340967 ], [ -1.939717, 57.341153 ], [ -1.939765, 57.341248 ], [ -1.939996, 57.341046 ], [ -1.939757, 57.340967 ] ] ] ] } },
{ "type": "Feature", "properties": { "NAME": "Forvie" }, "geometry": { "type": "MultiPolygon", "coordinates": [ [ [ [ -1.940483, 57.340005 ], [ -1.940222, 57.339792 ], [ -1.940099, 57.340033 ], [ -1.940483, 57.340005 ] ] ] ] } },
{ "type": "Feature", "properties": { "NAME": "Forvie" }, "geometry": { "type": "MultiPolygon", "coordinates": [ [ [ [ -1.949478, 57.336436 ], [ -1.949623, 57.336472 ], [ -1.949674, 57.336451 ], [ -1.949497, 57.336365 ], [ -1.949478, 57.336436 ] ] ] ] } },
{ "type": "Feature", "properties": { "NAME": "Insh Marshes" }, "geometry": { "type": "MultiPolygon", "coordinates": [ [ [ [ -4.044191, 57.077096 ], [ -4.046011, 57.07677 ], [ -4.046645, 57.076547 ], [ -4.046862, 57.076352 ], [ -4.045926, 57.075623 ], [ -4.04641, 57.075285 ], [ -4.046284, 57.074613 ], [ -4.04492, 57.074263 ], [ -4.044645, 57.074091 ], [ -4.045202, 57.073275 ], [ -4.045612, 57.072952 ], [ -4.046145, 57.072312 ], [ -4.046616, 57.072045 ], [ -4.046425, 57.07197 ], [ -4.043937, 57.073963 ], [ -4.043085, 57.074779 ], [ -4.042999, 57.075112 ], [ -4.042557, 57.075317 ], [ -4.041463, 57.076765 ], [ -4.040622, 57.078302 ], [ -4.04091, 57.078517 ], [ -4.041795, 57.077702 ], [ -4.042367, 57.077411 ], [ -4.043671, 57.077114 ], [ -4.044191, 57.077096 ] ] ] ] } },
{ "type": "Feature", "properties": { "NAME": "Forvie" }, "geometry": { "type": "MultiPolygon", "coordinates": [ [ [ [ -2.001646, 57.350411 ], [ -2.00282, 57.350759 ], [ -2.004505, 57.350939 ], [ -2.005572, 57.351273 ], [ -2.00546, 57.350674 ], [ -2.00501, 57.35019 ], [ -2.00432, 57.349756 ], [ -2.003707, 57.34954 ], [ -2.002268, 57.349567 ], [ -2.001331, 57.349775 ], [ -2.001118, 57.349872 ], [ -2.003087, 57.350425 ], [ -2.000854, 57.350071 ], [ -2.001646, 57.350411 ] ] ] ] } },
{ "type": "Feature", "properties": { "NAME": "Glen Affric" }, "geometry": { "type": "MultiPolygon", "coordinates": [ [ [ [ -4.893815, 57.297558 ], [ -4.894364, 57.297447 ], [ -4.895537, 57.297489 ], [ -4.896137, 57.297679 ], [ -4.896526, 57.297631 ], [ -4.896861, 57.297496 ], [ -4.897163, 57.297218 ], [ -4.897235, 57.296713 ], [ -4.897401, 57.296519 ], [ -4.897208, 57.296166 ], [ -4.896326, 57.295893 ], [ -4.89574, 57.295886 ], [ -4.894798, 57.296343 ], [ -4.894551, 57.296585 ], [ -4.892469, 57.296871 ], [ -4.891726, 57.296888 ], [ -4.891006, 57.29713 ], [ -4.890204, 57.297549 ], [ -4.890093, 57.298017 ], [ -4.889536, 57.298508 ], [ -4.888056, 57.298548 ], [ -4.887419, 57.298491 ], [ -4.886499, 57.298555 ], [ -4.886399, 57.298638 ], [ -4.886602, 57.298717 ], [ -4.886875, 57.298682 ], [ -4.887532, 57.298923 ], [ -4.888309, 57.299006 ], [ -4.89, 57.298938 ], [ -4.891244, 57.2984 ], [ -4.891875, 57.298377 ], [ -4.893815, 57.297558 ] ] ] ] } },
{ "type": "Feature", "properties": { "NAME": "Taynish" }, "geometry": { "type": "MultiPolygon", "coordinates": [ [ [ [ -5.640695, 55.986315 ], [ -5.640834, 55.986347 ], [ -5.642854, 55.985567 ], [ -5.644167, 55.984859 ], [ -5.645712, 55.983806 ], [ -5.64808, 55.982387 ], [ -5.64821, 55.982064 ], [ -5.648715, 55.981474 ], [ -5.648753, 55.981189 ], [ -5.649069, 55.980973 ], [ -5.648992, 55.980746 ], [ -5.648646, 55.980567 ], [ -5.648726, 55.979972 ], [ -5.648337, 55.980015 ], [ -5.647726, 55.979911 ], [ -5.647008, 55.980121 ], [ -5.646308, 55.980601 ], [ -5.64582, 55.981209 ], [ -5.644311, 55.982135 ], [ -5.642619, 55.983583 ], [ -5.643005, 55.983081 ], [ -5.642386, 55.983491 ], [ -5.642193, 55.983658 ], [ -5.642235, 55.983765 ], [ -5.641909, 55.983883 ], [ -5.641948, 55.98412 ], [ -5.641021, 55.98492 ], [ -5.640644, 55.985435 ], [ -5.640492, 55.985781 ], [ -5.641195, 55.985495 ], [ -5.641363, 55.985495 ], [ -5.640906, 55.985917 ], [ -5.640695, 55.986315 ] ], [ [ -5.648613, 55.980035 ], [ -5.648417, 55.980601 ], [ -5.648179, 55.980802 ], [ -5.647786, 55.981483 ], [ -5.647978, 55.981815 ], [ -5.647825, 55.982147 ], [ -5.647945, 55.982315 ], [ -5.647771, 55.982518 ], [ -5.646619, 55.983141 ], [ -5.646376, 55.983373 ], [ -5.645196, 55.983956 ], [ -5.645159, 55.984065 ], [ -5.643838, 55.984945 ], [ -5.642745, 55.985521 ], [ -5.641804, 55.985913 ], [ -5.640864, 55.986157 ], [ -5.641761, 55.98546 ], [ -5.6419, 55.985146 ], [ -5.641839, 55.985004 ], [ -5.641573, 55.984989 ], [ -5.640957, 55.985264 ], [ -5.641022, 55.9851 ], [ -5.64243, 55.983786 ], [ -5.642873, 55.983553 ], [ -5.643395, 55.983047 ], [ -5.643611, 55.982956 ], [ -5.644157, 55.982368 ], [ -5.645686, 55.981581 ], [ -5.645915, 55.981197 ], [ -5.646228, 55.98103 ], [ -5.646224, 55.980905 ], [ -5.647011, 55.980238 ], [ -5.647443, 55.980059 ], [ -5.647762, 55.980041 ], [ -5.648028, 55.980136 ], [ -5.648077, 55.980315 ], [ -5.648613, 55.980035 ] ] ] ] } },
{ "type": "Feature", "properties": { "NAME": "Forvie" }, "geometry": { "type": "MultiPolygon", "coordinates": [ [ [ [ -1.954393, 57.330483 ], [ -1.954464, 57.330531 ], [ -1.954496, 57.33044 ], [ -1.954393, 57.330483 ] ] ] ] } },
{ "type": "Feature", "properties": { "NAME": "Forvie" }, "geometry": { "type": "MultiPolygon", "coordinates": [ [ [ [ -1.939903, 57.341231 ], [ -1.940163, 57.341331 ], [ -1.940198, 57.341429 ], [ -1.940296, 57.341397 ], [ -1.940275, 57.341174 ], [ -1.940034, 57.341091 ], [ -1.939903, 57.341231 ] ] ] ] } },
{ "type": "Feature", "properties": { "NAME": "Forvie" }, "geometry": { "type": "MultiPolygon", "coordinates": [ [ [ [ -1.946776, 57.337107 ], [ -1.946763, 57.337334 ], [ -1.94712, 57.33735 ], [ -1.946776, 57.337107 ] ] ] ] } },
{ "type": "Feature", "properties": { "NAME": "Forvie" }, "geometry": { "type": "MultiPolygon", "coordinates": [ [ [ [ -1.998173, 57.328219 ], [ -1.998009, 57.329605 ], [ -1.997805, 57.329754 ], [ -1.998061, 57.330892 ], [ -1.998498, 57.331617 ], [ -1.998623, 57.331554 ], [ -1.998616, 57.33141 ], [ -1.999048, 57.331201 ], [ -1.998946, 57.330584 ], [ -1.999382, 57.330115 ], [ -1.999213, 57.328971 ], [ -1.999726, 57.327954 ], [ -1.999898, 57.326931 ], [ -1.999536, 57.325637 ], [ -1.999447, 57.325583 ], [ -1.999001, 57.325863 ], [ -1.999419, 57.325564 ], [ -1.9986, 57.3255 ], [ -1.998318, 57.325076 ], [ -1.99795, 57.325184 ], [ -1.997822, 57.325311 ], [ -1.998083, 57.325726 ], [ -1.998099, 57.326271 ], [ -1.998057, 57.32703 ], [ -1.997941, 57.326967 ], [ -1.997861, 57.327003 ], [ -1.997692, 57.32781 ], [ -1.997903, 57.328585 ], [ -1.998026, 57.328268 ], [ -1.998173, 57.328219 ] ] ] ] } },
{ "type": "Feature", "properties": { "NAME": "Glen Affric" }, "geometry": { "type": "MultiPolygon", "coordinates": [ [ [ [ -4.908071, 57.294224 ], [ -4.90764, 57.29432 ], [ -4.907664, 57.294474 ], [ -4.907861, 57.294489 ], [ -4.90806, 57.294378 ], [ -4.908071, 57.294224 ] ] ] ] } },
{ "type": "Feature", "properties": { "NAME": "Glen Affric" }, "geometry": { "type": "MultiPolygon", "coordinates": [ [ [ [ -4.914826, 57.289219 ], [ -4.913956, 57.28977 ], [ -4.913862, 57.289926 ], [ -4.914356, 57.289876 ], [ -4.914619, 57.289748 ], [ -4.91475, 57.289375 ], [ -4.91491, 57.289307 ], [ -4.915371, 57.289503 ], [ -4.915553, 57.289855 ], [ -4.915425, 57.289961 ], [ -4.915626, 57.290033 ], [ -4.916406, 57.28999 ], [ -4.916634, 57.289865 ], [ -4.916302, 57.289644 ], [ -4.915729, 57.289758 ], [ -4.915668, 57.289434 ], [ -4.914826, 57.289219 ] ] ] ] } },
{ "type": "Feature", "properties": { "NAME": "Glen Affric" }, "geometry": { "type": "MultiPolygon", "coordinates": [ [ [ [ -4.927268, 57.281224 ], [ -4.92697, 57.281424 ], [ -4.92656, 57.281488 ], [ -4.926403, 57.281685 ], [ -4.926752, 57.281824 ], [ -4.927071, 57.282173 ], [ -4.927388, 57.282131 ], [ -4.927514, 57.281996 ], [ -4.928109, 57.282024 ], [ -4.928293, 57.281875 ], [ -4.928608, 57.281813 ], [ -4.928785, 57.2815 ], [ -4.928425, 57.281303 ], [ -4.927268, 57.281224 ] ] ] ] } },
{ "type": "Feature", "properties": { "NAME": "Glen Affric" }, "geometry": { "type": "MultiPolygon", "coordinates": [ [ [ [ -5.05816, 57.259543 ], [ -5.06015, 57.259445 ], [ -5.062919, 57.25911 ], [ -5.065306, 57.258638 ], [ -5.067105, 57.258664 ], [ -5.068467, 57.25857 ], [ -5.070298, 57.258663 ], [ -5.072245, 57.258533 ], [ -5.0738, 57.258311 ], [ -5.074423, 57.258147 ], [ -5.074493, 57.257738 ], [ -5.07393, 57.257087 ], [ -5.072616, 57.256613 ], [ -5.072306, 57.255754 ], [ -5.071787, 57.255278 ], [ -5.071936, 57.255094 ], [ -5.071869, 57.255 ], [ -5.071337, 57.254928 ], [ -5.070728, 57.254699 ], [ -5.06965, 57.254605 ], [ -5.069061, 57.254477 ], [ -5.068357, 57.254127 ], [ -5.067658, 57.253511 ], [ -5.067301, 57.253652 ], [ -5.067123, 57.253855 ], [ -5.067114, 57.254564 ], [ -5.066793, 57.254749 ], [ -5.066691, 57.254988 ], [ -5.065971, 57.25506 ], [ -5.065716, 57.255024 ], [ -5.065597, 57.255162 ], [ -5.065207, 57.255245 ], [ -5.064829, 57.255474 ], [ -5.064244, 57.255608 ], [ -5.063529, 57.256021 ], [ -5.062641, 57.255858 ], [ -5.062193, 57.255892 ], [ -5.061756, 57.256054 ], [ -5.06034, 57.255982 ], [ -5.059655, 57.256197 ], [ -5.058975, 57.256291 ], [ -5.058607, 57.256284 ], [ -5.058066, 57.256154 ], [ -5.056971, 57.256364 ], [ -5.054342, 57.256542 ], [ -5.051884, 57.256563 ], [ -5.051102, 57.256714 ], [ -5.049471, 57.25686 ], [ -5.04852, 57.257282 ], [ -5.047628, 57.257394 ], [ -5.046681, 57.257393 ], [ -5.041761, 57.256969 ], [ -5.041098, 57.257082 ], [ -5.04086, 57.257297 ], [ -5.04029, 57.257517 ], [ -5.039827, 57.257557 ], [ -5.03941, 57.257507 ], [ -5.039054, 57.257726 ], [ -5.038768, 57.25778 ], [ -5.038244, 57.257641 ], [ -5.037383, 57.257869 ], [ -5.036708, 57.257905 ], [ -5.036322, 57.25783 ], [ -5.03527, 57.258175 ], [ -5.033419, 57.258267 ], [ -5.031936, 57.258164 ], [ -5.031556, 57.258242 ], [ -5.029823, 57.25831 ], [ -5.029423, 57.258415 ], [ -5.028672, 57.258426 ], [ -5.028038, 57.258523 ], [ -5.027212, 57.258464 ], [ -5.026323, 57.258532 ], [ -5.02527, 57.258878 ], [ -5.025357, 57.259196 ], [ -5.02519, 57.259411 ], [ -5.025216, 57.259602 ], [ -5.02547, 57.259633 ], [ -5.025518, 57.259739 ], [ -5.026184, 57.26006 ], [ -5.025532, 57.26024 ], [ -5.022823, 57.260511 ], [ -5.022468, 57.260919 ], [ -5.022731, 57.262048 ], [ -5.022193, 57.26273 ], [ -5.022551, 57.263169 ], [ -5.024708, 57.26482 ], [ -5.026926, 57.264827 ], [ -5.029021, 57.264519 ], [ -5.030253, 57.264856 ], [ -5.032939, 57.264105 ], [ -5.035198, 57.263967 ], [ -5.036405, 57.262873 ], [ -5.038425, 57.26246 ], [ -5.04028, 57.26298 ], [ -5.04222, 57.26336 ], [ -5.043709, 57.262955 ], [ -5.045548, 57.26276 ], [ -5.046381, 57.262397 ], [ -5.047498, 57.262456 ], [ -5.048906, 57.262313 ], [ -5.049258, 57.262155 ], [ -5.052705, 57.261946 ], [ -5.055379, 57.261247 ], [ -5.057684, 57.260126 ], [ -5.05816, 57.259543 ] ] ] ] } },
{ "type": "Feature", "properties": { "NAME": "Forvie" }, "geometry": { "type": "MultiPolygon", "coordinates": [ [ [ [ -2.009097, 57.353896 ], [ -2.008574, 57.354176 ], [ -2.008448, 57.354516 ], [ -2.008705, 57.354864 ], [ -2.009247, 57.35509 ], [ -2.009407, 57.354927 ], [ -2.00954, 57.354346 ], [ -2.009475, 57.354166 ], [ -2.009097, 57.353896 ] ] ] ] } },
{ "type": "Feature", "properties": { "NAME": "Glen Affric" }, "geometry": { "type": "MultiPolygon", "coordinates": [ [ [ [ -4.87557, 57.356876 ], [ -4.875809, 57.356964 ], [ -4.876248, 57.357412 ], [ -4.876844, 57.357767 ], [ -4.877821, 57.357913 ], [ -4.879372, 57.357545 ], [ -4.879791, 57.357249 ], [ -4.882188, 57.356226 ], [ -4.882846, 57.356271 ], [ -4.883161, 57.356187 ], [ -4.883888, 57.356331 ], [ -4.884874, 57.356315 ], [ -4.885112, 57.356436 ], [ -4.885118, 57.356673 ], [ -4.885666, 57.356413 ], [ -4.886321, 57.356343 ], [ -4.886418, 57.356009 ], [ -4.88658, 57.355917 ], [ -4.886478, 57.355477 ], [ -4.886931, 57.355398 ], [ -4.888693, 57.355345 ], [ -4.889878, 57.355038 ], [ -4.89069, 57.354956 ], [ -4.891121, 57.354796 ], [ -4.891693, 57.354722 ], [ -4.891915, 57.354455 ], [ -4.892483, 57.35418 ], [ -4.893666, 57.353366 ], [ -4.894295, 57.353206 ], [ -4.89467, 57.353186 ], [ -4.895344, 57.353277 ], [ -4.895686, 57.353192 ], [ -4.896105, 57.353215 ], [ -4.898191, 57.35356 ], [ -4.898607, 57.353741 ], [ -4.899014, 57.353808 ], [ -4.899656, 57.354188 ], [ -4.900494, 57.35409 ], [ -4.901313, 57.353753 ], [ -4.901705, 57.353148 ], [ -4.901695, 57.352881 ], [ -4.90163, 57.352785 ], [ -4.901503, 57.352815 ], [ -4.901422, 57.352428 ], [ -4.900909, 57.352078 ], [ -4.900994, 57.351697 ], [ -4.901458, 57.351274 ], [ -4.90126, 57.351015 ], [ -4.901731, 57.35087 ], [ -4.901934, 57.350715 ], [ -4.901935, 57.350488 ], [ -4.902162, 57.350438 ], [ -4.902242, 57.350189 ], [ -4.902812, 57.34983 ], [ -4.902813, 57.349654 ], [ -4.903066, 57.349423 ], [ -4.903569, 57.349447 ], [ -4.904569, 57.349263 ], [ -4.905589, 57.349246 ], [ -4.905971, 57.349086 ], [ -4.906227, 57.348849 ], [ -4.907337, 57.348796 ], [ -4.908448, 57.348372 ], [ -4.908964, 57.347904 ], [ -4.909003, 57.347638 ], [ -4.909888, 57.347553 ], [ -4.910314, 57.347335 ], [ -4.91109, 57.347108 ], [ -4.91138, 57.346911 ], [ -4.911704, 57.346886 ], [ -4.913204, 57.346181 ], [ -4.913406, 57.34594 ], [ -4.913929, 57.34589 ], [ -4.914428, 57.346086 ], [ -4.916335, 57.346163 ], [ -4.917999, 57.346057 ], [ -4.921968, 57.346345 ], [ -4.922691, 57.346515 ], [ -4.924799, 57.346471 ], [ -4.926746, 57.346568 ], [ -4.92717, 57.346491 ], [ -4.927679, 57.346335 ], [ -4.928137, 57.346067 ], [ -4.928696, 57.345556 ], [ -4.92924, 57.344884 ], [ -4.929261, 57.344318 ], [ -4.92937, 57.34423 ], [ -4.929819, 57.344039 ], [ -4.930839, 57.343833 ], [ -4.931595, 57.342689 ], [ -4.931913, 57.342413 ], [ -4.934638, 57.341153 ], [ -4.937436, 57.340332 ], [ -4.938981, 57.340104 ], [ -4.941453, 57.340271 ], [ -4.941986, 57.34023 ], [ -4.942687, 57.339943 ], [ -4.942936, 57.339729 ], [ -4.942366, 57.339255 ], [ -4.9421, 57.338825 ], [ -4.942029, 57.338326 ], [ -4.942163, 57.337402 ], [ -4.941776, 57.336977 ], [ -4.941735, 57.336713 ], [ -4.94243, 57.336308 ], [ -4.94232, 57.336184 ], [ -4.942779, 57.336102 ], [ -4.942783, 57.335994 ], [ -4.942116, 57.335391 ], [ -4.941807, 57.334639 ], [ -4.941405, 57.334301 ], [ -4.94102, 57.332932 ], [ -4.940545, 57.332685 ], [ -4.940283, 57.33241 ], [ -4.940341, 57.331883 ], [ -4.939487, 57.331547 ], [ -4.938377, 57.331323 ], [ -4.937401, 57.331314 ], [ -4.933662, 57.330859 ], [ -4.930085, 57.330592 ], [ -4.929434, 57.330585 ], [ -4.926594, 57.331139 ], [ -4.927097, 57.32586 ], [ -4.926977, 57.32489 ], [ -4.926336, 57.323447 ], [ -4.925473, 57.322278 ], [ -4.918057, 57.315812 ], [ -4.921558, 57.316391 ], [ -4.923941, 57.316596 ], [ -4.927113, 57.316697 ], [ -4.929916, 57.316584 ], [ -4.933834, 57.316127 ], [ -4.936215, 57.315432 ], [ -4.939559, 57.314009 ], [ -4.941207, 57.312966 ], [ -4.942122, 57.312257 ], [ -4.950229, 57.31199 ], [ -4.95913, 57.309209 ], [ -4.999074, 57.309347 ], [ -5.04877, 57.299589 ], [ -5.002548, 57.278467 ], [ -4.98952, 57.273132 ], [ -4.989515, 57.272778 ], [ -4.990062, 57.272829 ], [ -4.989947, 57.272479 ], [ -4.98875, 57.271192 ], [ -4.988494, 57.270795 ], [ -4.988378, 57.270286 ], [ -4.988671, 57.269828 ], [ -4.990852, 57.268776 ], [ -4.991763, 57.267328 ], [ -4.991096, 57.266575 ], [ -4.990053, 57.266021 ], [ -4.987131, 57.265104 ], [ -4.987552, 57.264719 ], [ -4.988143, 57.264573 ], [ -4.989983, 57.264359 ], [ -4.992983, 57.263797 ], [ -4.997457, 57.263235 ], [ -4.998422, 57.262907 ], [ -4.99956, 57.262666 ], [ -5.003739, 57.262014 ], [ -5.004251, 57.261628 ], [ -5.005551, 57.261032 ], [ -5.006461, 57.260334 ], [ -5.008586, 57.259422 ], [ -5.008724, 57.259208 ], [ -5.008357, 57.2588 ], [ -5.009352, 57.258438 ], [ -5.011161, 57.258245 ], [ -5.011389, 57.258145 ], [ -5.012867, 57.257972 ], [ -5.015024, 57.25751 ], [ -5.018609, 57.256002 ], [ -5.019305, 57.255529 ], [ -5.01963, 57.255596 ], [ -5.022589, 57.257482 ], [ -5.023183, 57.25702 ], [ -5.023732, 57.257011 ], [ -5.023627, 57.256896 ], [ -5.023705, 57.256845 ], [ -5.02486, 57.256756 ], [ -5.027177, 57.255474 ], [ -5.02878, 57.254813 ], [ -5.029763, 57.254633 ], [ -5.030321, 57.254392 ], [ -5.031388, 57.254142 ], [ -5.031611, 57.254021 ], [ -5.031761, 57.253667 ], [ -5.033932, 57.253129 ], [ -5.035834, 57.252919 ], [ -5.036111, 57.252692 ], [ -5.036599, 57.252517 ], [ -5.037089, 57.252542 ], [ -5.037901, 57.252798 ], [ -5.039111, 57.252866 ], [ -5.039646, 57.253096 ], [ -5.040034, 57.253139 ], [ -5.040568, 57.253771 ], [ -5.040544, 57.254059 ], [ -5.040036, 57.254332 ], [ -5.040517, 57.254735 ], [ -5.041131, 57.254762 ], [ -5.044364, 57.253841 ], [ -5.04592, 57.253106 ], [ -5.046809, 57.25279 ], [ -5.047963, 57.252765 ], [ -5.04876, 57.252421 ], [ -5.049203, 57.252377 ], [ -5.04949, 57.252191 ], [ -5.050216, 57.252147 ], [ -5.051201, 57.252414 ], [ -5.052134, 57.25238 ], [ -5.052546, 57.252288 ], [ -5.053064, 57.252403 ], [ -5.054725, 57.252026 ], [ -5.055969, 57.251345 ], [ -5.056314, 57.251273 ], [ -5.056804, 57.251299 ], [ -5.057566, 57.251025 ], [ -5.058109, 57.251023 ], [ -5.058603, 57.251346 ], [ -5.059314, 57.251374 ], [ -5.060018, 57.251237 ], [ -5.060911, 57.250884 ], [ -5.06204, 57.249907 ], [ -5.062103, 57.249809 ], [ -5.061063, 57.249547 ], [ -5.061646, 57.249097 ], [ -5.06167, 57.248866 ], [ -5.064315, 57.248169 ], [ -5.065058, 57.246888 ], [ -5.06684, 57.246338 ], [ -5.067578, 57.245483 ], [ -5.069237, 57.245334 ], [ -5.071289, 57.244649 ], [ -5.072345, 57.244696 ], [ -5.074375, 57.244422 ], [ -5.0743, 57.243979 ], [ -5.075605, 57.244061 ], [ -5.079639, 57.242274 ], [ -5.084235, 57.239266 ], [ -5.085891, 57.238757 ], [ -5.086466, 57.238321 ], [ -5.088661, 57.238744 ], [ -5.092823, 57.238837 ], [ -5.093164, 57.238952 ], [ -5.093664, 57.238966 ], [ -5.095165, 57.238696 ], [ -5.095267, 57.238513 ], [ -5.095635, 57.238265 ], [ -5.096645, 57.237981 ], [ -5.099281, 57.237522 ], [ -5.100434, 57.237544 ], [ -5.101706, 57.237394 ], [ -5.101896, 57.237293 ], [ -5.102562, 57.236448 ], [ -5.102855, 57.236506 ], [ -5.103333, 57.23685 ], [ -5.104493, 57.237389 ], [ -5.104746, 57.237741 ], [ -5.105605, 57.237889 ], [ -5.10588, 57.237884 ], [ -5.106623, 57.237512 ], [ -5.107202, 57.237397 ], [ -5.108422, 57.237582 ], [ -5.10869, 57.237694 ], [ -5.109383, 57.237738 ], [ -5.110856, 57.237511 ], [ -5.112397, 57.237478 ], [ -5.112948, 57.237611 ], [ -5.113314, 57.237585 ], [ -5.113912, 57.237702 ], [ -5.114382, 57.237655 ], [ -5.114589, 57.237755 ], [ -5.115097, 57.237685 ], [ -5.115818, 57.237755 ], [ -5.116743, 57.237708 ], [ -5.11799, 57.237845 ], [ -5.11958, 57.23769 ], [ -5.122373, 57.238105 ], [ -5.12404, 57.238014 ], [ -5.124956, 57.238078 ], [ -5.125232, 57.238034 ], [ -5.125076, 57.237938 ], [ -5.125167, 57.237833 ], [ -5.126266, 57.237884 ], [ -5.127268, 57.237601 ], [ -5.128061, 57.237833 ], [ -5.128388, 57.23786 ], [ -5.128997, 57.23824 ], [ -5.129463, 57.238326 ], [ -5.130822, 57.238325 ], [ -5.131527, 57.238042 ], [ -5.131977, 57.237346 ], [ -5.132359, 57.237172 ], [ -5.132035, 57.237107 ], [ -5.131967, 57.236891 ], [ -5.13218, 57.236704 ], [ -5.133219, 57.23639 ], [ -5.133854, 57.236299 ], [ -5.134344, 57.236347 ], [ -5.134478, 57.236489 ], [ -5.134421, 57.236597 ], [ -5.135917, 57.236662 ], [ -5.137308, 57.236933 ], [ -5.137878, 57.237934 ], [ -5.138133, 57.238166 ], [ -5.138552, 57.238368 ], [ -5.139629, 57.238632 ], [ -5.142101, 57.238676 ], [ -5.143135, 57.237699 ], [ -5.14341, 57.237595 ], [ -5.143854, 57.237563 ], [ -5.145444, 57.238177 ], [ -5.146941, 57.238579 ], [ -5.14766, 57.238691 ], [ -5.148371, 57.238058 ], [ -5.150341, 57.2374 ], [ -5.151953, 57.237376 ], [ -5.151991, 57.237333 ], [ -5.151733, 57.237319 ], [ -5.152671, 57.237204 ], [ -5.153533, 57.237319 ], [ -5.154702, 57.237235 ], [ -5.155944, 57.237261 ], [ -5.156973, 57.236977 ], [ -5.157625, 57.236711 ], [ -5.158043, 57.236416 ], [ -5.159671, 57.235845 ], [ -5.160782, 57.235707 ], [ -5.162391, 57.235725 ], [ -5.16351, 57.235656 ], [ -5.164922, 57.235153 ], [ -5.165351, 57.234539 ], [ -5.165997, 57.234272 ], [ -5.166536, 57.233934 ], [ -5.166949, 57.233921 ], [ -5.16725, 57.234056 ], [ -5.167327, 57.234252 ], [ -5.167821, 57.234317 ], [ -5.168494, 57.234137 ], [ -5.169349, 57.233626 ], [ -5.171954, 57.233647 ], [ -5.172854, 57.233314 ], [ -5.173654, 57.232594 ], [ -5.175691, 57.231576 ], [ -5.1763, 57.231572 ], [ -5.177898, 57.232015 ], [ -5.178045, 57.232185 ], [ -5.178555, 57.232256 ], [ -5.180325, 57.231638 ], [ -5.181194, 57.230938 ], [ -5.181927, 57.230543 ], [ -5.18217, 57.230536 ], [ -5.18319, 57.230755 ], [ -5.183975, 57.230707 ], [ -5.184675, 57.230497 ], [ -5.185165, 57.230215 ], [ -5.18659, 57.229876 ], [ -5.187838, 57.229451 ], [ -5.189967, 57.229072 ], [ -5.191531, 57.228558 ], [ -5.192332, 57.228554 ], [ -5.193262, 57.228316 ], [ -5.19399, 57.227566 ], [ -5.194438, 57.227592 ], [ -5.194623, 57.227533 ], [ -5.194815, 57.227313 ], [ -5.194815, 57.226667 ], [ -5.195121, 57.226153 ], [ -5.195694, 57.225551 ], [ -5.196466, 57.225201 ], [ -5.196649, 57.225009 ], [ -5.196471, 57.224734 ], [ -5.196005, 57.22455 ], [ -5.195263, 57.224439 ], [ -5.194497, 57.224481 ], [ -5.194171, 57.223754 ], [ -5.194027, 57.222919 ], [ -5.195068, 57.222538 ], [ -5.195269, 57.221597 ], [ -5.195743, 57.221007 ], [ -5.196028, 57.220871 ], [ -5.197918, 57.220458 ], [ -5.199465, 57.220023 ], [ -5.199886, 57.219988 ], [ -5.200803, 57.22022 ], [ -5.201343, 57.220204 ], [ -5.201824, 57.219782 ], [ -5.202255, 57.21904 ], [ -5.202231, 57.218891 ], [ -5.200266, 57.218781 ], [ -5.200437, 57.218414 ], [ -5.200142, 57.218262 ], [ -5.199186, 57.218405 ], [ -5.197804, 57.218375 ], [ -5.196782, 57.218444 ], [ -5.196212, 57.218115 ], [ -5.195492, 57.217874 ], [ -5.195219, 57.217459 ], [ -5.194669, 57.217288 ], [ -5.19487, 57.216911 ], [ -5.194806, 57.216749 ], [ -5.194512, 57.216604 ], [ -5.194164, 57.216561 ], [ -5.194374, 57.216418 ], [ -5.194621, 57.2164 ], [ -5.194655, 57.216274 ], [ -5.193829, 57.216104 ], [ -5.193471, 57.215526 ], [ -5.192995, 57.215271 ], [ -5.192499, 57.214836 ], [ -5.192038, 57.214592 ], [ -5.191566, 57.214456 ], [ -5.191295, 57.213993 ], [ -5.18987, 57.213476 ], [ -5.189383, 57.212982 ], [ -5.189382, 57.212722 ], [ -5.188938, 57.212474 ], [ -5.188895, 57.211978 ], [ -5.187797, 57.211509 ], [ -5.187617, 57.211006 ], [ -5.187446, 57.210948 ], [ -5.1873, 57.210742 ], [ -5.186939, 57.210589 ], [ -5.18683, 57.210249 ], [ -5.186912, 57.209992 ], [ -5.186474, 57.209477 ], [ -5.186329, 57.209197 ], [ -5.186403, 57.208851 ], [ -5.186277, 57.208499 ], [ -5.185918, 57.208085 ], [ -5.186013, 57.207932 ], [ -5.185941, 57.207385 ], [ -5.185692, 57.207236 ], [ -5.18493, 57.20725 ], [ -5.184639, 57.207145 ], [ -5.184931, 57.206972 ], [ -5.185294, 57.206324 ], [ -5.185198, 57.206236 ], [ -5.184703, 57.206181 ], [ -5.184545, 57.205841 ], [ -5.184476, 57.205514 ], [ -5.184725, 57.205429 ], [ -5.184822, 57.205296 ], [ -5.184759, 57.204666 ], [ -5.184467, 57.2045 ], [ -5.184675, 57.204267 ], [ -5.184471, 57.204066 ], [ -5.184756, 57.203813 ], [ -5.184235, 57.203408 ], [ -5.184297, 57.203131 ], [ -5.184145, 57.202694 ], [ -5.184295, 57.20254 ], [ -5.184103, 57.202483 ], [ -5.183841, 57.202578 ], [ -5.183783, 57.20242 ], [ -5.183514, 57.202287 ], [ -5.183658, 57.202155 ], [ -5.183596, 57.202057 ], [ -5.184594, 57.201268 ], [ -5.184763, 57.200971 ], [ -5.184989, 57.199986 ], [ -5.184985, 57.199427 ], [ -5.184321, 57.198965 ], [ -5.184277, 57.198723 ], [ -5.184341, 57.198373 ], [ -5.184412, 57.198308 ], [ -5.184618, 57.198319 ], [ -5.184564, 57.198167 ], [ -5.184738, 57.19814 ], [ -5.184894, 57.197899 ], [ -5.184645, 57.197737 ], [ -5.184774, 57.197459 ], [ -5.184714, 57.19731 ], [ -5.184867, 57.197245 ], [ -5.185032, 57.197285 ], [ -5.185199, 57.197175 ], [ -5.184921, 57.196638 ], [ -5.185061, 57.19643 ], [ -5.184939, 57.196293 ], [ -5.18495, 57.195996 ], [ -5.185356, 57.196143 ], [ -5.185215, 57.195962 ], [ -5.185273, 57.195866 ], [ -5.183532, 57.195585 ], [ -5.182255, 57.195286 ], [ -5.177297, 57.195009 ], [ -5.174223, 57.195168 ], [ -5.173039, 57.195154 ], [ -5.169529, 57.195735 ], [ -5.167697, 57.19585 ], [ -5.166697, 57.196187 ], [ -5.165047, 57.196926 ], [ -5.163432, 57.197365 ], [ -5.160916, 57.197642 ], [ -5.160951, 57.197363 ], [ -5.160819, 57.19711 ], [ -5.160062, 57.196158 ], [ -5.159269, 57.194641 ], [ -5.15798, 57.193299 ], [ -5.157705, 57.192277 ], [ -5.15736, 57.191712 ], [ -5.158157, 57.190759 ], [ -5.158266, 57.190482 ], [ -5.158139, 57.189997 ], [ -5.157225, 57.188793 ], [ -5.155379, 57.188258 ], [ -5.155033, 57.18786 ], [ -5.155124, 57.186689 ], [ -5.155295, 57.186395 ], [ -5.155199, 57.185231 ], [ -5.15497, 57.184882 ], [ -5.154906, 57.184221 ], [ -5.152709, 57.182358 ], [ -5.151415, 57.181852 ], [ -5.150987, 57.181579 ], [ -5.149246, 57.18126 ], [ -5.149046, 57.181127 ], [ -5.148749, 57.180427 ], [ -5.146602, 57.179339 ], [ -5.14623, 57.17926 ], [ -5.145703, 57.179291 ], [ -5.144169, 57.179535 ], [ -5.141804, 57.179732 ], [ -5.140313, 57.179695 ], [ -5.139884, 57.179901 ], [ -5.137278, 57.180292 ], [ -5.13679, 57.180452 ], [ -5.136498, 57.1807 ], [ -5.133678, 57.181359 ], [ -5.132767, 57.180239 ], [ -5.132401, 57.180042 ], [ -5.131856, 57.180098 ], [ -5.131316, 57.180319 ], [ -5.13075, 57.180081 ], [ -5.130391, 57.179742 ], [ -5.129723, 57.179549 ], [ -5.127807, 57.179391 ], [ -5.125719, 57.179091 ], [ -5.125343, 57.179167 ], [ -5.124728, 57.179034 ], [ -5.124087, 57.179068 ], [ -5.123486, 57.178916 ], [ -5.122631, 57.178983 ], [ -5.122275, 57.178635 ], [ -5.122198, 57.178108 ], [ -5.12189, 57.177879 ], [ -5.121595, 57.177757 ], [ -5.121162, 57.177727 ], [ -5.120226, 57.177309 ], [ -5.119998, 57.177029 ], [ -5.119033, 57.17646 ], [ -5.117725, 57.176063 ], [ -5.117404, 57.175872 ], [ -5.117015, 57.175232 ], [ -5.116156, 57.174937 ], [ -5.115985, 57.174767 ], [ -5.115597, 57.17475 ], [ -5.114127, 57.17446 ], [ -5.11345, 57.174442 ], [ -5.112866, 57.174248 ], [ -5.112131, 57.173849 ], [ -5.110164, 57.173191 ], [ -5.109258, 57.173107 ], [ -5.107714, 57.173179 ], [ -5.104936, 57.174144 ], [ -5.103959, 57.174394 ], [ -5.1038, 57.174516 ], [ -5.10377, 57.174826 ], [ -5.102872, 57.174928 ], [ -5.102457, 57.175095 ], [ -5.101374, 57.175924 ], [ -5.100927, 57.176034 ], [ -5.09985, 57.176107 ], [ -5.099038, 57.17631 ], [ -5.098337, 57.176579 ], [ -5.097234, 57.177176 ], [ -5.096109, 57.177513 ], [ -5.095395, 57.177633 ], [ -5.097038, 57.178321 ], [ -5.097584, 57.178845 ], [ -5.097615, 57.17913 ], [ -5.097188, 57.179897 ], [ -5.096649, 57.180353 ], [ -5.096445, 57.181441 ], [ -5.096177, 57.182015 ], [ -5.095165, 57.182599 ], [ -5.09612, 57.183345 ], [ -5.096267, 57.184437 ], [ -5.096979, 57.184714 ], [ -5.096998, 57.185774 ], [ -5.095225, 57.1864 ], [ -5.095157, 57.186853 ], [ -5.094034, 57.187066 ], [ -5.093105, 57.187339 ], [ -5.092425, 57.187828 ], [ -5.091941, 57.187992 ], [ -5.09124, 57.188067 ], [ -5.090958, 57.188316 ], [ -5.090603, 57.189356 ], [ -5.091686, 57.190629 ], [ -5.09112, 57.191946 ], [ -5.090515, 57.192365 ], [ -5.090162, 57.1929 ], [ -5.090261, 57.193137 ], [ -5.090774, 57.193609 ], [ -5.090661, 57.194137 ], [ -5.090191, 57.194574 ], [ -5.09023, 57.194867 ], [ -5.089934, 57.195367 ], [ -5.089381, 57.195556 ], [ -5.089513, 57.195743 ], [ -5.088254, 57.196193 ], [ -5.086516, 57.197012 ], [ -5.087745, 57.199182 ], [ -5.087908, 57.199757 ], [ -5.086201, 57.20083 ], [ -5.085508, 57.201099 ], [ -5.084567, 57.201331 ], [ -5.083454, 57.201763 ], [ -5.083161, 57.202045 ], [ -5.080332, 57.2025 ], [ -5.080988, 57.205152 ], [ -5.081074, 57.205932 ], [ -5.080978, 57.206208 ], [ -5.081095, 57.206384 ], [ -5.082789, 57.206427 ], [ -5.083465, 57.206549 ], [ -5.084912, 57.20702 ], [ -5.087202, 57.20694 ], [ -5.087693, 57.207004 ], [ -5.090747, 57.207981 ], [ -5.092655, 57.208208 ], [ -5.094876, 57.209224 ], [ -5.095832, 57.209564 ], [ -5.096204, 57.209805 ], [ -5.097353, 57.211027 ], [ -5.09747, 57.211396 ], [ -5.098159, 57.211974 ], [ -5.09738, 57.213765 ], [ -5.09713, 57.213978 ], [ -5.09641, 57.214318 ], [ -5.096375, 57.215103 ], [ -5.096261, 57.215264 ], [ -5.095083, 57.215661 ], [ -5.093173, 57.215956 ], [ -5.09085, 57.216472 ], [ -5.089242, 57.217034 ], [ -5.088619, 57.217483 ], [ -5.088355, 57.218201 ], [ -5.088486, 57.218525 ], [ -5.089052, 57.218997 ], [ -5.089119, 57.219245 ], [ -5.089099, 57.21948 ], [ -5.088387, 57.220127 ], [ -5.088407, 57.220439 ], [ -5.088596, 57.220835 ], [ -5.089201, 57.221444 ], [ -5.088742, 57.22199 ], [ -5.088647, 57.223042 ], [ -5.088468, 57.223537 ], [ -5.086514, 57.224388 ], [ -5.084453, 57.225014 ], [ -5.083906, 57.225786 ], [ -5.082658, 57.226339 ], [ -5.081859, 57.226942 ], [ -5.080177, 57.227522 ], [ -5.07828, 57.228107 ], [ -5.075525, 57.228406 ], [ -5.074631, 57.228454 ], [ -5.072195, 57.228311 ], [ -5.07116, 57.228437 ], [ -5.069265, 57.229019 ], [ -5.067602, 57.229378 ], [ -5.065028, 57.230127 ], [ -5.064393, 57.230355 ], [ -5.063742, 57.230779 ], [ -5.061791, 57.231384 ], [ -5.059957, 57.231447 ], [ -5.058262, 57.231923 ], [ -5.056029, 57.232405 ], [ -5.055283, 57.232796 ], [ -5.053127, 57.23327 ], [ -5.052071, 57.23377 ], [ -5.048827, 57.23506 ], [ -5.047422, 57.235347 ], [ -5.044961, 57.235528 ], [ -5.044336, 57.235659 ], [ -5.043722, 57.236095 ], [ -5.043574, 57.236555 ], [ -5.04076, 57.237075 ], [ -5.034568, 57.237722 ], [ -5.033469, 57.23793 ], [ -5.03307, 57.237881 ], [ -5.032778, 57.237638 ], [ -5.032447, 57.237609 ], [ -5.031146, 57.237912 ], [ -5.029848, 57.238109 ], [ -5.026959, 57.239083 ], [ -5.025992, 57.239103 ], [ -5.02508, 57.2393 ], [ -5.024585, 57.23929 ], [ -5.023799, 57.239582 ], [ -5.023651, 57.239709 ], [ -5.02339, 57.240621 ], [ -5.022787, 57.241034 ], [ -5.022387, 57.241163 ], [ -5.021541, 57.242473 ], [ -5.021223, 57.242689 ], [ -5.019828, 57.243017 ], [ -5.019075, 57.243368 ], [ -5.018566, 57.243748 ], [ -5.01765, 57.24392 ], [ -5.017138, 57.243943 ], [ -5.014784, 57.244734 ], [ -5.014659, 57.244906 ], [ -5.014571, 57.245992 ], [ -5.014313, 57.246454 ], [ -5.014835, 57.247124 ], [ -5.014735, 57.247488 ], [ -5.014512, 57.247576 ], [ -5.014519, 57.247755 ], [ -5.014297, 57.247894 ], [ -5.013506, 57.247533 ], [ -5.012832, 57.246876 ], [ -5.012068, 57.246574 ], [ -5.011361, 57.245882 ], [ -5.010347, 57.24572 ], [ -5.009854, 57.24572 ], [ -5.008405, 57.245917 ], [ -5.007897, 57.245894 ], [ -5.007095, 57.246047 ], [ -5.005319, 57.24665 ], [ -5.004253, 57.246825 ], [ -5.002234, 57.247362 ], [ -5.000657, 57.247561 ], [ -4.999837, 57.248085 ], [ -4.998756, 57.248394 ], [ -4.997788, 57.248527 ], [ -4.995451, 57.248459 ], [ -4.993795, 57.248703 ], [ -4.991563, 57.249222 ], [ -4.990586, 57.249245 ], [ -4.986975, 57.249768 ], [ -4.984361, 57.250844 ], [ -4.982529, 57.251474 ], [ -4.980963, 57.251672 ], [ -4.979658, 57.252064 ], [ -4.979147, 57.252121 ], [ -4.978254, 57.251803 ], [ -4.977735, 57.251759 ], [ -4.976213, 57.251948 ], [ -4.972571, 57.251986 ], [ -4.971114, 57.25236 ], [ -4.968048, 57.252314 ], [ -4.967497, 57.252274 ], [ -4.96523, 57.250599 ], [ -4.961349, 57.248715 ], [ -4.960271, 57.246965 ], [ -4.958997, 57.24331 ], [ -4.954213, 57.236694 ], [ -4.953827, 57.236472 ], [ -4.951944, 57.23358 ], [ -4.949706, 57.229369 ], [ -4.948975, 57.228529 ], [ -4.946683, 57.225221 ], [ -4.946012, 57.224582 ], [ -4.928337, 57.227837 ], [ -4.914197, 57.235346 ], [ -4.905654, 57.240049 ], [ -4.898707, 57.24352 ], [ -4.884564, 57.245776 ], [ -4.869126, 57.249802 ], [ -4.866477, 57.25058 ], [ -4.866055, 57.251078 ], [ -4.865613, 57.251394 ], [ -4.865715, 57.251733 ], [ -4.865403, 57.251989 ], [ -4.865698, 57.252376 ], [ -4.866436, 57.252895 ], [ -4.866994, 57.252935 ], [ -4.8679, 57.253135 ], [ -4.86851, 57.25308 ], [ -4.869321, 57.253134 ], [ -4.869637, 57.253524 ], [ -4.869491, 57.253532 ], [ -4.869251, 57.253204 ], [ -4.866445, 57.253446 ], [ -4.845927, 57.255639 ], [ -4.844062, 57.256027 ], [ -4.843432, 57.256076 ], [ -4.842159, 57.258403 ], [ -4.841245, 57.258732 ], [ -4.84151, 57.260012 ], [ -4.841163, 57.260724 ], [ -4.840607, 57.261152 ], [ -4.834063, 57.264975 ], [ -4.831515, 57.266571 ], [ -4.827296, 57.268121 ], [ -4.826573, 57.268731 ], [ -4.825971, 57.268891 ], [ -4.825072, 57.269527 ], [ -4.824356, 57.270313 ], [ -4.82432, 57.271119 ], [ -4.82446, 57.271401 ], [ -4.824423, 57.271785 ], [ -4.824668, 57.271918 ], [ -4.824613, 57.272135 ], [ -4.826152, 57.272314 ], [ -4.826762, 57.2726 ], [ -4.827635, 57.272567 ], [ -4.827922, 57.272707 ], [ -4.828436, 57.272798 ], [ -4.829118, 57.273221 ], [ -4.829596, 57.273255 ], [ -4.829998, 57.273686 ], [ -4.830757, 57.274243 ], [ -4.830498, 57.274735 ], [ -4.8306, 57.275262 ], [ -4.83049, 57.275473 ], [ -4.83073, 57.275728 ], [ -4.831521, 57.275892 ], [ -4.832231, 57.275944 ], [ -4.832943, 57.276151 ], [ -4.83361, 57.276009 ], [ -4.834107, 57.276117 ], [ -4.834761, 57.276057 ], [ -4.835348, 57.275715 ], [ -4.835768, 57.275688 ], [ -4.836037, 57.276112 ], [ -4.836369, 57.276354 ], [ -4.837499, 57.276571 ], [ -4.837402, 57.277065 ], [ -4.837686, 57.277253 ], [ -4.837776, 57.277969 ], [ -4.837952, 57.278143 ], [ -4.838542, 57.278494 ], [ -4.83937, 57.27865 ], [ -4.83989, 57.278893 ], [ -4.840268, 57.278916 ], [ -4.840289, 57.278705 ], [ -4.840712, 57.278463 ], [ -4.841172, 57.27797 ], [ -4.841969, 57.277652 ], [ -4.841912, 57.277275 ], [ -4.841537, 57.27661 ], [ -4.84185, 57.276249 ], [ -4.841857, 57.276049 ], [ -4.841266, 57.275856 ], [ -4.841096, 57.275614 ], [ -4.84117, 57.275485 ], [ -4.842208, 57.274804 ], [ -4.842003, 57.274536 ], [ -4.843367, 57.27359 ], [ -4.843681, 57.273522 ], [ -4.843729, 57.273642 ], [ -4.845234, 57.27306 ], [ -4.84557, 57.272416 ], [ -4.846057, 57.272056 ], [ -4.846203, 57.271492 ], [ -4.846645, 57.271203 ], [ -4.846848, 57.270935 ], [ -4.847241, 57.270153 ], [ -4.847149, 57.269764 ], [ -4.847426, 57.269519 ], [ -4.848017, 57.269345 ], [ -4.848029, 57.269135 ], [ -4.848568, 57.269077 ], [ -4.848857, 57.269952 ], [ -4.84894, 57.270834 ], [ -4.850003, 57.271562 ], [ -4.851234, 57.271868 ], [ -4.852003, 57.271862 ], [ -4.85271, 57.272121 ], [ -4.853586, 57.272244 ], [ -4.855009, 57.272292 ], [ -4.855415, 57.272615 ], [ -4.855904, 57.272768 ], [ -4.857636, 57.272567 ], [ -4.858157, 57.272673 ], [ -4.858846, 57.272634 ], [ -4.85978, 57.272463 ], [ -4.859917, 57.272347 ], [ -4.860382, 57.272213 ], [ -4.860529, 57.271927 ], [ -4.860258, 57.271565 ], [ -4.860273, 57.271377 ], [ -4.861063, 57.270698 ], [ -4.862317, 57.270175 ], [ -4.863671, 57.269862 ], [ -4.864564, 57.269551 ], [ -4.865171, 57.269078 ], [ -4.865375, 57.268568 ], [ -4.866554, 57.267988 ], [ -4.86671, 57.268016 ], [ -4.867189, 57.268505 ], [ -4.867558, 57.268464 ], [ -4.867788, 57.268172 ], [ -4.867478, 57.267246 ], [ -4.868047, 57.266908 ], [ -4.868839, 57.265936 ], [ -4.869464, 57.265374 ], [ -4.870102, 57.265219 ], [ -4.870502, 57.265014 ], [ -4.870494, 57.264721 ], [ -4.870851, 57.264724 ], [ -4.871952, 57.264269 ], [ -4.872369, 57.263701 ], [ -4.873326, 57.26319 ], [ -4.873523, 57.262868 ], [ -4.873513, 57.261914 ], [ -4.873786, 57.261591 ], [ -4.873671, 57.260642 ], [ -4.874128, 57.259952 ], [ -4.874158, 57.25956 ], [ -4.874643, 57.259196 ], [ -4.87487, 57.258852 ], [ -4.874681, 57.258489 ], [ -4.874736, 57.258044 ], [ -4.875123, 57.257954 ], [ -4.876374, 57.258052 ], [ -4.87696, 57.257828 ], [ -4.877289, 57.257403 ], [ -4.878254, 57.257528 ], [ -4.879356, 57.256739 ], [ -4.880465, 57.256379 ], [ -4.881106, 57.255938 ], [ -4.884825, 57.255325 ], [ -4.886025, 57.255279 ], [ -4.886818, 57.255135 ], [ -4.888306, 57.254289 ], [ -4.888761, 57.254134 ], [ -4.889921, 57.254035 ], [ -4.891627, 57.253189 ], [ -4.893829, 57.253011 ], [ -4.894573, 57.252864 ], [ -4.895381, 57.253358 ], [ -4.895756, 57.253448 ], [ -4.896248, 57.253455 ], [ -4.896422, 57.253338 ], [ -4.896284, 57.253051 ], [ -4.897018, 57.253062 ], [ -4.899508, 57.252684 ], [ -4.900667, 57.251426 ], [ -4.900883, 57.25157 ], [ -4.901084, 57.251525 ], [ -4.902141, 57.251575 ], [ -4.903581, 57.251332 ], [ -4.903839, 57.251082 ], [ -4.903313, 57.250475 ], [ -4.903702, 57.250081 ], [ -4.904307, 57.250396 ], [ -4.904753, 57.25049 ], [ -4.905097, 57.250514 ], [ -4.905676, 57.250336 ], [ -4.905772, 57.249998 ], [ -4.906221, 57.249554 ], [ -4.907488, 57.24893 ], [ -4.90772, 57.248355 ], [ -4.910664, 57.24717 ], [ -4.911198, 57.246735 ], [ -4.911563, 57.246702 ], [ -4.911904, 57.246771 ], [ -4.911813, 57.247179 ], [ -4.912288, 57.247469 ], [ -4.912531, 57.247442 ], [ -4.913083, 57.24709 ], [ -4.913682, 57.246992 ], [ -4.912802, 57.245791 ], [ -4.912596, 57.245698 ], [ -4.913462, 57.24523 ], [ -4.913624, 57.245322 ], [ -4.915414, 57.245121 ], [ -4.91587, 57.245189 ], [ -4.916354, 57.245739 ], [ -4.916375, 57.246295 ], [ -4.916249, 57.246505 ], [ -4.91819, 57.246331 ], [ -4.918461, 57.246832 ], [ -4.918927, 57.246875 ], [ -4.920065, 57.248852 ], [ -4.920529, 57.249408 ], [ -4.920791, 57.250079 ], [ -4.925247, 57.251577 ], [ -4.924552, 57.252041 ], [ -4.923469, 57.253296 ], [ -4.922148, 57.253388 ], [ -4.918945, 57.253423 ], [ -4.916893, 57.253633 ], [ -4.913591, 57.254161 ], [ -4.913129, 57.25438 ], [ -4.91183, 57.254756 ], [ -4.911378, 57.2548 ], [ -4.91178, 57.254911 ], [ -4.912116, 57.254715 ], [ -4.912407, 57.254728 ], [ -4.912542, 57.25539 ], [ -4.912175, 57.255659 ], [ -4.910747, 57.256366 ], [ -4.912289, 57.256423 ], [ -4.913724, 57.256323 ], [ -4.914243, 57.256416 ], [ -4.915218, 57.256254 ], [ -4.915407, 57.256371 ], [ -4.916261, 57.256309 ], [ -4.916718, 57.25655 ], [ -4.916516, 57.256704 ], [ -4.91575, 57.256903 ], [ -4.91431, 57.257048 ], [ -4.913767, 57.257028 ], [ -4.913814, 57.257181 ], [ -4.912858, 57.257792 ], [ -4.911419, 57.257816 ], [ -4.909233, 57.258218 ], [ -4.908411, 57.258304 ], [ -4.9078, 57.258533 ], [ -4.907294, 57.258628 ], [ -4.906742, 57.25867 ], [ -4.905384, 57.258471 ], [ -4.903564, 57.2587 ], [ -4.90275, 57.258662 ], [ -4.901417, 57.258959 ], [ -4.898753, 57.259999 ], [ -4.898091, 57.260747 ], [ -4.896965, 57.261242 ], [ -4.895967, 57.262001 ], [ -4.894647, 57.262332 ], [ -4.894418, 57.262548 ], [ -4.89349, 57.262643 ], [ -4.893297, 57.262928 ], [ -4.893503, 57.263014 ], [ -4.894398, 57.262975 ], [ -4.894647, 57.263487 ], [ -4.894416, 57.263742 ], [ -4.893463, 57.263784 ], [ -4.892678, 57.263652 ], [ -4.89141, 57.263629 ], [ -4.889449, 57.264033 ], [ -4.888699, 57.264267 ], [ -4.886617, 57.264222 ], [ -4.885196, 57.264495 ], [ -4.884736, 57.26448 ], [ -4.883778, 57.264597 ], [ -4.88354, 57.264559 ], [ -4.882664, 57.264768 ], [ -4.882171, 57.264741 ], [ -4.881727, 57.264812 ], [ -4.881206, 57.2647 ], [ -4.880212, 57.264836 ], [ -4.879454, 57.264847 ], [ -4.878437, 57.265296 ], [ -4.877074, 57.265556 ], [ -4.876559, 57.265524 ], [ -4.875977, 57.265326 ], [ -4.874447, 57.266048 ], [ -4.874253, 57.266379 ], [ -4.874435, 57.266925 ], [ -4.874299, 57.267577 ], [ -4.873842, 57.267825 ], [ -4.873258, 57.268342 ], [ -4.87189, 57.269161 ], [ -4.871426, 57.269652 ], [ -4.871462, 57.26984 ], [ -4.872024, 57.270067 ], [ -4.872395, 57.270504 ], [ -4.872773, 57.270279 ], [ -4.873066, 57.26993 ], [ -4.874781, 57.268825 ], [ -4.875565, 57.268744 ], [ -4.876392, 57.268256 ], [ -4.877562, 57.268249 ], [ -4.878111, 57.26817 ], [ -4.878214, 57.267916 ], [ -4.878591, 57.267809 ], [ -4.878879, 57.26753 ], [ -4.881229, 57.267601 ], [ -4.881703, 57.267711 ], [ -4.882321, 57.267697 ], [ -4.883011, 57.267563 ], [ -4.88385, 57.267569 ], [ -4.885417, 57.2678 ], [ -4.88737, 57.267628 ], [ -4.889281, 57.267129 ], [ -4.89148, 57.269141 ], [ -4.892053, 57.269397 ], [ -4.894399, 57.27109 ], [ -4.897836, 57.270347 ], [ -4.897388, 57.271124 ], [ -4.896987, 57.271045 ], [ -4.895134, 57.271096 ], [ -4.894059, 57.271178 ], [ -4.89346, 57.271358 ], [ -4.892969, 57.271258 ], [ -4.891935, 57.270772 ], [ -4.891614, 57.270693 ], [ -4.891122, 57.270697 ], [ -4.890702, 57.270857 ], [ -4.890592, 57.271003 ], [ -4.891053, 57.271405 ], [ -4.891186, 57.271676 ], [ -4.89119, 57.271838 ], [ -4.890966, 57.271933 ], [ -4.889054, 57.272067 ], [ -4.887209, 57.271792 ], [ -4.885922, 57.271864 ], [ -4.885099, 57.272122 ], [ -4.884085, 57.27232 ], [ -4.882864, 57.272371 ], [ -4.882425, 57.272472 ], [ -4.881891, 57.272846 ], [ -4.880997, 57.273066 ], [ -4.879708, 57.273178 ], [ -4.878782, 57.273134 ], [ -4.878222, 57.273183 ], [ -4.876346, 57.273552 ], [ -4.874972, 57.273991 ], [ -4.874277, 57.274432 ], [ -4.874211, 57.274851 ], [ -4.874456, 57.275226 ], [ -4.875179, 57.275494 ], [ -4.876133, 57.275478 ], [ -4.876519, 57.275542 ], [ -4.877058, 57.275865 ], [ -4.877752, 57.276683 ], [ -4.877972, 57.276732 ], [ -4.880058, 57.276703 ], [ -4.880523, 57.276928 ], [ -4.881224, 57.276994 ], [ -4.88132, 57.277164 ], [ -4.881238, 57.277583 ], [ -4.8822, 57.277805 ], [ -4.883116, 57.277857 ], [ -4.883139, 57.277947 ], [ -4.882773, 57.278128 ], [ -4.881665, 57.278426 ], [ -4.880015, 57.279428 ], [ -4.880802, 57.279857 ], [ -4.881514, 57.28001 ], [ -4.88216, 57.28025 ], [ -4.882902, 57.280808 ], [ -4.884154, 57.281132 ], [ -4.884537, 57.281359 ], [ -4.884988, 57.281856 ], [ -4.884967, 57.282651 ], [ -4.885327, 57.283058 ], [ -4.886965, 57.283405 ], [ -4.887217, 57.283614 ], [ -4.887456, 57.284267 ], [ -4.887818, 57.28452 ], [ -4.889177, 57.284991 ], [ -4.890499, 57.285171 ], [ -4.890266, 57.285268 ], [ -4.889359, 57.285342 ], [ -4.88845, 57.285969 ], [ -4.889243, 57.28595 ], [ -4.890881, 57.285622 ], [ -4.892955, 57.286096 ], [ -4.892693, 57.286108 ], [ -4.89088, 57.285667 ], [ -4.889261, 57.285994 ], [ -4.888492, 57.28601 ], [ -4.887939, 57.286597 ], [ -4.887223, 57.287149 ], [ -4.886878, 57.287379 ], [ -4.886326, 57.287576 ], [ -4.885424, 57.287658 ], [ -4.884106, 57.287576 ], [ -4.883097, 57.287609 ], [ -4.882582, 57.287753 ], [ -4.882042, 57.288026 ], [ -4.881007, 57.288132 ], [ -4.880419, 57.288377 ], [ -4.879858, 57.288504 ], [ -4.879692, 57.288844 ], [ -4.880258, 57.28896 ], [ -4.881602, 57.288954 ], [ -4.883442, 57.289959 ], [ -4.882706, 57.290489 ], [ -4.882548, 57.291112 ], [ -4.882224, 57.29157 ], [ -4.881846, 57.291785 ], [ -4.881118, 57.292019 ], [ -4.879735, 57.29227 ], [ -4.878902, 57.292313 ], [ -4.875126, 57.291927 ], [ -4.872149, 57.292742 ], [ -4.866713, 57.294461 ], [ -4.86562, 57.294755 ], [ -4.864329, 57.294862 ], [ -4.862339, 57.295578 ], [ -4.861574, 57.296041 ], [ -4.859132, 57.296671 ], [ -4.858479, 57.296878 ], [ -4.858167, 57.297088 ], [ -4.851248, 57.29744 ], [ -4.850575, 57.297633 ], [ -4.849636, 57.297586 ], [ -4.848515, 57.298144 ], [ -4.84761, 57.298418 ], [ -4.84676, 57.299112 ], [ -4.845383, 57.298113 ], [ -4.845567, 57.297413 ], [ -4.843558, 57.297068 ], [ -4.840509, 57.29729 ], [ -4.839697, 57.297487 ], [ -4.837577, 57.298399 ], [ -4.837622, 57.298919 ], [ -4.836862, 57.299331 ], [ -4.837213, 57.299382 ], [ -4.837305, 57.299533 ], [ -4.835746, 57.300016 ], [ -4.835288, 57.300258 ], [ -4.834779, 57.300296 ], [ -4.834166, 57.300459 ], [ -4.831316, 57.301519 ], [ -4.831168, 57.301754 ], [ -4.830734, 57.302014 ], [ -4.830407, 57.302558 ], [ -4.830315, 57.303288 ], [ -4.829555, 57.303941 ], [ -4.8294, 57.30467 ], [ -4.829157, 57.304894 ], [ -4.828102, 57.305218 ], [ -4.826607, 57.305363 ], [ -4.824597, 57.306055 ], [ -4.823978, 57.306153 ], [ -4.823645, 57.306134 ], [ -4.823097, 57.306319 ], [ -4.822074, 57.307114 ], [ -4.821558, 57.308202 ], [ -4.820693, 57.308807 ], [ -4.820178, 57.308906 ], [ -4.819777, 57.308878 ], [ -4.818947, 57.307997 ], [ -4.818443, 57.307931 ], [ -4.818064, 57.308041 ], [ -4.816739, 57.30915 ], [ -4.822555, 57.311081 ], [ -4.82083, 57.315029 ], [ -4.820289, 57.3154 ], [ -4.819316, 57.315818 ], [ -4.819178, 57.31677 ], [ -4.821259, 57.3169 ], [ -4.823067, 57.31674 ], [ -4.824823, 57.317283 ], [ -4.825517, 57.317615 ], [ -4.826082, 57.317743 ], [ -4.827685, 57.317697 ], [ -4.829897, 57.317275 ], [ -4.832366, 57.316657 ], [ -4.833203, 57.316566 ], [ -4.837507, 57.315349 ], [ -4.840967, 57.314717 ], [ -4.841391, 57.314591 ], [ -4.842201, 57.31397 ], [ -4.842647, 57.31375 ], [ -4.843642, 57.313477 ], [ -4.847165, 57.313474 ], [ -4.848749, 57.313199 ], [ -4.854078, 57.312505 ], [ -4.855737, 57.312713 ], [ -4.857834, 57.312791 ], [ -4.858723, 57.31271 ], [ -4.859718, 57.312441 ], [ -4.860489, 57.312088 ], [ -4.862346, 57.311003 ], [ -4.864416, 57.310175 ], [ -4.865463, 57.308439 ], [ -4.864664, 57.308093 ], [ -4.865283, 57.307708 ], [ -4.866126, 57.306525 ], [ -4.86637, 57.305826 ], [ -4.866185, 57.305505 ], [ -4.86645, 57.305286 ], [ -4.867007, 57.305345 ], [ -4.868906, 57.304253 ], [ -4.86989, 57.303793 ], [ -4.870987, 57.302924 ], [ -4.871869, 57.302029 ], [ -4.874239, 57.300449 ], [ -4.875952, 57.299917 ], [ -4.877076, 57.299477 ], [ -4.877673, 57.29936 ], [ -4.878864, 57.299289 ], [ -4.88023, 57.299635 ], [ -4.881311, 57.299382 ], [ -4.881761, 57.299421 ], [ -4.881733, 57.299546 ], [ -4.881848, 57.299589 ], [ -4.882296, 57.299599 ], [ -4.882551, 57.299533 ], [ -4.882677, 57.299446 ], [ -4.882513, 57.299113 ], [ -4.882641, 57.298926 ], [ -4.883736, 57.29844 ], [ -4.885134, 57.298177 ], [ -4.885591, 57.297758 ], [ -4.886086, 57.297632 ], [ -4.88733, 57.297569 ], [ -4.888554, 57.297106 ], [ -4.889493, 57.296885 ], [ -4.890247, 57.296531 ], [ -4.891247, 57.296401 ], [ -4.892883, 57.295854 ], [ -4.893742, 57.295688 ], [ -4.896013, 57.294282 ], [ -4.896424, 57.293765 ], [ -4.897758, 57.293628 ], [ -4.898168, 57.293501 ], [ -4.898368, 57.293271 ], [ -4.898492, 57.292751 ], [ -4.899092, 57.29261 ], [ -4.899393, 57.292649 ], [ -4.899717, 57.292244 ], [ -4.899728, 57.292045 ], [ -4.899933, 57.291945 ], [ -4.901201, 57.291853 ], [ -4.901917, 57.291972 ], [ -4.902382, 57.291871 ], [ -4.902819, 57.292221 ], [ -4.902464, 57.292373 ], [ -4.9022, 57.292731 ], [ -4.90219, 57.293013 ], [ -4.90202, 57.293144 ], [ -4.902202, 57.293298 ], [ -4.902154, 57.293564 ], [ -4.902683, 57.293664 ], [ -4.903386, 57.293544 ], [ -4.903896, 57.293619 ], [ -4.904175, 57.293509 ], [ -4.904659, 57.293046 ], [ -4.904766, 57.293121 ], [ -4.904571, 57.293339 ], [ -4.904615, 57.293697 ], [ -4.903876, 57.293965 ], [ -4.901665, 57.294442 ], [ -4.900487, 57.294458 ], [ -4.90045, 57.294197 ], [ -4.900224, 57.294095 ], [ -4.899632, 57.294077 ], [ -4.898267, 57.294216 ], [ -4.897941, 57.294468 ], [ -4.897287, 57.294604 ], [ -4.897702, 57.294744 ], [ -4.897888, 57.295005 ], [ -4.898358, 57.295172 ], [ -4.897607, 57.295757 ], [ -4.89762, 57.295857 ], [ -4.89792, 57.295954 ], [ -4.899296, 57.295939 ], [ -4.90047, 57.295604 ], [ -4.901125, 57.295541 ], [ -4.901901, 57.295203 ], [ -4.902715, 57.295089 ], [ -4.903617, 57.294791 ], [ -4.904608, 57.294354 ], [ -4.905074, 57.294323 ], [ -4.906089, 57.294527 ], [ -4.906657, 57.294417 ], [ -4.907353, 57.29407 ], [ -4.907528, 57.293802 ], [ -4.907399, 57.293596 ], [ -4.908133, 57.293049 ], [ -4.908326, 57.292793 ], [ -4.908663, 57.292705 ], [ -4.909628, 57.292744 ], [ -4.909651, 57.292956 ], [ -4.909926, 57.293059 ], [ -4.909506, 57.2933 ], [ -4.909721, 57.293466 ], [ -4.910692, 57.293671 ], [ -4.911492, 57.293727 ], [ -4.912351, 57.293115 ], [ -4.912881, 57.292981 ], [ -4.912752, 57.292852 ], [ -4.912368, 57.292806 ], [ -4.912265, 57.292474 ], [ -4.911849, 57.292542 ], [ -4.911682, 57.292449 ], [ -4.912495, 57.29208 ], [ -4.913301, 57.292145 ], [ -4.913591, 57.291981 ], [ -4.913545, 57.29185 ], [ -4.913024, 57.291865 ], [ -4.912762, 57.291784 ], [ -4.912302, 57.291972 ], [ -4.911876, 57.291837 ], [ -4.911877, 57.291692 ], [ -4.911249, 57.291701 ], [ -4.911039, 57.291602 ], [ -4.910912, 57.291792 ], [ -4.910937, 57.292042 ], [ -4.91079, 57.292129 ], [ -4.910488, 57.291991 ], [ -4.910628, 57.291737 ], [ -4.910548, 57.291626 ], [ -4.910349, 57.291654 ], [ -4.910038, 57.291471 ], [ -4.909437, 57.291524 ], [ -4.908887, 57.291778 ], [ -4.90868, 57.292091 ], [ -4.908001, 57.292425 ], [ -4.907344, 57.292534 ], [ -4.906654, 57.292961 ], [ -4.906174, 57.293037 ], [ -4.905769, 57.292878 ], [ -4.905858, 57.292497 ], [ -4.906431, 57.291867 ], [ -4.906673, 57.291401 ], [ -4.905748, 57.290799 ], [ -4.906066, 57.290023 ], [ -4.907149, 57.288397 ], [ -4.907311, 57.288204 ], [ -4.908152, 57.28795 ], [ -4.908793, 57.287363 ], [ -4.9098, 57.286661 ], [ -4.910612, 57.286343 ], [ -4.910862, 57.286508 ], [ -4.910998, 57.286354 ], [ -4.911618, 57.286246 ], [ -4.911849, 57.285935 ], [ -4.912549, 57.285864 ], [ -4.913604, 57.285547 ], [ -4.913771, 57.285032 ], [ -4.9142, 57.284752 ], [ -4.914509, 57.284006 ], [ -4.914788, 57.283707 ], [ -4.915007, 57.283627 ], [ -4.915062, 57.283205 ], [ -4.915445, 57.282576 ], [ -4.915504, 57.282192 ], [ -4.916443, 57.281319 ], [ -4.91676, 57.280832 ], [ -4.916829, 57.280383 ], [ -4.917556, 57.279665 ], [ -4.917614, 57.279411 ], [ -4.918013, 57.278985 ], [ -4.920036, 57.277695 ], [ -4.920596, 57.27763 ], [ -4.922458, 57.277199 ], [ -4.922917, 57.276719 ], [ -4.923257, 57.276748 ], [ -4.923249, 57.276536 ], [ -4.92354, 57.276526 ], [ -4.923847, 57.27666 ], [ -4.924539, 57.276303 ], [ -4.925632, 57.276114 ], [ -4.927418, 57.27564 ], [ -4.927693, 57.275491 ], [ -4.92899, 57.275112 ], [ -4.930593, 57.27441 ], [ -4.930791, 57.27421 ], [ -4.930707, 57.274069 ], [ -4.931173, 57.274026 ], [ -4.932104, 57.273466 ], [ -4.933007, 57.273346 ], [ -4.933445, 57.273007 ], [ -4.934788, 57.272929 ], [ -4.936346, 57.272635 ], [ -4.937411, 57.272207 ], [ -4.937921, 57.271862 ], [ -4.937766, 57.271804 ], [ -4.938738, 57.271643 ], [ -4.939287, 57.271277 ], [ -4.939661, 57.271332 ], [ -4.94055, 57.27116 ], [ -4.940793, 57.271291 ], [ -4.941017, 57.271301 ], [ -4.941508, 57.271106 ], [ -4.941711, 57.270857 ], [ -4.943222, 57.271004 ], [ -4.943842, 57.270943 ], [ -4.944225, 57.271065 ], [ -4.946194, 57.271107 ], [ -4.946838, 57.27085 ], [ -4.947847, 57.270639 ], [ -4.950115, 57.269931 ], [ -4.950684, 57.270093 ], [ -4.951683, 57.270042 ], [ -4.951498, 57.270237 ], [ -4.951728, 57.27038 ], [ -4.952044, 57.270335 ], [ -4.952296, 57.270129 ], [ -4.952699, 57.270322 ], [ -4.953093, 57.270063 ], [ -4.953631, 57.270238 ], [ -4.953599, 57.270066 ], [ -4.953701, 57.270027 ], [ -4.954551, 57.270056 ], [ -4.955439, 57.269247 ], [ -4.956304, 57.269012 ], [ -4.956902, 57.268958 ], [ -4.957164, 57.268819 ], [ -4.958111, 57.268804 ], [ -4.958894, 57.268516 ], [ -4.959678, 57.268391 ], [ -4.961624, 57.26731 ], [ -4.962302, 57.267191 ], [ -4.962916, 57.266496 ], [ -4.962569, 57.266087 ], [ -4.963212, 57.26603 ], [ -4.963215, 57.265842 ], [ -4.963415, 57.265954 ], [ -4.96378, 57.265792 ], [ -4.96405, 57.265575 ], [ -4.963871, 57.265387 ], [ -4.963912, 57.26528 ], [ -4.964162, 57.265262 ], [ -4.964384, 57.265081 ], [ -4.964981, 57.265077 ], [ -4.965269, 57.264689 ], [ -4.965479, 57.264647 ], [ -4.965452, 57.264475 ], [ -4.965597, 57.264296 ], [ -4.966106, 57.264156 ], [ -4.966517, 57.263828 ], [ -4.967055, 57.263778 ], [ -4.967497, 57.263552 ], [ -4.967481, 57.263409 ], [ -4.967758, 57.263343 ], [ -4.967528, 57.263262 ], [ -4.967512, 57.263176 ], [ -4.967809, 57.263011 ], [ -4.96801, 57.262564 ], [ -4.968266, 57.262412 ], [ -4.968261, 57.262007 ], [ -4.968452, 57.262052 ], [ -4.968569, 57.261978 ], [ -4.969143, 57.262206 ], [ -4.969787, 57.262162 ], [ -4.969951, 57.262281 ], [ -4.970291, 57.262305 ], [ -4.970587, 57.262422 ], [ -4.970807, 57.262043 ], [ -4.970577, 57.261735 ], [ -4.970986, 57.261599 ], [ -4.971058, 57.26137 ], [ -4.971621, 57.261177 ], [ -4.972635, 57.261261 ], [ -4.973346, 57.261479 ], [ -4.973578, 57.261649 ], [ -4.97448, 57.261645 ], [ -4.976154, 57.261944 ], [ -4.977366, 57.2624 ], [ -4.977722, 57.26246 ], [ -4.979288, 57.262497 ], [ -4.97994, 57.262662 ], [ -4.980725, 57.26274 ], [ -4.98147, 57.262648 ], [ -4.983221, 57.262607 ], [ -4.983851, 57.262505 ], [ -4.985236, 57.262472 ], [ -4.985045, 57.262782 ], [ -4.984864, 57.262793 ], [ -4.984493, 57.26266 ], [ -4.984131, 57.262657 ], [ -4.981437, 57.262903 ], [ -4.980289, 57.263389 ], [ -4.980462, 57.263835 ], [ -4.979927, 57.26383 ], [ -4.979519, 57.264078 ], [ -4.980046, 57.264204 ], [ -4.980374, 57.264086 ], [ -4.980446, 57.263942 ], [ -4.980591, 57.264008 ], [ -4.980599, 57.264336 ], [ -4.980101, 57.264804 ], [ -4.980111, 57.265008 ], [ -4.979703, 57.265169 ], [ -4.979675, 57.265287 ], [ -4.978211, 57.265481 ], [ -4.978177, 57.265613 ], [ -4.978671, 57.265729 ], [ -4.978863, 57.265891 ], [ -4.978533, 57.265912 ], [ -4.97846, 57.266032 ], [ -4.977865, 57.26629 ], [ -4.974352, 57.266445 ], [ -4.972851, 57.266647 ], [ -4.972868, 57.266861 ], [ -4.972344, 57.266769 ], [ -4.971584, 57.266825 ], [ -4.971789, 57.267 ], [ -4.971616, 57.267143 ], [ -4.970664, 57.266961 ], [ -4.969578, 57.267094 ], [ -4.969028, 57.267387 ], [ -4.968709, 57.267705 ], [ -4.968756, 57.267974 ], [ -4.968907, 57.268105 ], [ -4.968897, 57.268603 ], [ -4.968586, 57.268705 ], [ -4.967925, 57.268639 ], [ -4.967842, 57.268289 ], [ -4.966938, 57.26894 ], [ -4.966848, 57.26932 ], [ -4.966447, 57.269352 ], [ -4.966028, 57.269147 ], [ -4.965882, 57.269434 ], [ -4.966368, 57.269782 ], [ -4.965933, 57.269922 ], [ -4.965598, 57.269872 ], [ -4.965501, 57.269939 ], [ -4.966425, 57.270273 ], [ -4.965458, 57.270296 ], [ -4.965508, 57.270842 ], [ -4.965273, 57.270835 ], [ -4.964461, 57.271151 ], [ -4.962187, 57.271681 ], [ -4.960236, 57.2719 ], [ -4.958424, 57.272272 ], [ -4.958076, 57.27259 ], [ -4.958601, 57.272604 ], [ -4.959371, 57.27282 ], [ -4.960267, 57.272815 ], [ -4.960502, 57.272666 ], [ -4.960864, 57.272677 ], [ -4.961521, 57.272913 ], [ -4.961799, 57.27292 ], [ -4.961766, 57.273188 ], [ -4.961529, 57.273314 ], [ -4.958559, 57.273883 ], [ -4.958135, 57.274069 ], [ -4.95804, 57.274235 ], [ -4.957612, 57.274307 ], [ -4.957759, 57.27457 ], [ -4.956411, 57.274958 ], [ -4.954576, 57.275355 ], [ -4.955272, 57.275077 ], [ -4.955144, 57.274845 ], [ -4.953525, 57.275221 ], [ -4.950136, 57.275648 ], [ -4.948325, 57.276105 ], [ -4.947129, 57.276219 ], [ -4.947089, 57.276454 ], [ -4.94682, 57.276573 ], [ -4.946471, 57.277073 ], [ -4.946174, 57.277205 ], [ -4.945143, 57.277515 ], [ -4.944566, 57.277584 ], [ -4.943615, 57.278048 ], [ -4.937447, 57.280008 ], [ -4.935637, 57.280709 ], [ -4.934997, 57.281097 ], [ -4.933438, 57.281541 ], [ -4.933383, 57.281452 ], [ -4.934785, 57.281033 ], [ -4.935364, 57.280667 ], [ -4.937408, 57.279885 ], [ -4.943347, 57.27802 ], [ -4.94438, 57.277531 ], [ -4.946036, 57.277122 ], [ -4.946376, 57.276933 ], [ -4.946866, 57.27626 ], [ -4.946089, 57.276414 ], [ -4.945697, 57.276732 ], [ -4.945193, 57.276729 ], [ -4.944983, 57.276871 ], [ -4.944788, 57.276807 ], [ -4.944115, 57.276801 ], [ -4.943635, 57.277027 ], [ -4.943156, 57.277064 ], [ -4.942873, 57.277195 ], [ -4.942498, 57.277246 ], [ -4.941456, 57.27757 ], [ -4.941215, 57.277713 ], [ -4.939471, 57.278063 ], [ -4.938097, 57.278485 ], [ -4.937635, 57.278847 ], [ -4.937321, 57.278867 ], [ -4.936499, 57.27928 ], [ -4.935472, 57.279489 ], [ -4.935599, 57.280188 ], [ -4.935109, 57.280388 ], [ -4.934829, 57.280845 ], [ -4.934535, 57.281027 ], [ -4.933773, 57.281289 ], [ -4.931527, 57.281708 ], [ -4.929037, 57.282689 ], [ -4.928212, 57.282853 ], [ -4.927529, 57.283152 ], [ -4.926397, 57.283256 ], [ -4.924374, 57.283984 ], [ -4.924178, 57.284201 ], [ -4.923676, 57.284361 ], [ -4.923383, 57.28483 ], [ -4.922953, 57.284854 ], [ -4.921474, 57.285428 ], [ -4.921273, 57.285686 ], [ -4.921305, 57.286298 ], [ -4.920916, 57.286773 ], [ -4.920846, 57.28716 ], [ -4.920567, 57.287244 ], [ -4.920194, 57.287243 ], [ -4.919272, 57.287666 ], [ -4.918865, 57.288377 ], [ -4.918734, 57.28926 ], [ -4.918108, 57.289529 ], [ -4.918101, 57.289886 ], [ -4.917482, 57.290016 ], [ -4.917141, 57.290207 ], [ -4.917067, 57.290537 ], [ -4.917245, 57.290693 ], [ -4.916403, 57.291144 ], [ -4.915864, 57.291089 ], [ -4.915713, 57.291208 ], [ -4.91578, 57.291376 ], [ -4.916587, 57.29168 ], [ -4.916693, 57.291818 ], [ -4.916295, 57.291879 ], [ -4.916185, 57.292001 ], [ -4.915895, 57.29201 ], [ -4.915701, 57.292105 ], [ -4.915512, 57.292485 ], [ -4.915267, 57.292462 ], [ -4.915155, 57.29262 ], [ -4.915358, 57.292718 ], [ -4.915636, 57.292708 ], [ -4.915765, 57.293065 ], [ -4.916138, 57.293198 ], [ -4.91628, 57.293419 ], [ -4.915191, 57.293753 ], [ -4.915053, 57.293878 ], [ -4.915201, 57.2941 ], [ -4.91514, 57.294221 ], [ -4.914946, 57.294203 ], [ -4.91489, 57.294071 ], [ -4.914219, 57.294266 ], [ -4.914227, 57.294366 ], [ -4.914496, 57.29442 ], [ -4.914153, 57.294679 ], [ -4.913046, 57.294778 ], [ -4.912751, 57.294906 ], [ -4.911756, 57.294934 ], [ -4.90996, 57.295506 ], [ -4.909048, 57.295675 ], [ -4.907985, 57.295805 ], [ -4.906911, 57.2958 ], [ -4.906316, 57.29612 ], [ -4.905654, 57.296313 ], [ -4.902493, 57.29687 ], [ -4.902025, 57.297405 ], [ -4.902173, 57.297576 ], [ -4.900623, 57.29795 ], [ -4.90008, 57.298221 ], [ -4.899358, 57.298441 ], [ -4.898001, 57.29849 ], [ -4.897191, 57.29915 ], [ -4.896079, 57.299555 ], [ -4.895297, 57.299952 ], [ -4.895011, 57.300208 ], [ -4.895006, 57.300557 ], [ -4.894621, 57.300775 ], [ -4.893769, 57.301008 ], [ -4.893554, 57.300935 ], [ -4.892828, 57.300921 ], [ -4.892213, 57.300782 ], [ -4.891374, 57.300462 ], [ -4.891361, 57.3003 ], [ -4.8912, 57.300199 ], [ -4.890292, 57.300334 ], [ -4.889739, 57.300565 ], [ -4.889214, 57.300655 ], [ -4.888433, 57.30066 ], [ -4.88806, 57.30052 ], [ -4.889122, 57.29989 ], [ -4.888944, 57.29978 ], [ -4.888973, 57.299636 ], [ -4.888641, 57.299512 ], [ -4.887042, 57.299253 ], [ -4.886886, 57.299313 ], [ -4.886968, 57.299437 ], [ -4.886802, 57.299581 ], [ -4.886283, 57.299536 ], [ -4.885829, 57.299608 ], [ -4.885836, 57.299795 ], [ -4.886074, 57.299855 ], [ -4.886776, 57.299765 ], [ -4.887169, 57.300148 ], [ -4.886107, 57.300173 ], [ -4.886022, 57.300314 ], [ -4.887586, 57.300544 ], [ -4.887217, 57.301076 ], [ -4.886644, 57.301268 ], [ -4.88674, 57.301366 ], [ -4.883993, 57.301364 ], [ -4.88353, 57.301514 ], [ -4.880956, 57.301603 ], [ -4.879949, 57.301726 ], [ -4.879452, 57.30188 ], [ -4.878304, 57.301936 ], [ -4.876847, 57.302215 ], [ -4.876283, 57.302195 ], [ -4.875916, 57.302361 ], [ -4.875902, 57.302531 ], [ -4.875052, 57.302763 ], [ -4.873719, 57.303576 ], [ -4.873213, 57.304395 ], [ -4.871493, 57.304423 ], [ -4.871138, 57.304578 ], [ -4.871657, 57.304886 ], [ -4.872797, 57.304974 ], [ -4.873335, 57.304914 ], [ -4.873863, 57.30438 ], [ -4.873556, 57.304181 ], [ -4.873648, 57.303805 ], [ -4.874765, 57.302986 ], [ -4.874851, 57.303058 ], [ -4.873794, 57.303846 ], [ -4.873708, 57.304134 ], [ -4.874628, 57.304715 ], [ -4.874787, 57.305035 ], [ -4.87414, 57.304969 ], [ -4.874125, 57.305243 ], [ -4.873576, 57.305288 ], [ -4.872882, 57.305613 ], [ -4.871889, 57.305922 ], [ -4.871771, 57.30585 ], [ -4.871146, 57.30599 ], [ -4.87114, 57.306068 ], [ -4.870678, 57.306168 ], [ -4.869897, 57.306527 ], [ -4.869661, 57.306468 ], [ -4.869635, 57.306221 ], [ -4.869524, 57.306166 ], [ -4.868723, 57.306469 ], [ -4.869068, 57.306707 ], [ -4.867811, 57.307216 ], [ -4.867307, 57.307843 ], [ -4.866474, 57.308352 ], [ -4.865273, 57.309888 ], [ -4.862521, 57.311021 ], [ -4.86399, 57.310929 ], [ -4.865007, 57.310294 ], [ -4.865215, 57.309997 ], [ -4.865484, 57.309987 ], [ -4.865473, 57.310186 ], [ -4.865245, 57.310472 ], [ -4.864026, 57.311053 ], [ -4.86221, 57.311271 ], [ -4.862127, 57.311685 ], [ -4.861417, 57.311698 ], [ -4.86038, 57.312281 ], [ -4.859166, 57.312726 ], [ -4.858571, 57.312865 ], [ -4.857511, 57.312897 ], [ -4.856466, 57.312801 ], [ -4.85572, 57.312815 ], [ -4.85411, 57.312605 ], [ -4.84691, 57.313599 ], [ -4.843909, 57.313547 ], [ -4.842642, 57.313885 ], [ -4.84157, 57.314655 ], [ -4.840887, 57.314873 ], [ -4.837451, 57.315487 ], [ -4.833297, 57.316651 ], [ -4.832364, 57.316765 ], [ -4.830258, 57.317324 ], [ -4.828672, 57.317587 ], [ -4.827972, 57.317781 ], [ -4.825973, 57.31785 ], [ -4.824627, 57.317341 ], [ -4.82298, 57.316856 ], [ -4.821272, 57.316998 ], [ -4.818745, 57.316908 ], [ -4.819173, 57.318155 ], [ -4.816584, 57.31839 ], [ -4.815181, 57.318789 ], [ -4.813803, 57.319782 ], [ -4.812696, 57.320251 ], [ -4.814524, 57.320253 ], [ -4.812219, 57.321402 ], [ -4.811499, 57.321972 ], [ -4.811404, 57.322125 ], [ -4.811741, 57.322277 ], [ -4.811799, 57.322572 ], [ -4.81222, 57.323088 ], [ -4.812913, 57.323204 ], [ -4.81303, 57.323488 ], [ -4.813618, 57.323874 ], [ -4.81383, 57.32423 ], [ -4.814182, 57.324391 ], [ -4.814774, 57.324516 ], [ -4.815117, 57.324699 ], [ -4.816191, 57.324845 ], [ -4.817218, 57.324694 ], [ -4.817579, 57.324928 ], [ -4.818035, 57.324933 ], [ -4.818415, 57.325026 ], [ -4.81924, 57.324752 ], [ -4.819581, 57.324963 ], [ -4.818798, 57.325645 ], [ -4.819072, 57.325871 ], [ -4.820407, 57.3266 ], [ -4.820744, 57.326958 ], [ -4.82113, 57.327077 ], [ -4.821128, 57.327178 ], [ -4.82168, 57.327669 ], [ -4.822126, 57.327728 ], [ -4.822756, 57.32821 ], [ -4.823097, 57.328319 ], [ -4.82325, 57.328459 ], [ -4.823683, 57.32855 ], [ -4.824196, 57.328919 ], [ -4.825012, 57.329281 ], [ -4.825476, 57.329372 ], [ -4.825805, 57.329597 ], [ -4.826202, 57.329734 ], [ -4.826255, 57.329927 ], [ -4.826824, 57.330465 ], [ -4.820642, 57.332812 ], [ -4.8199, 57.333023 ], [ -4.813015, 57.336394 ], [ -4.810908, 57.337311 ], [ -4.809289, 57.339105 ], [ -4.807901, 57.340332 ], [ -4.806842, 57.341478 ], [ -4.803931, 57.342221 ], [ -4.803241, 57.34274 ], [ -4.802266, 57.343857 ], [ -4.80226, 57.344322 ], [ -4.80311, 57.344801 ], [ -4.804012, 57.345245 ], [ -4.807319, 57.346462 ], [ -4.808974, 57.347589 ], [ -4.810786, 57.348096 ], [ -4.810122, 57.34931 ], [ -4.809088, 57.350629 ], [ -4.807559, 57.352302 ], [ -4.805629, 57.35382 ], [ -4.806673, 57.354398 ], [ -4.807705, 57.354779 ], [ -4.80984, 57.356085 ], [ -4.810614, 57.356856 ], [ -4.811287, 57.357865 ], [ -4.811691, 57.35815 ], [ -4.811486, 57.35831 ], [ -4.811885, 57.358462 ], [ -4.812587, 57.359064 ], [ -4.81257, 57.359328 ], [ -4.812786, 57.359737 ], [ -4.813008, 57.359756 ], [ -4.813254, 57.359968 ], [ -4.813908, 57.360285 ], [ -4.814434, 57.360889 ], [ -4.814967, 57.361114 ], [ -4.817198, 57.361431 ], [ -4.819239, 57.36189 ], [ -4.82059, 57.362099 ], [ -4.8212, 57.362324 ], [ -4.82128, 57.362504 ], [ -4.821888, 57.362477 ], [ -4.823007, 57.362865 ], [ -4.825519, 57.363378 ], [ -4.825529, 57.363453 ], [ -4.82576, 57.363527 ], [ -4.826045, 57.363514 ], [ -4.826449, 57.36333 ], [ -4.827596, 57.362435 ], [ -4.828008, 57.36226 ], [ -4.828582, 57.362217 ], [ -4.83052, 57.362413 ], [ -4.831831, 57.362747 ], [ -4.833977, 57.36305 ], [ -4.834623, 57.362722 ], [ -4.835422, 57.362612 ], [ -4.839839, 57.362539 ], [ -4.840521, 57.362667 ], [ -4.841476, 57.363051 ], [ -4.841915, 57.363135 ], [ -4.842566, 57.363202 ], [ -4.843225, 57.363125 ], [ -4.844413, 57.363146 ], [ -4.844945, 57.363051 ], [ -4.845638, 57.362725 ], [ -4.846429, 57.361869 ], [ -4.84675, 57.361773 ], [ -4.847779, 57.36173 ], [ -4.849148, 57.361091 ], [ -4.848739, 57.360702 ], [ -4.84838, 57.360681 ], [ -4.848006, 57.360329 ], [ -4.847865, 57.360115 ], [ -4.848032, 57.359878 ], [ -4.848577, 57.359713 ], [ -4.848851, 57.359751 ], [ -4.848965, 57.359474 ], [ -4.849809, 57.359388 ], [ -4.85025, 57.359598 ], [ -4.851823, 57.35984 ], [ -4.852361, 57.35973 ], [ -4.853403, 57.35926 ], [ -4.85419, 57.358831 ], [ -4.855144, 57.358138 ], [ -4.855999, 57.357749 ], [ -4.856353, 57.35722 ], [ -4.856167, 57.356634 ], [ -4.8562, 57.356331 ], [ -4.857278, 57.355744 ], [ -4.857706, 57.355078 ], [ -4.858669, 57.354709 ], [ -4.860423, 57.354225 ], [ -4.860957, 57.354019 ], [ -4.861166, 57.353837 ], [ -4.863065, 57.353721 ], [ -4.865778, 57.354443 ], [ -4.867483, 57.354574 ], [ -4.867657, 57.354679 ], [ -4.868289, 57.354603 ], [ -4.86876, 57.354748 ], [ -4.869059, 57.354707 ], [ -4.869313, 57.354802 ], [ -4.871308, 57.354901 ], [ -4.871389, 57.354828 ], [ -4.871803, 57.354792 ], [ -4.872381, 57.354969 ], [ -4.873175, 57.354894 ], [ -4.873346, 57.355075 ], [ -4.874083, 57.355177 ], [ -4.875027, 57.355687 ], [ -4.8758, 57.356419 ], [ -4.87557, 57.356876 ] ], [ [ -4.865332, 57.312185 ], [ -4.865377, 57.312529 ], [ -4.86463, 57.312532 ], [ -4.864608, 57.312221 ], [ -4.865332, 57.312185 ] ], [ [ -4.856368, 57.314772 ], [ -4.856644, 57.31499 ], [ -4.856043, 57.315181 ], [ -4.855822, 57.314972 ], [ -4.856368, 57.314772 ] ], [ [ -4.830426, 57.321962 ], [ -4.830684, 57.322156 ], [ -4.830186, 57.322335 ], [ -4.829932, 57.322161 ], [ -4.830426, 57.321962 ] ] ] ] } },
{ "type": "Feature", "properties": { "NAME": "Forvie" }, "geometry": { "type": "MultiPolygon", "coordinates": [ [ [ [ -1.940638, 57.339498 ], [ -1.940437, 57.33963 ], [ -1.940568, 57.339744 ], [ -1.940746, 57.339564 ], [ -1.940638, 57.339498 ] ] ] ] } },
{ "type": "Feature", "properties": { "NAME": "Forvie" }, "geometry": { "type": "MultiPolygon", "coordinates": [ [ [ [ -1.942049, 57.339432 ], [ -1.942029, 57.339494 ], [ -1.942087, 57.339545 ], [ -1.94213, 57.339463 ], [ -1.942049, 57.339432 ] ] ] ] } },
{ "type": "Feature", "properties": { "NAME": "Forvie" }, "geometry": { "type": "MultiPolygon", "coordinates": [ [ [ [ -1.948585, 57.336937 ], [ -1.948712, 57.336904 ], [ -1.948765, 57.336834 ], [ -1.948509, 57.336862 ], [ -1.948585, 57.336937 ] ] ] ] } },
{ "type": "Feature", "properties": { "NAME": "Forvie" }, "geometry": { "type": "MultiPolygon", "coordinates": [ [ [ [ -1.95371, 57.33081 ], [ -1.953806, 57.330912 ], [ -1.95413, 57.330926 ], [ -1.95424, 57.330804 ], [ -1.953964, 57.330763 ], [ -1.95371, 57.33081 ] ] ] ] } },
{ "type": "Feature", "properties": { "NAME": "Forvie" }, "geometry": { "type": "MultiPolygon", "coordinates": [ [ [ [ -1.953836, 57.330677 ], [ -1.954164, 57.330761 ], [ -1.954305, 57.330544 ], [ -1.953913, 57.330544 ], [ -1.953836, 57.330677 ] ] ] ] } },
{ "type": "Feature", "properties": { "NAME": "Forvie" }, "geometry": { "type": "MultiPolygon", "coordinates": [ [ [ [ -2.02374, 57.360118 ], [ -2.023799, 57.36001 ], [ -2.023703, 57.360004 ], [ -2.022443, 57.360169 ], [ -2.021409, 57.359943 ], [ -2.019542, 57.360005 ], [ -2.018196, 57.359945 ], [ -2.017544, 57.35967 ], [ -2.017267, 57.359754 ], [ -2.017735, 57.36017 ], [ -2.018528, 57.360341 ], [ -2.019326, 57.360302 ], [ -2.020909, 57.36008 ], [ -2.021642, 57.360088 ], [ -2.02237, 57.360204 ], [ -2.02374, 57.360118 ] ] ] ] } },
{ "type": "Feature", "properties": { "NAME": "Forvie" }, "geometry": { "type": "MultiPolygon", "coordinates": [ [ [ [ -1.948944, 57.336295 ], [ -1.948895, 57.336367 ], [ -1.949015, 57.336414 ], [ -1.949057, 57.336351 ], [ -1.948944, 57.336295 ] ] ] ] } },
{ "type": "Feature", "properties": { "NAME": "Forvie" }, "geometry": { "type": "MultiPolygon", "coordinates": [ [ [ [ -1.938727, 57.340758 ], [ -1.938584, 57.340882 ], [ -1.938822, 57.340896 ], [ -1.938778, 57.340992 ], [ -1.939182, 57.340965 ], [ -1.939083, 57.340767 ], [ -1.938727, 57.340758 ] ] ] ] } },
{ "type": "Feature", "properties": { "NAME": "Forvie" }, "geometry": { "type": "MultiPolygon", "coordinates": [ [ [ [ -2.008541, 57.352042 ], [ -2.009099, 57.352857 ], [ -2.009076, 57.353584 ], [ -2.009619, 57.35421 ], [ -2.009719, 57.354728 ], [ -2.009633, 57.355348 ], [ -2.010487, 57.356047 ], [ -2.011548, 57.357354 ], [ -2.011862, 57.357559 ], [ -2.012364, 57.357712 ], [ -2.014136, 57.358032 ], [ -2.01478, 57.35825 ], [ -2.016374, 57.358991 ], [ -2.017227, 57.359731 ], [ -2.017496, 57.359651 ], [ -2.017398, 57.359577 ], [ -2.017797, 57.359461 ], [ -2.017865, 57.359298 ], [ -2.017785, 57.358883 ], [ -2.017431, 57.358607 ], [ -2.016689, 57.358347 ], [ -2.016086, 57.358377 ], [ -2.015361, 57.358276 ], [ -2.014111, 57.35781 ], [ -2.012668, 57.357431 ], [ -2.012511, 57.357447 ], [ -2.012076, 57.357273 ], [ -2.010949, 57.355932 ], [ -2.010143, 57.355367 ], [ -2.010063, 57.35514 ], [ -2.010272, 57.354592 ], [ -2.010159, 57.354122 ], [ -2.009283, 57.353404 ], [ -2.00944, 57.352824 ], [ -2.010193, 57.352258 ], [ -2.010611, 57.351732 ], [ -2.008541, 57.352042 ] ] ] ] } },
{ "type": "Feature", "properties": { "NAME": "Cairnsmore of Fleet" }, "geometry": { "type": "MultiPolygon", "coordinates": [ [ [ [ -4.262633, 54.948942 ], [ -4.261445, 54.948115 ], [ -4.259484, 54.946458 ], [ -4.258342, 54.945252 ], [ -4.25732, 54.943807 ], [ -4.256325, 54.942911 ], [ -4.255935, 54.943195 ], [ -4.255556, 54.943274 ], [ -4.255196, 54.943452 ], [ -4.25509, 54.943786 ], [ -4.256432, 54.944631 ], [ -4.256903, 54.945109 ], [ -4.257635, 54.946363 ], [ -4.257584, 54.946746 ], [ -4.257295, 54.947141 ], [ -4.256545, 54.947588 ], [ -4.256004, 54.948389 ], [ -4.255385, 54.949048 ], [ -4.254816, 54.949342 ], [ -4.253672, 54.949691 ], [ -4.253197, 54.950184 ], [ -4.253132, 54.950543 ], [ -4.252896, 54.950858 ], [ -4.25184, 54.951674 ], [ -4.251702, 54.952035 ], [ -4.252109, 54.952231 ], [ -4.252984, 54.952189 ], [ -4.253197, 54.952142 ], [ -4.253386, 54.951975 ], [ -4.256224, 54.951343 ], [ -4.259059, 54.950369 ], [ -4.260646, 54.949714 ], [ -4.261141, 54.949624 ], [ -4.262097, 54.949274 ], [ -4.262633, 54.948942 ] ] ] ] } },
{ "type": "Feature", "properties": { "NAME": "Forvie" }, "geometry": { "type": "MultiPolygon", "coordinates": [ [ [ [ -1.955222, 57.330359 ], [ -1.955268, 57.33047 ], [ -1.955468, 57.330505 ], [ -1.955506, 57.330401 ], [ -1.955222, 57.330359 ] ] ] ] } },
{ "type": "Feature", "properties": { "NAME": "St Cyrus" }, "geometry": { "type": "MultiPolygon", "coordinates": [ [ [ [ -2.392092, 56.775404 ], [ -2.392017, 56.775811 ], [ -2.392459, 56.77599 ], [ -2.392441, 56.776189 ], [ -2.393256, 56.775849 ], [ -2.39439, 56.77571 ], [ -2.395085, 56.77539 ], [ -2.396614, 56.775654 ], [ -2.397589, 56.775568 ], [ -2.398167, 56.775609 ], [ -2.399522, 56.774931 ], [ -2.400462, 56.775065 ], [ -2.401476, 56.774563 ], [ -2.403534, 56.773921 ], [ -2.404714, 56.77366 ], [ -2.407719, 56.772772 ], [ -2.4076, 56.772697 ], [ -2.407693, 56.772596 ], [ -2.408618, 56.772101 ], [ -2.409035, 56.771996 ], [ -2.409894, 56.771243 ], [ -2.410602, 56.770861 ], [ -2.411422, 56.770546 ], [ -2.413147, 56.770204 ], [ -2.413436, 56.770209 ], [ -2.413866, 56.770356 ], [ -2.414346, 56.770358 ], [ -2.414496, 56.770255 ], [ -2.414578, 56.769862 ], [ -2.415033, 56.769653 ], [ -2.41535, 56.769342 ], [ -2.415735, 56.769155 ], [ -2.415917, 56.768666 ], [ -2.416145, 56.768445 ], [ -2.416521, 56.768362 ], [ -2.416423, 56.768125 ], [ -2.416669, 56.767825 ], [ -2.417455, 56.767721 ], [ -2.418022, 56.767792 ], [ -2.418767, 56.767224 ], [ -2.419788, 56.766974 ], [ -2.420578, 56.766282 ], [ -2.421907, 56.765497 ], [ -2.423138, 56.764163 ], [ -2.423272, 56.763968 ], [ -2.422153, 56.763371 ], [ -2.421864, 56.763567 ], [ -2.421863, 56.763788 ], [ -2.422062, 56.76375 ], [ -2.422304, 56.763816 ], [ -2.422393, 56.763876 ], [ -2.422219, 56.764024 ], [ -2.419459, 56.766044 ], [ -2.419293, 56.76594 ], [ -2.419015, 56.766113 ], [ -2.418665, 56.766164 ], [ -2.418621, 56.766368 ], [ -2.417905, 56.767018 ], [ -2.417149, 56.767323 ], [ -2.416659, 56.767137 ], [ -2.417033, 56.766813 ], [ -2.417299, 56.766372 ], [ -2.418284, 56.765715 ], [ -2.419189, 56.764884 ], [ -2.42036, 56.763221 ], [ -2.42148, 56.762434 ], [ -2.4233, 56.761565 ], [ -2.424666, 56.760012 ], [ -2.426035, 56.760441 ], [ -2.426711, 56.759709 ], [ -2.42703, 56.759065 ], [ -2.426347, 56.758869 ], [ -2.427291, 56.758338 ], [ -2.42804, 56.758251 ], [ -2.429774, 56.757176 ], [ -2.43003, 56.756779 ], [ -2.432459, 56.75478 ], [ -2.432701, 56.754295 ], [ -2.432968, 56.754073 ], [ -2.433542, 56.753744 ], [ -2.437614, 56.752714 ], [ -2.44075, 56.751699 ], [ -2.442587, 56.751741 ], [ -2.442464, 56.75159 ], [ -2.441187, 56.751431 ], [ -2.439367, 56.75136 ], [ -2.439218, 56.751399 ], [ -2.439343, 56.751592 ], [ -2.439247, 56.751616 ], [ -2.437848, 56.7515 ], [ -2.435879, 56.751507 ], [ -2.434168, 56.751832 ], [ -2.432816, 56.751996 ], [ -2.431545, 56.752247 ], [ -2.430906, 56.752471 ], [ -2.430682, 56.752868 ], [ -2.429793, 56.75362 ], [ -2.428968, 56.7537 ], [ -2.428782, 56.753589 ], [ -2.428396, 56.753605 ], [ -2.426689, 56.754277 ], [ -2.424849, 56.755578 ], [ -2.424418, 56.756352 ], [ -2.423495, 56.75636 ], [ -2.423188, 56.756472 ], [ -2.422261, 56.757625 ], [ -2.422273, 56.757987 ], [ -2.420621, 56.758804 ], [ -2.419809, 56.759318 ], [ -2.419418, 56.75973 ], [ -2.418161, 56.760526 ], [ -2.417175, 56.761975 ], [ -2.414709, 56.764868 ], [ -2.412751, 56.766643 ], [ -2.409059, 56.769335 ], [ -2.409753, 56.769673 ], [ -2.407482, 56.770894 ], [ -2.406741, 56.771479 ], [ -2.406321, 56.77159 ], [ -2.406226, 56.771533 ], [ -2.406324, 56.771474 ], [ -2.405895, 56.771249 ], [ -2.403381, 56.772759 ], [ -2.401472, 56.77359 ], [ -2.401388, 56.7737 ], [ -2.400091, 56.774111 ], [ -2.399871, 56.77413 ], [ -2.39969, 56.774006 ], [ -2.39957, 56.774109 ], [ -2.399715, 56.774224 ], [ -2.399432, 56.774289 ], [ -2.399271, 56.774303 ], [ -2.399058, 56.774129 ], [ -2.398915, 56.774139 ], [ -2.398045, 56.774757 ], [ -2.39763, 56.774881 ], [ -2.398085, 56.775358 ], [ -2.396492, 56.775404 ], [ -2.395279, 56.774888 ], [ -2.394863, 56.774821 ], [ -2.394477, 56.775199 ], [ -2.394252, 56.77516 ], [ -2.393532, 56.775267 ], [ -2.393454, 56.775186 ], [ -2.39318, 56.775314 ], [ -2.392633, 56.77538 ], [ -2.392484, 56.775155 ], [ -2.392334, 56.775339 ], [ -2.392092, 56.775404 ] ] ] ] } },
{ "type": "Feature", "properties": { "NAME": "Craigellachie" }, "geometry": { "type": "MultiPolygon", "coordinates": [ [ [ [ -3.837353, 57.179409 ], [ -3.836881, 57.180087 ], [ -3.835635, 57.181194 ], [ -3.835482, 57.182463 ], [ -3.835899, 57.18458 ], [ -3.835838, 57.185302 ], [ -3.837087, 57.188758 ], [ -3.837337, 57.191122 ], [ -3.837167, 57.194361 ], [ -3.836457, 57.196401 ], [ -3.835699, 57.197922 ], [ -3.840284, 57.198111 ], [ -3.840195, 57.199059 ], [ -3.840852, 57.198863 ], [ -3.843438, 57.19883 ], [ -3.845344, 57.198638 ], [ -3.847349, 57.198649 ], [ -3.850057, 57.198485 ], [ -3.851355, 57.198028 ], [ -3.853289, 57.197079 ], [ -3.854993, 57.196565 ], [ -3.855681, 57.196231 ], [ -3.857229, 57.195686 ], [ -3.858039, 57.195017 ], [ -3.858543, 57.195102 ], [ -3.85951, 57.195017 ], [ -3.860465, 57.194452 ], [ -3.860895, 57.194432 ], [ -3.861607, 57.194204 ], [ -3.862685, 57.194 ], [ -3.863564, 57.193336 ], [ -3.865048, 57.192533 ], [ -3.866207, 57.191636 ], [ -3.868545, 57.189438 ], [ -3.868482, 57.189028 ], [ -3.866802, 57.188599 ], [ -3.864545, 57.187116 ], [ -3.862841, 57.187066 ], [ -3.861935, 57.186962 ], [ -3.861058, 57.186839 ], [ -3.859713, 57.186486 ], [ -3.857994, 57.186318 ], [ -3.857213, 57.186249 ], [ -3.85565, 57.18626 ], [ -3.851595, 57.185654 ], [ -3.849078, 57.184243 ], [ -3.847146, 57.181927 ], [ -3.842428, 57.180578 ], [ -3.837353, 57.179409 ] ] ] ] } },
{ "type": "Feature", "properties": { "NAME": "The Great Trossachs Forest" }, "geometry": { "type": "MultiPolygon", "coordinates": [ [ [ [ -4.407044, 56.232545 ], [ -4.408114, 56.232241 ], [ -4.408626, 56.232177 ], [ -4.410473, 56.232461 ], [ -4.410558, 56.232368 ], [ -4.410344, 56.231717 ], [ -4.409479, 56.231886 ], [ -4.409251, 56.232106 ], [ -4.40865, 56.232041 ], [ -4.407848, 56.232124 ], [ -4.407197, 56.231895 ], [ -4.407069, 56.231659 ], [ -4.406854, 56.231567 ], [ -4.406324, 56.231997 ], [ -4.404761, 56.232548 ], [ -4.407044, 56.232545 ] ] ] ] } },
{ "type": "Feature", "properties": { "NAME": "The Great Trossachs Forest" }, "geometry": { "type": "MultiPolygon", "coordinates": [ [ [ [ -4.42952, 56.235201 ], [ -4.429829, 56.235366 ], [ -4.429967, 56.235255 ], [ -4.429773, 56.23512 ], [ -4.429588, 56.235123 ], [ -4.42952, 56.235201 ] ] ] ] } },
{ "type": "Feature", "properties": { "NAME": "The Great Trossachs Forest" }, "geometry": { "type": "MultiPolygon", "coordinates": [ [ [ [ -4.432359, 56.235694 ], [ -4.432947, 56.235673 ], [ -4.433576, 56.235414 ], [ -4.433557, 56.235239 ], [ -4.433225, 56.234845 ], [ -4.434682, 56.235046 ], [ -4.435301, 56.235002 ], [ -4.435947, 56.234886 ], [ -4.437044, 56.234505 ], [ -4.437716, 56.234155 ], [ -4.437886, 56.233909 ], [ -4.438314, 56.233671 ], [ -4.439033, 56.233684 ], [ -4.439364, 56.23356 ], [ -4.439648, 56.233209 ], [ -4.439702, 56.232916 ], [ -4.439493, 56.232789 ], [ -4.439023, 56.232767 ], [ -4.438774, 56.23253 ], [ -4.438571, 56.232507 ], [ -4.438245, 56.23232 ], [ -4.438524, 56.232013 ], [ -4.438393, 56.231867 ], [ -4.438053, 56.231721 ], [ -4.437689, 56.231836 ], [ -4.437289, 56.231629 ], [ -4.437255, 56.231351 ], [ -4.43679, 56.231144 ], [ -4.436807, 56.230892 ], [ -4.437188, 56.230678 ], [ -4.437421, 56.230413 ], [ -4.437079, 56.230381 ], [ -4.436919, 56.229618 ], [ -4.436398, 56.229669 ], [ -4.435504, 56.229439 ], [ -4.432067, 56.227671 ], [ -4.431522, 56.226283 ], [ -4.431138, 56.226231 ], [ -4.430818, 56.226265 ], [ -4.430664, 56.226389 ], [ -4.430235, 56.226496 ], [ -4.430117, 56.226665 ], [ -4.429014, 56.227087 ], [ -4.428404, 56.227139 ], [ -4.428259, 56.227007 ], [ -4.427572, 56.22711 ], [ -4.427485, 56.227018 ], [ -4.427191, 56.226961 ], [ -4.426829, 56.22735 ], [ -4.426198, 56.227587 ], [ -4.426071, 56.227742 ], [ -4.425644, 56.227746 ], [ -4.425433, 56.227862 ], [ -4.425161, 56.22789 ], [ -4.424425, 56.228242 ], [ -4.424376, 56.228373 ], [ -4.424073, 56.228554 ], [ -4.423507, 56.228655 ], [ -4.42291, 56.228918 ], [ -4.422095, 56.228903 ], [ -4.421284, 56.229094 ], [ -4.420517, 56.229091 ], [ -4.420048, 56.22917 ], [ -4.420505, 56.229401 ], [ -4.420859, 56.229781 ], [ -4.421469, 56.229989 ], [ -4.422491, 56.23058 ], [ -4.42291, 56.230698 ], [ -4.42373, 56.230785 ], [ -4.42526, 56.231371 ], [ -4.426312, 56.23193 ], [ -4.426858, 56.232022 ], [ -4.427396, 56.232237 ], [ -4.427252, 56.232241 ], [ -4.427781, 56.232347 ], [ -4.42796, 56.232477 ], [ -4.42783, 56.232531 ], [ -4.428138, 56.232733 ], [ -4.428288, 56.232723 ], [ -4.428778, 56.23303 ], [ -4.428979, 56.232993 ], [ -4.431045, 56.234439 ], [ -4.431424, 56.23444 ], [ -4.43144, 56.234561 ], [ -4.431234, 56.234754 ], [ -4.431341, 56.234914 ], [ -4.431276, 56.235284 ], [ -4.431597, 56.235506 ], [ -4.432359, 56.235694 ] ], [ [ -4.424489, 56.230769 ], [ -4.424347, 56.230897 ], [ -4.423856, 56.230729 ], [ -4.423998, 56.2306 ], [ -4.424489, 56.230769 ] ] ] ] } },
{ "type": "Feature", "properties": { "NAME": "The Great Trossachs Forest" }, "geometry": { "type": "MultiPolygon", "coordinates": [ [ [ [ -4.4301, 56.236718 ], [ -4.430443, 56.236653 ], [ -4.431059, 56.236052 ], [ -4.430239, 56.235475 ], [ -4.430047, 56.235501 ], [ -4.430689, 56.235825 ], [ -4.430848, 56.236047 ], [ -4.4301, 56.236718 ] ] ] ] } },
{ "type": "Feature", "properties": { "NAME": "The Great Trossachs Forest" }, "geometry": { "type": "MultiPolygon", "coordinates": [ [ [ [ -4.43975, 56.241785 ], [ -4.440547, 56.241626 ], [ -4.440931, 56.241317 ], [ -4.441845, 56.240845 ], [ -4.441996, 56.240424 ], [ -4.441926, 56.240223 ], [ -4.440868, 56.239444 ], [ -4.440973, 56.239312 ], [ -4.441326, 56.239287 ], [ -4.440779, 56.239064 ], [ -4.440783, 56.238862 ], [ -4.440616, 56.238659 ], [ -4.440278, 56.238665 ], [ -4.439675, 56.238448 ], [ -4.439167, 56.238076 ], [ -4.438605, 56.238119 ], [ -4.438464, 56.238436 ], [ -4.437809, 56.238408 ], [ -4.437461, 56.238146 ], [ -4.437256, 56.2381 ], [ -4.437141, 56.237676 ], [ -4.436617, 56.237308 ], [ -4.436126, 56.237197 ], [ -4.435644, 56.237233 ], [ -4.434683, 56.23709 ], [ -4.434471, 56.237566 ], [ -4.434237, 56.237688 ], [ -4.434946, 56.237939 ], [ -4.436137, 56.238765 ], [ -4.436278, 56.238699 ], [ -4.436812, 56.238686 ], [ -4.436973, 56.238836 ], [ -4.437218, 56.238892 ], [ -4.437267, 56.239152 ], [ -4.437661, 56.239647 ], [ -4.438164, 56.239687 ], [ -4.438292, 56.239801 ], [ -4.438002, 56.240184 ], [ -4.437767, 56.240297 ], [ -4.438107, 56.240559 ], [ -4.438973, 56.240992 ], [ -4.439466, 56.241638 ], [ -4.43975, 56.241785 ] ] ] ] } },
{ "type": "Feature", "properties": { "NAME": "The Great Trossachs Forest" }, "geometry": { "type": "MultiPolygon", "coordinates": [ [ [ [ -4.667174, 56.318456 ], [ -4.667766, 56.318563 ], [ -4.668249, 56.318479 ], [ -4.668846, 56.316871 ], [ -4.671876, 56.315734 ], [ -4.671844, 56.314357 ], [ -4.672179, 56.313693 ], [ -4.673494, 56.313841 ], [ -4.675372, 56.312989 ], [ -4.676933, 56.312703 ], [ -4.67731, 56.312292 ], [ -4.677109, 56.310633 ], [ -4.676522, 56.310007 ], [ -4.676599, 56.309546 ], [ -4.677298, 56.309103 ], [ -4.677586, 56.30818 ], [ -4.677533, 56.307421 ], [ -4.676942, 56.306708 ], [ -4.674076, 56.304417 ], [ -4.67355, 56.304096 ], [ -4.672315, 56.3038 ], [ -4.67108, 56.302514 ], [ -4.670951, 56.30186 ], [ -4.671339, 56.301664 ], [ -4.672418, 56.301723 ], [ -4.673361, 56.30192 ], [ -4.674493, 56.301714 ], [ -4.675526, 56.300194 ], [ -4.676497, 56.300073 ], [ -4.677095, 56.299645 ], [ -4.677792, 56.299312 ], [ -4.678728, 56.299044 ], [ -4.678915, 56.299889 ], [ -4.679715, 56.29982 ], [ -4.680718, 56.299283 ], [ -4.680904, 56.298767 ], [ -4.68194, 56.298108 ], [ -4.681994, 56.297523 ], [ -4.681896, 56.297029 ], [ -4.680832, 56.29592 ], [ -4.680546, 56.295233 ], [ -4.680049, 56.290647 ], [ -4.67918, 56.289137 ], [ -4.676296, 56.289119 ], [ -4.675015, 56.288635 ], [ -4.671462, 56.288801 ], [ -4.66986, 56.289359 ], [ -4.668233, 56.288101 ], [ -4.665394, 56.287671 ], [ -4.663655, 56.287746 ], [ -4.663055, 56.287352 ], [ -4.662861, 56.286829 ], [ -4.662039, 56.286684 ], [ -4.660883, 56.285464 ], [ -4.660694, 56.285037 ], [ -4.6609, 56.283734 ], [ -4.661288, 56.283262 ], [ -4.660481, 56.28176 ], [ -4.660433, 56.281074 ], [ -4.660955, 56.28086 ], [ -4.662702, 56.280998 ], [ -4.664016, 56.280844 ], [ -4.664405, 56.280867 ], [ -4.665394, 56.28045 ], [ -4.666424, 56.279586 ], [ -4.666908, 56.279339 ], [ -4.667102, 56.279335 ], [ -4.667391, 56.27954 ], [ -4.667603, 56.279575 ], [ -4.667619, 56.279687 ], [ -4.668184, 56.279904 ], [ -4.668343, 56.280108 ], [ -4.6688, 56.280282 ], [ -4.669061, 56.280546 ], [ -4.670143, 56.281121 ], [ -4.670401, 56.281353 ], [ -4.670919, 56.281477 ], [ -4.671254, 56.281649 ], [ -4.672097, 56.281685 ], [ -4.672263, 56.281628 ], [ -4.672675, 56.281174 ], [ -4.673501, 56.281084 ], [ -4.673749, 56.280701 ], [ -4.674382, 56.280171 ], [ -4.675109, 56.279809 ], [ -4.675236, 56.279559 ], [ -4.675714, 56.27945 ], [ -4.675919, 56.279499 ], [ -4.676255, 56.279451 ], [ -4.676336, 56.279333 ], [ -4.677075, 56.27916 ], [ -4.677203, 56.27891 ], [ -4.677638, 56.278662 ], [ -4.678127, 56.278036 ], [ -4.679652, 56.277086 ], [ -4.680041, 56.276992 ], [ -4.681271, 56.276907 ], [ -4.682449, 56.277003 ], [ -4.683052, 56.277183 ], [ -4.683533, 56.277483 ], [ -4.683887, 56.278158 ], [ -4.683782, 56.278268 ], [ -4.684211, 56.278394 ], [ -4.684545, 56.278432 ], [ -4.685291, 56.278366 ], [ -4.685772, 56.278544 ], [ -4.686069, 56.278394 ], [ -4.687351, 56.278254 ], [ -4.688732, 56.278466 ], [ -4.690123, 56.278832 ], [ -4.690728, 56.278715 ], [ -4.691028, 56.278848 ], [ -4.691994, 56.27884 ], [ -4.691732, 56.277709 ], [ -4.691457, 56.277589 ], [ -4.691341, 56.277201 ], [ -4.691564, 56.276922 ], [ -4.6917, 56.276456 ], [ -4.691572, 56.275776 ], [ -4.691903, 56.27531 ], [ -4.691908, 56.274923 ], [ -4.692488, 56.273873 ], [ -4.69241, 56.273794 ], [ -4.69263, 56.273591 ], [ -4.692557, 56.272667 ], [ -4.692395, 56.272324 ], [ -4.692408, 56.271358 ], [ -4.692486, 56.270965 ], [ -4.692984, 56.270707 ], [ -4.693028, 56.270293 ], [ -4.692681, 56.268808 ], [ -4.691807, 56.26729 ], [ -4.691842, 56.266404 ], [ -4.691746, 56.266186 ], [ -4.691879, 56.265662 ], [ -4.691785, 56.265588 ], [ -4.692019, 56.265133 ], [ -4.69171, 56.264529 ], [ -4.6919, 56.263671 ], [ -4.691769, 56.263071 ], [ -4.69181, 56.262266 ], [ -4.691526, 56.261679 ], [ -4.691509, 56.26132 ], [ -4.691792, 56.260977 ], [ -4.691538, 56.260465 ], [ -4.691539, 56.260016 ], [ -4.692403, 56.259449 ], [ -4.692439, 56.258576 ], [ -4.694034, 56.256573 ], [ -4.694471, 56.256357 ], [ -4.694642, 56.256151 ], [ -4.694854, 56.255611 ], [ -4.694771, 56.255123 ], [ -4.694913, 56.254729 ], [ -4.69472, 56.254003 ], [ -4.684108, 56.247099 ], [ -4.682561, 56.247827 ], [ -4.675259, 56.248416 ], [ -4.675346, 56.244604 ], [ -4.674661, 56.244687 ], [ -4.672759, 56.245361 ], [ -4.672137, 56.245669 ], [ -4.671901, 56.246924 ], [ -4.671559, 56.247574 ], [ -4.671258, 56.247881 ], [ -4.670429, 56.248151 ], [ -4.669029, 56.248888 ], [ -4.669136, 56.249172 ], [ -4.668701, 56.249532 ], [ -4.668302, 56.250057 ], [ -4.668347, 56.250276 ], [ -4.669023, 56.250662 ], [ -4.668502, 56.250995 ], [ -4.668674, 56.251048 ], [ -4.668613, 56.251117 ], [ -4.668038, 56.250872 ], [ -4.668224, 56.25089 ], [ -4.668285, 56.25049 ], [ -4.66666, 56.250654 ], [ -4.666535, 56.250467 ], [ -4.665813, 56.250441 ], [ -4.665818, 56.249606 ], [ -4.665249, 56.249613 ], [ -4.663687, 56.249163 ], [ -4.660775, 56.248849 ], [ -4.658756, 56.24889 ], [ -4.658864, 56.249263 ], [ -4.657522, 56.249288 ], [ -4.656973, 56.249527 ], [ -4.656706, 56.249407 ], [ -4.656678, 56.249253 ], [ -4.654518, 56.249761 ], [ -4.653012, 56.24982 ], [ -4.651919, 56.249951 ], [ -4.651846, 56.249629 ], [ -4.651673, 56.249597 ], [ -4.64968, 56.249833 ], [ -4.648913, 56.249831 ], [ -4.647676, 56.249341 ], [ -4.646095, 56.249245 ], [ -4.64594, 56.249329 ], [ -4.645269, 56.249321 ], [ -4.645195, 56.249187 ], [ -4.644976, 56.249174 ], [ -4.644738, 56.24899 ], [ -4.644263, 56.248902 ], [ -4.643656, 56.248636 ], [ -4.643205, 56.248659 ], [ -4.642736, 56.248521 ], [ -4.641995, 56.248546 ], [ -4.640447, 56.248345 ], [ -4.639842, 56.248349 ], [ -4.639227, 56.248205 ], [ -4.638234, 56.248199 ], [ -4.637831, 56.247978 ], [ -4.636301, 56.248141 ], [ -4.636073, 56.248124 ], [ -4.635813, 56.247968 ], [ -4.63533, 56.248 ], [ -4.634373, 56.24816 ], [ -4.634058, 56.248284 ], [ -4.633248, 56.24835 ], [ -4.632686, 56.248515 ], [ -4.632013, 56.248592 ], [ -4.631261, 56.248451 ], [ -4.630711, 56.248431 ], [ -4.630198, 56.248608 ], [ -4.629593, 56.248495 ], [ -4.629566, 56.248694 ], [ -4.629065, 56.248677 ], [ -4.628881, 56.248583 ], [ -4.628824, 56.248701 ], [ -4.628607, 56.24871 ], [ -4.628614, 56.248808 ], [ -4.628104, 56.248905 ], [ -4.628154, 56.249047 ], [ -4.627926, 56.249133 ], [ -4.62768, 56.24908 ], [ -4.627582, 56.248952 ], [ -4.627365, 56.248965 ], [ -4.626509, 56.248727 ], [ -4.626265, 56.248701 ], [ -4.626004, 56.248769 ], [ -4.625756, 56.24868 ], [ -4.625632, 56.248885 ], [ -4.624189, 56.249028 ], [ -4.624335, 56.249272 ], [ -4.624258, 56.249332 ], [ -4.623684, 56.248954 ], [ -4.62332, 56.248943 ], [ -4.623141, 56.248812 ], [ -4.622849, 56.248913 ], [ -4.622573, 56.248645 ], [ -4.622118, 56.2486 ], [ -4.621918, 56.248506 ], [ -4.621636, 56.248516 ], [ -4.621378, 56.248647 ], [ -4.621339, 56.24854 ], [ -4.620803, 56.248502 ], [ -4.620512, 56.248612 ], [ -4.620481, 56.248743 ], [ -4.620069, 56.248981 ], [ -4.619218, 56.249039 ], [ -4.617826, 56.248997 ], [ -4.617699, 56.248784 ], [ -4.617784, 56.248611 ], [ -4.617536, 56.248527 ], [ -4.617079, 56.248572 ], [ -4.617536, 56.248998 ], [ -4.61821, 56.249407 ], [ -4.618158, 56.249503 ], [ -4.615989, 56.249512 ], [ -4.616575, 56.248987 ], [ -4.616093, 56.248665 ], [ -4.615831, 56.248733 ], [ -4.615486, 56.248642 ], [ -4.614877, 56.248709 ], [ -4.614525, 56.248649 ], [ -4.614195, 56.248768 ], [ -4.613763, 56.248597 ], [ -4.613145, 56.248651 ], [ -4.612632, 56.248585 ], [ -4.61229, 56.24866 ], [ -4.611376, 56.248508 ], [ -4.611034, 56.248579 ], [ -4.610766, 56.248445 ], [ -4.610575, 56.248476 ], [ -4.610155, 56.248359 ], [ -4.609938, 56.248489 ], [ -4.609168, 56.248564 ], [ -4.608824, 56.24849 ], [ -4.608076, 56.248654 ], [ -4.60697, 56.248642 ], [ -4.606353, 56.248718 ], [ -4.606197, 56.248797 ], [ -4.604785, 56.248805 ], [ -4.604819, 56.248943 ], [ -4.60462, 56.249109 ], [ -4.604315, 56.249134 ], [ -4.604163, 56.249034 ], [ -4.6039, 56.249201 ], [ -4.603801, 56.249401 ], [ -4.603959, 56.249712 ], [ -4.603828, 56.249805 ], [ -4.603471, 56.249888 ], [ -4.603431, 56.249786 ], [ -4.602929, 56.249877 ], [ -4.602688, 56.250247 ], [ -4.602397, 56.250365 ], [ -4.601749, 56.250451 ], [ -4.601673, 56.250524 ], [ -4.600918, 56.250333 ], [ -4.600597, 56.250488 ], [ -4.600315, 56.251092 ], [ -4.600061, 56.251268 ], [ -4.599725, 56.251315 ], [ -4.599018, 56.2516 ], [ -4.59856, 56.251637 ], [ -4.598145, 56.251821 ], [ -4.597696, 56.251866 ], [ -4.597382, 56.252115 ], [ -4.59719, 56.252146 ], [ -4.597327, 56.252017 ], [ -4.596925, 56.251801 ], [ -4.596347, 56.251849 ], [ -4.595928, 56.251988 ], [ -4.595645, 56.251976 ], [ -4.595343, 56.252167 ], [ -4.594885, 56.252199 ], [ -4.594709, 56.252104 ], [ -4.594327, 56.252179 ], [ -4.593784, 56.252146 ], [ -4.592872, 56.252399 ], [ -4.592163, 56.252049 ], [ -4.592372, 56.251686 ], [ -4.591744, 56.251703 ], [ -4.591603, 56.251648 ], [ -4.591843, 56.251144 ], [ -4.592276, 56.250865 ], [ -4.591971, 56.250885 ], [ -4.591833, 56.250524 ], [ -4.59208, 56.250497 ], [ -4.591925, 56.250333 ], [ -4.591729, 56.250301 ], [ -4.591589, 56.250367 ], [ -4.591479, 56.250778 ], [ -4.591002, 56.250757 ], [ -4.590855, 56.250625 ], [ -4.590983, 56.250488 ], [ -4.590531, 56.249769 ], [ -4.590159, 56.249638 ], [ -4.589495, 56.249728 ], [ -4.589275, 56.249454 ], [ -4.589404, 56.24933 ], [ -4.589761, 56.249246 ], [ -4.589846, 56.248835 ], [ -4.590173, 56.248527 ], [ -4.589957, 56.248433 ], [ -4.589935, 56.248119 ], [ -4.589401, 56.24786 ], [ -4.589251, 56.24767 ], [ -4.589586, 56.247367 ], [ -4.589656, 56.247087 ], [ -4.59042, 56.24681 ], [ -4.590057, 56.246458 ], [ -4.590371, 56.246083 ], [ -4.590746, 56.245895 ], [ -4.590725, 56.245478 ], [ -4.590393, 56.245103 ], [ -4.590511, 56.245056 ], [ -4.591796, 56.245442 ], [ -4.592619, 56.245551 ], [ -4.592568, 56.245749 ], [ -4.59275, 56.245818 ], [ -4.593283, 56.24582 ], [ -4.59349, 56.245537 ], [ -4.593731, 56.24564 ], [ -4.594081, 56.24556 ], [ -4.594368, 56.245631 ], [ -4.59559, 56.245439 ], [ -4.595857, 56.245456 ], [ -4.595921, 56.245679 ], [ -4.596104, 56.245531 ], [ -4.596497, 56.245483 ], [ -4.596624, 56.245341 ], [ -4.597222, 56.245104 ], [ -4.597445, 56.245184 ], [ -4.598355, 56.245268 ], [ -4.59878, 56.245111 ], [ -4.599083, 56.245172 ], [ -4.599878, 56.24512 ], [ -4.600096, 56.244877 ], [ -4.600769, 56.244687 ], [ -4.601341, 56.244671 ], [ -4.601541, 56.244536 ], [ -4.602086, 56.24448 ], [ -4.602357, 56.244537 ], [ -4.602705, 56.244444 ], [ -4.603427, 56.244488 ], [ -4.604413, 56.244152 ], [ -4.604839, 56.244247 ], [ -4.605184, 56.2441 ], [ -4.605595, 56.244096 ], [ -4.60616, 56.24385 ], [ -4.606979, 56.243788 ], [ -4.607414, 56.243667 ], [ -4.608048, 56.243721 ], [ -4.608543, 56.243652 ], [ -4.609316, 56.243496 ], [ -4.609469, 56.243381 ], [ -4.609791, 56.243374 ], [ -4.609935, 56.243236 ], [ -4.610332, 56.243484 ], [ -4.610541, 56.243479 ], [ -4.611406, 56.243025 ], [ -4.611844, 56.243056 ], [ -4.612265, 56.242841 ], [ -4.612889, 56.242768 ], [ -4.612654, 56.241396 ], [ -4.612874, 56.24096 ], [ -4.61607, 56.240698 ], [ -4.617829, 56.240679 ], [ -4.618379, 56.240682 ], [ -4.620184, 56.241087 ], [ -4.622935, 56.241433 ], [ -4.624106, 56.241673 ], [ -4.625867, 56.241829 ], [ -4.625536, 56.243351 ], [ -4.62604, 56.243407 ], [ -4.626059, 56.243569 ], [ -4.6262, 56.24362 ], [ -4.626816, 56.243656 ], [ -4.627452, 56.243517 ], [ -4.627964, 56.243573 ], [ -4.628472, 56.243792 ], [ -4.628598, 56.243996 ], [ -4.629338, 56.243832 ], [ -4.630098, 56.24386 ], [ -4.630908, 56.24378 ], [ -4.6319, 56.243885 ], [ -4.63257, 56.243767 ], [ -4.632808, 56.24383 ], [ -4.63341, 56.243785 ], [ -4.634006, 56.243638 ], [ -4.63507, 56.243629 ], [ -4.635252, 56.243692 ], [ -4.635303, 56.243848 ], [ -4.635754, 56.243834 ], [ -4.636157, 56.244055 ], [ -4.636377, 56.244086 ], [ -4.636473, 56.244197 ], [ -4.637547, 56.244084 ], [ -4.637803, 56.24393 ], [ -4.638285, 56.243893 ], [ -4.638384, 56.243819 ], [ -4.639445, 56.243747 ], [ -4.640001, 56.243627 ], [ -4.640322, 56.243472 ], [ -4.640683, 56.24368 ], [ -4.641408, 56.243772 ], [ -4.641913, 56.24373 ], [ -4.641994, 56.243841 ], [ -4.642734, 56.244045 ], [ -4.643187, 56.244058 ], [ -4.643404, 56.244156 ], [ -4.643455, 56.244313 ], [ -4.644077, 56.244214 ], [ -4.644178, 56.244032 ], [ -4.644372, 56.244037 ], [ -4.644307, 56.244267 ], [ -4.644416, 56.244445 ], [ -4.644563, 56.244473 ], [ -4.644633, 56.244669 ], [ -4.644881, 56.244745 ], [ -4.645086, 56.244673 ], [ -4.645761, 56.244641 ], [ -4.645882, 56.244751 ], [ -4.646549, 56.244939 ], [ -4.646614, 56.245539 ], [ -4.647011, 56.245679 ], [ -4.64802, 56.245792 ], [ -4.648148, 56.245893 ], [ -4.648504, 56.245899 ], [ -4.648638, 56.246085 ], [ -4.648999, 56.246288 ], [ -4.649279, 56.246377 ], [ -4.64961, 56.246374 ], [ -4.649759, 56.246546 ], [ -4.651346, 56.246737 ], [ -4.653234, 56.247069 ], [ -4.654024, 56.247057 ], [ -4.654865, 56.24685 ], [ -4.656527, 56.246892 ], [ -4.657862, 56.24703 ], [ -4.658074, 56.247884 ], [ -4.657912, 56.247953 ], [ -4.658229, 56.248103 ], [ -4.65835, 56.248301 ], [ -4.659057, 56.248167 ], [ -4.660003, 56.248308 ], [ -4.661295, 56.248195 ], [ -4.661602, 56.248319 ], [ -4.661718, 56.248473 ], [ -4.662392, 56.248657 ], [ -4.662504, 56.248762 ], [ -4.662974, 56.248779 ], [ -4.663468, 56.248917 ], [ -4.664139, 56.248812 ], [ -4.664853, 56.248802 ], [ -4.66614, 56.24916 ], [ -4.668047, 56.248948 ], [ -4.668049, 56.248755 ], [ -4.668553, 56.248456 ], [ -4.670261, 56.247826 ], [ -4.671047, 56.247297 ], [ -4.671393, 56.247159 ], [ -4.671579, 56.246814 ], [ -4.671462, 56.246641 ], [ -4.671164, 56.24653 ], [ -4.670879, 56.246276 ], [ -4.671014, 56.24577 ], [ -4.671469, 56.245355 ], [ -4.672454, 56.245066 ], [ -4.67194, 56.244473 ], [ -4.671866, 56.243814 ], [ -4.671301, 56.243521 ], [ -4.670805, 56.243464 ], [ -4.670588, 56.243366 ], [ -4.670237, 56.242969 ], [ -4.669391, 56.242753 ], [ -4.669351, 56.242525 ], [ -4.668894, 56.242216 ], [ -4.668407, 56.241593 ], [ -4.668166, 56.24162 ], [ -4.668032, 56.241551 ], [ -4.667935, 56.241315 ], [ -4.667538, 56.241171 ], [ -4.667205, 56.240909 ], [ -4.667165, 56.24068 ], [ -4.666591, 56.240324 ], [ -4.666412, 56.240305 ], [ -4.665911, 56.239597 ], [ -4.665743, 56.239619 ], [ -4.665078, 56.239449 ], [ -4.66481, 56.239311 ], [ -4.664828, 56.238758 ], [ -4.665039, 56.238542 ], [ -4.665103, 56.23819 ], [ -4.664793, 56.23768 ], [ -4.664862, 56.237508 ], [ -4.664493, 56.237309 ], [ -4.664499, 56.23716 ], [ -4.663738, 56.236781 ], [ -4.66331, 56.23666 ], [ -4.663184, 56.236348 ], [ -4.662817, 56.235952 ], [ -4.66282, 56.235753 ], [ -4.661417, 56.23293 ], [ -4.660184, 56.23239 ], [ -4.657083, 56.232456 ], [ -4.654556, 56.232391 ], [ -4.645699, 56.232814 ], [ -4.639741, 56.232889 ], [ -4.630034, 56.232199 ], [ -4.617145, 56.230213 ], [ -4.609524, 56.228868 ], [ -4.604178, 56.227456 ], [ -4.601926, 56.229121 ], [ -4.599045, 56.231652 ], [ -4.589282, 56.234114 ], [ -4.586885, 56.235024 ], [ -4.585086, 56.235879 ], [ -4.5827, 56.237292 ], [ -4.574307, 56.243767 ], [ -4.574238, 56.243869 ], [ -4.574626, 56.244088 ], [ -4.57443, 56.244205 ], [ -4.565604, 56.243121 ], [ -4.559586, 56.242503 ], [ -4.556677, 56.241836 ], [ -4.553589, 56.239851 ], [ -4.552958, 56.239383 ], [ -4.55248, 56.238511 ], [ -4.551239, 56.237859 ], [ -4.550863, 56.237531 ], [ -4.546737, 56.232828 ], [ -4.545003, 56.232082 ], [ -4.539238, 56.231206 ], [ -4.53804, 56.230438 ], [ -4.53786, 56.230041 ], [ -4.536801, 56.22932 ], [ -4.536028, 56.229098 ], [ -4.534869, 56.228305 ], [ -4.525758, 56.225076 ], [ -4.522517, 56.224608 ], [ -4.519376, 56.222474 ], [ -4.515211, 56.22095 ], [ -4.510753, 56.219768 ], [ -4.507905, 56.219373 ], [ -4.503172, 56.219392 ], [ -4.487965, 56.219867 ], [ -4.486107, 56.219779 ], [ -4.485122, 56.219299 ], [ -4.478412, 56.216709 ], [ -4.475426, 56.219151 ], [ -4.470522, 56.222795 ], [ -4.469254, 56.224181 ], [ -4.46884, 56.224503 ], [ -4.467743, 56.22519 ], [ -4.46696, 56.225499 ], [ -4.465667, 56.225739 ], [ -4.46425, 56.225815 ], [ -4.462767, 56.225439 ], [ -4.461336, 56.22478 ], [ -4.459971, 56.22403 ], [ -4.457853, 56.223291 ], [ -4.453734, 56.221546 ], [ -4.452017, 56.221555 ], [ -4.449898, 56.222822 ], [ -4.449963, 56.222862 ], [ -4.449648, 56.223026 ], [ -4.448532, 56.223358 ], [ -4.445468, 56.22514 ], [ -4.444202, 56.225664 ], [ -4.442797, 56.226819 ], [ -4.442605, 56.226785 ], [ -4.438168, 56.229226 ], [ -4.438411, 56.229858 ], [ -4.438893, 56.230213 ], [ -4.438651, 56.230595 ], [ -4.438764, 56.230979 ], [ -4.439545, 56.231332 ], [ -4.440101, 56.231694 ], [ -4.440157, 56.231824 ], [ -4.440643, 56.231971 ], [ -4.440859, 56.232205 ], [ -4.440987, 56.23218 ], [ -4.442116, 56.232688 ], [ -4.442478, 56.233171 ], [ -4.442674, 56.233212 ], [ -4.442926, 56.233486 ], [ -4.442802, 56.233704 ], [ -4.442581, 56.23378 ], [ -4.442634, 56.233972 ], [ -4.442467, 56.23402 ], [ -4.442499, 56.234132 ], [ -4.442678, 56.234151 ], [ -4.442776, 56.234046 ], [ -4.443419, 56.234267 ], [ -4.443882, 56.235067 ], [ -4.44326, 56.235317 ], [ -4.443203, 56.23543 ], [ -4.443078, 56.23537 ], [ -4.44297, 56.235444 ], [ -4.443001, 56.235551 ], [ -4.443193, 56.235538 ], [ -4.443197, 56.235714 ], [ -4.442212, 56.236726 ], [ -4.442011, 56.236735 ], [ -4.441898, 56.236858 ], [ -4.442341, 56.237106 ], [ -4.442627, 56.237037 ], [ -4.442961, 56.237089 ], [ -4.443783, 56.237958 ], [ -4.444107, 56.237978 ], [ -4.444473, 56.238268 ], [ -4.444524, 56.238442 ], [ -4.444903, 56.23856 ], [ -4.444822, 56.239061 ], [ -4.445061, 56.239141 ], [ -4.445168, 56.239301 ], [ -4.445426, 56.239301 ], [ -4.446968, 56.239692 ], [ -4.447032, 56.239925 ], [ -4.446779, 56.240011 ], [ -4.446822, 56.240059 ], [ -4.447126, 56.240013 ], [ -4.447115, 56.240224 ], [ -4.447531, 56.240167 ], [ -4.448036, 56.240242 ], [ -4.447999, 56.240422 ], [ -4.447719, 56.240585 ], [ -4.44764, 56.24074 ], [ -4.447823, 56.240943 ], [ -4.447287, 56.241272 ], [ -4.447337, 56.241671 ], [ -4.448001, 56.241838 ], [ -4.448162, 56.242086 ], [ -4.44935, 56.242117 ], [ -4.449499, 56.242177 ], [ -4.449249, 56.242299 ], [ -4.449374, 56.242363 ], [ -4.45098, 56.242368 ], [ -4.451292, 56.242438 ], [ -4.451195, 56.2427 ], [ -4.451363, 56.242791 ], [ -4.451655, 56.242691 ], [ -4.452417, 56.242622 ], [ -4.452607, 56.242812 ], [ -4.452918, 56.242752 ], [ -4.454034, 56.242797 ], [ -4.454529, 56.242706 ], [ -4.455051, 56.24279 ], [ -4.455169, 56.243134 ], [ -4.454774, 56.243515 ], [ -4.454856, 56.243917 ], [ -4.454942, 56.243988 ], [ -4.455583, 56.243926 ], [ -4.455962, 56.244286 ], [ -4.456156, 56.244674 ], [ -4.456669, 56.24487 ], [ -4.456707, 56.244964 ], [ -4.456629, 56.245253 ], [ -4.456236, 56.245427 ], [ -4.456308, 56.245533 ], [ -4.456139, 56.245923 ], [ -4.455847, 56.246149 ], [ -4.454984, 56.246418 ], [ -4.454921, 56.246693 ], [ -4.456183, 56.246484 ], [ -4.456313, 56.246625 ], [ -4.458186, 56.245748 ], [ -4.459991, 56.245456 ], [ -4.46043, 56.245123 ], [ -4.460652, 56.24507 ], [ -4.460772, 56.245175 ], [ -4.460643, 56.245294 ], [ -4.46082, 56.245421 ], [ -4.460925, 56.245424 ], [ -4.460955, 56.245252 ], [ -4.461171, 56.245221 ], [ -4.461795, 56.245402 ], [ -4.462404, 56.245704 ], [ -4.462475, 56.245932 ], [ -4.462699, 56.245896 ], [ -4.463199, 56.246012 ], [ -4.464013, 56.245749 ], [ -4.464487, 56.245717 ], [ -4.46455, 56.245819 ], [ -4.464253, 56.246216 ], [ -4.464126, 56.246748 ], [ -4.463899, 56.246987 ], [ -4.46413, 56.24731 ], [ -4.46479, 56.247288 ], [ -4.465437, 56.247064 ], [ -4.467393, 56.246971 ], [ -4.468055, 56.246854 ], [ -4.468163, 56.246906 ], [ -4.4682, 56.247224 ], [ -4.468402, 56.247346 ], [ -4.467944, 56.248007 ], [ -4.467106, 56.248293 ], [ -4.467139, 56.248549 ], [ -4.466919, 56.248648 ], [ -4.466961, 56.248791 ], [ -4.467642, 56.248714 ], [ -4.467868, 56.248337 ], [ -4.468291, 56.248139 ], [ -4.469879, 56.247852 ], [ -4.470619, 56.24781 ], [ -4.471784, 56.247863 ], [ -4.472599, 56.247734 ], [ -4.473196, 56.247731 ], [ -4.47403, 56.24802 ], [ -4.474443, 56.248034 ], [ -4.47472, 56.247952 ], [ -4.474917, 56.247751 ], [ -4.475171, 56.247687 ], [ -4.475173, 56.247472 ], [ -4.475512, 56.247218 ], [ -4.476771, 56.24659 ], [ -4.477154, 56.246485 ], [ -4.477161, 56.246389 ], [ -4.476919, 56.246381 ], [ -4.477044, 56.245205 ], [ -4.477327, 56.244229 ], [ -4.475004, 56.243008 ], [ -4.483822, 56.240935 ], [ -4.485039, 56.241418 ], [ -4.486891, 56.242837 ], [ -4.488431, 56.245211 ], [ -4.4894, 56.245811 ], [ -4.491225, 56.24657 ], [ -4.491427, 56.246822 ], [ -4.491936, 56.24758 ], [ -4.49179, 56.248432 ], [ -4.49041, 56.250492 ], [ -4.490631, 56.250599 ], [ -4.490843, 56.250509 ], [ -4.49103, 56.250533 ], [ -4.49107, 56.250397 ], [ -4.491409, 56.250269 ], [ -4.492789, 56.250268 ], [ -4.493117, 56.2501 ], [ -4.493287, 56.250231 ], [ -4.494146, 56.250411 ], [ -4.494289, 56.250503 ], [ -4.494598, 56.250528 ], [ -4.494827, 56.250451 ], [ -4.495482, 56.250596 ], [ -4.49552, 56.250676 ], [ -4.495834, 56.250674 ], [ -4.496093, 56.250803 ], [ -4.497143, 56.250567 ], [ -4.498637, 56.250824 ], [ -4.499157, 56.250634 ], [ -4.500194, 56.250694 ], [ -4.500668, 56.250653 ], [ -4.501281, 56.250896 ], [ -4.501712, 56.250937 ], [ -4.501824, 56.251177 ], [ -4.502703, 56.250917 ], [ -4.50365, 56.250956 ], [ -4.50409, 56.250898 ], [ -4.504982, 56.250597 ], [ -4.505784, 56.250625 ], [ -4.506337, 56.25056 ], [ -4.506499, 56.250458 ], [ -4.507853, 56.250291 ], [ -4.508365, 56.25011 ], [ -4.510163, 56.249822 ], [ -4.511322, 56.249529 ], [ -4.511959, 56.249516 ], [ -4.513271, 56.249094 ], [ -4.514321, 56.248974 ], [ -4.514763, 56.2487 ], [ -4.516383, 56.248303 ], [ -4.518138, 56.247611 ], [ -4.518676, 56.2472 ], [ -4.518986, 56.246758 ], [ -4.519259, 56.246613 ], [ -4.520314, 56.246461 ], [ -4.520556, 56.24633 ], [ -4.520905, 56.246368 ], [ -4.521295, 56.246284 ], [ -4.521769, 56.246121 ], [ -4.521841, 56.245994 ], [ -4.522563, 56.246056 ], [ -4.524093, 56.245993 ], [ -4.524562, 56.245885 ], [ -4.525407, 56.245481 ], [ -4.525811, 56.245491 ], [ -4.525935, 56.245403 ], [ -4.526792, 56.245426 ], [ -4.526792, 56.24556 ], [ -4.52701, 56.245686 ], [ -4.527253, 56.245443 ], [ -4.528246, 56.245333 ], [ -4.528844, 56.24608 ], [ -4.529139, 56.246137 ], [ -4.529371, 56.245746 ], [ -4.530151, 56.245707 ], [ -4.530407, 56.245428 ], [ -4.530791, 56.245362 ], [ -4.531095, 56.245203 ], [ -4.531577, 56.24517 ], [ -4.531682, 56.245051 ], [ -4.532116, 56.24502 ], [ -4.532807, 56.245222 ], [ -4.533463, 56.245262 ], [ -4.533591, 56.245242 ], [ -4.533615, 56.245115 ], [ -4.534474, 56.245282 ], [ -4.534936, 56.245556 ], [ -4.535855, 56.245784 ], [ -4.536285, 56.246314 ], [ -4.536447, 56.246324 ], [ -4.536697, 56.246558 ], [ -4.536911, 56.246499 ], [ -4.537222, 56.24656 ], [ -4.537299, 56.246388 ], [ -4.537404, 56.246386 ], [ -4.53782, 56.245964 ], [ -4.537805, 56.245735 ], [ -4.537446, 56.245315 ], [ -4.537702, 56.2454 ], [ -4.53802, 56.245699 ], [ -4.539002, 56.245899 ], [ -4.539502, 56.245898 ], [ -4.540277, 56.246012 ], [ -4.541558, 56.245986 ], [ -4.54179, 56.245876 ], [ -4.541745, 56.24613 ], [ -4.54195, 56.246297 ], [ -4.541936, 56.246454 ], [ -4.542517, 56.246807 ], [ -4.54294, 56.246861 ], [ -4.542988, 56.246981 ], [ -4.542754, 56.247107 ], [ -4.542832, 56.247299 ], [ -4.543122, 56.247297 ], [ -4.543172, 56.24744 ], [ -4.543439, 56.247578 ], [ -4.543592, 56.247566 ], [ -4.543666, 56.247466 ], [ -4.544003, 56.247437 ], [ -4.544085, 56.247331 ], [ -4.544424, 56.247338 ], [ -4.544506, 56.24748 ], [ -4.544827, 56.247447 ], [ -4.54534, 56.247512 ], [ -4.545847, 56.247003 ], [ -4.545945, 56.24701 ], [ -4.545844, 56.246832 ], [ -4.54601, 56.246784 ], [ -4.545878, 56.246499 ], [ -4.546028, 56.246456 ], [ -4.546539, 56.246611 ], [ -4.548943, 56.246827 ], [ -4.549784, 56.246976 ], [ -4.549911, 56.247068 ], [ -4.549918, 56.247274 ], [ -4.550406, 56.247278 ], [ -4.54992, 56.247319 ], [ -4.549922, 56.247379 ], [ -4.550772, 56.247634 ], [ -4.550798, 56.247897 ], [ -4.551018, 56.247818 ], [ -4.55159, 56.247797 ], [ -4.55246, 56.248008 ], [ -4.553377, 56.248335 ], [ -4.553877, 56.248694 ], [ -4.554237, 56.248646 ], [ -4.554432, 56.248902 ], [ -4.555225, 56.248809 ], [ -4.556435, 56.249157 ], [ -4.557435, 56.249146 ], [ -4.558583, 56.249302 ], [ -4.558719, 56.249402 ], [ -4.559193, 56.249487 ], [ -4.559298, 56.249611 ], [ -4.560316, 56.249985 ], [ -4.560689, 56.250373 ], [ -4.560863, 56.250432 ], [ -4.561451, 56.25042 ], [ -4.561445, 56.250204 ], [ -4.561632, 56.250115 ], [ -4.561811, 56.250129 ], [ -4.562106, 56.250312 ], [ -4.56219, 56.250247 ], [ -4.562618, 56.250243 ], [ -4.56291, 56.250511 ], [ -4.563034, 56.250796 ], [ -4.56293, 56.251288 ], [ -4.563201, 56.25148 ], [ -4.563184, 56.251593 ], [ -4.563744, 56.251761 ], [ -4.563803, 56.2518 ], [ -4.56364, 56.251889 ], [ -4.564187, 56.251981 ], [ -4.565419, 56.252423 ], [ -4.565515, 56.252398 ], [ -4.565414, 56.25223 ], [ -4.565582, 56.252087 ], [ -4.56739, 56.251717 ], [ -4.56778, 56.251754 ], [ -4.568308, 56.251684 ], [ -4.569054, 56.251493 ], [ -4.569526, 56.251542 ], [ -4.569539, 56.251376 ], [ -4.570223, 56.251469 ], [ -4.571285, 56.251892 ], [ -4.571599, 56.251881 ], [ -4.572169, 56.252925 ], [ -4.572798, 56.253397 ], [ -4.572932, 56.253822 ], [ -4.57323, 56.253928 ], [ -4.573272, 56.254075 ], [ -4.573882, 56.254265 ], [ -4.574258, 56.2541 ], [ -4.574969, 56.25399 ], [ -4.575024, 56.253845 ], [ -4.575512, 56.253894 ], [ -4.576151, 56.25362 ], [ -4.57654, 56.253143 ], [ -4.575768, 56.25229 ], [ -4.576958, 56.251762 ], [ -4.577806, 56.25111 ], [ -4.577768, 56.250921 ], [ -4.577887, 56.250889 ], [ -4.581038, 56.251597 ], [ -4.57903, 56.252802 ], [ -4.578329, 56.25361 ], [ -4.578615, 56.253708 ], [ -4.579913, 56.254759 ], [ -4.58066, 56.254937 ], [ -4.581488, 56.255 ], [ -4.582617, 56.255512 ], [ -4.583802, 56.255806 ], [ -4.584341, 56.255356 ], [ -4.584442, 56.255474 ], [ -4.583829, 56.256058 ], [ -4.586181, 56.256621 ], [ -4.586712, 56.256826 ], [ -4.582767, 56.259151 ], [ -4.581818, 56.260454 ], [ -4.581049, 56.260781 ], [ -4.579929, 56.260838 ], [ -4.579797, 56.261002 ], [ -4.579144, 56.260954 ], [ -4.578783, 56.26076 ], [ -4.578498, 56.260725 ], [ -4.578111, 56.260491 ], [ -4.577906, 56.260203 ], [ -4.577128, 56.260165 ], [ -4.57656, 56.260235 ], [ -4.57578, 56.260773 ], [ -4.575829, 56.260898 ], [ -4.575985, 56.260935 ], [ -4.576101, 56.261215 ], [ -4.57639, 56.261434 ], [ -4.576961, 56.2614 ], [ -4.578029, 56.261544 ], [ -4.578249, 56.261705 ], [ -4.578894, 56.261804 ], [ -4.579299, 56.26194 ], [ -4.579403, 56.262054 ], [ -4.579573, 56.262064 ], [ -4.579724, 56.262254 ], [ -4.579612, 56.262392 ], [ -4.579385, 56.262509 ], [ -4.579007, 56.26253 ], [ -4.578689, 56.262721 ], [ -4.578391, 56.262736 ], [ -4.578182, 56.262871 ], [ -4.578263, 56.262981 ], [ -4.578743, 56.263048 ], [ -4.578702, 56.263273 ], [ -4.579139, 56.263413 ], [ -4.579183, 56.263582 ], [ -4.579, 56.263739 ], [ -4.57912, 56.263961 ], [ -4.579414, 56.264126 ], [ -4.580467, 56.264059 ], [ -4.580888, 56.264432 ], [ -4.582094, 56.264722 ], [ -4.582377, 56.264958 ], [ -4.582471, 56.265154 ], [ -4.582378, 56.265214 ], [ -4.582993, 56.265359 ], [ -4.583229, 56.265862 ], [ -4.583388, 56.265827 ], [ -4.583558, 56.265954 ], [ -4.583615, 56.266326 ], [ -4.583868, 56.266356 ], [ -4.584063, 56.266496 ], [ -4.584038, 56.266609 ], [ -4.584249, 56.266613 ], [ -4.58436, 56.266701 ], [ -4.584568, 56.266674 ], [ -4.584883, 56.266793 ], [ -4.585187, 56.266751 ], [ -4.585508, 56.267203 ], [ -4.585983, 56.267548 ], [ -4.586263, 56.267623 ], [ -4.586386, 56.267894 ], [ -4.586305, 56.26813 ], [ -4.58614, 56.268192 ], [ -4.586453, 56.268522 ], [ -4.586452, 56.268747 ], [ -4.586636, 56.268837 ], [ -4.586732, 56.269074 ], [ -4.587197, 56.269257 ], [ -4.587275, 56.269449 ], [ -4.586921, 56.269712 ], [ -4.58562, 56.270068 ], [ -4.585509, 56.270209 ], [ -4.585583, 56.270351 ], [ -4.586226, 56.270428 ], [ -4.586487, 56.27022 ], [ -4.587083, 56.270203 ], [ -4.588362, 56.270837 ], [ -4.588907, 56.270898 ], [ -4.589286, 56.271249 ], [ -4.589575, 56.271338 ], [ -4.590148, 56.271335 ], [ -4.590414, 56.271563 ], [ -4.590105, 56.271654 ], [ -4.59013, 56.271789 ], [ -4.589892, 56.272081 ], [ -4.590188, 56.272277 ], [ -4.590183, 56.272453 ], [ -4.590567, 56.272517 ], [ -4.590577, 56.272418 ], [ -4.59103, 56.272309 ], [ -4.591426, 56.272319 ], [ -4.591425, 56.272427 ], [ -4.591712, 56.272605 ], [ -4.591738, 56.272874 ], [ -4.59193, 56.27296 ], [ -4.591945, 56.27318 ], [ -4.592173, 56.273337 ], [ -4.592371, 56.273279 ], [ -4.593036, 56.273427 ], [ -4.593752, 56.27374 ], [ -4.594706, 56.273639 ], [ -4.595023, 56.273434 ], [ -4.59536, 56.273396 ], [ -4.595441, 56.273524 ], [ -4.595933, 56.273635 ], [ -4.596437, 56.274038 ], [ -4.597132, 56.274163 ], [ -4.597465, 56.274543 ], [ -4.597405, 56.274728 ], [ -4.597174, 56.274782 ], [ -4.597176, 56.274935 ], [ -4.597467, 56.275046 ], [ -4.597843, 56.275002 ], [ -4.597895, 56.275172 ], [ -4.598136, 56.275261 ], [ -4.598771, 56.275342 ], [ -4.598914, 56.27542 ], [ -4.598903, 56.275735 ], [ -4.599038, 56.275939 ], [ -4.599462, 56.275997 ], [ -4.599534, 56.276108 ], [ -4.600231, 56.276376 ], [ -4.599971, 56.276772 ], [ -4.599687, 56.276874 ], [ -4.599228, 56.276717 ], [ -4.598533, 56.276709 ], [ -4.597765, 56.276585 ], [ -4.597676, 56.276704 ], [ -4.597531, 56.276707 ], [ -4.59731, 56.277026 ], [ -4.59688, 56.277241 ], [ -4.596927, 56.27756 ], [ -4.596709, 56.277547 ], [ -4.596612, 56.277418 ], [ -4.596686, 56.277294 ], [ -4.596468, 56.277228 ], [ -4.596277, 56.277394 ], [ -4.596388, 56.277599 ], [ -4.597004, 56.277878 ], [ -4.597251, 56.277814 ], [ -4.597368, 56.277641 ], [ -4.597664, 56.277603 ], [ -4.598463, 56.277582 ], [ -4.599111, 56.277739 ], [ -4.599427, 56.277741 ], [ -4.599644, 56.277607 ], [ -4.599817, 56.277657 ], [ -4.599967, 56.277735 ], [ -4.599853, 56.277957 ], [ -4.599974, 56.277946 ], [ -4.600188, 56.278359 ], [ -4.600533, 56.278563 ], [ -4.600499, 56.278784 ], [ -4.600837, 56.279002 ], [ -4.601265, 56.279114 ], [ -4.601236, 56.279407 ], [ -4.601697, 56.279887 ], [ -4.60258, 56.28016 ], [ -4.602687, 56.280311 ], [ -4.603726, 56.280505 ], [ -4.604184, 56.280697 ], [ -4.604273, 56.280826 ], [ -4.605817, 56.281431 ], [ -4.606214, 56.281809 ], [ -4.606666, 56.282038 ], [ -4.606711, 56.282226 ], [ -4.606989, 56.282386 ], [ -4.607747, 56.282483 ], [ -4.607873, 56.282795 ], [ -4.608765, 56.283081 ], [ -4.609345, 56.283056 ], [ -4.610333, 56.283439 ], [ -4.611391, 56.283444 ], [ -4.611456, 56.283564 ], [ -4.612082, 56.283744 ], [ -4.612133, 56.283891 ], [ -4.613143, 56.284481 ], [ -4.613676, 56.284362 ], [ -4.614033, 56.284157 ], [ -4.614399, 56.284194 ], [ -4.614607, 56.284401 ], [ -4.614518, 56.284749 ], [ -4.614888, 56.285078 ], [ -4.615832, 56.28553 ], [ -4.615889, 56.285663 ], [ -4.616074, 56.285646 ], [ -4.616087, 56.28583 ], [ -4.6167, 56.28606 ], [ -4.617106, 56.286433 ], [ -4.617403, 56.286404 ], [ -4.617509, 56.286182 ], [ -4.618002, 56.286068 ], [ -4.618382, 56.286087 ], [ -4.618334, 56.286175 ], [ -4.617903, 56.28616 ], [ -4.617223, 56.286619 ], [ -4.616629, 56.2862 ], [ -4.615689, 56.285928 ], [ -4.614573, 56.286019 ], [ -4.613875, 56.286218 ], [ -4.612741, 56.286053 ], [ -4.612245, 56.285772 ], [ -4.611825, 56.285772 ], [ -4.611249, 56.285627 ], [ -4.611218, 56.285402 ], [ -4.61097, 56.285205 ], [ -4.611095, 56.285135 ], [ -4.610971, 56.285102 ], [ -4.610959, 56.284568 ], [ -4.610736, 56.284739 ], [ -4.610524, 56.285062 ], [ -4.610579, 56.285201 ], [ -4.609894, 56.286054 ], [ -4.610488, 56.28607 ], [ -4.611206, 56.286255 ], [ -4.611084, 56.286322 ], [ -4.610873, 56.286277 ], [ -4.61069, 56.286425 ], [ -4.610151, 56.286584 ], [ -4.60959, 56.286486 ], [ -4.608848, 56.287274 ], [ -4.605876, 56.286502 ], [ -4.606534, 56.285781 ], [ -4.606799, 56.28576 ], [ -4.606293, 56.285569 ], [ -4.606192, 56.285284 ], [ -4.606013, 56.285148 ], [ -4.604445, 56.284903 ], [ -4.604179, 56.284666 ], [ -4.602804, 56.28393 ], [ -4.602104, 56.283743 ], [ -4.599481, 56.283537 ], [ -4.598868, 56.283429 ], [ -4.598279, 56.283105 ], [ -4.597602, 56.283112 ], [ -4.597776, 56.282787 ], [ -4.597455, 56.28274 ], [ -4.596339, 56.281995 ], [ -4.596366, 56.281805 ], [ -4.595958, 56.281387 ], [ -4.595353, 56.2814 ], [ -4.595099, 56.281472 ], [ -4.595286, 56.281365 ], [ -4.595768, 56.281319 ], [ -4.595248, 56.281159 ], [ -4.594526, 56.280756 ], [ -4.593594, 56.280484 ], [ -4.593278, 56.279861 ], [ -4.592991, 56.279688 ], [ -4.592467, 56.279577 ], [ -4.591761, 56.279179 ], [ -4.591348, 56.278679 ], [ -4.590623, 56.278474 ], [ -4.590338, 56.278211 ], [ -4.589483, 56.27786 ], [ -4.589329, 56.277733 ], [ -4.589322, 56.277517 ], [ -4.589029, 56.277362 ], [ -4.588732, 56.27739 ], [ -4.588189, 56.277006 ], [ -4.58803, 56.276686 ], [ -4.587517, 56.276508 ], [ -4.587553, 56.275838 ], [ -4.586975, 56.275657 ], [ -4.586897, 56.275461 ], [ -4.586186, 56.275417 ], [ -4.586374, 56.275247 ], [ -4.585717, 56.275207 ], [ -4.585694, 56.274627 ], [ -4.585855, 56.274494 ], [ -4.585773, 56.274361 ], [ -4.585259, 56.274281 ], [ -4.585105, 56.274159 ], [ -4.584614, 56.274178 ], [ -4.584144, 56.274637 ], [ -4.58279, 56.274917 ], [ -4.582596, 56.275043 ], [ -4.582581, 56.275178 ], [ -4.582396, 56.275195 ], [ -4.584116, 56.27616 ], [ -4.583551, 56.276437 ], [ -4.582861, 56.276306 ], [ -4.581432, 56.276464 ], [ -4.580508, 56.276174 ], [ -4.58046, 56.27595 ], [ -4.58173, 56.276041 ], [ -4.581833, 56.275077 ], [ -4.580679, 56.27524 ], [ -4.579268, 56.275036 ], [ -4.57885, 56.274703 ], [ -4.578107, 56.274354 ], [ -4.577591, 56.273889 ], [ -4.576302, 56.273457 ], [ -4.575045, 56.273259 ], [ -4.574658, 56.272907 ], [ -4.574335, 56.272073 ], [ -4.574089, 56.271894 ], [ -4.570556, 56.27088 ], [ -4.570273, 56.270626 ], [ -4.570453, 56.270541 ], [ -4.570201, 56.270393 ], [ -4.570207, 56.270245 ], [ -4.569633, 56.269637 ], [ -4.569297, 56.26945 ], [ -4.569064, 56.269096 ], [ -4.568743, 56.268168 ], [ -4.568282, 56.267315 ], [ -4.566783, 56.267537 ], [ -4.566801, 56.267709 ], [ -4.566662, 56.267808 ], [ -4.566185, 56.267479 ], [ -4.565247, 56.267103 ], [ -4.563407, 56.266755 ], [ -4.562861, 56.266807 ], [ -4.561181, 56.265972 ], [ -4.561486, 56.265946 ], [ -4.561367, 56.265467 ], [ -4.561057, 56.265065 ], [ -4.561224, 56.264423 ], [ -4.561398, 56.264249 ], [ -4.561363, 56.264083 ], [ -4.560985, 56.263857 ], [ -4.560739, 56.263449 ], [ -4.560431, 56.263311 ], [ -4.560313, 56.263112 ], [ -4.55904, 56.262064 ], [ -4.559014, 56.261921 ], [ -4.557663, 56.261755 ], [ -4.555416, 56.260395 ], [ -4.55488, 56.260348 ], [ -4.554831, 56.26021 ], [ -4.554619, 56.260191 ], [ -4.554372, 56.259985 ], [ -4.553603, 56.259714 ], [ -4.553215, 56.259717 ], [ -4.552907, 56.259337 ], [ -4.552303, 56.25935 ], [ -4.551901, 56.259254 ], [ -4.55182, 56.25913 ], [ -4.551326, 56.259118 ], [ -4.550629, 56.258948 ], [ -4.550095, 56.258694 ], [ -4.549775, 56.258373 ], [ -4.54851, 56.258291 ], [ -4.547741, 56.258383 ], [ -4.54722, 56.258075 ], [ -4.546748, 56.258143 ], [ -4.546318, 56.258345 ], [ -4.545829, 56.258045 ], [ -4.545519, 56.257988 ], [ -4.544335, 56.258035 ], [ -4.543861, 56.257942 ], [ -4.543443, 56.257856 ], [ -4.543172, 56.257659 ], [ -4.543076, 56.257558 ], [ -4.543183, 56.257457 ], [ -4.542965, 56.257335 ], [ -4.542972, 56.257205 ], [ -4.542207, 56.25723 ], [ -4.541918, 56.257132 ], [ -4.540787, 56.257119 ], [ -4.539476, 56.256958 ], [ -4.537881, 56.256393 ], [ -4.537496, 56.256315 ], [ -4.536988, 56.25633 ], [ -4.536688, 56.256188 ], [ -4.536398, 56.256189 ], [ -4.535769, 56.25596 ], [ -4.535107, 56.255474 ], [ -4.534711, 56.255348 ], [ -4.533974, 56.255552 ], [ -4.533528, 56.255772 ], [ -4.532923, 56.25578 ], [ -4.532479, 56.255533 ], [ -4.530992, 56.255626 ], [ -4.530678, 56.255511 ], [ -4.530534, 56.255537 ], [ -4.530901, 56.255709 ], [ -4.530917, 56.255834 ], [ -4.530586, 56.256075 ], [ -4.529765, 56.256123 ], [ -4.529514, 56.256223 ], [ -4.528903, 56.256271 ], [ -4.528709, 56.256504 ], [ -4.527641, 56.256719 ], [ -4.527069, 56.257099 ], [ -4.52535, 56.257597 ], [ -4.524613, 56.257693 ], [ -4.524346, 56.258301 ], [ -4.523808, 56.258712 ], [ -4.523181, 56.258868 ], [ -4.523171, 56.258968 ], [ -4.523437, 56.258962 ], [ -4.523428, 56.259066 ], [ -4.522998, 56.259281 ], [ -4.520889, 56.259383 ], [ -4.519504, 56.259564 ], [ -4.518533, 56.259525 ], [ -4.518523, 56.259603 ], [ -4.518412, 56.259532 ], [ -4.517009, 56.259547 ], [ -4.514409, 56.259425 ], [ -4.51096, 56.259647 ], [ -4.510634, 56.25973 ], [ -4.507858, 56.259625 ], [ -4.507144, 56.259698 ], [ -4.505073, 56.260131 ], [ -4.504036, 56.260808 ], [ -4.50209, 56.261063 ], [ -4.502107, 56.261193 ], [ -4.500927, 56.261423 ], [ -4.500684, 56.261532 ], [ -4.500071, 56.261432 ], [ -4.498902, 56.261446 ], [ -4.49754, 56.261622 ], [ -4.497328, 56.261712 ], [ -4.497348, 56.261887 ], [ -4.497753, 56.262287 ], [ -4.497683, 56.262572 ], [ -4.49757, 56.262206 ], [ -4.497378, 56.262106 ], [ -4.49724, 56.262208 ], [ -4.497038, 56.262086 ], [ -4.496242, 56.2619 ], [ -4.495164, 56.261953 ], [ -4.493611, 56.262533 ], [ -4.492806, 56.262567 ], [ -4.492749, 56.26269 ], [ -4.492983, 56.26268 ], [ -4.493134, 56.262767 ], [ -4.492457, 56.26292 ], [ -4.49194, 56.26316 ], [ -4.490529, 56.263444 ], [ -4.489994, 56.263415 ], [ -4.489872, 56.263273 ], [ -4.489555, 56.263244 ], [ -4.489512, 56.262948 ], [ -4.489008, 56.262891 ], [ -4.488788, 56.262738 ], [ -4.488132, 56.26258 ], [ -4.487697, 56.262225 ], [ -4.487248, 56.262279 ], [ -4.486443, 56.262807 ], [ -4.485808, 56.262735 ], [ -4.485461, 56.263115 ], [ -4.485003, 56.26339 ], [ -4.48555, 56.262735 ], [ -4.485053, 56.262426 ], [ -4.484163, 56.262139 ], [ -4.483636, 56.262104 ], [ -4.482516, 56.261898 ], [ -4.482341, 56.261807 ], [ -4.481405, 56.261691 ], [ -4.47944, 56.261034 ], [ -4.478448, 56.260928 ], [ -4.477454, 56.260651 ], [ -4.476719, 56.260535 ], [ -4.475371, 56.260162 ], [ -4.474053, 56.259623 ], [ -4.473535, 56.259489 ], [ -4.472815, 56.259459 ], [ -4.471663, 56.259127 ], [ -4.471097, 56.259111 ], [ -4.469576, 56.258687 ], [ -4.469375, 56.25857 ], [ -4.468453, 56.258418 ], [ -4.468125, 56.258218 ], [ -4.46742, 56.258178 ], [ -4.466633, 56.257996 ], [ -4.465951, 56.257754 ], [ -4.464448, 56.257406 ], [ -4.463842, 56.257153 ], [ -4.462029, 56.256829 ], [ -4.460723, 56.256352 ], [ -4.459639, 56.256189 ], [ -4.459332, 56.255962 ], [ -4.459316, 56.256321 ], [ -4.459517, 56.256556 ], [ -4.463082, 56.257438 ], [ -4.463033, 56.25751 ], [ -4.462205, 56.257689 ], [ -4.46159, 56.257979 ], [ -4.460881, 56.258685 ], [ -4.4594, 56.258382 ], [ -4.457891, 56.258344 ], [ -4.457938, 56.258003 ], [ -4.456703, 56.257931 ], [ -4.456639, 56.257876 ], [ -4.456503, 56.257166 ], [ -4.456339, 56.256978 ], [ -4.456783, 56.256974 ], [ -4.457628, 56.256683 ], [ -4.458307, 56.256571 ], [ -4.459443, 56.256539 ], [ -4.459236, 56.256332 ], [ -4.459239, 56.256171 ], [ -4.458501, 56.256194 ], [ -4.45806, 56.256117 ], [ -4.457441, 56.256166 ], [ -4.457101, 56.256015 ], [ -4.456743, 56.255986 ], [ -4.456276, 56.255748 ], [ -4.455826, 56.255146 ], [ -4.455373, 56.254005 ], [ -4.454997, 56.253801 ], [ -4.455068, 56.253269 ], [ -4.45539, 56.253124 ], [ -4.455492, 56.252964 ], [ -4.455387, 56.252827 ], [ -4.455016, 56.252713 ], [ -4.455192, 56.251923 ], [ -4.455036, 56.25176 ], [ -4.45468, 56.251758 ], [ -4.454334, 56.252017 ], [ -4.453441, 56.252317 ], [ -4.45224, 56.252341 ], [ -4.450186, 56.252544 ], [ -4.449233, 56.252531 ], [ -4.448774, 56.252432 ], [ -4.448653, 56.2523 ], [ -4.446985, 56.252099 ], [ -4.446506, 56.25192 ], [ -4.446273, 56.251947 ], [ -4.44631, 56.251641 ], [ -4.445926, 56.251437 ], [ -4.445592, 56.250887 ], [ -4.445663, 56.250602 ], [ -4.446149, 56.250381 ], [ -4.446218, 56.250191 ], [ -4.446029, 56.250015 ], [ -4.445744, 56.24998 ], [ -4.44553, 56.249665 ], [ -4.444968, 56.249713 ], [ -4.444504, 56.249892 ], [ -4.44377, 56.250033 ], [ -4.442661, 56.249978 ], [ -4.442063, 56.24972 ], [ -4.441259, 56.248878 ], [ -4.44098, 56.248812 ], [ -4.440041, 56.248893 ], [ -4.439481, 56.24885 ], [ -4.438937, 56.248546 ], [ -4.439203, 56.248159 ], [ -4.439089, 56.248018 ], [ -4.437348, 56.247926 ], [ -4.436912, 56.247535 ], [ -4.436333, 56.247438 ], [ -4.436108, 56.246948 ], [ -4.436581, 56.246009 ], [ -4.436563, 56.245479 ], [ -4.436314, 56.245363 ], [ -4.436657, 56.245311 ], [ -4.436289, 56.244272 ], [ -4.436476, 56.243724 ], [ -4.435772, 56.243311 ], [ -4.435403, 56.242842 ], [ -4.435326, 56.24252 ], [ -4.435593, 56.24189 ], [ -4.435413, 56.24135 ], [ -4.435901, 56.240769 ], [ -4.436115, 56.240082 ], [ -4.436595, 56.239623 ], [ -4.436583, 56.239439 ], [ -4.436242, 56.239019 ], [ -4.435145, 56.238151 ], [ -4.434579, 56.237874 ], [ -4.434459, 56.238007 ], [ -4.434907, 56.238839 ], [ -4.43472, 56.238955 ], [ -4.434338, 56.238782 ], [ -4.434176, 56.238511 ], [ -4.433188, 56.237573 ], [ -4.432228, 56.237314 ], [ -4.431585, 56.237479 ], [ -4.431263, 56.23749 ], [ -4.429692, 56.237148 ], [ -4.429594, 56.237002 ], [ -4.429662, 56.236803 ], [ -4.430664, 56.236185 ], [ -4.430737, 56.235941 ], [ -4.429892, 56.235482 ], [ -4.428956, 56.235878 ], [ -4.428423, 56.23597 ], [ -4.427934, 56.235666 ], [ -4.427908, 56.235307 ], [ -4.428511, 56.235019 ], [ -4.429057, 56.234943 ], [ -4.429251, 56.234565 ], [ -4.428941, 56.234031 ], [ -4.42865, 56.23411 ], [ -4.428605, 56.234051 ], [ -4.428206, 56.234058 ], [ -4.427435, 56.232399 ], [ -4.426816, 56.232127 ], [ -4.425851, 56.231921 ], [ -4.425127, 56.231445 ], [ -4.424456, 56.231157 ], [ -4.423551, 56.230892 ], [ -4.422175, 56.230685 ], [ -4.421433, 56.230179 ], [ -4.421077, 56.230037 ], [ -4.419525, 56.230238 ], [ -4.418187, 56.230177 ], [ -4.416681, 56.230357 ], [ -4.416395, 56.230773 ], [ -4.416077, 56.230952 ], [ -4.414911, 56.231281 ], [ -4.413896, 56.231679 ], [ -4.412373, 56.231883 ], [ -4.412159, 56.232058 ], [ -4.411961, 56.232474 ], [ -4.411022, 56.232554 ], [ -4.410802, 56.23315 ], [ -4.410102, 56.233069 ], [ -4.410229, 56.232523 ], [ -4.408929, 56.232247 ], [ -4.40807, 56.232304 ], [ -4.407191, 56.232569 ], [ -4.406137, 56.232625 ], [ -4.405073, 56.234174 ], [ -4.404595, 56.234161 ], [ -4.404228, 56.234599 ], [ -4.401534, 56.235006 ], [ -4.401085, 56.234921 ], [ -4.400753, 56.234774 ], [ -4.400743, 56.234662 ], [ -4.400213, 56.234536 ], [ -4.40031, 56.234401 ], [ -4.400162, 56.23422 ], [ -4.4002, 56.233922 ], [ -4.400458, 56.233679 ], [ -4.400098, 56.233718 ], [ -4.399539, 56.233549 ], [ -4.399906, 56.232845 ], [ -4.39962, 56.232788 ], [ -4.399574, 56.232564 ], [ -4.399921, 56.232315 ], [ -4.399279, 56.231581 ], [ -4.39331, 56.231216 ], [ -4.393413, 56.231031 ], [ -4.390263, 56.230745 ], [ -4.389763, 56.230094 ], [ -4.390169, 56.229381 ], [ -4.389407, 56.229258 ], [ -4.389674, 56.228669 ], [ -4.389949, 56.228701 ], [ -4.390414, 56.228953 ], [ -4.391122, 56.228342 ], [ -4.389506, 56.227659 ], [ -4.387384, 56.227646 ], [ -4.38544, 56.227788 ], [ -4.385338, 56.227759 ], [ -4.385509, 56.227654 ], [ -4.385484, 56.227468 ], [ -4.385177, 56.227315 ], [ -4.384774, 56.226793 ], [ -4.384165, 56.226602 ], [ -4.383586, 56.226622 ], [ -4.381637, 56.226939 ], [ -4.380987, 56.226857 ], [ -4.380618, 56.227035 ], [ -4.37987, 56.227203 ], [ -4.379401, 56.227189 ], [ -4.378416, 56.227312 ], [ -4.376606, 56.227667 ], [ -4.375431, 56.227722 ], [ -4.37338, 56.22809 ], [ -4.371931, 56.22849 ], [ -4.371445, 56.229077 ], [ -4.371198, 56.229045 ], [ -4.37066, 56.229132 ], [ -4.370764, 56.229181 ], [ -4.370076, 56.229214 ], [ -4.368698, 56.228992 ], [ -4.368225, 56.229547 ], [ -4.3669, 56.230286 ], [ -4.365504, 56.231267 ], [ -4.36461, 56.23097 ], [ -4.363547, 56.230729 ], [ -4.362204, 56.230609 ], [ -4.362252, 56.230506 ], [ -4.361135, 56.230221 ], [ -4.361236, 56.22989 ], [ -4.360551, 56.229781 ], [ -4.360653, 56.229535 ], [ -4.360093, 56.229237 ], [ -4.359509, 56.229054 ], [ -4.359063, 56.229046 ], [ -4.358359, 56.229222 ], [ -4.358513, 56.229687 ], [ -4.358074, 56.229719 ], [ -4.35786, 56.229811 ], [ -4.357541, 56.229391 ], [ -4.358399, 56.229129 ], [ -4.359368, 56.22897 ], [ -4.358436, 56.228773 ], [ -4.358525, 56.228465 ], [ -4.356626, 56.227704 ], [ -4.356012, 56.22714 ], [ -4.353942, 56.225844 ], [ -4.353732, 56.225797 ], [ -4.353333, 56.225207 ], [ -4.35397, 56.224662 ], [ -4.353425, 56.22427 ], [ -4.353298, 56.22364 ], [ -4.352556, 56.223968 ], [ -4.352484, 56.22412 ], [ -4.351812, 56.224211 ], [ -4.350088, 56.224033 ], [ -4.349692, 56.223687 ], [ -4.349503, 56.223686 ], [ -4.348864, 56.22392 ], [ -4.348117, 56.223913 ], [ -4.347887, 56.223974 ], [ -4.347714, 56.224139 ], [ -4.347711, 56.224464 ], [ -4.347087, 56.224609 ], [ -4.344081, 56.224131 ], [ -4.341809, 56.22448 ], [ -4.340859, 56.22413 ], [ -4.34004, 56.224033 ], [ -4.339789, 56.223923 ], [ -4.339062, 56.223914 ], [ -4.338589, 56.223721 ], [ -4.338399, 56.223747 ], [ -4.338295, 56.22385 ], [ -4.338192, 56.223795 ], [ -4.337474, 56.223787 ], [ -4.336837, 56.224068 ], [ -4.336097, 56.224096 ], [ -4.335625, 56.224289 ], [ -4.335032, 56.224888 ], [ -4.334674, 56.225006 ], [ -4.334385, 56.225324 ], [ -4.334393, 56.225483 ], [ -4.334119, 56.225474 ], [ -4.333471, 56.225683 ], [ -4.332563, 56.225752 ], [ -4.332065, 56.225965 ], [ -4.331346, 56.225951 ], [ -4.331113, 56.226365 ], [ -4.330813, 56.226478 ], [ -4.330394, 56.226477 ], [ -4.329891, 56.226307 ], [ -4.329666, 56.226311 ], [ -4.32893, 56.226554 ], [ -4.328765, 56.226755 ], [ -4.328493, 56.226796 ], [ -4.327721, 56.22672 ], [ -4.327125, 56.226794 ], [ -4.326191, 56.227137 ], [ -4.325703, 56.227184 ], [ -4.325667, 56.227492 ], [ -4.325056, 56.22731 ], [ -4.320892, 56.226481 ], [ -4.319301, 56.226447 ], [ -4.317792, 56.226567 ], [ -4.318046, 56.226503 ], [ -4.317997, 56.226358 ], [ -4.316898, 56.226405 ], [ -4.316024, 56.226178 ], [ -4.315643, 56.22615 ], [ -4.314763, 56.226285 ], [ -4.313062, 56.226293 ], [ -4.313058, 56.226387 ], [ -4.307506, 56.225665 ], [ -4.305659, 56.225615 ], [ -4.303529, 56.225206 ], [ -4.301106, 56.225965 ], [ -4.301466, 56.226727 ], [ -4.300526, 56.227054 ], [ -4.300409, 56.227185 ], [ -4.30028, 56.227148 ], [ -4.300039, 56.227218 ], [ -4.299972, 56.227043 ], [ -4.29809, 56.227342 ], [ -4.295209, 56.228171 ], [ -4.294887, 56.227711 ], [ -4.295121, 56.227637 ], [ -4.294863, 56.227461 ], [ -4.293954, 56.227096 ], [ -4.292761, 56.226835 ], [ -4.292542, 56.226852 ], [ -4.292463, 56.22671 ], [ -4.292227, 56.226665 ], [ -4.292052, 56.226448 ], [ -4.291781, 56.226358 ], [ -4.291617, 56.226108 ], [ -4.289381, 56.226565 ], [ -4.286874, 56.226863 ], [ -4.273721, 56.230857 ], [ -4.268178, 56.232701 ], [ -4.2686, 56.233188 ], [ -4.268796, 56.233282 ], [ -4.269485, 56.234266 ], [ -4.268478, 56.234974 ], [ -4.267905, 56.235508 ], [ -4.267114, 56.235741 ], [ -4.265454, 56.23521 ], [ -4.26487, 56.23465 ], [ -4.265002, 56.234625 ], [ -4.264877, 56.234168 ], [ -4.2646, 56.23389 ], [ -4.261449, 56.234676 ], [ -4.261245, 56.234865 ], [ -4.261489, 56.235442 ], [ -4.261311, 56.235674 ], [ -4.259881, 56.236282 ], [ -4.257759, 56.236846 ], [ -4.257394, 56.237061 ], [ -4.256072, 56.238307 ], [ -4.254342, 56.239006 ], [ -4.250651, 56.240123 ], [ -4.247441, 56.241524 ], [ -4.246564, 56.242116 ], [ -4.246568, 56.242331 ], [ -4.246982, 56.242778 ], [ -4.247826, 56.244426 ], [ -4.248033, 56.244434 ], [ -4.248616, 56.245758 ], [ -4.250061, 56.24643 ], [ -4.250081, 56.246784 ], [ -4.250579, 56.246849 ], [ -4.250829, 56.247055 ], [ -4.2514, 56.247173 ], [ -4.252631, 56.247659 ], [ -4.256155, 56.248018 ], [ -4.256204, 56.248141 ], [ -4.256397, 56.248046 ], [ -4.258218, 56.248369 ], [ -4.266811, 56.250859 ], [ -4.267627, 56.251015 ], [ -4.268998, 56.251102 ], [ -4.268983, 56.251157 ], [ -4.271057, 56.250943 ], [ -4.274141, 56.250073 ], [ -4.274375, 56.250037 ], [ -4.274304, 56.250137 ], [ -4.274669, 56.250058 ], [ -4.275845, 56.249394 ], [ -4.276474, 56.249248 ], [ -4.276859, 56.24907 ], [ -4.27736, 56.248984 ], [ -4.277897, 56.249029 ], [ -4.279155, 56.24941 ], [ -4.279988, 56.250253 ], [ -4.281113, 56.250843 ], [ -4.281455, 56.251169 ], [ -4.281727, 56.251672 ], [ -4.281608, 56.252564 ], [ -4.281839, 56.252879 ], [ -4.281741, 56.252984 ], [ -4.281847, 56.253139 ], [ -4.282068, 56.253194 ], [ -4.282507, 56.253783 ], [ -4.283028, 56.254202 ], [ -4.283294, 56.25418 ], [ -4.283525, 56.254289 ], [ -4.283456, 56.254226 ], [ -4.284251, 56.254335 ], [ -4.284468, 56.254457 ], [ -4.285587, 56.254683 ], [ -4.287014, 56.255192 ], [ -4.287908, 56.255157 ], [ -4.288865, 56.254825 ], [ -4.289725, 56.25476 ], [ -4.290183, 56.254585 ], [ -4.291307, 56.254632 ], [ -4.292817, 56.254365 ], [ -4.293675, 56.254782 ], [ -4.293941, 56.255077 ], [ -4.29468, 56.255329 ], [ -4.295129, 56.255407 ], [ -4.296188, 56.255265 ], [ -4.296695, 56.255291 ], [ -4.297892, 56.255768 ], [ -4.298125, 56.255726 ], [ -4.299057, 56.255961 ], [ -4.29967, 56.25569 ], [ -4.299825, 56.255502 ], [ -4.300904, 56.254878 ], [ -4.301512, 56.254729 ], [ -4.302033, 56.254463 ], [ -4.302505, 56.254383 ], [ -4.303125, 56.253877 ], [ -4.303308, 56.253593 ], [ -4.303787, 56.253571 ], [ -4.304391, 56.253429 ], [ -4.305158, 56.252299 ], [ -4.305096, 56.251814 ], [ -4.305298, 56.251499 ], [ -4.306321, 56.250657 ], [ -4.306714, 56.249533 ], [ -4.306959, 56.249218 ], [ -4.307308, 56.249095 ], [ -4.307385, 56.248674 ], [ -4.307672, 56.248346 ], [ -4.307878, 56.248239 ], [ -4.308291, 56.24832 ], [ -4.308933, 56.24865 ], [ -4.309706, 56.249567 ], [ -4.31169, 56.253421 ], [ -4.314704, 56.255198 ], [ -4.316148, 56.255636 ], [ -4.317103, 56.256461 ], [ -4.318174, 56.257161 ], [ -4.319819, 56.257678 ], [ -4.321709, 56.258787 ], [ -4.322204, 56.258911 ], [ -4.323147, 56.258927 ], [ -4.325233, 56.260051 ], [ -4.325515, 56.26054 ], [ -4.325395, 56.261778 ], [ -4.325524, 56.26298 ], [ -4.326584, 56.263149 ], [ -4.328997, 56.264056 ], [ -4.330216, 56.265242 ], [ -4.331039, 56.266435 ], [ -4.331451, 56.269488 ], [ -4.329521, 56.270818 ], [ -4.330073, 56.272187 ], [ -4.329244, 56.27356 ], [ -4.329099, 56.276102 ], [ -4.330142, 56.277039 ], [ -4.332019, 56.28014 ], [ -4.335907, 56.281374 ], [ -4.340512, 56.282182 ], [ -4.343522, 56.284897 ], [ -4.345897, 56.287661 ], [ -4.348403, 56.288971 ], [ -4.351484, 56.290228 ], [ -4.352015, 56.290852 ], [ -4.353347, 56.291487 ], [ -4.356362, 56.291305 ], [ -4.360137, 56.288983 ], [ -4.362848, 56.288596 ], [ -4.364118, 56.287952 ], [ -4.365912, 56.287698 ], [ -4.367434, 56.288796 ], [ -4.368082, 56.290128 ], [ -4.367453, 56.2908 ], [ -4.367851, 56.292015 ], [ -4.367763, 56.292748 ], [ -4.367908, 56.292991 ], [ -4.368506, 56.29333 ], [ -4.370034, 56.293324 ], [ -4.370324, 56.293048 ], [ -4.370706, 56.292903 ], [ -4.371185, 56.292877 ], [ -4.374255, 56.296394 ], [ -4.373502, 56.29696 ], [ -4.375676, 56.298262 ], [ -4.376191, 56.299022 ], [ -4.37676, 56.299149 ], [ -4.379816, 56.301986 ], [ -4.381855, 56.303443 ], [ -4.383182, 56.30632 ], [ -4.389821, 56.305199 ], [ -4.394522, 56.30425 ], [ -4.397001, 56.304337 ], [ -4.397541, 56.304263 ], [ -4.397512, 56.304125 ], [ -4.398626, 56.303517 ], [ -4.401212, 56.301852 ], [ -4.404259, 56.302454 ], [ -4.407391, 56.303639 ], [ -4.408427, 56.303789 ], [ -4.411073, 56.304592 ], [ -4.412663, 56.304921 ], [ -4.414742, 56.305489 ], [ -4.416175, 56.306799 ], [ -4.416237, 56.307472 ], [ -4.41833, 56.306805 ], [ -4.420305, 56.306449 ], [ -4.421028, 56.306144 ], [ -4.421514, 56.305624 ], [ -4.422116, 56.304599 ], [ -4.424566, 56.302578 ], [ -4.425468, 56.302524 ], [ -4.427007, 56.301937 ], [ -4.426747, 56.300634 ], [ -4.431471, 56.299045 ], [ -4.432062, 56.298683 ], [ -4.433392, 56.297614 ], [ -4.436025, 56.296565 ], [ -4.437749, 56.296616 ], [ -4.440313, 56.296516 ], [ -4.442827, 56.296907 ], [ -4.447437, 56.297845 ], [ -4.449105, 56.297898 ], [ -4.44959, 56.297301 ], [ -4.452072, 56.297094 ], [ -4.455339, 56.296952 ], [ -4.461365, 56.297402 ], [ -4.463758, 56.297455 ], [ -4.465171, 56.297614 ], [ -4.465878, 56.297983 ], [ -4.466578, 56.298582 ], [ -4.468184, 56.300963 ], [ -4.468679, 56.301415 ], [ -4.468755, 56.302607 ], [ -4.468367, 56.302678 ], [ -4.467768, 56.303003 ], [ -4.467916, 56.303348 ], [ -4.472541, 56.30397 ], [ -4.47447, 56.303748 ], [ -4.475257, 56.303798 ], [ -4.476556, 56.303699 ], [ -4.477279, 56.303239 ], [ -4.478412, 56.303436 ], [ -4.482033, 56.305555 ], [ -4.482627, 56.305272 ], [ -4.483479, 56.304074 ], [ -4.485634, 56.30232 ], [ -4.486163, 56.301259 ], [ -4.486239, 56.300201 ], [ -4.487344, 56.299347 ], [ -4.487837, 56.298273 ], [ -4.488338, 56.29796 ], [ -4.488515, 56.297323 ], [ -4.489724, 56.296204 ], [ -4.490125, 56.294546 ], [ -4.490818, 56.294067 ], [ -4.492587, 56.293593 ], [ -4.493357, 56.29352 ], [ -4.494927, 56.293514 ], [ -4.498074, 56.293798 ], [ -4.502925, 56.294456 ], [ -4.504263, 56.294786 ], [ -4.506262, 56.295695 ], [ -4.508261, 56.296776 ], [ -4.510525, 56.298556 ], [ -4.514652, 56.297293 ], [ -4.519464, 56.296862 ], [ -4.524061, 56.296103 ], [ -4.525593, 56.295669 ], [ -4.525873, 56.295505 ], [ -4.530192, 56.29436 ], [ -4.532536, 56.293612 ], [ -4.53431, 56.293311 ], [ -4.537275, 56.295955 ], [ -4.536771, 56.296165 ], [ -4.53531, 56.296491 ], [ -4.535949, 56.298615 ], [ -4.535635, 56.299053 ], [ -4.539293, 56.29963 ], [ -4.54284, 56.300712 ], [ -4.543169, 56.303833 ], [ -4.543729, 56.304922 ], [ -4.545949, 56.304792 ], [ -4.549502, 56.307416 ], [ -4.552334, 56.308833 ], [ -4.555477, 56.309371 ], [ -4.55643, 56.309352 ], [ -4.557917, 56.309847 ], [ -4.558665, 56.31027 ], [ -4.560165, 56.310088 ], [ -4.560828, 56.309602 ], [ -4.56099, 56.308876 ], [ -4.560844, 56.30771 ], [ -4.561271, 56.306449 ], [ -4.561794, 56.305592 ], [ -4.563307, 56.304056 ], [ -4.563789, 56.303769 ], [ -4.564486, 56.303516 ], [ -4.565087, 56.302727 ], [ -4.565386, 56.302561 ], [ -4.565911, 56.301957 ], [ -4.566558, 56.301719 ], [ -4.566614, 56.301592 ], [ -4.567142, 56.301267 ], [ -4.568142, 56.301003 ], [ -4.568454, 56.300831 ], [ -4.569068, 56.300831 ], [ -4.569393, 56.300902 ], [ -4.570555, 56.300349 ], [ -4.571401, 56.300428 ], [ -4.572705, 56.300221 ], [ -4.573695, 56.299801 ], [ -4.573824, 56.299672 ], [ -4.57431, 56.299568 ], [ -4.57501, 56.299158 ], [ -4.576225, 56.29884 ], [ -4.576441, 56.298594 ], [ -4.576859, 56.298607 ], [ -4.578192, 56.298208 ], [ -4.579944, 56.297904 ], [ -4.582896, 56.297657 ], [ -4.583591, 56.298529 ], [ -4.584904, 56.299531 ], [ -4.585247, 56.299653 ], [ -4.58655, 56.300493 ], [ -4.589358, 56.301947 ], [ -4.591731, 56.303442 ], [ -4.592587, 56.303612 ], [ -4.593989, 56.303551 ], [ -4.594584, 56.303194 ], [ -4.595105, 56.302589 ], [ -4.597742, 56.300814 ], [ -4.599832, 56.300113 ], [ -4.601768, 56.299634 ], [ -4.604668, 56.29926 ], [ -4.607594, 56.299261 ], [ -4.610241, 56.299578 ], [ -4.610332, 56.29961 ], [ -4.610243, 56.29964 ], [ -4.610585, 56.2997 ], [ -4.612515, 56.300471 ], [ -4.613279, 56.300956 ], [ -4.613801, 56.301451 ], [ -4.614301, 56.30109 ], [ -4.61496, 56.300858 ], [ -4.61608, 56.300771 ], [ -4.616987, 56.300877 ], [ -4.618, 56.300887 ], [ -4.619534, 56.301105 ], [ -4.620824, 56.30186 ], [ -4.622848, 56.302661 ], [ -4.625609, 56.303236 ], [ -4.627773, 56.303588 ], [ -4.630108, 56.303508 ], [ -4.631019, 56.303677 ], [ -4.63414, 56.304048 ], [ -4.635112, 56.304278 ], [ -4.636872, 56.304854 ], [ -4.637925, 56.305329 ], [ -4.638547, 56.305437 ], [ -4.64034, 56.305324 ], [ -4.644748, 56.306379 ], [ -4.645092, 56.306705 ], [ -4.645482, 56.306858 ], [ -4.646073, 56.3069 ], [ -4.64687, 56.307179 ], [ -4.647918, 56.307299 ], [ -4.648495, 56.30758 ], [ -4.649108, 56.307594 ], [ -4.649708, 56.307792 ], [ -4.651071, 56.307066 ], [ -4.651511, 56.306931 ], [ -4.652187, 56.306953 ], [ -4.652745, 56.307119 ], [ -4.654723, 56.308309 ], [ -4.655045, 56.30832 ], [ -4.656408, 56.307953 ], [ -4.657802, 56.308116 ], [ -4.658326, 56.309381 ], [ -4.657816, 56.30995 ], [ -4.658841, 56.311079 ], [ -4.660793, 56.312731 ], [ -4.661157, 56.313388 ], [ -4.662073, 56.314135 ], [ -4.662703, 56.314985 ], [ -4.663073, 56.315039 ], [ -4.663727, 56.316653 ], [ -4.666026, 56.31822 ], [ -4.666754, 56.318073 ], [ -4.667174, 56.318456 ] ], [ [ -4.40793, 56.265035 ], [ -4.408343, 56.265197 ], [ -4.408028, 56.265453 ], [ -4.408037, 56.265619 ], [ -4.407786, 56.265785 ], [ -4.405033, 56.26558 ], [ -4.40119, 56.265482 ], [ -4.400159, 56.265221 ], [ -4.395854, 56.263422 ], [ -4.390159, 56.263003 ], [ -4.388277, 56.262971 ], [ -4.386186, 56.263068 ], [ -4.386838, 56.262546 ], [ -4.38602, 56.260794 ], [ -4.385405, 56.259834 ], [ -4.38452, 56.258971 ], [ -4.382769, 56.257568 ], [ -4.381564, 56.256191 ], [ -4.380841, 56.255111 ], [ -4.380137, 56.254529 ], [ -4.378917, 56.254107 ], [ -4.376905, 56.253687 ], [ -4.375787, 56.253531 ], [ -4.373195, 56.25293 ], [ -4.372858, 56.253163 ], [ -4.372652, 56.253471 ], [ -4.37124, 56.254097 ], [ -4.370449, 56.25357 ], [ -4.373558, 56.251113 ], [ -4.372918, 56.250072 ], [ -4.373916, 56.248716 ], [ -4.374328, 56.24774 ], [ -4.374301, 56.247584 ], [ -4.374063, 56.247487 ], [ -4.372982, 56.247629 ], [ -4.372631, 56.247568 ], [ -4.372352, 56.247421 ], [ -4.372214, 56.246845 ], [ -4.372256, 56.246393 ], [ -4.37193, 56.24532 ], [ -4.371107, 56.244155 ], [ -4.370183, 56.243098 ], [ -4.370138, 56.242777 ], [ -4.372217, 56.239128 ], [ -4.374813, 56.239621 ], [ -4.374858, 56.239548 ], [ -4.375013, 56.239684 ], [ -4.378125, 56.240294 ], [ -4.376425, 56.242874 ], [ -4.377535, 56.243276 ], [ -4.377805, 56.24372 ], [ -4.378611, 56.244221 ], [ -4.3786, 56.244567 ], [ -4.37874, 56.24474 ], [ -4.380301, 56.245577 ], [ -4.381894, 56.245236 ], [ -4.381993, 56.24527 ], [ -4.381689, 56.245326 ], [ -4.38139, 56.24557 ], [ -4.382263, 56.245724 ], [ -4.383388, 56.245643 ], [ -4.3843, 56.246245 ], [ -4.384487, 56.246558 ], [ -4.384349, 56.246699 ], [ -4.384667, 56.246751 ], [ -4.384728, 56.246957 ], [ -4.385155, 56.2472 ], [ -4.385246, 56.247616 ], [ -4.385451, 56.247671 ], [ -4.385548, 56.247799 ], [ -4.385534, 56.248105 ], [ -4.385942, 56.248169 ], [ -4.386127, 56.248682 ], [ -4.386506, 56.248805 ], [ -4.386669, 56.248959 ], [ -4.386739, 56.249174 ], [ -4.386506, 56.249574 ], [ -4.386555, 56.249986 ], [ -4.386971, 56.250041 ], [ -4.387388, 56.250649 ], [ -4.387814, 56.250879 ], [ -4.388188, 56.250934 ], [ -4.388369, 56.251367 ], [ -4.388713, 56.251324 ], [ -4.388829, 56.251371 ], [ -4.389099, 56.251811 ], [ -4.389111, 56.252134 ], [ -4.389333, 56.252197 ], [ -4.389178, 56.252308 ], [ -4.388879, 56.2523 ], [ -4.388763, 56.252388 ], [ -4.389058, 56.25245 ], [ -4.389297, 56.252656 ], [ -4.389229, 56.252869 ], [ -4.390129, 56.253344 ], [ -4.389998, 56.253676 ], [ -4.390444, 56.253969 ], [ -4.390813, 56.254061 ], [ -4.390764, 56.254178 ], [ -4.390497, 56.254296 ], [ -4.390464, 56.254553 ], [ -4.391093, 56.255048 ], [ -4.391073, 56.255255 ], [ -4.391323, 56.25525 ], [ -4.391459, 56.255356 ], [ -4.39129, 56.25562 ], [ -4.391373, 56.256566 ], [ -4.391097, 56.256805 ], [ -4.391166, 56.256867 ], [ -4.390906, 56.257236 ], [ -4.390436, 56.257591 ], [ -4.389915, 56.257776 ], [ -4.389722, 56.258058 ], [ -4.390572, 56.258482 ], [ -4.390612, 56.258729 ], [ -4.391038, 56.258707 ], [ -4.391096, 56.258854 ], [ -4.391276, 56.258891 ], [ -4.391604, 56.259231 ], [ -4.391496, 56.25944 ], [ -4.392237, 56.259677 ], [ -4.392589, 56.260263 ], [ -4.39377, 56.260694 ], [ -4.393807, 56.260774 ], [ -4.393987, 56.260715 ], [ -4.39508, 56.261366 ], [ -4.397312, 56.261812 ], [ -4.399114, 56.262357 ], [ -4.401811, 56.263648 ], [ -4.40362, 56.26417 ], [ -4.4043, 56.264072 ], [ -4.405881, 56.264809 ], [ -4.40643, 56.264682 ], [ -4.40793, 56.265035 ] ], [ [ -4.367923, 56.237501 ], [ -4.367665, 56.237515 ], [ -4.364606, 56.236329 ], [ -4.367992, 56.234193 ], [ -4.36851, 56.233954 ], [ -4.369298, 56.233905 ], [ -4.369169, 56.233514 ], [ -4.369072, 56.233512 ], [ -4.369114, 56.233282 ], [ -4.368557, 56.232573 ], [ -4.369221, 56.232148 ], [ -4.369472, 56.232105 ], [ -4.369782, 56.23286 ], [ -4.370586, 56.233599 ], [ -4.370896, 56.233782 ], [ -4.371648, 56.233952 ], [ -4.371898, 56.234077 ], [ -4.373444, 56.235194 ], [ -4.373874, 56.235374 ], [ -4.37396, 56.23551 ], [ -4.372198, 56.235882 ], [ -4.371938, 56.235557 ], [ -4.370608, 56.23488 ], [ -4.370253, 56.235794 ], [ -4.36943, 56.236839 ], [ -4.367923, 56.237501 ] ], [ [ -4.622171, 56.251996 ], [ -4.62118, 56.251708 ], [ -4.620971, 56.251554 ], [ -4.621318, 56.251426 ], [ -4.621523, 56.25112 ], [ -4.621226, 56.250785 ], [ -4.622557, 56.25037 ], [ -4.622499, 56.249836 ], [ -4.622296, 56.249675 ], [ -4.622409, 56.249673 ], [ -4.622676, 56.249685 ], [ -4.622567, 56.249839 ], [ -4.622674, 56.250366 ], [ -4.62425, 56.250324 ], [ -4.623817, 56.251144 ], [ -4.623033, 56.251246 ], [ -4.622989, 56.251465 ], [ -4.622171, 56.251996 ] ], [ [ -4.480866, 56.264503 ], [ -4.482477, 56.263507 ], [ -4.48426, 56.264029 ], [ -4.482354, 56.265182 ], [ -4.480866, 56.264503 ] ], [ [ -4.498927, 56.263998 ], [ -4.501792, 56.263448 ], [ -4.501999, 56.2635 ], [ -4.50236, 56.263965 ], [ -4.501667, 56.264162 ], [ -4.499908, 56.265011 ], [ -4.49942, 56.264513 ], [ -4.499337, 56.264529 ], [ -4.498927, 56.263998 ] ], [ [ -4.616235, 56.283316 ], [ -4.616635, 56.283579 ], [ -4.616395, 56.283762 ], [ -4.616592, 56.283862 ], [ -4.61554, 56.28449 ], [ -4.614687, 56.283909 ], [ -4.61365, 56.283656 ], [ -4.613999, 56.283641 ], [ -4.61519, 56.282918 ], [ -4.616235, 56.283316 ] ], [ [ -4.500624, 56.261776 ], [ -4.500568, 56.261862 ], [ -4.500779, 56.262132 ], [ -4.500676, 56.262408 ], [ -4.500061, 56.262506 ], [ -4.498243, 56.26324 ], [ -4.498057, 56.262735 ], [ -4.497874, 56.262573 ], [ -4.498485, 56.262367 ], [ -4.499122, 56.26186 ], [ -4.500624, 56.261776 ] ], [ [ -4.341041, 56.22707 ], [ -4.342316, 56.227276 ], [ -4.342761, 56.227551 ], [ -4.342793, 56.227681 ], [ -4.342373, 56.22794 ], [ -4.342239, 56.228211 ], [ -4.340371, 56.227655 ], [ -4.340194, 56.227128 ], [ -4.340085, 56.227078 ], [ -4.341041, 56.22707 ] ], [ [ -4.592105, 56.25419 ], [ -4.590251, 56.254584 ], [ -4.589517, 56.254585 ], [ -4.589653, 56.254093 ], [ -4.591804, 56.25358 ], [ -4.592105, 56.25419 ] ], [ [ -4.368084, 56.232252 ], [ -4.367955, 56.232306 ], [ -4.367378, 56.232029 ], [ -4.36687, 56.232233 ], [ -4.366035, 56.231602 ], [ -4.366077, 56.231414 ], [ -4.365847, 56.2313 ], [ -4.366047, 56.231134 ], [ -4.366327, 56.231235 ], [ -4.366634, 56.231617 ], [ -4.366962, 56.23182 ], [ -4.367264, 56.231143 ], [ -4.36757, 56.231164 ], [ -4.367691, 56.23151 ], [ -4.367592, 56.231645 ], [ -4.367973, 56.231938 ], [ -4.368084, 56.232252 ] ], [ [ -4.53928, 56.245662 ], [ -4.538326, 56.245701 ], [ -4.538482, 56.244755 ], [ -4.538837, 56.244653 ], [ -4.538782, 56.244901 ], [ -4.538947, 56.244947 ], [ -4.538865, 56.245122 ], [ -4.539185, 56.245147 ], [ -4.53928, 56.245662 ] ], [ [ -4.479469, 56.265785 ], [ -4.479131, 56.265992 ], [ -4.47858, 56.265662 ], [ -4.479009, 56.265162 ], [ -4.480223, 56.265521 ], [ -4.479469, 56.265785 ] ], [ [ -4.626164, 56.25028 ], [ -4.626357, 56.250225 ], [ -4.625934, 56.25011 ], [ -4.625659, 56.249943 ], [ -4.626456, 56.250201 ], [ -4.626761, 56.250113 ], [ -4.627408, 56.250447 ], [ -4.626599, 56.25068 ], [ -4.626164, 56.25028 ] ], [ [ -4.542134, 56.244887 ], [ -4.541928, 56.244639 ], [ -4.542226, 56.244412 ], [ -4.543116, 56.244539 ], [ -4.543222, 56.244652 ], [ -4.54241, 56.244962 ], [ -4.542305, 56.244809 ], [ -4.542134, 56.244887 ] ], [ [ -4.588211, 56.256055 ], [ -4.587727, 56.256295 ], [ -4.587179, 56.256042 ], [ -4.587688, 56.255599 ], [ -4.588211, 56.256055 ] ], [ [ -4.37123, 56.232225 ], [ -4.371751, 56.232402 ], [ -4.371589, 56.232507 ], [ -4.371683, 56.232637 ], [ -4.371419, 56.232742 ], [ -4.370984, 56.232659 ], [ -4.370738, 56.232525 ], [ -4.370701, 56.232423 ], [ -4.371051, 56.232399 ], [ -4.37123, 56.232225 ] ], [ [ -4.629539, 56.249556 ], [ -4.629417, 56.249352 ], [ -4.62979, 56.24928 ], [ -4.629905, 56.249493 ], [ -4.629539, 56.249556 ] ] ] ] } },
{ "type": "Feature", "properties": { "NAME": "Forsinard Flows" }, "geometry": { "type": "MultiPolygon", "coordinates": [ [ [ [ -3.621838, 58.463411 ], [ -3.622795, 58.464091 ], [ -3.623884, 58.464279 ], [ -3.625418, 58.464722 ], [ -3.62633, 58.46531 ], [ -3.627398, 58.466881 ], [ -3.627638, 58.467449 ], [ -3.627565, 58.468854 ], [ -3.627758, 58.469171 ], [ -3.628192, 58.469533 ], [ -3.652392, 58.457947 ], [ -3.674089, 58.447725 ], [ -3.685048, 58.444711 ], [ -3.710201, 58.442784 ], [ -3.717675, 58.43742 ], [ -3.717618, 58.426048 ], [ -3.723559, 58.420426 ], [ -3.733267, 58.415524 ], [ -3.740873, 58.416324 ], [ -3.749373, 58.416879 ], [ -3.756402, 58.417461 ], [ -3.76457, 58.417997 ], [ -3.783787, 58.416547 ], [ -3.784918, 58.423681 ], [ -3.78455, 58.426627 ], [ -3.784029, 58.428694 ], [ -3.785129, 58.431258 ], [ -3.820127, 58.426558 ], [ -3.833478, 58.430627 ], [ -3.854483, 58.436847 ], [ -3.862343, 58.437881 ], [ -3.862285, 58.436981 ], [ -3.861774, 58.435102 ], [ -3.86182, 58.434827 ], [ -3.862222, 58.434183 ], [ -3.861687, 58.433297 ], [ -3.861757, 58.433029 ], [ -3.862199, 58.433037 ], [ -3.862394, 58.432398 ], [ -3.862086, 58.43079 ], [ -3.862414, 58.430003 ], [ -3.862286, 58.429948 ], [ -3.861756, 58.429985 ], [ -3.861345, 58.429863 ], [ -3.861835, 58.429607 ], [ -3.86181, 58.429446 ], [ -3.862017, 58.429151 ], [ -3.862009, 58.428689 ], [ -3.862893, 58.42758 ], [ -3.862661, 58.426918 ], [ -3.86345, 58.426406 ], [ -3.863266, 58.42635 ], [ -3.862918, 58.426434 ], [ -3.862731, 58.42639 ], [ -3.862524, 58.425787 ], [ -3.862287, 58.425736 ], [ -3.862617, 58.425603 ], [ -3.865139, 58.425036 ], [ -3.868667, 58.424537 ], [ -3.869996, 58.422687 ], [ -3.870805, 58.421031 ], [ -3.876739, 58.420492 ], [ -3.876356, 58.423571 ], [ -3.877376, 58.426183 ], [ -3.879824, 58.428101 ], [ -3.880503, 58.429595 ], [ -3.88143, 58.430825 ], [ -3.885457, 58.437563 ], [ -3.886752, 58.437544 ], [ -3.888524, 58.437693 ], [ -3.890126, 58.43737 ], [ -3.891396, 58.437307 ], [ -3.892223, 58.436551 ], [ -3.892453, 58.436206 ], [ -3.892892, 58.434659 ], [ -3.892803, 58.43427 ], [ -3.892403, 58.433678 ], [ -3.891114, 58.432318 ], [ -3.890788, 58.431506 ], [ -3.892254, 58.430105 ], [ -3.890242, 58.427714 ], [ -3.889737, 58.426122 ], [ -3.889488, 58.42596 ], [ -3.890087, 58.424867 ], [ -3.889861, 58.424728 ], [ -3.888854, 58.424502 ], [ -3.887886, 58.424066 ], [ -3.886956, 58.423881 ], [ -3.886268, 58.423553 ], [ -3.886102, 58.42322 ], [ -3.885735, 58.423149 ], [ -3.88535, 58.422955 ], [ -3.884885, 58.422425 ], [ -3.884789, 58.422118 ], [ -3.884051, 58.421049 ], [ -3.883982, 58.420339 ], [ -3.883601, 58.420107 ], [ -3.883823, 58.419834 ], [ -3.884074, 58.419081 ], [ -3.883469, 58.418405 ], [ -3.88241, 58.416802 ], [ -3.8824, 58.416365 ], [ -3.881786, 58.4152 ], [ -3.881892, 58.415068 ], [ -3.881608, 58.41497 ], [ -3.880923, 58.413448 ], [ -3.881773, 58.411994 ], [ -3.881592, 58.410372 ], [ -3.881581, 58.406142 ], [ -3.881184, 58.403987 ], [ -3.880726, 58.398128 ], [ -3.881327, 58.397697 ], [ -3.883139, 58.39493 ], [ -3.887059, 58.389572 ], [ -3.886706, 58.389661 ], [ -3.882978, 58.390056 ], [ -3.87859, 58.388372 ], [ -3.87424, 58.385728 ], [ -3.869653, 58.389536 ], [ -3.869001, 58.390479 ], [ -3.868336, 58.392465 ], [ -3.871713, 58.394195 ], [ -3.872023, 58.397141 ], [ -3.871582, 58.397866 ], [ -3.868682, 58.400945 ], [ -3.867247, 58.401474 ], [ -3.86729, 58.405173 ], [ -3.86803, 58.407057 ], [ -3.848286, 58.408938 ], [ -3.846495, 58.40891 ], [ -3.842926, 58.408251 ], [ -3.842248, 58.406568 ], [ -3.844774, 58.404308 ], [ -3.843069, 58.403151 ], [ -3.839801, 58.400543 ], [ -3.840135, 58.399721 ], [ -3.840326, 58.397648 ], [ -3.84007, 58.396672 ], [ -3.840172, 58.395359 ], [ -3.839566, 58.392911 ], [ -3.837797, 58.389491 ], [ -3.834737, 58.387365 ], [ -3.848582, 58.385545 ], [ -3.851924, 58.38454 ], [ -3.863138, 58.379741 ], [ -3.842797, 58.374527 ], [ -3.81806, 58.371839 ], [ -3.806888, 58.370892 ], [ -3.802751, 58.370463 ], [ -3.800376, 58.369819 ], [ -3.802143, 58.367163 ], [ -3.798973, 58.367273 ], [ -3.795632, 58.367564 ], [ -3.792742, 58.367965 ], [ -3.790365, 58.368394 ], [ -3.786143, 58.369377 ], [ -3.771806, 58.373336 ], [ -3.770469, 58.373597 ], [ -3.769216, 58.373747 ], [ -3.767953, 58.373808 ], [ -3.766531, 58.373776 ], [ -3.765166, 58.37364 ], [ -3.763781, 58.373391 ], [ -3.761452, 58.372666 ], [ -3.758368, 58.37114 ], [ -3.756914, 58.370602 ], [ -3.75457, 58.370097 ], [ -3.752021, 58.369885 ], [ -3.7505, 58.369929 ], [ -3.749215, 58.370052 ], [ -3.736541, 58.371987 ], [ -3.733392, 58.372565 ], [ -3.730182, 58.373361 ], [ -3.727788, 58.37411 ], [ -3.725614, 58.374919 ], [ -3.723319, 58.375951 ], [ -3.721553, 58.376898 ], [ -3.718851, 58.378696 ], [ -3.714601, 58.38231 ], [ -3.714909, 58.382385 ], [ -3.715375, 58.382298 ], [ -3.715951, 58.38237 ], [ -3.716415, 58.382326 ], [ -3.716798, 58.382199 ], [ -3.714817, 58.383742 ], [ -3.716631, 58.396444 ], [ -3.716806, 58.396475 ], [ -3.711211, 58.398177 ], [ -3.709371, 58.398901 ], [ -3.708699, 58.399079 ], [ -3.708876, 58.399231 ], [ -3.708961, 58.399547 ], [ -3.709265, 58.399803 ], [ -3.709285, 58.400391 ], [ -3.708468, 58.401017 ], [ -3.708232, 58.401443 ], [ -3.708248, 58.4023 ], [ -3.70806, 58.402846 ], [ -3.708528, 58.4035 ], [ -3.709119, 58.403865 ], [ -3.70912, 58.404059 ], [ -3.709534, 58.404659 ], [ -3.710163, 58.404929 ], [ -3.709722, 58.405328 ], [ -3.708803, 58.405644 ], [ -3.708478, 58.406003 ], [ -3.708888, 58.407053 ], [ -3.709225, 58.407628 ], [ -3.709445, 58.40776 ], [ -3.709429, 58.407967 ], [ -3.70924, 58.408127 ], [ -3.709357, 58.40843 ], [ -3.708931, 58.408984 ], [ -3.7103, 58.409693 ], [ -3.710277, 58.413349 ], [ -3.69821, 58.412489 ], [ -3.696936, 58.412113 ], [ -3.697929, 58.409957 ], [ -3.697975, 58.409498 ], [ -3.697802, 58.409101 ], [ -3.696391, 58.4077 ], [ -3.695001, 58.407094 ], [ -3.694822, 58.406917 ], [ -3.693751, 58.406365 ], [ -3.693526, 58.406139 ], [ -3.693753, 58.405507 ], [ -3.693522, 58.405185 ], [ -3.693536, 58.404948 ], [ -3.694377, 58.404614 ], [ -3.694993, 58.404076 ], [ -3.69541, 58.403482 ], [ -3.695342, 58.403143 ], [ -3.693427, 58.402632 ], [ -3.692987, 58.402387 ], [ -3.691101, 58.402313 ], [ -3.690412, 58.402223 ], [ -3.689326, 58.401887 ], [ -3.688027, 58.400693 ], [ -3.688129, 58.400281 ], [ -3.688016, 58.400067 ], [ -3.687208, 58.399454 ], [ -3.686191, 58.398232 ], [ -3.686191, 58.3975 ], [ -3.6867, 58.396891 ], [ -3.686111, 58.39583 ], [ -3.685661, 58.395557 ], [ -3.685319, 58.395104 ], [ -3.678719, 58.396253 ], [ -3.676247, 58.396914 ], [ -3.669914, 58.399435 ], [ -3.666889, 58.400547 ], [ -3.657488, 58.403328 ], [ -3.654043, 58.40453 ], [ -3.652131, 58.405296 ], [ -3.654292, 58.406286 ], [ -3.660541, 58.412847 ], [ -3.662075, 58.416201 ], [ -3.666723, 58.419372 ], [ -3.667678, 58.419505 ], [ -3.635214, 58.430313 ], [ -3.621916, 58.422845 ], [ -3.620312, 58.424703 ], [ -3.617989, 58.428099 ], [ -3.612996, 58.436651 ], [ -3.611823, 58.43834 ], [ -3.610564, 58.43963 ], [ -3.609253, 58.440706 ], [ -3.607985, 58.441633 ], [ -3.606457, 58.44254 ], [ -3.608159, 58.444271 ], [ -3.60974, 58.445692 ], [ -3.613483, 58.448843 ], [ -3.613697, 58.451275 ], [ -3.617242, 58.46119 ], [ -3.618936, 58.461042 ], [ -3.619044, 58.461551 ], [ -3.619607, 58.46242 ], [ -3.61989, 58.462596 ], [ -3.620593, 58.46277 ], [ -3.62161, 58.463288 ], [ -3.621318, 58.463458 ], [ -3.62131, 58.463288 ], [ -3.621039, 58.463538 ], [ -3.621398, 58.463534 ], [ -3.621838, 58.463411 ] ], [ [ -3.82136, 58.39033 ], [ -3.827794, 58.402773 ], [ -3.827219, 58.402718 ], [ -3.826863, 58.402862 ], [ -3.826738, 58.403007 ], [ -3.826074, 58.403184 ], [ -3.825542, 58.403201 ], [ -3.825735, 58.403398 ], [ -3.825317, 58.403437 ], [ -3.82545, 58.403579 ], [ -3.823878, 58.403611 ], [ -3.823611, 58.403362 ], [ -3.823042, 58.403551 ], [ -3.82312, 58.403715 ], [ -3.822739, 58.403607 ], [ -3.822714, 58.403504 ], [ -3.821845, 58.40334 ], [ -3.821292, 58.403096 ], [ -3.820725, 58.403068 ], [ -3.819145, 58.402573 ], [ -3.818734, 58.402121 ], [ -3.817648, 58.401623 ], [ -3.816662, 58.401587 ], [ -3.815562, 58.401187 ], [ -3.813426, 58.400168 ], [ -3.812868, 58.400079 ], [ -3.812537, 58.400176 ], [ -3.812176, 58.400159 ], [ -3.811793, 58.400404 ], [ -3.809863, 58.401734 ], [ -3.806416, 58.404365 ], [ -3.793776, 58.400557 ], [ -3.794496, 58.400696 ], [ -3.794518, 58.400629 ], [ -3.794774, 58.400604 ], [ -3.794985, 58.400326 ], [ -3.795325, 58.400232 ], [ -3.795393, 58.400134 ], [ -3.796353, 58.399868 ], [ -3.796509, 58.399698 ], [ -3.796756, 58.399654 ], [ -3.797023, 58.399351 ], [ -3.797256, 58.399301 ], [ -3.79807, 58.398615 ], [ -3.798225, 58.398604 ], [ -3.798317, 58.39813 ], [ -3.798631, 58.397883 ], [ -3.798514, 58.397785 ], [ -3.7988, 58.397755 ], [ -3.7987, 58.397652 ], [ -3.799017, 58.397577 ], [ -3.799512, 58.39713 ], [ -3.80002, 58.396972 ], [ -3.800384, 58.397005 ], [ -3.801078, 58.396833 ], [ -3.801167, 58.396663 ], [ -3.809415, 58.394083 ], [ -3.811448, 58.393333 ], [ -3.82136, 58.39033 ] ], [ [ -3.74645, 58.410109 ], [ -3.744917, 58.410003 ], [ -3.742521, 58.409554 ], [ -3.740116, 58.408793 ], [ -3.739131, 58.408308 ], [ -3.738181, 58.406699 ], [ -3.737543, 58.406416 ], [ -3.737327, 58.406374 ], [ -3.735682, 58.406509 ], [ -3.735551, 58.406465 ], [ -3.73452, 58.406524 ], [ -3.733894, 58.406411 ], [ -3.733677, 58.406461 ], [ -3.733639, 58.406298 ], [ -3.733293, 58.406057 ], [ -3.732051, 58.405605 ], [ -3.731171, 58.405475 ], [ -3.729238, 58.40547 ], [ -3.728278, 58.405378 ], [ -3.727387, 58.405596 ], [ -3.726505, 58.405281 ], [ -3.727054, 58.398175 ], [ -3.727433, 58.397678 ], [ -3.727612, 58.397732 ], [ -3.727776, 58.397581 ], [ -3.728349, 58.397495 ], [ -3.728462, 58.397396 ], [ -3.728351, 58.397356 ], [ -3.729554, 58.396637 ], [ -3.730309, 58.396351 ], [ -3.730451, 58.396145 ], [ -3.731032, 58.396026 ], [ -3.731035, 58.395799 ], [ -3.731269, 58.395868 ], [ -3.731341, 58.395676 ], [ -3.731594, 58.395633 ], [ -3.731739, 58.395497 ], [ -3.731818, 58.395545 ], [ -3.731972, 58.395504 ], [ -3.732586, 58.395175 ], [ -3.732607, 58.394887 ], [ -3.732988, 58.394706 ], [ -3.73336, 58.394245 ], [ -3.732581, 58.393524 ], [ -3.732649, 58.393124 ], [ -3.732191, 58.39287 ], [ -3.732317, 58.392716 ], [ -3.732803, 58.39257 ], [ -3.732553, 58.392428 ], [ -3.732732, 58.392224 ], [ -3.733411, 58.392321 ], [ -3.733608, 58.392536 ], [ -3.73346, 58.392619 ], [ -3.733545, 58.392952 ], [ -3.734565, 58.393479 ], [ -3.73511, 58.393528 ], [ -3.735387, 58.393633 ], [ -3.736096, 58.394274 ], [ -3.736393, 58.394295 ], [ -3.73627, 58.394798 ], [ -3.737679, 58.394962 ], [ -3.738267, 58.395357 ], [ -3.73805, 58.395527 ], [ -3.738111, 58.395611 ], [ -3.738318, 58.395709 ], [ -3.738633, 58.39572 ], [ -3.738615, 58.395916 ], [ -3.738908, 58.396009 ], [ -3.739097, 58.396254 ], [ -3.739743, 58.396521 ], [ -3.73973, 58.396703 ], [ -3.739954, 58.396658 ], [ -3.740005, 58.396838 ], [ -3.740252, 58.396853 ], [ -3.740396, 58.397222 ], [ -3.740729, 58.397396 ], [ -3.74066, 58.39758 ], [ -3.740886, 58.397672 ], [ -3.741071, 58.397565 ], [ -3.741186, 58.397613 ], [ -3.741065, 58.397787 ], [ -3.741182, 58.397899 ], [ -3.741135, 58.398107 ], [ -3.741437, 58.398188 ], [ -3.741165, 58.398288 ], [ -3.741178, 58.398398 ], [ -3.741626, 58.398497 ], [ -3.741543, 58.398597 ], [ -3.741635, 58.398661 ], [ -3.741775, 58.398586 ], [ -3.741889, 58.398624 ], [ -3.741726, 58.398838 ], [ -3.741373, 58.398989 ], [ -3.741659, 58.39916 ], [ -3.741521, 58.399286 ], [ -3.741738, 58.399396 ], [ -3.741712, 58.399581 ], [ -3.742029, 58.39967 ], [ -3.741808, 58.399704 ], [ -3.742387, 58.399904 ], [ -3.742668, 58.399857 ], [ -3.742637, 58.400116 ], [ -3.743219, 58.40038 ], [ -3.743685, 58.40079 ], [ -3.743732, 58.400947 ], [ -3.744446, 58.401297 ], [ -3.744354, 58.401414 ], [ -3.7446, 58.401599 ], [ -3.7448, 58.401687 ], [ -3.74482, 58.401601 ], [ -3.744933, 58.401605 ], [ -3.744979, 58.401704 ], [ -3.744773, 58.401774 ], [ -3.744871, 58.402021 ], [ -3.745041, 58.40209 ], [ -3.744921, 58.402124 ], [ -3.745628, 58.402357 ], [ -3.74548, 58.402471 ], [ -3.745979, 58.402471 ], [ -3.746081, 58.402545 ], [ -3.746735, 58.402603 ], [ -3.748625, 58.402569 ], [ -3.748803, 58.402759 ], [ -3.749361, 58.40285 ], [ -3.749555, 58.402961 ], [ -3.750041, 58.402935 ], [ -3.750215, 58.403076 ], [ -3.750484, 58.402986 ], [ -3.75071, 58.403011 ], [ -3.74645, 58.410109 ] ] ], [ [ [ -3.991403, 58.430931 ], [ -4.001805, 58.43167 ], [ -4.004236, 58.441839 ], [ -4.007271, 58.442582 ], [ -4.007669, 58.447949 ], [ -4.007777, 58.448146 ], [ -4.022046, 58.449874 ], [ -4.032707, 58.447568 ], [ -4.033447, 58.432205 ], [ -4.035819, 58.429383 ], [ -4.034931, 58.427339 ], [ -4.034913, 58.424802 ], [ -4.036706, 58.422352 ], [ -4.044427, 58.412855 ], [ -4.068593, 58.410281 ], [ -4.068827, 58.410474 ], [ -4.102232, 58.411002 ], [ -4.102664, 58.400469 ], [ -4.095776, 58.400425 ], [ -4.093596, 58.389182 ], [ -4.093196, 58.389486 ], [ -4.092862, 58.389488 ], [ -4.092111, 58.389706 ], [ -4.091718, 58.390017 ], [ -4.091239, 58.389946 ], [ -4.090317, 58.390111 ], [ -4.089945, 58.389985 ], [ -4.089306, 58.389984 ], [ -4.089139, 58.389921 ], [ -4.088897, 58.389565 ], [ -4.088992, 58.389492 ], [ -4.088915, 58.389359 ], [ -4.088162, 58.389082 ], [ -4.088157, 58.388775 ], [ -4.087611, 58.388334 ], [ -4.086855, 58.387903 ], [ -4.08607, 58.387059 ], [ -4.085754, 58.386937 ], [ -4.084641, 58.386712 ], [ -4.084288, 58.386552 ], [ -4.070607, 58.383957 ], [ -4.07191, 58.383447 ], [ -4.073429, 58.383056 ], [ -4.073476, 58.382106 ], [ -4.074217, 58.380245 ], [ -4.074814, 58.379241 ], [ -4.077052, 58.377884 ], [ -4.078572, 58.377289 ], [ -4.082341, 58.376773 ], [ -4.077766, 58.365817 ], [ -4.06842, 58.366788 ], [ -4.067373, 58.366019 ], [ -4.064201, 58.366966 ], [ -4.060103, 58.366179 ], [ -4.057646, 58.364833 ], [ -4.057502, 58.363743 ], [ -4.049887, 58.36087 ], [ -4.035287, 58.361215 ], [ -4.032059, 58.359118 ], [ -4.028994, 58.356895 ], [ -4.025995, 58.354487 ], [ -4.02673, 58.353446 ], [ -4.026455, 58.349907 ], [ -4.023465, 58.348446 ], [ -4.023402, 58.34707 ], [ -4.021637, 58.347372 ], [ -4.017384, 58.346288 ], [ -4.01162, 58.345028 ], [ -4.006843, 58.343187 ], [ -4.005458, 58.343283 ], [ -4.004968, 58.343435 ], [ -4.003531, 58.343215 ], [ -3.998281, 58.344108 ], [ -3.99759, 58.343825 ], [ -3.996751, 58.343078 ], [ -3.995549, 58.342716 ], [ -3.993044, 58.342271 ], [ -3.991194, 58.342056 ], [ -3.989219, 58.341231 ], [ -3.988719, 58.341231 ], [ -3.987535, 58.341506 ], [ -3.986274, 58.341698 ], [ -3.985236, 58.341533 ], [ -3.984529, 58.341161 ], [ -3.982323, 58.341211 ], [ -3.98216, 58.341688 ], [ -3.980435, 58.342206 ], [ -3.979849, 58.342474 ], [ -3.981386, 58.344948 ], [ -3.980271, 58.345721 ], [ -3.981231, 58.346612 ], [ -3.984156, 58.347194 ], [ -3.984243, 58.348095 ], [ -3.981989, 58.349143 ], [ -3.981505, 58.349647 ], [ -3.98105, 58.350768 ], [ -3.979819, 58.353011 ], [ -3.998044, 58.352198 ], [ -4.013067, 58.358452 ], [ -4.01294, 58.373479 ], [ -3.993664, 58.376134 ], [ -3.980522, 58.370971 ], [ -3.975028, 58.356834 ], [ -3.975669, 58.356322 ], [ -3.973623, 58.356942 ], [ -3.972931, 58.357478 ], [ -3.973869, 58.358307 ], [ -3.973227, 58.360451 ], [ -3.972178, 58.362392 ], [ -3.964677, 58.36455 ], [ -3.962536, 58.363755 ], [ -3.96045, 58.363214 ], [ -3.954109, 58.358619 ], [ -3.953189, 58.35747 ], [ -3.945814, 58.357238 ], [ -3.930899, 58.385838 ], [ -3.905539, 58.387985 ], [ -3.905934, 58.388354 ], [ -3.910518, 58.388968 ], [ -3.910658, 58.391706 ], [ -3.91376, 58.393079 ], [ -3.916691, 58.397118 ], [ -3.923617, 58.398142 ], [ -3.92572, 58.402945 ], [ -3.923495, 58.403278 ], [ -3.917078, 58.405018 ], [ -3.915627, 58.40446 ], [ -3.910562, 58.408368 ], [ -3.909183, 58.409121 ], [ -3.907417, 58.410294 ], [ -3.898171, 58.417087 ], [ -3.898503, 58.418041 ], [ -3.899187, 58.417956 ], [ -3.901575, 58.418105 ], [ -3.925592, 58.419758 ], [ -3.924685, 58.424769 ], [ -3.924828, 58.424771 ], [ -3.925282, 58.424676 ], [ -3.925902, 58.424169 ], [ -3.927097, 58.423599 ], [ -3.927798, 58.423159 ], [ -3.929072, 58.421584 ], [ -3.929023, 58.420848 ], [ -3.929124, 58.420579 ], [ -3.929681, 58.420196 ], [ -3.930173, 58.419693 ], [ -3.93216, 58.418785 ], [ -3.93299, 58.418544 ], [ -3.939302, 58.417248 ], [ -3.940001, 58.416981 ], [ -3.941128, 58.416331 ], [ -3.94174, 58.416104 ], [ -3.943538, 58.416054 ], [ -3.945305, 58.41574 ], [ -3.945635, 58.415579 ], [ -3.946847, 58.415893 ], [ -3.946704, 58.41763 ], [ -3.947139, 58.417915 ], [ -3.94676, 58.41833 ], [ -3.946468, 58.41841 ], [ -3.946137, 58.418682 ], [ -3.945461, 58.419691 ], [ -3.944326, 58.420013 ], [ -3.942715, 58.421071 ], [ -3.942276, 58.421914 ], [ -3.942184, 58.422294 ], [ -3.942348, 58.422312 ], [ -3.942363, 58.422598 ], [ -3.941956, 58.423408 ], [ -3.941187, 58.423887 ], [ -3.940238, 58.424174 ], [ -3.939374, 58.424624 ], [ -3.938559, 58.424877 ], [ -3.938357, 58.425055 ], [ -3.938345, 58.425607 ], [ -3.937148, 58.426383 ], [ -3.93758, 58.426652 ], [ -3.937682, 58.427095 ], [ -3.937915, 58.427289 ], [ -3.937865, 58.427631 ], [ -3.938097, 58.428261 ], [ -3.938402, 58.428513 ], [ -3.938342, 58.428675 ], [ -3.939507, 58.430387 ], [ -3.939094, 58.431125 ], [ -3.939256, 58.431904 ], [ -3.938422, 58.432618 ], [ -3.939571, 58.432962 ], [ -3.941849, 58.432867 ], [ -3.943991, 58.432542 ], [ -3.9805, 58.431748 ], [ -3.980382, 58.430674 ], [ -3.991098, 58.430049 ], [ -3.991403, 58.430931 ] ], [ [ -4.031134, 58.400677 ], [ -4.019446, 58.405961 ], [ -4.014419, 58.407814 ], [ -4.013734, 58.400157 ], [ -4.017024, 58.397541 ], [ -4.016102, 58.396887 ], [ -4.016662, 58.396436 ], [ -4.016665, 58.396215 ], [ -4.01706, 58.395974 ], [ -4.017669, 58.395097 ], [ -4.01806, 58.394778 ], [ -4.018774, 58.39435 ], [ -4.020124, 58.393877 ], [ -4.020582, 58.393839 ], [ -4.020735, 58.393646 ], [ -4.02098, 58.393602 ], [ -4.021237, 58.393428 ], [ -4.021763, 58.393418 ], [ -4.022537, 58.393201 ], [ -4.022938, 58.393182 ], [ -4.023298, 58.392907 ], [ -4.023567, 58.393022 ], [ -4.024512, 58.392922 ], [ -4.024232, 58.39255 ], [ -4.024599, 58.392451 ], [ -4.024985, 58.392624 ], [ -4.025075, 58.392529 ], [ -4.024815, 58.392425 ], [ -4.024875, 58.392347 ], [ -4.025168, 58.392305 ], [ -4.025591, 58.39241 ], [ -4.025837, 58.392135 ], [ -4.025788, 58.391661 ], [ -4.026067, 58.391283 ], [ -4.025952, 58.390599 ], [ -4.026568, 58.389861 ], [ -4.027449, 58.38956 ], [ -4.027597, 58.389162 ], [ -4.027616, 58.388975 ], [ -4.019895, 58.388503 ], [ -4.020421, 58.388265 ], [ -4.022271, 58.386668 ], [ -4.022703, 58.386006 ], [ -4.022655, 58.385162 ], [ -4.021898, 58.384496 ], [ -4.019673, 58.38312 ], [ -4.018968, 58.382521 ], [ -4.044419, 58.386582 ], [ -4.031134, 58.400677 ] ], [ [ -4.001405, 58.386989 ], [ -3.997004, 58.384392 ], [ -4.007985, 58.380766 ], [ -4.017669, 58.382313 ], [ -4.017658, 58.385383 ], [ -4.001405, 58.386989 ] ], [ [ -4.007459, 58.406023 ], [ -4.006942, 58.406301 ], [ -4.00652, 58.406384 ], [ -4.006159, 58.406384 ], [ -4.005945, 58.406309 ], [ -4.005617, 58.406134 ], [ -4.00562, 58.405759 ], [ -4.005147, 58.405698 ], [ -4.004645, 58.40534 ], [ -4.004581, 58.405131 ], [ -4.004731, 58.404845 ], [ -4.004414, 58.40439 ], [ -4.004656, 58.403998 ], [ -4.005467, 58.403604 ], [ -4.005514, 58.403323 ], [ -4.005786, 58.403093 ], [ -4.005836, 58.402854 ], [ -4.006514, 58.402487 ], [ -4.006614, 58.402112 ], [ -4.007005, 58.401848 ], [ -4.007196, 58.40142 ], [ -4.007788, 58.400909 ], [ -4.008271, 58.40067 ], [ -4.008556, 58.405659 ], [ -4.008053, 58.405401 ], [ -4.007459, 58.406023 ] ] ], [ [ [ -3.802935, 58.326138 ], [ -3.809723, 58.326641 ], [ -3.815825, 58.329477 ], [ -3.817389, 58.329912 ], [ -3.820619, 58.334129 ], [ -3.822733, 58.334934 ], [ -3.824267, 58.338194 ], [ -3.825713, 58.339075 ], [ -3.825277, 58.33252 ], [ -3.824263, 58.327716 ], [ -3.830751, 58.324813 ], [ -3.841139, 58.324121 ], [ -3.845877, 58.325232 ], [ -3.854148, 58.327356 ], [ -3.865394, 58.331048 ], [ -3.872371, 58.332622 ], [ -3.874989, 58.332744 ], [ -3.87412, 58.330909 ], [ -3.874373, 58.330587 ], [ -3.872782, 58.330276 ], [ -3.871387, 58.330473 ], [ -3.869554, 58.330006 ], [ -3.86789, 58.328937 ], [ -3.864433, 58.328142 ], [ -3.86288, 58.326615 ], [ -3.860975, 58.326009 ], [ -3.858955, 58.32456 ], [ -3.854653, 58.322896 ], [ -3.851306, 58.320374 ], [ -3.849928, 58.319655 ], [ -3.847995, 58.317217 ], [ -3.843579, 58.314675 ], [ -3.84456, 58.314239 ], [ -3.842218, 58.312967 ], [ -3.837155, 58.312089 ], [ -3.83711, 58.311245 ], [ -3.839732, 58.310223 ], [ -3.843252, 58.308376 ], [ -3.847167, 58.306487 ], [ -3.848984, 58.304101 ], [ -3.848359, 58.303651 ], [ -3.847853, 58.302954 ], [ -3.850216, 58.302076 ], [ -3.846331, 58.300688 ], [ -3.845345, 58.298483 ], [ -3.846387, 58.297905 ], [ -3.845267, 58.295702 ], [ -3.839123, 58.294627 ], [ -3.838837, 58.294245 ], [ -3.837349, 58.293914 ], [ -3.835918, 58.294711 ], [ -3.828719, 58.296466 ], [ -3.82162, 58.300233 ], [ -3.798895, 58.303302 ], [ -3.795824, 58.303449 ], [ -3.79491, 58.307829 ], [ -3.794171, 58.310445 ], [ -3.794683, 58.311284 ], [ -3.79716, 58.313962 ], [ -3.79666, 58.317278 ], [ -3.801038, 58.320422 ], [ -3.80228, 58.322519 ], [ -3.802935, 58.326138 ] ] ], [ [ [ -3.903086, 58.345395 ], [ -3.903672, 58.346167 ], [ -3.903672, 58.34652 ], [ -3.902931, 58.349256 ], [ -3.902531, 58.350242 ], [ -3.900057, 58.354109 ], [ -3.898037, 58.356633 ], [ -3.905134, 58.35671 ], [ -3.907915, 58.355967 ], [ -3.909656, 58.354839 ], [ -3.910777, 58.353561 ], [ -3.914008, 58.351389 ], [ -3.916876, 58.348727 ], [ -3.918324, 58.34596 ], [ -3.914235, 58.344793 ], [ -3.91437, 58.344304 ], [ -3.912957, 58.343971 ], [ -3.910452, 58.344563 ], [ -3.910552, 58.343399 ], [ -3.910819, 58.342279 ], [ -3.910525, 58.340536 ], [ -3.90974, 58.340123 ], [ -3.909755, 58.339704 ], [ -3.908813, 58.338699 ], [ -3.90556, 58.340882 ], [ -3.904628, 58.341685 ], [ -3.904372, 58.342652 ], [ -3.903086, 58.345395 ] ] ], [ [ [ -3.887253, 58.364635 ], [ -3.8883, 58.364718 ], [ -3.889867, 58.365071 ], [ -3.89082, 58.365379 ], [ -3.892589, 58.36624 ], [ -3.893802, 58.366571 ], [ -3.89593, 58.366627 ], [ -3.896057, 58.36591 ], [ -3.892755, 58.365805 ], [ -3.893211, 58.364527 ], [ -3.893431, 58.36338 ], [ -3.895194, 58.363348 ], [ -3.896073, 58.359408 ], [ -3.895732, 58.358888 ], [ -3.897891, 58.356761 ], [ -3.897801, 58.356647 ], [ -3.897131, 58.356937 ], [ -3.895535, 58.3573 ], [ -3.893552, 58.358177 ], [ -3.891202, 58.359963 ], [ -3.88957, 58.36063 ], [ -3.886495, 58.361463 ], [ -3.885664, 58.361505 ], [ -3.882412, 58.361 ], [ -3.880071, 58.360947 ], [ -3.880101, 58.361516 ], [ -3.880271, 58.361627 ], [ -3.881004, 58.361472 ], [ -3.88111, 58.361597 ], [ -3.881176, 58.362658 ], [ -3.879682, 58.363008 ], [ -3.879599, 58.363155 ], [ -3.880746, 58.363611 ], [ -3.880946, 58.363594 ], [ -3.88114, 58.363361 ], [ -3.881399, 58.363263 ], [ -3.884134, 58.3629 ], [ -3.884642, 58.363044 ], [ -3.884886, 58.363216 ], [ -3.885064, 58.364157 ], [ -3.885334, 58.364324 ], [ -3.886142, 58.364199 ], [ -3.887253, 58.364635 ] ] ] ] } },
{ "type": "Feature", "properties": { "NAME": "Glencoe" }, "geometry": { "type": "MultiPolygon", "coordinates": [ [ [ [ -5.037127, 56.68376 ], [ -5.03944, 56.683912 ], [ -5.041029, 56.683522 ], [ -5.04111, 56.68292 ], [ -5.041752, 56.682173 ], [ -5.041096, 56.681005 ], [ -5.047104, 56.677945 ], [ -5.047322, 56.677078 ], [ -5.047981, 56.676473 ], [ -5.049612, 56.675543 ], [ -5.049999, 56.675178 ], [ -5.050547, 56.674886 ], [ -5.05168, 56.673861 ], [ -5.051884, 56.673451 ], [ -5.052164, 56.673377 ], [ -5.052615, 56.672898 ], [ -5.053662, 56.671318 ], [ -5.054166, 56.669782 ], [ -5.054439, 56.669514 ], [ -5.0551, 56.667804 ], [ -5.055083, 56.666788 ], [ -5.054986, 56.666602 ], [ -5.054985, 56.666747 ], [ -5.054612, 56.666403 ], [ -5.054649, 56.665782 ], [ -5.05448, 56.665527 ], [ -5.055246, 56.664844 ], [ -5.054596, 56.664743 ], [ -5.054067, 56.664422 ], [ -5.053715, 56.66431 ], [ -5.054055, 56.66381 ], [ -5.055437, 56.664323 ], [ -5.056107, 56.663492 ], [ -5.056313, 56.663433 ], [ -5.057287, 56.663364 ], [ -5.057991, 56.663692 ], [ -5.057969, 56.664929 ], [ -5.05724, 56.665383 ], [ -5.057618, 56.665639 ], [ -5.058947, 56.666118 ], [ -5.060896, 56.665295 ], [ -5.063656, 56.665174 ], [ -5.063856, 56.664959 ], [ -5.066991, 56.663066 ], [ -5.067673, 56.662569 ], [ -5.067401, 56.662283 ], [ -5.066025, 56.661724 ], [ -5.064715, 56.661767 ], [ -5.064857, 56.661712 ], [ -5.064799, 56.661575 ], [ -5.066091, 56.661533 ], [ -5.067525, 56.6621 ], [ -5.067726, 56.662369 ], [ -5.068195, 56.662614 ], [ -5.068527, 56.663082 ], [ -5.069544, 56.663642 ], [ -5.06983, 56.663945 ], [ -5.070046, 56.663998 ], [ -5.070302, 56.664337 ], [ -5.07019, 56.664659 ], [ -5.069862, 56.665045 ], [ -5.069328, 56.665464 ], [ -5.068355, 56.666002 ], [ -5.068156, 56.6663 ], [ -5.068159, 56.666543 ], [ -5.068293, 56.666621 ], [ -5.068369, 56.666351 ], [ -5.06851, 56.666289 ], [ -5.068401, 56.666584 ], [ -5.068683, 56.667402 ], [ -5.068648, 56.668089 ], [ -5.068992, 56.668698 ], [ -5.069377, 56.668979 ], [ -5.069868, 56.669108 ], [ -5.070757, 56.669067 ], [ -5.070564, 56.66897 ], [ -5.07065, 56.668941 ], [ -5.071708, 56.669042 ], [ -5.071887, 56.669158 ], [ -5.072643, 56.669193 ], [ -5.07353, 56.66936 ], [ -5.074332, 56.669319 ], [ -5.075476, 56.66912 ], [ -5.075395, 56.668897 ], [ -5.075602, 56.6691 ], [ -5.076282, 56.669114 ], [ -5.077062, 56.669318 ], [ -5.076786, 56.669723 ], [ -5.076815, 56.669934 ], [ -5.077458, 56.670012 ], [ -5.079285, 56.669947 ], [ -5.079666, 56.670407 ], [ -5.079998, 56.670517 ], [ -5.081578, 56.672576 ], [ -5.082612, 56.673449 ], [ -5.083662, 56.674012 ], [ -5.085043, 56.674526 ], [ -5.08778, 56.675195 ], [ -5.088649, 56.675475 ], [ -5.088183, 56.672075 ], [ -5.084715, 56.670606 ], [ -5.082622, 56.669952 ], [ -5.083861, 56.668542 ], [ -5.085904, 56.667785 ], [ -5.086664, 56.668099 ], [ -5.088615, 56.667992 ], [ -5.089256, 56.667751 ], [ -5.089994, 56.667086 ], [ -5.090913, 56.666847 ], [ -5.091513, 56.66614 ], [ -5.09217, 56.666043 ], [ -5.093175, 56.665667 ], [ -5.095096, 56.665112 ], [ -5.096466, 56.664296 ], [ -5.097976, 56.663899 ], [ -5.099185, 56.663316 ], [ -5.100416, 56.662898 ], [ -5.101281, 56.662702 ], [ -5.101512, 56.662534 ], [ -5.102512, 56.662363 ], [ -5.10396, 56.662307 ], [ -5.105322, 56.662414 ], [ -5.109098, 56.661856 ], [ -5.108894, 56.661247 ], [ -5.108846, 56.660495 ], [ -5.110067, 56.659644 ], [ -5.111495, 56.659003 ], [ -5.113226, 56.658757 ], [ -5.113551, 56.657459 ], [ -5.11337, 56.65645 ], [ -5.110209, 56.653846 ], [ -5.109941, 56.653436 ], [ -5.10829, 56.652229 ], [ -5.10704, 56.651104 ], [ -5.105687, 56.650406 ], [ -5.105232, 56.649759 ], [ -5.104183, 56.648689 ], [ -5.105164, 56.648084 ], [ -5.105486, 56.647999 ], [ -5.10745, 56.647729 ], [ -5.118639, 56.645751 ], [ -5.117753, 56.64544 ], [ -5.116406, 56.645132 ], [ -5.115207, 56.644636 ], [ -5.112778, 56.644275 ], [ -5.111389, 56.644205 ], [ -5.100694, 56.642398 ], [ -5.100223, 56.642377 ], [ -5.099361, 56.642205 ], [ -5.098453, 56.642178 ], [ -5.09812, 56.642002 ], [ -5.097783, 56.64206 ], [ -5.096811, 56.642044 ], [ -5.096077, 56.642251 ], [ -5.094892, 56.642119 ], [ -5.093832, 56.642132 ], [ -5.093034, 56.642439 ], [ -5.092835, 56.6427 ], [ -5.092354, 56.642906 ], [ -5.092176, 56.643319 ], [ -5.091362, 56.643739 ], [ -5.091425, 56.644142 ], [ -5.090839, 56.644727 ], [ -5.090625, 56.6456 ], [ -5.089623, 56.646119 ], [ -5.089545, 56.646261 ], [ -5.088845, 56.646699 ], [ -5.088543, 56.647048 ], [ -5.087763, 56.647216 ], [ -5.087396, 56.647516 ], [ -5.086419, 56.647632 ], [ -5.085859, 56.64796 ], [ -5.08547, 56.648322 ], [ -5.085078, 56.6485 ], [ -5.084535, 56.648612 ], [ -5.084069, 56.648537 ], [ -5.08375, 56.648567 ], [ -5.083014, 56.648899 ], [ -5.081773, 56.649087 ], [ -5.080923, 56.649468 ], [ -5.080372, 56.649616 ], [ -5.078712, 56.650565 ], [ -5.078215, 56.651481 ], [ -5.077395, 56.651632 ], [ -5.077216, 56.651838 ], [ -5.076894, 56.65199 ], [ -5.076695, 56.65235 ], [ -5.07633, 56.652579 ], [ -5.075476, 56.652816 ], [ -5.074814, 56.653296 ], [ -5.073902, 56.654118 ], [ -5.073227, 56.655047 ], [ -5.07221, 56.655692 ], [ -5.072113, 56.655897 ], [ -5.071651, 56.656237 ], [ -5.071544, 56.657039 ], [ -5.071384, 56.657367 ], [ -5.070733, 56.657818 ], [ -5.070819, 56.65851 ], [ -5.071091, 56.658884 ], [ -5.07093, 56.659517 ], [ -5.070579, 56.659715 ], [ -5.070179, 56.660309 ], [ -5.060007, 56.657034 ], [ -5.044126, 56.654213 ], [ -5.04528, 56.651123 ], [ -5.042903, 56.648853 ], [ -5.043086, 56.647887 ], [ -5.043373, 56.647399 ], [ -5.043923, 56.646828 ], [ -5.042774, 56.646448 ], [ -5.042341, 56.646027 ], [ -5.038121, 56.643764 ], [ -5.032716, 56.64259 ], [ -5.02932, 56.642758 ], [ -5.028245, 56.642272 ], [ -5.027425, 56.642022 ], [ -5.026384, 56.641957 ], [ -5.025566, 56.64182 ], [ -5.025224, 56.641325 ], [ -5.024222, 56.640824 ], [ -5.024296, 56.640732 ], [ -5.023216, 56.640691 ], [ -5.022874, 56.640501 ], [ -5.022436, 56.640831 ], [ -5.021387, 56.640672 ], [ -5.021479, 56.640391 ], [ -5.021357, 56.640394 ], [ -5.020801, 56.639976 ], [ -5.020835, 56.639881 ], [ -5.020669, 56.639845 ], [ -5.020312, 56.639471 ], [ -5.018968, 56.639594 ], [ -5.01898, 56.639234 ], [ -5.018661, 56.63912 ], [ -5.013907, 56.638207 ], [ -5.012636, 56.638067 ], [ -5.010808, 56.638151 ], [ -5.01011, 56.638318 ], [ -5.010082, 56.637299 ], [ -5.008294, 56.636205 ], [ -5.007219, 56.63587 ], [ -5.005366, 56.635632 ], [ -5.004878, 56.635373 ], [ -5.004469, 56.634951 ], [ -5.003599, 56.634663 ], [ -5.002968, 56.634615 ], [ -5.002234, 56.634804 ], [ -5.001106, 56.634728 ], [ -5.000598, 56.634897 ], [ -5.000001, 56.634943 ], [ -4.999871, 56.634726 ], [ -4.999968, 56.634202 ], [ -4.999789, 56.633892 ], [ -4.999014, 56.633488 ], [ -4.997693, 56.632459 ], [ -4.99514, 56.631734 ], [ -4.994172, 56.631241 ], [ -4.992851, 56.631142 ], [ -4.992558, 56.63105 ], [ -4.9922, 56.630641 ], [ -4.992379, 56.624471 ], [ -4.992522, 56.623905 ], [ -4.992449, 56.622671 ], [ -4.992137, 56.62182 ], [ -4.992521, 56.620795 ], [ -4.992041, 56.619885 ], [ -4.991798, 56.619082 ], [ -4.991826, 56.618722 ], [ -4.991451, 56.618205 ], [ -4.991284, 56.617639 ], [ -4.990877, 56.617024 ], [ -4.990194, 56.616429 ], [ -4.990707, 56.616012 ], [ -4.991072, 56.61537 ], [ -4.990739, 56.614793 ], [ -4.987993, 56.616025 ], [ -4.986975, 56.616232 ], [ -4.986286, 56.616999 ], [ -4.982839, 56.618983 ], [ -4.982061, 56.619141 ], [ -4.981651, 56.619115 ], [ -4.981183, 56.618964 ], [ -4.979916, 56.618091 ], [ -4.9782, 56.617207 ], [ -4.978463, 56.616502 ], [ -4.978157, 56.616678 ], [ -4.977531, 56.616676 ], [ -4.976363, 56.61645 ], [ -4.974821, 56.615917 ], [ -4.974413, 56.615952 ], [ -4.973134, 56.615596 ], [ -4.972019, 56.615551 ], [ -4.970059, 56.61564 ], [ -4.969413, 56.61592 ], [ -4.969058, 56.615989 ], [ -4.968605, 56.61594 ], [ -4.968572, 56.61585 ], [ -4.968047, 56.61611 ], [ -4.967144, 56.616304 ], [ -4.9669, 56.616461 ], [ -4.966328, 56.616547 ], [ -4.965966, 56.616811 ], [ -4.966085, 56.616979 ], [ -4.965898, 56.616988 ], [ -4.965421, 56.616829 ], [ -4.965411, 56.616694 ], [ -4.965267, 56.616626 ], [ -4.965303, 56.616459 ], [ -4.962295, 56.615937 ], [ -4.961575, 56.615905 ], [ -4.960806, 56.615973 ], [ -4.959474, 56.616144 ], [ -4.958959, 56.616315 ], [ -4.957547, 56.616382 ], [ -4.957021, 56.616312 ], [ -4.955376, 56.615856 ], [ -4.954084, 56.615591 ], [ -4.952322, 56.615361 ], [ -4.951537, 56.615127 ], [ -4.951272, 56.615124 ], [ -4.949621, 56.615636 ], [ -4.947997, 56.616659 ], [ -4.947284, 56.616716 ], [ -4.947112, 56.616983 ], [ -4.947154, 56.616827 ], [ -4.947, 56.616629 ], [ -4.945371, 56.6155 ], [ -4.944929, 56.615357 ], [ -4.944462, 56.615775 ], [ -4.943422, 56.616417 ], [ -4.943213, 56.616665 ], [ -4.941177, 56.617319 ], [ -4.939739, 56.617902 ], [ -4.93798, 56.618658 ], [ -4.937837, 56.618917 ], [ -4.937146, 56.61915 ], [ -4.936831, 56.618986 ], [ -4.93639, 56.618974 ], [ -4.935215, 56.619382 ], [ -4.934631, 56.619411 ], [ -4.933325, 56.619289 ], [ -4.931705, 56.618995 ], [ -4.929565, 56.618942 ], [ -4.927507, 56.618784 ], [ -4.927181, 56.618688 ], [ -4.923856, 56.618376 ], [ -4.923805, 56.618439 ], [ -4.923969, 56.618523 ], [ -4.923903, 56.61864 ], [ -4.923627, 56.618692 ], [ -4.923549, 56.618857 ], [ -4.921753, 56.619746 ], [ -4.921431, 56.620014 ], [ -4.920266, 56.620343 ], [ -4.919474, 56.620424 ], [ -4.919264, 56.620555 ], [ -4.918742, 56.620666 ], [ -4.917636, 56.6208 ], [ -4.916326, 56.621356 ], [ -4.916062, 56.621529 ], [ -4.915744, 56.62195 ], [ -4.915054, 56.621988 ], [ -4.913783, 56.622953 ], [ -4.91266, 56.623402 ], [ -4.912564, 56.623633 ], [ -4.911814, 56.623745 ], [ -4.911439, 56.623961 ], [ -4.910778, 56.623954 ], [ -4.910672, 56.624158 ], [ -4.909502, 56.624527 ], [ -4.909074, 56.624789 ], [ -4.907742, 56.624964 ], [ -4.906635, 56.625206 ], [ -4.906385, 56.625346 ], [ -4.905871, 56.625228 ], [ -4.905232, 56.625292 ], [ -4.903941, 56.62526 ], [ -4.903187, 56.625102 ], [ -4.902385, 56.625175 ], [ -4.901927, 56.62536 ], [ -4.900719, 56.626297 ], [ -4.899726, 56.62685 ], [ -4.897997, 56.627169 ], [ -4.897707, 56.627531 ], [ -4.89744, 56.628625 ], [ -4.896987, 56.62899 ], [ -4.895274, 56.629515 ], [ -4.894212, 56.629697 ], [ -4.892347, 56.630581 ], [ -4.891849, 56.630997 ], [ -4.890032, 56.631552 ], [ -4.889328, 56.631937 ], [ -4.889226, 56.632204 ], [ -4.888778, 56.632642 ], [ -4.887655, 56.632991 ], [ -4.886181, 56.63365 ], [ -4.883653, 56.635142 ], [ -4.882681, 56.63587 ], [ -4.879464, 56.637531 ], [ -4.879094, 56.63803 ], [ -4.878548, 56.63846 ], [ -4.876835, 56.639421 ], [ -4.874275, 56.640618 ], [ -4.8736, 56.641074 ], [ -4.872917, 56.642172 ], [ -4.87048, 56.643154 ], [ -4.868858, 56.644145 ], [ -4.868305, 56.644378 ], [ -4.866802, 56.645527 ], [ -4.86482, 56.646822 ], [ -4.865023, 56.64724 ], [ -4.865484, 56.647512 ], [ -4.866028, 56.647545 ], [ -4.867011, 56.647427 ], [ -4.867414, 56.647787 ], [ -4.868665, 56.647933 ], [ -4.869057, 56.648158 ], [ -4.869121, 56.648574 ], [ -4.868523, 56.649608 ], [ -4.8688, 56.649818 ], [ -4.869667, 56.650063 ], [ -4.869994, 56.650293 ], [ -4.870125, 56.650722 ], [ -4.870063, 56.6512 ], [ -4.870413, 56.651614 ], [ -4.870515, 56.651985 ], [ -4.870782, 56.652068 ], [ -4.870903, 56.652483 ], [ -4.871166, 56.652828 ], [ -4.871289, 56.653585 ], [ -4.87164, 56.653909 ], [ -4.87259, 56.654381 ], [ -4.872637, 56.65478 ], [ -4.873029, 56.655113 ], [ -4.874388, 56.655275 ], [ -4.876212, 56.65534 ], [ -4.876763, 56.655503 ], [ -4.8777, 56.655481 ], [ -4.87868, 56.65518 ], [ -4.879866, 56.655456 ], [ -4.880205, 56.655421 ], [ -4.880914, 56.655784 ], [ -4.881944, 56.65603 ], [ -4.882488, 56.656314 ], [ -4.883789, 56.656796 ], [ -4.886544, 56.657476 ], [ -4.887019, 56.657333 ], [ -4.887538, 56.65737 ], [ -4.887692, 56.657259 ], [ -4.887661, 56.657057 ], [ -4.88826, 56.656994 ], [ -4.889586, 56.657911 ], [ -4.890617, 56.658364 ], [ -4.891055, 56.658767 ], [ -4.891413, 56.659383 ], [ -4.891723, 56.659601 ], [ -4.892559, 56.659438 ], [ -4.893535, 56.658995 ], [ -4.893805, 56.658774 ], [ -4.894055, 56.658313 ], [ -4.895036, 56.658245 ], [ -4.895985, 56.658325 ], [ -4.896276, 56.658529 ], [ -4.89607, 56.659442 ], [ -4.896741, 56.659878 ], [ -4.896953, 56.660182 ], [ -4.897048, 56.660722 ], [ -4.898213, 56.661515 ], [ -4.898486, 56.662087 ], [ -4.899288, 56.66259 ], [ -4.899502, 56.662925 ], [ -4.899856, 56.663028 ], [ -4.90054, 56.662891 ], [ -4.902591, 56.662832 ], [ -4.903159, 56.662697 ], [ -4.903507, 56.66246 ], [ -4.903884, 56.662407 ], [ -4.904431, 56.662476 ], [ -4.905541, 56.662867 ], [ -4.907327, 56.662953 ], [ -4.907823, 56.662039 ], [ -4.907777, 56.661862 ], [ -4.908057, 56.661506 ], [ -4.909215, 56.661342 ], [ -4.909308, 56.661011 ], [ -4.909998, 56.66086 ], [ -4.910732, 56.660566 ], [ -4.911566, 56.66039 ], [ -4.911936, 56.660027 ], [ -4.912517, 56.659817 ], [ -4.913024, 56.659392 ], [ -4.913499, 56.659232 ], [ -4.91358, 56.659014 ], [ -4.914359, 56.658951 ], [ -4.914599, 56.658685 ], [ -4.914867, 56.658769 ], [ -4.915011, 56.658738 ], [ -4.915883, 56.658291 ], [ -4.91643, 56.658305 ], [ -4.917576, 56.657712 ], [ -4.917803, 56.657698 ], [ -4.918188, 56.657823 ], [ -4.918669, 56.657817 ], [ -4.919059, 56.657686 ], [ -4.919251, 56.65774 ], [ -4.919222, 56.658001 ], [ -4.919426, 56.658104 ], [ -4.919472, 56.658382 ], [ -4.919764, 56.658469 ], [ -4.919959, 56.659094 ], [ -4.92034, 56.659589 ], [ -4.920342, 56.659818 ], [ -4.920938, 56.659934 ], [ -4.920695, 56.660169 ], [ -4.920845, 56.660314 ], [ -4.921041, 56.660206 ], [ -4.921236, 56.660305 ], [ -4.921515, 56.660325 ], [ -4.921458, 56.660425 ], [ -4.921622, 56.660642 ], [ -4.921519, 56.660788 ], [ -4.921295, 56.660851 ], [ -4.921355, 56.660998 ], [ -4.921732, 56.661115 ], [ -4.922147, 56.661106 ], [ -4.922339, 56.661371 ], [ -4.922219, 56.661396 ], [ -4.922247, 56.661656 ], [ -4.922555, 56.66195 ], [ -4.922789, 56.661805 ], [ -4.923606, 56.661822 ], [ -4.923832, 56.661677 ], [ -4.925025, 56.661694 ], [ -4.925111, 56.661647 ], [ -4.924977, 56.661502 ], [ -4.925046, 56.661451 ], [ -4.925944, 56.661872 ], [ -4.929445, 56.661764 ], [ -4.929433, 56.661824 ], [ -4.929689, 56.661858 ], [ -4.929985, 56.662198 ], [ -4.931239, 56.662478 ], [ -4.931334, 56.66262 ], [ -4.932098, 56.662615 ], [ -4.932661, 56.662714 ], [ -4.93312, 56.662641 ], [ -4.933329, 56.662703 ], [ -4.933514, 56.662672 ], [ -4.93501, 56.663117 ], [ -4.935301, 56.662872 ], [ -4.935687, 56.663007 ], [ -4.936764, 56.662905 ], [ -4.937288, 56.663023 ], [ -4.938769, 56.663074 ], [ -4.939149, 56.662925 ], [ -4.94004, 56.663155 ], [ -4.939971, 56.663319 ], [ -4.940225, 56.663538 ], [ -4.940522, 56.66358 ], [ -4.940506, 56.663379 ], [ -4.940641, 56.66333 ], [ -4.941105, 56.663522 ], [ -4.942187, 56.663577 ], [ -4.942667, 56.663772 ], [ -4.943079, 56.663713 ], [ -4.9435, 56.663878 ], [ -4.943795, 56.663903 ], [ -4.945935, 56.663398 ], [ -4.946632, 56.663643 ], [ -4.947015, 56.663638 ], [ -4.947379, 56.663809 ], [ -4.948794, 56.663946 ], [ -4.949591, 56.663681 ], [ -4.950252, 56.663701 ], [ -4.9511, 56.663483 ], [ -4.951926, 56.663719 ], [ -4.952187, 56.663718 ], [ -4.952527, 56.663471 ], [ -4.952802, 56.662921 ], [ -4.953259, 56.663027 ], [ -4.954051, 56.662716 ], [ -4.954465, 56.662787 ], [ -4.955131, 56.662211 ], [ -4.955488, 56.662304 ], [ -4.955902, 56.662272 ], [ -4.956649, 56.662537 ], [ -4.956815, 56.66273 ], [ -4.956785, 56.662974 ], [ -4.957239, 56.663409 ], [ -4.957553, 56.663563 ], [ -4.95802, 56.663575 ], [ -4.958226, 56.663408 ], [ -4.958555, 56.663324 ], [ -4.95899, 56.663372 ], [ -4.959177, 56.663516 ], [ -4.959463, 56.663565 ], [ -4.9597, 56.663507 ], [ -4.960045, 56.663598 ], [ -4.96085, 56.66397 ], [ -4.961121, 56.663951 ], [ -4.961987, 56.664109 ], [ -4.962209, 56.664234 ], [ -4.962867, 56.664192 ], [ -4.963484, 56.663845 ], [ -4.965002, 56.663266 ], [ -4.96611, 56.662258 ], [ -4.968309, 56.662718 ], [ -4.970029, 56.663518 ], [ -4.97095, 56.663815 ], [ -4.971177, 56.664012 ], [ -4.972049, 56.664296 ], [ -4.973331, 56.664419 ], [ -4.973766, 56.664341 ], [ -4.97416, 56.664363 ], [ -4.974968, 56.664159 ], [ -4.976892, 56.664235 ], [ -4.97731, 56.664468 ], [ -4.978342, 56.665407 ], [ -4.978449, 56.665667 ], [ -4.978767, 56.667727 ], [ -4.979107, 56.668518 ], [ -4.97893, 56.669889 ], [ -4.979114, 56.670159 ], [ -4.979099, 56.670586 ], [ -4.979382, 56.67097 ], [ -4.979435, 56.67163 ], [ -4.979624, 56.671859 ], [ -4.980299, 56.673582 ], [ -4.980202, 56.673903 ], [ -4.979971, 56.674008 ], [ -4.980571, 56.675423 ], [ -4.979958, 56.675701 ], [ -4.979312, 56.676287 ], [ -4.979116, 56.67684 ], [ -4.979162, 56.677479 ], [ -4.976368, 56.682597 ], [ -4.977537, 56.682124 ], [ -4.979287, 56.681754 ], [ -4.979539, 56.681627 ], [ -4.98215, 56.68089 ], [ -4.985895, 56.679924 ], [ -4.986801, 56.679502 ], [ -4.987949, 56.678738 ], [ -4.988378, 56.678588 ], [ -4.989178, 56.678483 ], [ -4.990227, 56.678022 ], [ -4.990773, 56.67791 ], [ -4.991906, 56.677888 ], [ -4.992677, 56.677927 ], [ -4.992919, 56.678101 ], [ -4.993233, 56.678139 ], [ -4.993432, 56.678282 ], [ -4.993975, 56.67844 ], [ -4.99462, 56.678442 ], [ -4.996549, 56.679088 ], [ -4.997313, 56.679043 ], [ -4.999466, 56.679422 ], [ -5.000774, 56.679544 ], [ -5.000957, 56.67989 ], [ -5.001411, 56.680153 ], [ -5.003201, 56.680793 ], [ -5.004449, 56.680682 ], [ -5.005261, 56.680514 ], [ -5.005697, 56.680247 ], [ -5.006073, 56.680261 ], [ -5.008314, 56.679995 ], [ -5.009133, 56.680025 ], [ -5.010034, 56.679963 ], [ -5.010742, 56.680035 ], [ -5.013317, 56.679766 ], [ -5.014434, 56.679843 ], [ -5.016331, 56.67968 ], [ -5.017229, 56.679779 ], [ -5.01809, 56.680132 ], [ -5.019397, 56.680437 ], [ -5.021144, 56.68115 ], [ -5.022287, 56.681351 ], [ -5.023558, 56.681424 ], [ -5.024686, 56.681437 ], [ -5.027045, 56.679905 ], [ -5.028777, 56.679409 ], [ -5.029937, 56.679304 ], [ -5.030302, 56.679174 ], [ -5.030809, 56.679193 ], [ -5.033178, 56.678993 ], [ -5.034671, 56.679551 ], [ -5.035757, 56.680291 ], [ -5.035369, 56.682852 ], [ -5.037127, 56.68376 ] ] ] ] } },
{ "type": "Feature", "properties": { "NAME": "Mar Lodge Estate" }, "geometry": { "type": "MultiPolygon", "coordinates": [ [ [ [ -3.758065, 57.069319 ], [ -3.757047, 57.068188 ], [ -3.756302, 57.066388 ], [ -3.754914, 57.065284 ], [ -3.753884, 57.064248 ], [ -3.753208, 57.062321 ], [ -3.752469, 57.061518 ], [ -3.751371, 57.060958 ], [ -3.750657, 57.060164 ], [ -3.749768, 57.059674 ], [ -3.749879, 57.059402 ], [ -3.749747, 57.059225 ], [ -3.749133, 57.05931 ], [ -3.74833, 57.059078 ], [ -3.747102, 57.05768 ], [ -3.746712, 57.057798 ], [ -3.745734, 57.057699 ], [ -3.745282, 57.057557 ], [ -3.744049, 57.057453 ], [ -3.743716, 57.05739 ], [ -3.743272, 57.057069 ], [ -3.741637, 57.057011 ], [ -3.739169, 57.05713 ], [ -3.73878, 57.057082 ], [ -3.737495, 57.057118 ], [ -3.736163, 57.056844 ], [ -3.73535, 57.05655 ], [ -3.734601, 57.056398 ], [ -3.733731, 57.056658 ], [ -3.732534, 57.0568 ], [ -3.732441, 57.056756 ], [ -3.733444, 57.055637 ], [ -3.734393, 57.055126 ], [ -3.735648, 57.054115 ], [ -3.737852, 57.052059 ], [ -3.740511, 57.050211 ], [ -3.741339, 57.049405 ], [ -3.741696, 57.048766 ], [ -3.742105, 57.048338 ], [ -3.742772, 57.047978 ], [ -3.744576, 57.046713 ], [ -3.74822, 57.045333 ], [ -3.749216, 57.04513 ], [ -3.749831, 57.044722 ], [ -3.750363, 57.043928 ], [ -3.751083, 57.043289 ], [ -3.751161, 57.043037 ], [ -3.751018, 57.042625 ], [ -3.753332, 57.041358 ], [ -3.753642, 57.040405 ], [ -3.755769, 57.039387 ], [ -3.756316, 57.038921 ], [ -3.756731, 57.038286 ], [ -3.757392, 57.03781 ], [ -3.756928, 57.037403 ], [ -3.755712, 57.036962 ], [ -3.754835, 57.036175 ], [ -3.754308, 57.03549 ], [ -3.754268, 57.035343 ], [ -3.754801, 57.035115 ], [ -3.754736, 57.034963 ], [ -3.753486, 57.034123 ], [ -3.753561, 57.033798 ], [ -3.754003, 57.033378 ], [ -3.754117, 57.033013 ], [ -3.753288, 57.031322 ], [ -3.752794, 57.030628 ], [ -3.751582, 57.029378 ], [ -3.751073, 57.028199 ], [ -3.749728, 57.026228 ], [ -3.749626, 57.024927 ], [ -3.749744, 57.022005 ], [ -3.749639, 57.020304 ], [ -3.74853, 57.019488 ], [ -3.745529, 57.018012 ], [ -3.744398, 57.016724 ], [ -3.745403, 57.015327 ], [ -3.746277, 57.014466 ], [ -3.746819, 57.013748 ], [ -3.747387, 57.012689 ], [ -3.747986, 57.010529 ], [ -3.748014, 57.009899 ], [ -3.747748, 57.008434 ], [ -3.748034, 57.007154 ], [ -3.748701, 57.005245 ], [ -3.747988, 57.003893 ], [ -3.749054, 57.002589 ], [ -3.749205, 57.001949 ], [ -3.749176, 57.001145 ], [ -3.74809, 57.000985 ], [ -3.747791, 56.997948 ], [ -3.748367, 56.997765 ], [ -3.747909, 56.996963 ], [ -3.747843, 56.996595 ], [ -3.74904, 56.995622 ], [ -3.748344, 56.994122 ], [ -3.748231, 56.993122 ], [ -3.74979, 56.992125 ], [ -3.750258, 56.991404 ], [ -3.750723, 56.990962 ], [ -3.751841, 56.990429 ], [ -3.75288, 56.989588 ], [ -3.753985, 56.98929 ], [ -3.754912, 56.988522 ], [ -3.756033, 56.988044 ], [ -3.75788, 56.987407 ], [ -3.758148, 56.987156 ], [ -3.75789, 56.985358 ], [ -3.758051, 56.983527 ], [ -3.757725, 56.978896 ], [ -3.758326, 56.978204 ], [ -3.758427, 56.977902 ], [ -3.758145, 56.976976 ], [ -3.758304, 56.976686 ], [ -3.758822, 56.975992 ], [ -3.760393, 56.974397 ], [ -3.760895, 56.974058 ], [ -3.761901, 56.97359 ], [ -3.764661, 56.972976 ], [ -3.76729, 56.97275 ], [ -3.768559, 56.972435 ], [ -3.769819, 56.971955 ], [ -3.770709, 56.971471 ], [ -3.771263, 56.970834 ], [ -3.771563, 56.97021 ], [ -3.772095, 56.96982 ], [ -3.771773, 56.968926 ], [ -3.771929, 56.968583 ], [ -3.775662, 56.966993 ], [ -3.777163, 56.966563 ], [ -3.780175, 56.966588 ], [ -3.780878, 56.966501 ], [ -3.781538, 56.966204 ], [ -3.783027, 56.965006 ], [ -3.784174, 56.964392 ], [ -3.787552, 56.96349 ], [ -3.787844, 56.963244 ], [ -3.787903, 56.962573 ], [ -3.788858, 56.961562 ], [ -3.789289, 56.960622 ], [ -3.7894, 56.959335 ], [ -3.789829, 56.958336 ], [ -3.790098, 56.957937 ], [ -3.791301, 56.956963 ], [ -3.791376, 56.953889 ], [ -3.791681, 56.953045 ], [ -3.791602, 56.952785 ], [ -3.790972, 56.95199 ], [ -3.79137, 56.951018 ], [ -3.791754, 56.95064 ], [ -3.791938, 56.950184 ], [ -3.793148, 56.948509 ], [ -3.794752, 56.947839 ], [ -3.796252, 56.947404 ], [ -3.797608, 56.946724 ], [ -3.798974, 56.945046 ], [ -3.800008, 56.943477 ], [ -3.800655, 56.941042 ], [ -3.800183, 56.940101 ], [ -3.800108, 56.938714 ], [ -3.800709, 56.937204 ], [ -3.80141, 56.936062 ], [ -3.801648, 56.935893 ], [ -3.800456, 56.934342 ], [ -3.798258, 56.932046 ], [ -3.796293, 56.930489 ], [ -3.793989, 56.929048 ], [ -3.792338, 56.927693 ], [ -3.792034, 56.927351 ], [ -3.791041, 56.925487 ], [ -3.790157, 56.924876 ], [ -3.787946, 56.923636 ], [ -3.786993, 56.923641 ], [ -3.785175, 56.923244 ], [ -3.7835, 56.923093 ], [ -3.782351, 56.923123 ], [ -3.781895, 56.923201 ], [ -3.780332, 56.923852 ], [ -3.774597, 56.925569 ], [ -3.772274, 56.926478 ], [ -3.767753, 56.928515 ], [ -3.765787, 56.930025 ], [ -3.764934, 56.93041 ], [ -3.763848, 56.930731 ], [ -3.760574, 56.931338 ], [ -3.755851, 56.931903 ], [ -3.754831, 56.931891 ], [ -3.753964, 56.931975 ], [ -3.746529, 56.933584 ], [ -3.742747, 56.933529 ], [ -3.741086, 56.933696 ], [ -3.734803, 56.932179 ], [ -3.73373, 56.931723 ], [ -3.73281, 56.931192 ], [ -3.73221, 56.930477 ], [ -3.73105, 56.928485 ], [ -3.730643, 56.928037 ], [ -3.728713, 56.926459 ], [ -3.728098, 56.925772 ], [ -3.726902, 56.923191 ], [ -3.726649, 56.922512 ], [ -3.726631, 56.921886 ], [ -3.726141, 56.920942 ], [ -3.725982, 56.920163 ], [ -3.725517, 56.919697 ], [ -3.72522, 56.91843 ], [ -3.723379, 56.918411 ], [ -3.714534, 56.917908 ], [ -3.709225, 56.916579 ], [ -3.708851, 56.916306 ], [ -3.708882, 56.916081 ], [ -3.709256, 56.915464 ], [ -3.710219, 56.914795 ], [ -3.710034, 56.914506 ], [ -3.710286, 56.913918 ], [ -3.710271, 56.913591 ], [ -3.70944, 56.914267 ], [ -3.7087, 56.914623 ], [ -3.70758, 56.914908 ], [ -3.706744, 56.914955 ], [ -3.704892, 56.915587 ], [ -3.700479, 56.91553 ], [ -3.699162, 56.915818 ], [ -3.698695, 56.915851 ], [ -3.698108, 56.915769 ], [ -3.697227, 56.916253 ], [ -3.696496, 56.916438 ], [ -3.696135, 56.916452 ], [ -3.694779, 56.916246 ], [ -3.6937, 56.916179 ], [ -3.692307, 56.915902 ], [ -3.691325, 56.915978 ], [ -3.688502, 56.916389 ], [ -3.687457, 56.916174 ], [ -3.683818, 56.915985 ], [ -3.683466, 56.916192 ], [ -3.683564, 56.916541 ], [ -3.683448, 56.917059 ], [ -3.682937, 56.917933 ], [ -3.683015, 56.91857 ], [ -3.683283, 56.918872 ], [ -3.683369, 56.919333 ], [ -3.682913, 56.920139 ], [ -3.683069, 56.920865 ], [ -3.682955, 56.921078 ], [ -3.682328, 56.921571 ], [ -3.679747, 56.92281 ], [ -3.676454, 56.924858 ], [ -3.676092, 56.925204 ], [ -3.675945, 56.925597 ], [ -3.676769, 56.925828 ], [ -3.677111, 56.926125 ], [ -3.677261, 56.926536 ], [ -3.676101, 56.928879 ], [ -3.675881, 56.929839 ], [ -3.676316, 56.930938 ], [ -3.676282, 56.93163 ], [ -3.675682, 56.93237 ], [ -3.675268, 56.932475 ], [ -3.67356, 56.932498 ], [ -3.671815, 56.932427 ], [ -3.669888, 56.932151 ], [ -3.66829, 56.93153 ], [ -3.667519, 56.931374 ], [ -3.664214, 56.931136 ], [ -3.663953, 56.931184 ], [ -3.663416, 56.931479 ], [ -3.663253, 56.93189 ], [ -3.662758, 56.932202 ], [ -3.661729, 56.932548 ], [ -3.658064, 56.933077 ], [ -3.655788, 56.933094 ], [ -3.654736, 56.93291 ], [ -3.654469, 56.932815 ], [ -3.654289, 56.932449 ], [ -3.654602, 56.931928 ], [ -3.655426, 56.931221 ], [ -3.655303, 56.930688 ], [ -3.653933, 56.929241 ], [ -3.651798, 56.928519 ], [ -3.65106, 56.928179 ], [ -3.650181, 56.927638 ], [ -3.649807, 56.927162 ], [ -3.649717, 56.926795 ], [ -3.650312, 56.925399 ], [ -3.650334, 56.92441 ], [ -3.65014, 56.923716 ], [ -3.649739, 56.923569 ], [ -3.648233, 56.923508 ], [ -3.64755, 56.92331 ], [ -3.645822, 56.923055 ], [ -3.644435, 56.923268 ], [ -3.640914, 56.923344 ], [ -3.639055, 56.924042 ], [ -3.638731, 56.924707 ], [ -3.638145, 56.925015 ], [ -3.637905, 56.925535 ], [ -3.637695, 56.925623 ], [ -3.637326, 56.925628 ], [ -3.635151, 56.925297 ], [ -3.634157, 56.924924 ], [ -3.633188, 56.925327 ], [ -3.631785, 56.925368 ], [ -3.630474, 56.925264 ], [ -3.629764, 56.924977 ], [ -3.628395, 56.925057 ], [ -3.627711, 56.925008 ], [ -3.627467, 56.92506 ], [ -3.626882, 56.925387 ], [ -3.626532, 56.925468 ], [ -3.624456, 56.92554 ], [ -3.622456, 56.925822 ], [ -3.619054, 56.926194 ], [ -3.618201, 56.926227 ], [ -3.615115, 56.928181 ], [ -3.6142, 56.928498 ], [ -3.61332, 56.928663 ], [ -3.61069, 56.929972 ], [ -3.609299, 56.930318 ], [ -3.606799, 56.930449 ], [ -3.602647, 56.931163 ], [ -3.601851, 56.931186 ], [ -3.601074, 56.930882 ], [ -3.600719, 56.930833 ], [ -3.596755, 56.930955 ], [ -3.594519, 56.931294 ], [ -3.593446, 56.931204 ], [ -3.593022, 56.931079 ], [ -3.5925, 56.930789 ], [ -3.591422, 56.931122 ], [ -3.589735, 56.931256 ], [ -3.588657, 56.93122 ], [ -3.587096, 56.931033 ], [ -3.584225, 56.931151 ], [ -3.583218, 56.931047 ], [ -3.58198, 56.930703 ], [ -3.578792, 56.929548 ], [ -3.578616, 56.929276 ], [ -3.57867, 56.928418 ], [ -3.579058, 56.927101 ], [ -3.57847, 56.926776 ], [ -3.57681, 56.92619 ], [ -3.576787, 56.926018 ], [ -3.572607, 56.926027 ], [ -3.568986, 56.926432 ], [ -3.566551, 56.927202 ], [ -3.563668, 56.928405 ], [ -3.561103, 56.930391 ], [ -3.551352, 56.92908 ], [ -3.545023, 56.927138 ], [ -3.540471, 56.927158 ], [ -3.535692, 56.927681 ], [ -3.530796, 56.929049 ], [ -3.533261, 56.931555 ], [ -3.534272, 56.934845 ], [ -3.533928, 56.937828 ], [ -3.533096, 56.941016 ], [ -3.529969, 56.946326 ], [ -3.527549, 56.948413 ], [ -3.525626, 56.949629 ], [ -3.522928, 56.950537 ], [ -3.517986, 56.952764 ], [ -3.516045, 56.954246 ], [ -3.515143, 56.955523 ], [ -3.515091, 56.956592 ], [ -3.51898, 56.958227 ], [ -3.520272, 56.960226 ], [ -3.519778, 56.961425 ], [ -3.519382, 56.963185 ], [ -3.516106, 56.964673 ], [ -3.514154, 56.966374 ], [ -3.510529, 56.968908 ], [ -3.504945, 56.972549 ], [ -3.505955, 56.974891 ], [ -3.505244, 56.977082 ], [ -3.505397, 56.978257 ], [ -3.505235, 56.978503 ], [ -3.505871, 56.979246 ], [ -3.50565, 56.980007 ], [ -3.505395, 56.980258 ], [ -3.503993, 56.981159 ], [ -3.503841, 56.981298 ], [ -3.503807, 56.981557 ], [ -3.504215, 56.982138 ], [ -3.504432, 56.982894 ], [ -3.505126, 56.983848 ], [ -3.505172, 56.984265 ], [ -3.505514, 56.984675 ], [ -3.506196, 56.985113 ], [ -3.507399, 56.985618 ], [ -3.507901, 56.986101 ], [ -3.507838, 56.98636 ], [ -3.507119, 56.986984 ], [ -3.505443, 56.987564 ], [ -3.505085, 56.987851 ], [ -3.50521, 56.988618 ], [ -3.504937, 56.989439 ], [ -3.503446, 56.989355 ], [ -3.502827, 56.989384 ], [ -3.501653, 56.989592 ], [ -3.50022, 56.989985 ], [ -3.498302, 56.99081 ], [ -3.497862, 56.990746 ], [ -3.497905, 56.990361 ], [ -3.497741, 56.990354 ], [ -3.497665, 56.99072 ], [ -3.495857, 56.990516 ], [ -3.495188, 56.990293 ], [ -3.494116, 56.989601 ], [ -3.493366, 56.988661 ], [ -3.493343, 56.988069 ], [ -3.493098, 56.987423 ], [ -3.492652, 56.986989 ], [ -3.491987, 56.986803 ], [ -3.491372, 56.986817 ], [ -3.489508, 56.987478 ], [ -3.487769, 56.987598 ], [ -3.486021, 56.98799 ], [ -3.483634, 56.988669 ], [ -3.482714, 56.988814 ], [ -3.481565, 56.988935 ], [ -3.480041, 56.988749 ], [ -3.479185, 56.988531 ], [ -3.479234, 56.988014 ], [ -3.478691, 56.98801 ], [ -3.478508, 56.988112 ], [ -3.478251, 56.98808 ], [ -3.478292, 56.988493 ], [ -3.476764, 56.988595 ], [ -3.469827, 56.989322 ], [ -3.468911, 56.98958 ], [ -3.468225, 56.990142 ], [ -3.467627, 56.991288 ], [ -3.466887, 56.991465 ], [ -3.465527, 56.991579 ], [ -3.464687, 56.991828 ], [ -3.464361, 56.992071 ], [ -3.462628, 56.992513 ], [ -3.462267, 56.992692 ], [ -3.461955, 56.993291 ], [ -3.461427, 56.993505 ], [ -3.460328, 56.993651 ], [ -3.458718, 56.993374 ], [ -3.457307, 56.993318 ], [ -3.456293, 56.993186 ], [ -3.453757, 56.993934 ], [ -3.453416, 56.993764 ], [ -3.452682, 56.993663 ], [ -3.452101, 56.993698 ], [ -3.451629, 56.993872 ], [ -3.451169, 56.994302 ], [ -3.451011, 56.994784 ], [ -3.451123, 56.995252 ], [ -3.450717, 56.996308 ], [ -3.451558, 56.996729 ], [ -3.451675, 56.99712 ], [ -3.451076, 56.997398 ], [ -3.449997, 56.997487 ], [ -3.448661, 56.997278 ], [ -3.447659, 56.997543 ], [ -3.44727, 56.997847 ], [ -3.447014, 56.998457 ], [ -3.446446, 56.998755 ], [ -3.445377, 56.998872 ], [ -3.444466, 56.998672 ], [ -3.443769, 56.998749 ], [ -3.443052, 56.998975 ], [ -3.441252, 57.000137 ], [ -3.438282, 57.00161 ], [ -3.434882, 57.003722 ], [ -3.432873, 57.004484 ], [ -3.43117, 57.0045 ], [ -3.429385, 57.004252 ], [ -3.431325, 57.009678 ], [ -3.435356, 57.019748 ], [ -3.437792, 57.02697 ], [ -3.442836, 57.028229 ], [ -3.450648, 57.029456 ], [ -3.454823, 57.030225 ], [ -3.4615, 57.030986 ], [ -3.46578, 57.032217 ], [ -3.468775, 57.033327 ], [ -3.471511, 57.034846 ], [ -3.469223, 57.042855 ], [ -3.472266, 57.044971 ], [ -3.474559, 57.046041 ], [ -3.479003, 57.04604 ], [ -3.484438, 57.045517 ], [ -3.488145, 57.045754 ], [ -3.498785, 57.045168 ], [ -3.498065, 57.04889 ], [ -3.498653, 57.050185 ], [ -3.498757, 57.052538 ], [ -3.499076, 57.053816 ], [ -3.500105, 57.05609 ], [ -3.501336, 57.06056 ], [ -3.501891, 57.063183 ], [ -3.50161, 57.065447 ], [ -3.501575, 57.068955 ], [ -3.501937, 57.070113 ], [ -3.50303, 57.071735 ], [ -3.503944, 57.072842 ], [ -3.505246, 57.075435 ], [ -3.503804, 57.0769 ], [ -3.502987, 57.078491 ], [ -3.50236, 57.080563 ], [ -3.502238, 57.08168 ], [ -3.50166, 57.082809 ], [ -3.500665, 57.083596 ], [ -3.500212, 57.084117 ], [ -3.500154, 57.084635 ], [ -3.499498, 57.086019 ], [ -3.498642, 57.087155 ], [ -3.499125, 57.087636 ], [ -3.49937, 57.08757 ], [ -3.499718, 57.087624 ], [ -3.502259, 57.088218 ], [ -3.504958, 57.088639 ], [ -3.507306, 57.088562 ], [ -3.51291, 57.08738 ], [ -3.516813, 57.086385 ], [ -3.520685, 57.088041 ], [ -3.522045, 57.088213 ], [ -3.522911, 57.087987 ], [ -3.523557, 57.088249 ], [ -3.523892, 57.087966 ], [ -3.524627, 57.087795 ], [ -3.526105, 57.087822 ], [ -3.527775, 57.088893 ], [ -3.531065, 57.090444 ], [ -3.538433, 57.090834 ], [ -3.538671, 57.089407 ], [ -3.540819, 57.086092 ], [ -3.541869, 57.085733 ], [ -3.542395, 57.085094 ], [ -3.543696, 57.084835 ], [ -3.544171, 57.084537 ], [ -3.54787, 57.084218 ], [ -3.55263, 57.082631 ], [ -3.55898, 57.082952 ], [ -3.559714, 57.083154 ], [ -3.560083, 57.083496 ], [ -3.560752, 57.085864 ], [ -3.560519, 57.086397 ], [ -3.559174, 57.088358 ], [ -3.558289, 57.0889 ], [ -3.558134, 57.08914 ], [ -3.557371, 57.091404 ], [ -3.557242, 57.092089 ], [ -3.557913, 57.092727 ], [ -3.557816, 57.093555 ], [ -3.557262, 57.093921 ], [ -3.557247, 57.095736 ], [ -3.557026, 57.09617 ], [ -3.557354, 57.096328 ], [ -3.557728, 57.096395 ], [ -3.561991, 57.096288 ], [ -3.564209, 57.095268 ], [ -3.569334, 57.095644 ], [ -3.570084, 57.095428 ], [ -3.570804, 57.095091 ], [ -3.572158, 57.094719 ], [ -3.57386, 57.094361 ], [ -3.574734, 57.094345 ], [ -3.576283, 57.094097 ], [ -3.577388, 57.093297 ], [ -3.578684, 57.092719 ], [ -3.580324, 57.092298 ], [ -3.582305, 57.091905 ], [ -3.58302, 57.09164 ], [ -3.583437, 57.091163 ], [ -3.584563, 57.090668 ], [ -3.585737, 57.089755 ], [ -3.587621, 57.08868 ], [ -3.588598, 57.087966 ], [ -3.589305, 57.086183 ], [ -3.589403, 57.085584 ], [ -3.589763, 57.084924 ], [ -3.593257, 57.084053 ], [ -3.593974, 57.084039 ], [ -3.595576, 57.084455 ], [ -3.596526, 57.084478 ], [ -3.598386, 57.085138 ], [ -3.602783, 57.085904 ], [ -3.603102, 57.08603 ], [ -3.603472, 57.086375 ], [ -3.604778, 57.086615 ], [ -3.605725, 57.086387 ], [ -3.606381, 57.086477 ], [ -3.607062, 57.086397 ], [ -3.609, 57.085981 ], [ -3.610757, 57.085401 ], [ -3.615268, 57.086682 ], [ -3.615691, 57.087108 ], [ -3.616019, 57.088213 ], [ -3.616221, 57.088498 ], [ -3.618211, 57.089286 ], [ -3.618898, 57.089515 ], [ -3.619838, 57.089696 ], [ -3.620359, 57.089896 ], [ -3.620653, 57.089847 ], [ -3.620918, 57.089668 ], [ -3.621738, 57.088602 ], [ -3.623659, 57.087629 ], [ -3.624505, 57.087537 ], [ -3.625412, 57.087701 ], [ -3.629628, 57.087705 ], [ -3.63066, 57.087332 ], [ -3.63261, 57.08608 ], [ -3.632991, 57.085743 ], [ -3.633268, 57.085667 ], [ -3.633658, 57.085725 ], [ -3.63445, 57.086083 ], [ -3.634841, 57.08615 ], [ -3.638051, 57.086359 ], [ -3.638824, 57.086295 ], [ -3.639346, 57.086536 ], [ -3.639888, 57.087045 ], [ -3.640804, 57.087411 ], [ -3.641676, 57.087363 ], [ -3.644301, 57.087747 ], [ -3.645274, 57.087931 ], [ -3.646033, 57.08829 ], [ -3.646481, 57.088356 ], [ -3.646643, 57.088273 ], [ -3.646875, 57.087367 ], [ -3.64751, 57.086235 ], [ -3.647608, 57.084931 ], [ -3.647891, 57.084236 ], [ -3.648538, 57.083742 ], [ -3.649672, 57.083642 ], [ -3.650607, 57.082969 ], [ -3.651485, 57.082677 ], [ -3.652682, 57.081401 ], [ -3.653744, 57.080983 ], [ -3.653968, 57.080077 ], [ -3.653819, 57.07821 ], [ -3.654639, 57.077718 ], [ -3.65398, 57.077377 ], [ -3.653154, 57.07644 ], [ -3.652148, 57.075882 ], [ -3.653497, 57.074499 ], [ -3.654872, 57.073519 ], [ -3.65537, 57.07265 ], [ -3.656944, 57.06855 ], [ -3.65856, 57.068736 ], [ -3.660603, 57.068861 ], [ -3.661796, 57.068625 ], [ -3.663028, 57.068497 ], [ -3.664914, 57.068454 ], [ -3.666468, 57.069076 ], [ -3.668003, 57.069841 ], [ -3.667987, 57.070039 ], [ -3.669108, 57.070379 ], [ -3.666686, 57.073583 ], [ -3.66679, 57.074606 ], [ -3.666038, 57.075685 ], [ -3.666364, 57.075959 ], [ -3.667162, 57.076272 ], [ -3.672201, 57.07735 ], [ -3.673356, 57.07773 ], [ -3.674228, 57.078401 ], [ -3.675982, 57.079434 ], [ -3.677079, 57.081436 ], [ -3.677115, 57.081683 ], [ -3.676827, 57.082073 ], [ -3.676105, 57.082703 ], [ -3.674852, 57.083456 ], [ -3.673892, 57.084489 ], [ -3.673835, 57.084885 ], [ -3.674242, 57.085301 ], [ -3.676844, 57.086462 ], [ -3.677303, 57.086757 ], [ -3.677739, 57.086912 ], [ -3.678242, 57.087274 ], [ -3.678838, 57.087859 ], [ -3.67977, 57.088404 ], [ -3.680303, 57.089614 ], [ -3.6818, 57.091135 ], [ -3.682189, 57.091336 ], [ -3.682991, 57.091568 ], [ -3.683331, 57.091779 ], [ -3.684032, 57.093216 ], [ -3.683998, 57.093378 ], [ -3.683452, 57.093727 ], [ -3.683266, 57.093986 ], [ -3.683703, 57.095247 ], [ -3.684094, 57.094603 ], [ -3.684727, 57.094002 ], [ -3.685733, 57.093427 ], [ -3.686213, 57.093277 ], [ -3.688156, 57.092806 ], [ -3.689704, 57.092556 ], [ -3.695313, 57.091415 ], [ -3.696917, 57.090765 ], [ -3.697215, 57.090608 ], [ -3.697346, 57.090395 ], [ -3.69763, 57.090292 ], [ -3.700908, 57.089969 ], [ -3.704582, 57.089834 ], [ -3.70539, 57.089634 ], [ -3.706167, 57.089309 ], [ -3.707144, 57.088663 ], [ -3.708998, 57.087716 ], [ -3.709325, 57.08746 ], [ -3.709629, 57.086715 ], [ -3.711854, 57.082897 ], [ -3.711731, 57.082014 ], [ -3.711845, 57.081635 ], [ -3.712065, 57.08139 ], [ -3.714739, 57.079435 ], [ -3.714916, 57.079257 ], [ -3.714892, 57.079002 ], [ -3.717797, 57.079218 ], [ -3.718843, 57.079518 ], [ -3.720087, 57.079676 ], [ -3.72112, 57.079707 ], [ -3.722608, 57.079596 ], [ -3.726404, 57.079616 ], [ -3.726798, 57.079404 ], [ -3.727206, 57.078769 ], [ -3.727785, 57.078456 ], [ -3.728539, 57.078176 ], [ -3.729555, 57.078189 ], [ -3.730059, 57.078043 ], [ -3.730257, 57.077685 ], [ -3.729865, 57.076877 ], [ -3.730266, 57.076625 ], [ -3.733679, 57.07607 ], [ -3.734377, 57.075822 ], [ -3.735186, 57.075649 ], [ -3.735943, 57.075792 ], [ -3.737958, 57.07584 ], [ -3.739253, 57.076011 ], [ -3.740655, 57.076009 ], [ -3.742023, 57.076147 ], [ -3.746051, 57.075867 ], [ -3.749734, 57.076296 ], [ -3.751232, 57.075008 ], [ -3.751397, 57.073762 ], [ -3.751834, 57.072718 ], [ -3.753368, 57.071676 ], [ -3.755746, 57.071908 ], [ -3.75742, 57.0698 ], [ -3.758065, 57.069319 ] ] ] ] } }
]
}
