{
"type": "FeatureCollection",
"name": "Wild_Land_Areas_2014",
"xy_coordinate_resolution": 1e-06,
"features": [
{ "type": "Feature", "properties": { "NAME": "08.  Ben More, Mull" }, "geometry": { "type": "MultiPolygon", "coordinates": [ [ [ [ -5.993022, 56.473328 ], [ -6.035383, 56.450863 ], [ -6.071519, 56.443944 ], [ -6.091527, 56.444254 ], [ -6.109831, 56.449304 ], [ -6.125379, 56.44886 ], [ -6.130962, 56.429042 ], [ -6.127605, 56.423154 ], [ -6.094834, 56.41068 ], [ -6.044351, 56.40559 ], [ -5.977493, 56.405343 ], [ -5.966129, 56.412287 ], [ -5.92922, 56.408816 ], [ -5.90066, 56.396627 ], [ -5.882285, 56.40959 ], [ -5.844212, 56.421725 ], [ -5.83539, 56.430062 ], [ -5.840087, 56.437301 ], [ -5.843355, 56.449938 ], [ -5.853127, 56.459839 ], [ -5.864732, 56.462063 ], [ -5.876211, 56.44606 ], [ -5.883986, 56.444509 ], [ -5.906008, 56.438752 ], [ -5.94343, 56.457715 ], [ -5.993022, 56.473328 ] ] ] ] } },
{ "type": "Feature", "properties": { "NAME": "29. Rhiddoroch - Beinn Dearg - Ben Wyvis" }, "geometry": { "type": "MultiPolygon", "coordinates": [ [ [ [ -5.001848, 58.043358 ], [ -5.051432, 58.042081 ], [ -5.064694, 58.035673 ], [ -5.069925, 58.02984 ], [ -5.077186, 58.017311 ], [ -5.090043, 58.005617 ], [ -5.084362, 57.973532 ], [ -5.116095, 57.952783 ], [ -5.115528, 57.941599 ], [ -5.119704, 57.939235 ], [ -5.11887, 57.937856 ], [ -5.127596, 57.936425 ], [ -5.132943, 57.934153 ], [ -5.154276, 57.919357 ], [ -5.117457, 57.908348 ], [ -5.121129, 57.899087 ], [ -5.089135, 57.885171 ], [ -5.050735, 57.864132 ], [ -5.05831, 57.83912 ], [ -5.043274, 57.829972 ], [ -5.013757, 57.835913 ], [ -5.006936, 57.821518 ], [ -5.009992, 57.81336 ], [ -5.017345, 57.807993 ], [ -5.019566, 57.768412 ], [ -4.992802, 57.766115 ], [ -4.978412, 57.759985 ], [ -4.968481, 57.751797 ], [ -4.950576, 57.748219 ], [ -4.923818, 57.749466 ], [ -4.911874, 57.7447 ], [ -4.906811, 57.739635 ], [ -4.842306, 57.721453 ], [ -4.822952, 57.712568 ], [ -4.807184, 57.713204 ], [ -4.781859, 57.734502 ], [ -4.709977, 57.744525 ], [ -4.681578, 57.727074 ], [ -4.684784, 57.715214 ], [ -4.680886, 57.697995 ], [ -4.669107, 57.691206 ], [ -4.658732, 57.695533 ], [ -4.633988, 57.694959 ], [ -4.624301, 57.691213 ], [ -4.622036, 57.682118 ], [ -4.622803, 57.678815 ], [ -4.627139, 57.675266 ], [ -4.627072, 57.67434 ], [ -4.616525, 57.670209 ], [ -4.631106, 57.661353 ], [ -4.630616, 57.657368 ], [ -4.618585, 57.651343 ], [ -4.63211, 57.642903 ], [ -4.643063, 57.615473 ], [ -4.600913, 57.616211 ], [ -4.594171, 57.621742 ], [ -4.600897, 57.625791 ], [ -4.582404, 57.634014 ], [ -4.576676, 57.633275 ], [ -4.565821, 57.634781 ], [ -4.559115, 57.645284 ], [ -4.526667, 57.647952 ], [ -4.521933, 57.651782 ], [ -4.512269, 57.6544 ], [ -4.506393, 57.653338 ], [ -4.50122, 57.654201 ], [ -4.49748, 57.657357 ], [ -4.490008, 57.660807 ], [ -4.486016, 57.684262 ], [ -4.503162, 57.693717 ], [ -4.511024, 57.699316 ], [ -4.516036, 57.7076 ], [ -4.523488, 57.709376 ], [ -4.521715, 57.712622 ], [ -4.576852, 57.712635 ], [ -4.561573, 57.728134 ], [ -4.551025, 57.73577 ], [ -4.528271, 57.732391 ], [ -4.503111, 57.729184 ], [ -4.495319, 57.736216 ], [ -4.48468, 57.735306 ], [ -4.472424, 57.744928 ], [ -4.478917, 57.750007 ], [ -4.5096, 57.76146 ], [ -4.520666, 57.76137 ], [ -4.538267, 57.768691 ], [ -4.481258, 57.791947 ], [ -4.486619, 57.800019 ], [ -4.448546, 57.816349 ], [ -4.439855, 57.832685 ], [ -4.446403, 57.86822 ], [ -4.516868, 57.878061 ], [ -4.545628, 57.862046 ], [ -4.566591, 57.854521 ], [ -4.638983, 57.867664 ], [ -4.720782, 57.925603 ], [ -4.775945, 57.935721 ], [ -4.832515, 57.911646 ], [ -4.820782, 57.949116 ], [ -4.866164, 57.986369 ], [ -4.90234, 58.013541 ], [ -4.930994, 58.038493 ], [ -5.001848, 58.043358 ] ] ] ] } },
{ "type": "Feature", "properties": { "NAME": "11. Lyon - Lochay" }, "geometry": { "type": "MultiPolygon", "coordinates": [ [ [ [ -4.345435, 56.56539 ], [ -4.400534, 56.5443 ], [ -4.503883, 56.535323 ], [ -4.514347, 56.535434 ], [ -4.523493, 56.519625 ], [ -4.497507, 56.503171 ], [ -4.359432, 56.502809 ], [ -4.336493, 56.499462 ], [ -4.305675, 56.496571 ], [ -4.291208, 56.499736 ], [ -4.276374, 56.506121 ], [ -4.271393, 56.515558 ], [ -4.276477, 56.52059 ], [ -4.279785, 56.534794 ], [ -4.288375, 56.544481 ], [ -4.309677, 56.545232 ], [ -4.330383, 56.566957 ], [ -4.345435, 56.56539 ] ] ] ] } },
{ "type": "Feature", "properties": { "NAME": "25. Applecross" }, "geometry": { "type": "MultiPolygon", "coordinates": [ [ [ [ -5.833674, 57.548804 ], [ -5.842973, 57.537536 ], [ -5.835965, 57.496481 ], [ -5.85406, 57.485058 ], [ -5.848972, 57.470366 ], [ -5.834881, 57.452147 ], [ -5.822066, 57.454524 ], [ -5.79761, 57.474009 ], [ -5.788361, 57.473621 ], [ -5.778595, 57.48144 ], [ -5.771287, 57.482506 ], [ -5.755622, 57.48307 ], [ -5.769082, 57.457334 ], [ -5.723573, 57.455929 ], [ -5.696683, 57.441817 ], [ -5.691418, 57.436832 ], [ -5.689155, 57.423917 ], [ -5.687253, 57.417314 ], [ -5.698827, 57.411994 ], [ -5.681748, 57.409609 ], [ -5.681272, 57.411343 ], [ -5.663852, 57.40959 ], [ -5.646828, 57.412179 ], [ -5.592875, 57.457423 ], [ -5.594053, 57.469526 ], [ -5.60675, 57.476683 ], [ -5.648077, 57.50648 ], [ -5.701904, 57.529171 ], [ -5.737491, 57.532498 ], [ -5.757694, 57.550045 ], [ -5.791521, 57.550268 ], [ -5.789673, 57.561361 ], [ -5.809965, 57.574265 ], [ -5.833674, 57.548804 ] ] ] ] } },
{ "type": "Feature", "properties": { "NAME": "28. Fisherfield - Letterewe - Fannichs" }, "geometry": { "type": "MultiPolygon", "coordinates": [ [ [ [ -5.505684, 57.687333 ], [ -5.488145, 57.685562 ], [ -5.464582, 57.688116 ], [ -5.449606, 57.689381 ], [ -5.41901, 57.674331 ], [ -5.390957, 57.665003 ], [ -5.373126, 57.654538 ], [ -5.336468, 57.634471 ], [ -5.327631, 57.634048 ], [ -5.318831, 57.630948 ], [ -5.305314, 57.623497 ], [ -5.280385, 57.614445 ], [ -5.271875, 57.613623 ], [ -5.256623, 57.605648 ], [ -5.260629, 57.601502 ], [ -5.234815, 57.590181 ], [ -5.207241, 57.585809 ], [ -5.190159, 57.58491 ], [ -5.166936, 57.593175 ], [ -5.150305, 57.593602 ], [ -5.120942, 57.593937 ], [ -5.018754, 57.600706 ], [ -5.004117, 57.608003 ], [ -4.915229, 57.622817 ], [ -4.879908, 57.624543 ], [ -4.875767, 57.629827 ], [ -4.87103, 57.633726 ], [ -4.863029, 57.639803 ], [ -4.830409, 57.653323 ], [ -4.823803, 57.664846 ], [ -4.829357, 57.681459 ], [ -4.872483, 57.706246 ], [ -4.912977, 57.706772 ], [ -4.950172, 57.718566 ], [ -4.985184, 57.730691 ], [ -5.004812, 57.73793 ], [ -5.042663, 57.733316 ], [ -5.09359, 57.726942 ], [ -5.166417, 57.78269 ], [ -5.177386, 57.8019 ], [ -5.206582, 57.830185 ], [ -5.261525, 57.84743 ], [ -5.391946, 57.874727 ], [ -5.406039, 57.869015 ], [ -5.440169, 57.852987 ], [ -5.475194, 57.846086 ], [ -5.517784, 57.842485 ], [ -5.560289, 57.812456 ], [ -5.568869, 57.807058 ], [ -5.539885, 57.774373 ], [ -5.539464, 57.753743 ], [ -5.5809, 57.741661 ], [ -5.664806, 57.729544 ], [ -5.674461, 57.723912 ], [ -5.666934, 57.718324 ], [ -5.642551, 57.71377 ], [ -5.632303, 57.704233 ], [ -5.605606, 57.688113 ], [ -5.582016, 57.691776 ], [ -5.546842, 57.703118 ], [ -5.537342, 57.7037 ], [ -5.529492, 57.696471 ], [ -5.505684, 57.687333 ] ] ] ] } },
{ "type": "Feature", "properties": { "NAME": "33. Quinag" }, "geometry": { "type": "MultiPolygon", "coordinates": [ [ [ [ -5.313893, 58.216573 ], [ -5.323471, 58.199037 ], [ -5.316251, 58.185885 ], [ -5.281687, 58.180258 ], [ -5.262085, 58.179704 ], [ -5.246582, 58.169637 ], [ -5.165454, 58.178527 ], [ -5.132377, 58.184269 ], [ -5.118737, 58.192607 ], [ -5.066513, 58.194824 ], [ -5.048499, 58.186516 ], [ -5.022378, 58.184286 ], [ -5.002809, 58.220408 ], [ -5.020108, 58.230181 ], [ -5.044599, 58.241311 ], [ -5.087381, 58.249989 ], [ -5.141612, 58.231429 ], [ -5.209329, 58.23764 ], [ -5.25465, 58.228793 ], [ -5.269066, 58.221277 ], [ -5.286394, 58.229159 ], [ -5.313893, 58.216573 ] ] ] ] } },
{ "type": "Feature", "properties": { "NAME": "26. Coulin & Ledgowan Forest" }, "geometry": { "type": "MultiPolygon", "coordinates": [ [ [ [ -5.2853, 57.499668 ], [ -5.257035, 57.507723 ], [ -5.239636, 57.51683 ], [ -5.217534, 57.530559 ], [ -5.210622, 57.531727 ], [ -5.189203, 57.532346 ], [ -5.171528, 57.533458 ], [ -5.163193, 57.550566 ], [ -5.190754, 57.569953 ], [ -5.214197, 57.566698 ], [ -5.230167, 57.56939 ], [ -5.257697, 57.580752 ], [ -5.280473, 57.595988 ], [ -5.285931, 57.596136 ], [ -5.306851, 57.589311 ], [ -5.315592, 57.579284 ], [ -5.329058, 57.571604 ], [ -5.332825, 57.561059 ], [ -5.33011, 57.557303 ], [ -5.314723, 57.556949 ], [ -5.306652, 57.552109 ], [ -5.292733, 57.550648 ], [ -5.287253, 57.541375 ], [ -5.302622, 57.52539 ], [ -5.320216, 57.531786 ], [ -5.327561, 57.538215 ], [ -5.344189, 57.547666 ], [ -5.362706, 57.558616 ], [ -5.398412, 57.554372 ], [ -5.413936, 57.551641 ], [ -5.437977, 57.551369 ], [ -5.450058, 57.549992 ], [ -5.459595, 57.547926 ], [ -5.473955, 57.542582 ], [ -5.480254, 57.54003 ], [ -5.488039, 57.531247 ], [ -5.509982, 57.526773 ], [ -5.527963, 57.522568 ], [ -5.530718, 57.518363 ], [ -5.558239, 57.514926 ], [ -5.554212, 57.501886 ], [ -5.548169, 57.495035 ], [ -5.549437, 57.486475 ], [ -5.556712, 57.475152 ], [ -5.557757, 57.470316 ], [ -5.555137, 57.467429 ], [ -5.540581, 57.453105 ], [ -5.534855, 57.444299 ], [ -5.553868, 57.439279 ], [ -5.56096, 57.426709 ], [ -5.568003, 57.422807 ], [ -5.573553, 57.414866 ], [ -5.572711, 57.412107 ], [ -5.564432, 57.409605 ], [ -5.522238, 57.41172 ], [ -5.51479, 57.414712 ], [ -5.511351, 57.420683 ], [ -5.481507, 57.426147 ], [ -5.477989, 57.446495 ], [ -5.469137, 57.446894 ], [ -5.460946, 57.440271 ], [ -5.448329, 57.441516 ], [ -5.411127, 57.453186 ], [ -5.366328, 57.468345 ], [ -5.366447, 57.468388 ], [ -5.347752, 57.48492 ], [ -5.342497, 57.487341 ], [ -5.305232, 57.492352 ], [ -5.2853, 57.499668 ] ] ] ] } },
{ "type": "Feature", "properties": { "NAME": "05. Jura, Scarba Lunga and Garvellachs" }, "geometry": { "type": "MultiPolygon", "coordinates": [ [ [ [ -5.709787, 56.149677 ], [ -5.709933, 56.14952 ], [ -5.710334, 56.149674 ], [ -5.710829, 56.149543 ], [ -5.710975, 56.149138 ], [ -5.710459, 56.149046 ], [ -5.711139, 56.148994 ], [ -5.711872, 56.148414 ], [ -5.712324, 56.148338 ], [ -5.712678, 56.148341 ], [ -5.712874, 56.148533 ], [ -5.713657, 56.148797 ], [ -5.71493, 56.148471 ], [ -5.715964, 56.148422 ], [ -5.716167, 56.148357 ], [ -5.716277, 56.14816 ], [ -5.716684, 56.147874 ], [ -5.717674, 56.147781 ], [ -5.717826, 56.148019 ], [ -5.717791, 56.148245 ], [ -5.718086, 56.148371 ], [ -5.71843, 56.148352 ], [ -5.718574, 56.148177 ], [ -5.718968, 56.14834 ], [ -5.719489, 56.148396 ], [ -5.719908, 56.148226 ], [ -5.719842, 56.148377 ], [ -5.720215, 56.148491 ], [ -5.720869, 56.148251 ], [ -5.7212, 56.148264 ], [ -5.721399, 56.148154 ], [ -5.721455, 56.147986 ], [ -5.721302, 56.147816 ], [ -5.721472, 56.147743 ], [ -5.721404, 56.147453 ], [ -5.72153, 56.147427 ], [ -5.721807, 56.147706 ], [ -5.721917, 56.147514 ], [ -5.721726, 56.147286 ], [ -5.721826, 56.147242 ], [ -5.72225, 56.147625 ], [ -5.722489, 56.1476 ], [ -5.722813, 56.147365 ], [ -5.72289, 56.14717 ], [ -5.722669, 56.146794 ], [ -5.723462, 56.146671 ], [ -5.723975, 56.14631 ], [ -5.724243, 56.146248 ], [ -5.724381, 56.14543 ], [ -5.723785, 56.145178 ], [ -5.723186, 56.145151 ], [ -5.723299, 56.144905 ], [ -5.724159, 56.144636 ], [ -5.724057, 56.144329 ], [ -5.723546, 56.144048 ], [ -5.723135, 56.143961 ], [ -5.723222, 56.143604 ], [ -5.722925, 56.143455 ], [ -5.722964, 56.14336 ], [ -5.722803, 56.143194 ], [ -5.722879, 56.142895 ], [ -5.721739, 56.142259 ], [ -5.722024, 56.141967 ], [ -5.720965, 56.141671 ], [ -5.720474, 56.141753 ], [ -5.720164, 56.141969 ], [ -5.719792, 56.141868 ], [ -5.719412, 56.141605 ], [ -5.719218, 56.141256 ], [ -5.717806, 56.140399 ], [ -5.71788, 56.140168 ], [ -5.718119, 56.139967 ], [ -5.719197, 56.139796 ], [ -5.72001, 56.139542 ], [ -5.722251, 56.139317 ], [ -5.72242, 56.13915 ], [ -5.722017, 56.138811 ], [ -5.721915, 56.138172 ], [ -5.722244, 56.137914 ], [ -5.723368, 56.137876 ], [ -5.724069, 56.137967 ], [ -5.724359, 56.138637 ], [ -5.724591, 56.138783 ], [ -5.724783, 56.138773 ], [ -5.724963, 56.138965 ], [ -5.725548, 56.1391 ], [ -5.72523, 56.139398 ], [ -5.725369, 56.139753 ], [ -5.727388, 56.140731 ], [ -5.727718, 56.140806 ], [ -5.727771, 56.141187 ], [ -5.727983, 56.141383 ], [ -5.728138, 56.141405 ], [ -5.728123, 56.141585 ], [ -5.728575, 56.14168 ], [ -5.728771, 56.14162 ], [ -5.728812, 56.141713 ], [ -5.729086, 56.141709 ], [ -5.7292, 56.141839 ], [ -5.729484, 56.141913 ], [ -5.73005, 56.141693 ], [ -5.730201, 56.141914 ], [ -5.730518, 56.141945 ], [ -5.730773, 56.141919 ], [ -5.731161, 56.141687 ], [ -5.731315, 56.141777 ], [ -5.731655, 56.141798 ], [ -5.731955, 56.141649 ], [ -5.732135, 56.141765 ], [ -5.732455, 56.141742 ], [ -5.733625, 56.141356 ], [ -5.734555, 56.14131 ], [ -5.734606, 56.141416 ], [ -5.734976, 56.141414 ], [ -5.735309, 56.141368 ], [ -5.73549, 56.141232 ], [ -5.736399, 56.141479 ], [ -5.737389, 56.141476 ], [ -5.737842, 56.141408 ], [ -5.738041, 56.141141 ], [ -5.738477, 56.141227 ], [ -5.738624, 56.141002 ], [ -5.738489, 56.140692 ], [ -5.7382, 56.140705 ], [ -5.737962, 56.140658 ], [ -5.737788, 56.14052 ], [ -5.737492, 56.140547 ], [ -5.736958, 56.140437 ], [ -5.737461, 56.139972 ], [ -5.737345, 56.13953 ], [ -5.737176, 56.139441 ], [ -5.737456, 56.139347 ], [ -5.737961, 56.138824 ], [ -5.73771, 56.138638 ], [ -5.737434, 56.138615 ], [ -5.737214, 56.138428 ], [ -5.736854, 56.138363 ], [ -5.736317, 56.137984 ], [ -5.735519, 56.137635 ], [ -5.735591, 56.137551 ], [ -5.735385, 56.137337 ], [ -5.735423, 56.137143 ], [ -5.735979, 56.13682 ], [ -5.7364, 56.136758 ], [ -5.736794, 56.137007 ], [ -5.738045, 56.137279 ], [ -5.738293, 56.137263 ], [ -5.738552, 56.137444 ], [ -5.739629, 56.137676 ], [ -5.740263, 56.137657 ], [ -5.741069, 56.137332 ], [ -5.7411, 56.137398 ], [ -5.740634, 56.137659 ], [ -5.740717, 56.137931 ], [ -5.741187, 56.137881 ], [ -5.741158, 56.137671 ], [ -5.74133, 56.137526 ], [ -5.7414, 56.137839 ], [ -5.741233, 56.138019 ], [ -5.741755, 56.138093 ], [ -5.742375, 56.138097 ], [ -5.742794, 56.137927 ], [ -5.743724, 56.138218 ], [ -5.744096, 56.138233 ], [ -5.74429, 56.138164 ], [ -5.744767, 56.138267 ], [ -5.744884, 56.137562 ], [ -5.744995, 56.137797 ], [ -5.745336, 56.137908 ], [ -5.74597, 56.137632 ], [ -5.746223, 56.137418 ], [ -5.746216, 56.13727 ], [ -5.745863, 56.137114 ], [ -5.745765, 56.136933 ], [ -5.745038, 56.136501 ], [ -5.745189, 56.136483 ], [ -5.74555, 56.136629 ], [ -5.746172, 56.136484 ], [ -5.746156, 56.136076 ], [ -5.746365, 56.136312 ], [ -5.746518, 56.136316 ], [ -5.746463, 56.13608 ], [ -5.746782, 56.136057 ], [ -5.746752, 56.135914 ], [ -5.746513, 56.135934 ], [ -5.746718, 56.135721 ], [ -5.746854, 56.135884 ], [ -5.747754, 56.136032 ], [ -5.748046, 56.135964 ], [ -5.748221, 56.135784 ], [ -5.747969, 56.135675 ], [ -5.748515, 56.135653 ], [ -5.749024, 56.13526 ], [ -5.748458, 56.135161 ], [ -5.749105, 56.134939 ], [ -5.749259, 56.134786 ], [ -5.748848, 56.133953 ], [ -5.747321, 56.132907 ], [ -5.747598, 56.132853 ], [ -5.74763, 56.13261 ], [ -5.747354, 56.132416 ], [ -5.747606, 56.132359 ], [ -5.747567, 56.132121 ], [ -5.747775, 56.132196 ], [ -5.747744, 56.132368 ], [ -5.747845, 56.132419 ], [ -5.748211, 56.132043 ], [ -5.747773, 56.131675 ], [ -5.747968, 56.131534 ], [ -5.747408, 56.131407 ], [ -5.747104, 56.131672 ], [ -5.746443, 56.131657 ], [ -5.746456, 56.131296 ], [ -5.746258, 56.131253 ], [ -5.746296, 56.131059 ], [ -5.746086, 56.130885 ], [ -5.746351, 56.130877 ], [ -5.746388, 56.130764 ], [ -5.746047, 56.130652 ], [ -5.745937, 56.130759 ], [ -5.745744, 56.130599 ], [ -5.745865, 56.130433 ], [ -5.745408, 56.130204 ], [ -5.745343, 56.129869 ], [ -5.745545, 56.129634 ], [ -5.746115, 56.129702 ], [ -5.746298, 56.129593 ], [ -5.746501, 56.129775 ], [ -5.746908, 56.129741 ], [ -5.747078, 56.129335 ], [ -5.746954, 56.129132 ], [ -5.74676, 56.129044 ], [ -5.746778, 56.128899 ], [ -5.747207, 56.12876 ], [ -5.747467, 56.129031 ], [ -5.747691, 56.12902 ], [ -5.747762, 56.128667 ], [ -5.748183, 56.128618 ], [ -5.747955, 56.128342 ], [ -5.748181, 56.128344 ], [ -5.748371, 56.128473 ], [ -5.748477, 56.128407 ], [ -5.748357, 56.128173 ], [ -5.748435, 56.128062 ], [ -5.748549, 56.128077 ], [ -5.74878, 56.12838 ], [ -5.749139, 56.129259 ], [ -5.749349, 56.129347 ], [ -5.74949, 56.129217 ], [ -5.749309, 56.129097 ], [ -5.749301, 56.12894 ], [ -5.750439, 56.128388 ], [ -5.750511, 56.128215 ], [ -5.751023, 56.128024 ], [ -5.75152, 56.128 ], [ -5.751468, 56.128123 ], [ -5.751583, 56.128151 ], [ -5.751461, 56.128379 ], [ -5.75203, 56.128443 ], [ -5.752144, 56.128538 ], [ -5.752578, 56.128359 ], [ -5.75305, 56.128331 ], [ -5.753486, 56.128102 ], [ -5.754001, 56.127515 ], [ -5.753779, 56.127302 ], [ -5.754159, 56.127241 ], [ -5.754087, 56.126996 ], [ -5.754306, 56.126769 ], [ -5.754422, 56.12672 ], [ -5.7546, 56.127061 ], [ -5.754713, 56.127062 ], [ -5.754881, 56.126805 ], [ -5.755308, 56.126639 ], [ -5.755233, 56.126448 ], [ -5.755441, 56.126105 ], [ -5.755558, 56.126236 ], [ -5.755796, 56.126202 ], [ -5.756203, 56.125663 ], [ -5.756105, 56.125406 ], [ -5.75525, 56.12522 ], [ -5.755161, 56.124724 ], [ -5.754828, 56.124527 ], [ -5.754737, 56.124337 ], [ -5.754105, 56.124298 ], [ -5.754033, 56.124138 ], [ -5.75429, 56.123802 ], [ -5.754721, 56.123843 ], [ -5.754977, 56.123664 ], [ -5.755541, 56.123589 ], [ -5.755657, 56.123455 ], [ -5.756307, 56.123349 ], [ -5.756204, 56.123119 ], [ -5.75586, 56.122895 ], [ -5.756191, 56.122656 ], [ -5.755967, 56.122586 ], [ -5.756402, 56.122591 ], [ -5.756622, 56.122373 ], [ -5.756474, 56.122256 ], [ -5.756733, 56.122271 ], [ -5.756822, 56.122111 ], [ -5.757102, 56.122093 ], [ -5.757509, 56.122225 ], [ -5.757506, 56.122364 ], [ -5.757284, 56.122555 ], [ -5.757339, 56.122707 ], [ -5.757549, 56.122723 ], [ -5.75769, 56.12284 ], [ -5.758004, 56.122601 ], [ -5.758263, 56.12253 ], [ -5.758219, 56.12241 ], [ -5.758357, 56.122334 ], [ -5.75824, 56.122126 ], [ -5.758389, 56.122086 ], [ -5.758765, 56.122151 ], [ -5.759175, 56.121981 ], [ -5.759605, 56.122093 ], [ -5.760222, 56.12207 ], [ -5.760415, 56.122145 ], [ -5.760733, 56.122599 ], [ -5.760297, 56.122837 ], [ -5.759447, 56.124099 ], [ -5.759617, 56.124854 ], [ -5.760498, 56.124071 ], [ -5.759927, 56.124727 ], [ -5.760139, 56.124757 ], [ -5.760864, 56.124191 ], [ -5.761317, 56.124132 ], [ -5.761366, 56.123973 ], [ -5.761911, 56.123786 ], [ -5.762282, 56.123136 ], [ -5.762355, 56.12339 ], [ -5.76272, 56.1235 ], [ -5.76293, 56.123422 ], [ -5.762941, 56.123282 ], [ -5.763519, 56.12335 ], [ -5.763715, 56.123214 ], [ -5.76365, 56.123049 ], [ -5.763403, 56.122994 ], [ -5.763742, 56.122916 ], [ -5.763693, 56.122747 ], [ -5.764486, 56.122785 ], [ -5.764836, 56.122667 ], [ -5.764883, 56.122814 ], [ -5.765454, 56.122895 ], [ -5.765586, 56.122765 ], [ -5.765549, 56.122627 ], [ -5.765822, 56.122542 ], [ -5.765759, 56.122391 ], [ -5.765997, 56.122353 ], [ -5.76606, 56.122261 ], [ -5.76662, 56.122226 ], [ -5.766898, 56.122352 ], [ -5.766889, 56.122258 ], [ -5.767192, 56.122231 ], [ -5.767657, 56.121717 ], [ -5.767923, 56.121561 ], [ -5.767979, 56.121146 ], [ -5.768404, 56.120966 ], [ -5.768981, 56.121016 ], [ -5.768888, 56.121217 ], [ -5.768953, 56.121309 ], [ -5.769115, 56.121322 ], [ -5.768744, 56.121801 ], [ -5.769064, 56.122115 ], [ -5.769466, 56.122022 ], [ -5.769664, 56.12167 ], [ -5.770586, 56.121381 ], [ -5.771251, 56.120776 ], [ -5.771044, 56.1208 ], [ -5.770807, 56.120677 ], [ -5.770747, 56.120643 ], [ -5.770915, 56.120552 ], [ -5.770775, 56.120516 ], [ -5.770453, 56.120598 ], [ -5.770331, 56.120422 ], [ -5.770218, 56.120416 ], [ -5.77005, 56.120507 ], [ -5.769888, 56.120251 ], [ -5.770177, 56.120166 ], [ -5.770291, 56.120014 ], [ -5.770262, 56.119965 ], [ -5.76994, 56.120124 ], [ -5.770029, 56.119806 ], [ -5.769824, 56.119606 ], [ -5.770189, 56.11963 ], [ -5.770429, 56.119448 ], [ -5.771033, 56.119371 ], [ -5.77146, 56.119214 ], [ -5.771683, 56.118609 ], [ -5.77167, 56.118565 ], [ -5.771407, 56.118671 ], [ -5.771381, 56.118573 ], [ -5.771717, 56.118226 ], [ -5.771626, 56.118031 ], [ -5.772816, 56.117365 ], [ -5.774079, 56.117115 ], [ -5.774391, 56.116768 ], [ -5.774488, 56.11677 ], [ -5.775457, 56.117127 ], [ -5.774937, 56.11766 ], [ -5.774897, 56.117989 ], [ -5.775446, 56.117757 ], [ -5.775443, 56.117559 ], [ -5.775642, 56.117297 ], [ -5.775914, 56.117356 ], [ -5.77659, 56.117115 ], [ -5.777014, 56.117169 ], [ -5.776652, 56.117414 ], [ -5.776725, 56.117502 ], [ -5.777007, 56.117511 ], [ -5.777533, 56.117378 ], [ -5.778021, 56.117345 ], [ -5.77825, 56.117221 ], [ -5.778759, 56.116666 ], [ -5.778916, 56.116702 ], [ -5.778637, 56.117057 ], [ -5.778948, 56.117029 ], [ -5.779458, 56.116812 ], [ -5.779724, 56.116574 ], [ -5.779538, 56.116319 ], [ -5.779043, 56.116603 ], [ -5.778993, 56.116506 ], [ -5.779073, 56.116256 ], [ -5.779855, 56.115369 ], [ -5.779849, 56.115306 ], [ -5.779394, 56.115514 ], [ -5.779815, 56.115128 ], [ -5.779815, 56.114795 ], [ -5.779998, 56.114857 ], [ -5.780207, 56.114769 ], [ -5.78046, 56.114892 ], [ -5.780665, 56.114845 ], [ -5.781056, 56.114901 ], [ -5.7812, 56.115211 ], [ -5.781655, 56.115179 ], [ -5.78178, 56.11527 ], [ -5.781889, 56.115266 ], [ -5.782279, 56.114814 ], [ -5.782299, 56.114364 ], [ -5.781998, 56.114328 ], [ -5.782171, 56.1141 ], [ -5.781933, 56.113993 ], [ -5.781551, 56.114117 ], [ -5.781472, 56.114056 ], [ -5.781767, 56.113939 ], [ -5.78184, 56.113699 ], [ -5.78142, 56.113523 ], [ -5.781103, 56.113654 ], [ -5.780908, 56.113386 ], [ -5.781109, 56.113222 ], [ -5.781036, 56.113054 ], [ -5.781626, 56.112505 ], [ -5.781358, 56.112563 ], [ -5.781551, 56.112314 ], [ -5.781504, 56.112162 ], [ -5.78184, 56.111986 ], [ -5.781871, 56.111805 ], [ -5.782386, 56.111726 ], [ -5.782391, 56.111609 ], [ -5.782668, 56.11156 ], [ -5.783264, 56.111083 ], [ -5.783013, 56.109756 ], [ -5.783452, 56.109639 ], [ -5.783619, 56.109697 ], [ -5.783871, 56.109644 ], [ -5.784176, 56.109306 ], [ -5.784333, 56.108933 ], [ -5.785014, 56.108665 ], [ -5.785219, 56.108452 ], [ -5.786064, 56.108291 ], [ -5.786789, 56.107891 ], [ -5.786883, 56.107947 ], [ -5.787647, 56.10786 ], [ -5.788665, 56.108157 ], [ -5.789674, 56.108351 ], [ -5.79044, 56.109497 ], [ -5.790458, 56.110269 ], [ -5.790685, 56.110608 ], [ -5.790524, 56.110694 ], [ -5.790557, 56.110859 ], [ -5.790737, 56.111052 ], [ -5.791299, 56.111039 ], [ -5.791568, 56.111157 ], [ -5.791716, 56.11144 ], [ -5.791513, 56.111833 ], [ -5.791274, 56.112011 ], [ -5.791355, 56.112269 ], [ -5.791544, 56.112304 ], [ -5.791598, 56.112451 ], [ -5.791999, 56.112676 ], [ -5.792215, 56.11267 ], [ -5.792476, 56.112451 ], [ -5.792524, 56.11262 ], [ -5.793467, 56.112465 ], [ -5.793351, 56.11268 ], [ -5.793511, 56.11267 ], [ -5.793589, 56.112807 ], [ -5.793798, 56.112805 ], [ -5.793931, 56.112599 ], [ -5.794074, 56.112671 ], [ -5.794011, 56.112763 ], [ -5.79424, 56.112882 ], [ -5.794894, 56.112736 ], [ -5.795232, 56.113072 ], [ -5.794995, 56.113277 ], [ -5.794995, 56.1136 ], [ -5.795574, 56.113358 ], [ -5.795699, 56.113156 ], [ -5.795953, 56.113121 ], [ -5.796182, 56.113236 ], [ -5.796565, 56.113206 ], [ -5.796453, 56.113048 ], [ -5.796622, 56.113123 ], [ -5.797112, 56.113041 ], [ -5.797063, 56.112943 ], [ -5.797493, 56.112822 ], [ -5.797635, 56.112467 ], [ -5.797785, 56.112597 ], [ -5.798181, 56.112293 ], [ -5.798357, 56.112112 ], [ -5.798291, 56.112015 ], [ -5.798727, 56.112033 ], [ -5.799232, 56.111766 ], [ -5.799033, 56.112114 ], [ -5.799384, 56.111923 ], [ -5.799399, 56.11199 ], [ -5.799687, 56.1119 ], [ -5.799603, 56.112101 ], [ -5.799754, 56.112002 ], [ -5.799983, 56.112044 ], [ -5.800122, 56.1119 ], [ -5.800481, 56.111786 ], [ -5.801345, 56.111166 ], [ -5.801327, 56.110987 ], [ -5.801173, 56.110892 ], [ -5.801466, 56.110596 ], [ -5.801883, 56.110416 ], [ -5.801859, 56.110255 ], [ -5.802038, 56.110115 ], [ -5.802444, 56.110075 ], [ -5.802887, 56.109752 ], [ -5.802822, 56.110073 ], [ -5.803016, 56.110166 ], [ -5.803184, 56.110147 ], [ -5.803515, 56.109917 ], [ -5.803492, 56.110097 ], [ -5.804228, 56.109562 ], [ -5.804276, 56.109309 ], [ -5.804719, 56.108913 ], [ -5.804566, 56.108828 ], [ -5.804731, 56.108786 ], [ -5.804745, 56.108525 ], [ -5.804536, 56.108199 ], [ -5.803908, 56.108277 ], [ -5.803735, 56.107828 ], [ -5.803508, 56.107894 ], [ -5.80346, 56.107567 ], [ -5.803284, 56.1075 ], [ -5.803344, 56.107373 ], [ -5.803708, 56.107388 ], [ -5.803856, 56.107258 ], [ -5.803821, 56.107147 ], [ -5.803476, 56.107082 ], [ -5.803381, 56.10685 ], [ -5.803958, 56.106832 ], [ -5.80416, 56.106677 ], [ -5.804149, 56.106561 ], [ -5.803964, 56.106562 ], [ -5.804049, 56.106285 ], [ -5.804243, 56.106126 ], [ -5.804007, 56.106021 ], [ -5.804189, 56.105912 ], [ -5.804171, 56.105805 ], [ -5.803892, 56.105751 ], [ -5.803753, 56.105566 ], [ -5.804107, 56.105564 ], [ -5.804241, 56.105371 ], [ -5.804569, 56.105195 ], [ -5.804291, 56.104826 ], [ -5.804, 56.104812 ], [ -5.803682, 56.104521 ], [ -5.803473, 56.104523 ], [ -5.80348, 56.104432 ], [ -5.803136, 56.10429 ], [ -5.803109, 56.103931 ], [ -5.803328, 56.10379 ], [ -5.804286, 56.103472 ], [ -5.804402, 56.103586 ], [ -5.804736, 56.103544 ], [ -5.804996, 56.103657 ], [ -5.805163, 56.103634 ], [ -5.80542, 56.103298 ], [ -5.805256, 56.103105 ], [ -5.805859, 56.102696 ], [ -5.805954, 56.10285 ], [ -5.80575, 56.103306 ], [ -5.806268, 56.103092 ], [ -5.806359, 56.103121 ], [ -5.806109, 56.103439 ], [ -5.806252, 56.103416 ], [ -5.806076, 56.103754 ], [ -5.806571, 56.10355 ], [ -5.806701, 56.103645 ], [ -5.807379, 56.103346 ], [ -5.807095, 56.103642 ], [ -5.807285, 56.103609 ], [ -5.807698, 56.103318 ], [ -5.808102, 56.103413 ], [ -5.807699, 56.103812 ], [ -5.807842, 56.103875 ], [ -5.807767, 56.104017 ], [ -5.808022, 56.10391 ], [ -5.808376, 56.103913 ], [ -5.808848, 56.103637 ], [ -5.808849, 56.103565 ], [ -5.808685, 56.103539 ], [ -5.809396, 56.102991 ], [ -5.809671, 56.103252 ], [ -5.809898, 56.103272 ], [ -5.809954, 56.103351 ], [ -5.810491, 56.103168 ], [ -5.810553, 56.102901 ], [ -5.810777, 56.102804 ], [ -5.810799, 56.103033 ], [ -5.811026, 56.103129 ], [ -5.811414, 56.103149 ], [ -5.811886, 56.102716 ], [ -5.81213, 56.102659 ], [ -5.812552, 56.10221 ], [ -5.812562, 56.102147 ], [ -5.812354, 56.102158 ], [ -5.812385, 56.101824 ], [ -5.812694, 56.101936 ], [ -5.812784, 56.101627 ], [ -5.813088, 56.101447 ], [ -5.813073, 56.101299 ], [ -5.813202, 56.101214 ], [ -5.813467, 56.101211 ], [ -5.813558, 56.101397 ], [ -5.813964, 56.101272 ], [ -5.813777, 56.101502 ], [ -5.814247, 56.101204 ], [ -5.814362, 56.101228 ], [ -5.813948, 56.1016 ], [ -5.814275, 56.101487 ], [ -5.814453, 56.10158 ], [ -5.814728, 56.101594 ], [ -5.814892, 56.101468 ], [ -5.815185, 56.101418 ], [ -5.81575, 56.101603 ], [ -5.816243, 56.101871 ], [ -5.816594, 56.101919 ], [ -5.816832, 56.101646 ], [ -5.816753, 56.100844 ], [ -5.817099, 56.101004 ], [ -5.817178, 56.100911 ], [ -5.817038, 56.100713 ], [ -5.817326, 56.100619 ], [ -5.817416, 56.100796 ], [ -5.817945, 56.100694 ], [ -5.818191, 56.100502 ], [ -5.818161, 56.100283 ], [ -5.818358, 56.100151 ], [ -5.818445, 56.10022 ], [ -5.818836, 56.100114 ], [ -5.819038, 56.099793 ], [ -5.818828, 56.099781 ], [ -5.818919, 56.099486 ], [ -5.818671, 56.099422 ], [ -5.818805, 56.099305 ], [ -5.818435, 56.098984 ], [ -5.818651, 56.098973 ], [ -5.819222, 56.099293 ], [ -5.819378, 56.099243 ], [ -5.81941, 56.099084 ], [ -5.81962, 56.098925 ], [ -5.819535, 56.098797 ], [ -5.819681, 56.098815 ], [ -5.819676, 56.098681 ], [ -5.820047, 56.098611 ], [ -5.820024, 56.098377 ], [ -5.820342, 56.09826 ], [ -5.820255, 56.098029 ], [ -5.82042, 56.097826 ], [ -5.820125, 56.097691 ], [ -5.820349, 56.09768 ], [ -5.820209, 56.097572 ], [ -5.820563, 56.097322 ], [ -5.820666, 56.097306 ], [ -5.820668, 56.097409 ], [ -5.821013, 56.097317 ], [ -5.821091, 56.097373 ], [ -5.821281, 56.097349 ], [ -5.821561, 56.097174 ], [ -5.821924, 56.097177 ], [ -5.821954, 56.096996 ], [ -5.821735, 56.097061 ], [ -5.821877, 56.096787 ], [ -5.822106, 56.096744 ], [ -5.822258, 56.096496 ], [ -5.822396, 56.096506 ], [ -5.822348, 56.096754 ], [ -5.822626, 56.096557 ], [ -5.822939, 56.096057 ], [ -5.82331, 56.095744 ], [ -5.822991, 56.095853 ], [ -5.823262, 56.095508 ], [ -5.822689, 56.095247 ], [ -5.823011, 56.095088 ], [ -5.823185, 56.095132 ], [ -5.823352, 56.095033 ], [ -5.823393, 56.094879 ], [ -5.823215, 56.094871 ], [ -5.823276, 56.094594 ], [ -5.822986, 56.094505 ], [ -5.823075, 56.094106 ], [ -5.822981, 56.094055 ], [ -5.823383, 56.093971 ], [ -5.823398, 56.093714 ], [ -5.823085, 56.093643 ], [ -5.823099, 56.093462 ], [ -5.822558, 56.093596 ], [ -5.822608, 56.093293 ], [ -5.822281, 56.093402 ], [ -5.822226, 56.093175 ], [ -5.822501, 56.092784 ], [ -5.822361, 56.092743 ], [ -5.822346, 56.092591 ], [ -5.821774, 56.092591 ], [ -5.82185, 56.092382 ], [ -5.821669, 56.092261 ], [ -5.821771, 56.091498 ], [ -5.821483, 56.091197 ], [ -5.821712, 56.091073 ], [ -5.821756, 56.090941 ], [ -5.821535, 56.090503 ], [ -5.821166, 56.090267 ], [ -5.821193, 56.090055 ], [ -5.820995, 56.090003 ], [ -5.821116, 56.089765 ], [ -5.82139, 56.089608 ], [ -5.821743, 56.089521 ], [ -5.821902, 56.08966 ], [ -5.822458, 56.089755 ], [ -5.822472, 56.08957 ], [ -5.822823, 56.089375 ], [ -5.822764, 56.089112 ], [ -5.822935, 56.089048 ], [ -5.823369, 56.089048 ], [ -5.823534, 56.08925 ], [ -5.823964, 56.089209 ], [ -5.824123, 56.089267 ], [ -5.824488, 56.089058 ], [ -5.824735, 56.089033 ], [ -5.824928, 56.089274 ], [ -5.825187, 56.08905 ], [ -5.826184, 56.08897 ], [ -5.82633, 56.089059 ], [ -5.826482, 56.088893 ], [ -5.827127, 56.08899 ], [ -5.827033, 56.089253 ], [ -5.827295, 56.089227 ], [ -5.827521, 56.08931 ], [ -5.827801, 56.089216 ], [ -5.827783, 56.089113 ], [ -5.82803, 56.089016 ], [ -5.827985, 56.088887 ], [ -5.828128, 56.088864 ], [ -5.828558, 56.089229 ], [ -5.82877, 56.089253 ], [ -5.829027, 56.089007 ], [ -5.829061, 56.089267 ], [ -5.829372, 56.089167 ], [ -5.829627, 56.088813 ], [ -5.830257, 56.088767 ], [ -5.830395, 56.08878 ], [ -5.830577, 56.088986 ], [ -5.830725, 56.088937 ], [ -5.83097, 56.088978 ], [ -5.831062, 56.089097 ], [ -5.831201, 56.089039 ], [ -5.831548, 56.089131 ], [ -5.831524, 56.089375 ], [ -5.831766, 56.089619 ], [ -5.832164, 56.089337 ], [ -5.832212, 56.089421 ], [ -5.832484, 56.089322 ], [ -5.832529, 56.089451 ], [ -5.83279, 56.089403 ], [ -5.832963, 56.089447 ], [ -5.833102, 56.089555 ], [ -5.832852, 56.089792 ], [ -5.832962, 56.090009 ], [ -5.833347, 56.089831 ], [ -5.833524, 56.089434 ], [ -5.833427, 56.089185 ], [ -5.832898, 56.088954 ], [ -5.833014, 56.088744 ], [ -5.833692, 56.088691 ], [ -5.834398, 56.089326 ], [ -5.834651, 56.089278 ], [ -5.834787, 56.08935 ], [ -5.834902, 56.089297 ], [ -5.834876, 56.089194 ], [ -5.834536, 56.089011 ], [ -5.834477, 56.08882 ], [ -5.834515, 56.08872 ], [ -5.83471, 56.088664 ], [ -5.83493, 56.088846 ], [ -5.835091, 56.088855 ], [ -5.835139, 56.089006 ], [ -5.835492, 56.08868 ], [ -5.835572, 56.088759 ], [ -5.835752, 56.088704 ], [ -5.835559, 56.089025 ], [ -5.835725, 56.089078 ], [ -5.83605, 56.088951 ], [ -5.835942, 56.089237 ], [ -5.836026, 56.08928 ], [ -5.836559, 56.089223 ], [ -5.836921, 56.088982 ], [ -5.837301, 56.088997 ], [ -5.837862, 56.088813 ], [ -5.838349, 56.088457 ], [ -5.83871, 56.087879 ], [ -5.838529, 56.087597 ], [ -5.838141, 56.087744 ], [ -5.83801, 56.087559 ], [ -5.837887, 56.086641 ], [ -5.838146, 56.086584 ], [ -5.83842, 56.086665 ], [ -5.838683, 56.086481 ], [ -5.838668, 56.086657 ], [ -5.838898, 56.086619 ], [ -5.839305, 56.086269 ], [ -5.839411, 56.086288 ], [ -5.839285, 56.086476 ], [ -5.839824, 56.086396 ], [ -5.839956, 56.086185 ], [ -5.840136, 56.08613 ], [ -5.840259, 56.085758 ], [ -5.840543, 56.085776 ], [ -5.840888, 56.085365 ], [ -5.841322, 56.085122 ], [ -5.841666, 56.085112 ], [ -5.841905, 56.084596 ], [ -5.842203, 56.084609 ], [ -5.842441, 56.084489 ], [ -5.842718, 56.084611 ], [ -5.842947, 56.084564 ], [ -5.843742, 56.084152 ], [ -5.843787, 56.084362 ], [ -5.843568, 56.084823 ], [ -5.842832, 56.085592 ], [ -5.8434, 56.085399 ], [ -5.843684, 56.085107 ], [ -5.844572, 56.084738 ], [ -5.844611, 56.084638 ], [ -5.844438, 56.084603 ], [ -5.844059, 56.08483 ], [ -5.844311, 56.084134 ], [ -5.8441, 56.083957 ], [ -5.844391, 56.083727 ], [ -5.844688, 56.083642 ], [ -5.844838, 56.083372 ], [ -5.84497, 56.083408 ], [ -5.845155, 56.083083 ], [ -5.844998, 56.083043 ], [ -5.845083, 56.082923 ], [ -5.845462, 56.082858 ], [ -5.845851, 56.082886 ], [ -5.84625, 56.083094 ], [ -5.846487, 56.08314 ], [ -5.846651, 56.08309 ], [ -5.846643, 56.083248 ], [ -5.846983, 56.083107 ], [ -5.846849, 56.083457 ], [ -5.846989, 56.083417 ], [ -5.847021, 56.083573 ], [ -5.847792, 56.082996 ], [ -5.847808, 56.083243 ], [ -5.848286, 56.083358 ], [ -5.848071, 56.083783 ], [ -5.848132, 56.083912 ], [ -5.848535, 56.083917 ], [ -5.848723, 56.083785 ], [ -5.848705, 56.083206 ], [ -5.848979, 56.08313 ], [ -5.849179, 56.083281 ], [ -5.849393, 56.083252 ], [ -5.849824, 56.082816 ], [ -5.849761, 56.082508 ], [ -5.849349, 56.082327 ], [ -5.849071, 56.082363 ], [ -5.849113, 56.082218 ], [ -5.849513, 56.081791 ], [ -5.849925, 56.081576 ], [ -5.850397, 56.081544 ], [ -5.850774, 56.081703 ], [ -5.850981, 56.081516 ], [ -5.850835, 56.081426 ], [ -5.850865, 56.081327 ], [ -5.851267, 56.080999 ], [ -5.852002, 56.081116 ], [ -5.852107, 56.08136 ], [ -5.852553, 56.081233 ], [ -5.85253, 56.081009 ], [ -5.852691, 56.081009 ], [ -5.852785, 56.080902 ], [ -5.853705, 56.081013 ], [ -5.853634, 56.081514 ], [ -5.853849, 56.08149 ], [ -5.853924, 56.081361 ], [ -5.854127, 56.081378 ], [ -5.854251, 56.081572 ], [ -5.854636, 56.081479 ], [ -5.854563, 56.081796 ], [ -5.854985, 56.081755 ], [ -5.855066, 56.081524 ], [ -5.855296, 56.081489 ], [ -5.855825, 56.080996 ], [ -5.855759, 56.080818 ], [ -5.855981, 56.080785 ], [ -5.856355, 56.080503 ], [ -5.85662, 56.080423 ], [ -5.856657, 56.080309 ], [ -5.856457, 56.08032 ], [ -5.856299, 56.080105 ], [ -5.856797, 56.07986 ], [ -5.857057, 56.08013 ], [ -5.857484, 56.079978 ], [ -5.857405, 56.079504 ], [ -5.857499, 56.079321 ], [ -5.857815, 56.079347 ], [ -5.857956, 56.079464 ], [ -5.858147, 56.079363 ], [ -5.858258, 56.079432 ], [ -5.858244, 56.079136 ], [ -5.859519, 56.078781 ], [ -5.859839, 56.078757 ], [ -5.859957, 56.078817 ], [ -5.860165, 56.078648 ], [ -5.860058, 56.078544 ], [ -5.860166, 56.078491 ], [ -5.860921, 56.078485 ], [ -5.860922, 56.078656 ], [ -5.861045, 56.078684 ], [ -5.861693, 56.078412 ], [ -5.861548, 56.078722 ], [ -5.862081, 56.078669 ], [ -5.862172, 56.078774 ], [ -5.862451, 56.078671 ], [ -5.862333, 56.078855 ], [ -5.862583, 56.078784 ], [ -5.862813, 56.078831 ], [ -5.862894, 56.07868 ], [ -5.863182, 56.078581 ], [ -5.863901, 56.077978 ], [ -5.864234, 56.077851 ], [ -5.864175, 56.077579 ], [ -5.863927, 56.077438 ], [ -5.864098, 56.077131 ], [ -5.864349, 56.076989 ], [ -5.864846, 56.076977 ], [ -5.865219, 56.077087 ], [ -5.86569, 56.076897 ], [ -5.865723, 56.077143 ], [ -5.866107, 56.07705 ], [ -5.866124, 56.077135 ], [ -5.866315, 56.077116 ], [ -5.866316, 56.077206 ], [ -5.866463, 56.077232 ], [ -5.866975, 56.076803 ], [ -5.867488, 56.076706 ], [ -5.867728, 56.07637 ], [ -5.867897, 56.076374 ], [ -5.867893, 56.076495 ], [ -5.868018, 56.076541 ], [ -5.868326, 56.076401 ], [ -5.868426, 56.076276 ], [ -5.868271, 56.076178 ], [ -5.868857, 56.075768 ], [ -5.869305, 56.07575 ], [ -5.869367, 56.075644 ], [ -5.869718, 56.075701 ], [ -5.869726, 56.075534 ], [ -5.869536, 56.075486 ], [ -5.869678, 56.075374 ], [ -5.86995, 56.075289 ], [ -5.870336, 56.07529 ], [ -5.870665, 56.075442 ], [ -5.871281, 56.075089 ], [ -5.871475, 56.075101 ], [ -5.871689, 56.074991 ], [ -5.871967, 56.074717 ], [ -5.871818, 56.074511 ], [ -5.872017, 56.074333 ], [ -5.873069, 56.074566 ], [ -5.873289, 56.074509 ], [ -5.872948, 56.074318 ], [ -5.872955, 56.074228 ], [ -5.872539, 56.074164 ], [ -5.872522, 56.074003 ], [ -5.872787, 56.073756 ], [ -5.873072, 56.07363 ], [ -5.87337, 56.07372 ], [ -5.873756, 56.073555 ], [ -5.873916, 56.073626 ], [ -5.873996, 56.073467 ], [ -5.87407, 56.073559 ], [ -5.874246, 56.073558 ], [ -5.874894, 56.073119 ], [ -5.874868, 56.073021 ], [ -5.875227, 56.072677 ], [ -5.874911, 56.072408 ], [ -5.874914, 56.072282 ], [ -5.875168, 56.072247 ], [ -5.875241, 56.07202 ], [ -5.875427, 56.071947 ], [ -5.876149, 56.071857 ], [ -5.876217, 56.071567 ], [ -5.876452, 56.071672 ], [ -5.876371, 56.071899 ], [ -5.876545, 56.072109 ], [ -5.876891, 56.07204 ], [ -5.877099, 56.071791 ], [ -5.877481, 56.071747 ], [ -5.877577, 56.071663 ], [ -5.877417, 56.071435 ], [ -5.877482, 56.071199 ], [ -5.878194, 56.070844 ], [ -5.878307, 56.071006 ], [ -5.878685, 56.070774 ], [ -5.878992, 56.070792 ], [ -5.87952, 56.070442 ], [ -5.879549, 56.070333 ], [ -5.879196, 56.070502 ], [ -5.879509, 56.070177 ], [ -5.879356, 56.070007 ], [ -5.879459, 56.069833 ], [ -5.879637, 56.069769 ], [ -5.879719, 56.069541 ], [ -5.880116, 56.069335 ], [ -5.880603, 56.069221 ], [ -5.881574, 56.069204 ], [ -5.882106, 56.069061 ], [ -5.882365, 56.069076 ], [ -5.882572, 56.069218 ], [ -5.882756, 56.069131 ], [ -5.882919, 56.069153 ], [ -5.885019, 56.067742 ], [ -5.885762, 56.067458 ], [ -5.887015, 56.067441 ], [ -5.887583, 56.067657 ], [ -5.887479, 56.067826 ], [ -5.887602, 56.06785 ], [ -5.887528, 56.068072 ], [ -5.887686, 56.068045 ], [ -5.887867, 56.06816 ], [ -5.888216, 56.068118 ], [ -5.888191, 56.068191 ], [ -5.888719, 56.067927 ], [ -5.889497, 56.067745 ], [ -5.889578, 56.067675 ], [ -5.889435, 56.067535 ], [ -5.889533, 56.067388 ], [ -5.889714, 56.06727 ], [ -5.890104, 56.067307 ], [ -5.890314, 56.067157 ], [ -5.890292, 56.067018 ], [ -5.890484, 56.067093 ], [ -5.890636, 56.067007 ], [ -5.890783, 56.067025 ], [ -5.89082, 56.067154 ], [ -5.891286, 56.067239 ], [ -5.891229, 56.067308 ], [ -5.89178, 56.067268 ], [ -5.892662, 56.066773 ], [ -5.89266, 56.066917 ], [ -5.892972, 56.066817 ], [ -5.893091, 56.066647 ], [ -5.89439, 56.066134 ], [ -5.894797, 56.065788 ], [ -5.894796, 56.065703 ], [ -5.894573, 56.065723 ], [ -5.894111, 56.065918 ], [ -5.894766, 56.065479 ], [ -5.894652, 56.065383 ], [ -5.894794, 56.065203 ], [ -5.895007, 56.065161 ], [ -5.895499, 56.064858 ], [ -5.895426, 56.06477 ], [ -5.894964, 56.064811 ], [ -5.895046, 56.064517 ], [ -5.895413, 56.064483 ], [ -5.895796, 56.064623 ], [ -5.896434, 56.064405 ], [ -5.896551, 56.064451 ], [ -5.896521, 56.064632 ], [ -5.896739, 56.064724 ], [ -5.897213, 56.064403 ], [ -5.89795, 56.064146 ], [ -5.898026, 56.064261 ], [ -5.898496, 56.064219 ], [ -5.898867, 56.064072 ], [ -5.899516, 56.063737 ], [ -5.8996, 56.063532 ], [ -5.900755, 56.06287 ], [ -5.900909, 56.062645 ], [ -5.901235, 56.062608 ], [ -5.90136, 56.062496 ], [ -5.901341, 56.062308 ], [ -5.90209, 56.062086 ], [ -5.902055, 56.061898 ], [ -5.902297, 56.061832 ], [ -5.902533, 56.061622 ], [ -5.902542, 56.061307 ], [ -5.903035, 56.061175 ], [ -5.903184, 56.061301 ], [ -5.903529, 56.061294 ], [ -5.904191, 56.060851 ], [ -5.904281, 56.060708 ], [ -5.90398, 56.060754 ], [ -5.903807, 56.060867 ], [ -5.904093, 56.060512 ], [ -5.90522, 56.059982 ], [ -5.905498, 56.059712 ], [ -5.905409, 56.05954 ], [ -5.905609, 56.059299 ], [ -5.905576, 56.059134 ], [ -5.905306, 56.059165 ], [ -5.90528, 56.059067 ], [ -5.905044, 56.059196 ], [ -5.904984, 56.059391 ], [ -5.904724, 56.059521 ], [ -5.904493, 56.059784 ], [ -5.903817, 56.060013 ], [ -5.903671, 56.059757 ], [ -5.904725, 56.058424 ], [ -5.904443, 56.058262 ], [ -5.904421, 56.058123 ], [ -5.904675, 56.058007 ], [ -5.904826, 56.058074 ], [ -5.904916, 56.058008 ], [ -5.904315, 56.057704 ], [ -5.903954, 56.057396 ], [ -5.904222, 56.057347 ], [ -5.904561, 56.05712 ], [ -5.904448, 56.057039 ], [ -5.904085, 56.057104 ], [ -5.904008, 56.056504 ], [ -5.904358, 56.055908 ], [ -5.905022, 56.055402 ], [ -5.905966, 56.054963 ], [ -5.906948, 56.054743 ], [ -5.907026, 56.054641 ], [ -5.907574, 56.054575 ], [ -5.90791, 56.05433 ], [ -5.908936, 56.054221 ], [ -5.909144, 56.054057 ], [ -5.909393, 56.054054 ], [ -5.909651, 56.053825 ], [ -5.909975, 56.053765 ], [ -5.910137, 56.053859 ], [ -5.910507, 56.053708 ], [ -5.910686, 56.053491 ], [ -5.910527, 56.053505 ], [ -5.910494, 56.053259 ], [ -5.911046, 56.052918 ], [ -5.911045, 56.052832 ], [ -5.911529, 56.052615 ], [ -5.911826, 56.052614 ], [ -5.91198, 56.052699 ], [ -5.912445, 56.052536 ], [ -5.912885, 56.052198 ], [ -5.913243, 56.052088 ], [ -5.913312, 56.051973 ], [ -5.913209, 56.051905 ], [ -5.913542, 56.051786 ], [ -5.913521, 56.051657 ], [ -5.913747, 56.051744 ], [ -5.914589, 56.05133 ], [ -5.915062, 56.05069 ], [ -5.91485, 56.05058 ], [ -5.915228, 56.050424 ], [ -5.915108, 56.050275 ], [ -5.915172, 56.050111 ], [ -5.915552, 56.049821 ], [ -5.917174, 56.049023 ], [ -5.918066, 56.048706 ], [ -5.918469, 56.04864 ], [ -5.919207, 56.04823 ], [ -5.919705, 56.04807 ], [ -5.920289, 56.048047 ], [ -5.920814, 56.048156 ], [ -5.921089, 56.048017 ], [ -5.921133, 56.04789 ], [ -5.921662, 56.04772 ], [ -5.921901, 56.04778 ], [ -5.922089, 56.047661 ], [ -5.92225, 56.047818 ], [ -5.922851, 56.04757 ], [ -5.923371, 56.04754 ], [ -5.923724, 56.047623 ], [ -5.923756, 56.047779 ], [ -5.923955, 56.047759 ], [ -5.924235, 56.047584 ], [ -5.92422, 56.04776 ], [ -5.924658, 56.047642 ], [ -5.924783, 56.04776 ], [ -5.925659, 56.04721 ], [ -5.925729, 56.047352 ], [ -5.925877, 56.047383 ], [ -5.926075, 56.047354 ], [ -5.92616, 56.047239 ], [ -5.926453, 56.047199 ], [ -5.926525, 56.047043 ], [ -5.926677, 56.047191 ], [ -5.927013, 56.047023 ], [ -5.927003, 56.04692 ], [ -5.926784, 56.046896 ], [ -5.926871, 56.046646 ], [ -5.92678, 56.046545 ], [ -5.927111, 56.046323 ], [ -5.927637, 56.046208 ], [ -5.927803, 56.046333 ], [ -5.929488, 56.045366 ], [ -5.92997, 56.045211 ], [ -5.930668, 56.045198 ], [ -5.930875, 56.044944 ], [ -5.931364, 56.044699 ], [ -5.931642, 56.044349 ], [ -5.932173, 56.043972 ], [ -5.933512, 56.043624 ], [ -5.933803, 56.043803 ], [ -5.935096, 56.042854 ], [ -5.936285, 56.042303 ], [ -5.936637, 56.042287 ], [ -5.937221, 56.042035 ], [ -5.938522, 56.041791 ], [ -5.939007, 56.04151 ], [ -5.939927, 56.041233 ], [ -5.940313, 56.040767 ], [ -5.941252, 56.040283 ], [ -5.942611, 56.039764 ], [ -5.943559, 56.038968 ], [ -5.944879, 56.038283 ], [ -5.945604, 56.038147 ], [ -5.946397, 56.038207 ], [ -5.946598, 56.038291 ], [ -5.946784, 56.038536 ], [ -5.947065, 56.038613 ], [ -5.946991, 56.038831 ], [ -5.947088, 56.038841 ], [ -5.94775, 56.038559 ], [ -5.947329, 56.03829 ], [ -5.947591, 56.038021 ], [ -5.948218, 56.038108 ], [ -5.948218, 56.037951 ], [ -5.94837, 56.03787 ], [ -5.949175, 56.037808 ], [ -5.95004, 56.037546 ], [ -5.950445, 56.037183 ], [ -5.950381, 56.036879 ], [ -5.951157, 56.03653 ], [ -5.951406, 56.036217 ], [ -5.952992, 56.03555 ], [ -5.953519, 56.035519 ], [ -5.95389, 56.035377 ], [ -5.954191, 56.035098 ], [ -5.954113, 56.034965 ], [ -5.95427, 56.034699 ], [ -5.954752, 56.034464 ], [ -5.955453, 56.034333 ], [ -5.955445, 56.034172 ], [ -5.955275, 56.034078 ], [ -5.955565, 56.033853 ], [ -5.955528, 56.033494 ], [ -5.955764, 56.033527 ], [ -5.955832, 56.033633 ], [ -5.956044, 56.033595 ], [ -5.956455, 56.033051 ], [ -5.956091, 56.033027 ], [ -5.955763, 56.032808 ], [ -5.955781, 56.032511 ], [ -5.955995, 56.032175 ], [ -5.956429, 56.03186 ], [ -5.957243, 56.031735 ], [ -5.95737, 56.031794 ], [ -5.957616, 56.031692 ], [ -5.957605, 56.031427 ], [ -5.958251, 56.030439 ], [ -5.95873, 56.030258 ], [ -5.959748, 56.030243 ], [ -5.959909, 56.030085 ], [ -5.95983, 56.029863 ], [ -5.960194, 56.029657 ], [ -5.960995, 56.029794 ], [ -5.961186, 56.029702 ], [ -5.961816, 56.029268 ], [ -5.961825, 56.029115 ], [ -5.961652, 56.028999 ], [ -5.962037, 56.029072 ], [ -5.962344, 56.028927 ], [ -5.962462, 56.028591 ], [ -5.962601, 56.028618 ], [ -5.962627, 56.028711 ], [ -5.962795, 56.028634 ], [ -5.963185, 56.028203 ], [ -5.963968, 56.027616 ], [ -5.964024, 56.027381 ], [ -5.96422, 56.027257 ], [ -5.964109, 56.027113 ], [ -5.963988, 56.027112 ], [ -5.964147, 56.026788 ], [ -5.963891, 56.026796 ], [ -5.963813, 56.026654 ], [ -5.963575, 56.026685 ], [ -5.963351, 56.026615 ], [ -5.963327, 56.026463 ], [ -5.96358, 56.026266 ], [ -5.963318, 56.02614 ], [ -5.96335, 56.025905 ], [ -5.963114, 56.026025 ], [ -5.963085, 56.025819 ], [ -5.962952, 56.025783 ], [ -5.962861, 56.025592 ], [ -5.963192, 56.025227 ], [ -5.963382, 56.024492 ], [ -5.964034, 56.023887 ], [ -5.964153, 56.023554 ], [ -5.964293, 56.023586 ], [ -5.964463, 56.02345 ], [ -5.964508, 56.023255 ], [ -5.964291, 56.023258 ], [ -5.964499, 56.023017 ], [ -5.96416, 56.023154 ], [ -5.963883, 56.022646 ], [ -5.964613, 56.020918 ], [ -5.964868, 56.020744 ], [ -5.965491, 56.020715 ], [ -5.965772, 56.020553 ], [ -5.966001, 56.020132 ], [ -5.965936, 56.019882 ], [ -5.966063, 56.019716 ], [ -5.965585, 56.020069 ], [ -5.965407, 56.019818 ], [ -5.966194, 56.019195 ], [ -5.966273, 56.019021 ], [ -5.965976, 56.019179 ], [ -5.965976, 56.019022 ], [ -5.965874, 56.019048 ], [ -5.965522, 56.019297 ], [ -5.964944, 56.019141 ], [ -5.964554, 56.018937 ], [ -5.964082, 56.018247 ], [ -5.963873, 56.017696 ], [ -5.963802, 56.016925 ], [ -5.964289, 56.016509 ], [ -5.964536, 56.016415 ], [ -5.964584, 56.016252 ], [ -5.964751, 56.016161 ], [ -5.964495, 56.015859 ], [ -5.964668, 56.01535 ], [ -5.964979, 56.015097 ], [ -5.9654, 56.014976 ], [ -5.966047, 56.015022 ], [ -5.966262, 56.014854 ], [ -5.966602, 56.014798 ], [ -5.967086, 56.014827 ], [ -5.96726, 56.014952 ], [ -5.968202, 56.014512 ], [ -5.968784, 56.014476 ], [ -5.969023, 56.014693 ], [ -5.969678, 56.014429 ], [ -5.969799, 56.014591 ], [ -5.970197, 56.014399 ], [ -5.970372, 56.014537 ], [ -5.970525, 56.014469 ], [ -5.970721, 56.014494 ], [ -5.971501, 56.014046 ], [ -5.971629, 56.014042 ], [ -5.971466, 56.01425 ], [ -5.971651, 56.014257 ], [ -5.972018, 56.013845 ], [ -5.972396, 56.013775 ], [ -5.972559, 56.013868 ], [ -5.972967, 56.013626 ], [ -5.973508, 56.0135 ], [ -5.974063, 56.013118 ], [ -5.974049, 56.013375 ], [ -5.974549, 56.013323 ], [ -5.974584, 56.013034 ], [ -5.974898, 56.01297 ], [ -5.975391, 56.012689 ], [ -5.97629, 56.011756 ], [ -5.976046, 56.011647 ], [ -5.97575, 56.011656 ], [ -5.975741, 56.011567 ], [ -5.976172, 56.01131 ], [ -5.976099, 56.011142 ], [ -5.976428, 56.011063 ], [ -5.976767, 56.010616 ], [ -5.976655, 56.010544 ], [ -5.97655, 56.010686 ], [ -5.976165, 56.010771 ], [ -5.976156, 56.009822 ], [ -5.976443, 56.00957 ], [ -5.97714, 56.007924 ], [ -5.977453, 56.007537 ], [ -5.977931, 56.007341 ], [ -5.978242, 56.007403 ], [ -5.978463, 56.007207 ], [ -5.978525, 56.007421 ], [ -5.978728, 56.007208 ], [ -5.978701, 56.007029 ], [ -5.979039, 56.007031 ], [ -5.979346, 56.006662 ], [ -5.979614, 56.006693 ], [ -5.979871, 56.006537 ], [ -5.979676, 56.00675 ], [ -5.979877, 56.006757 ], [ -5.980471, 56.006293 ], [ -5.980563, 56.006321 ], [ -5.980506, 56.006476 ], [ -5.980715, 56.006474 ], [ -5.98112, 56.006047 ], [ -5.981169, 56.006288 ], [ -5.981487, 56.006026 ], [ -5.982062, 56.005917 ], [ -5.98229, 56.005946 ], [ -5.982896, 56.005598 ], [ -5.983324, 56.004928 ], [ -5.983299, 56.004762 ], [ -5.984272, 56.004232 ], [ -5.984272, 56.004079 ], [ -5.984821, 56.003877 ], [ -5.984683, 56.00371 ], [ -5.984734, 56.003497 ], [ -5.985183, 56.003343 ], [ -5.985316, 56.003155 ], [ -5.985356, 56.003311 ], [ -5.98566, 56.003225 ], [ -5.985727, 56.003087 ], [ -5.985558, 56.003088 ], [ -5.98556, 56.00303 ], [ -5.985791, 56.002861 ], [ -5.986109, 56.002823 ], [ -5.986484, 56.002496 ], [ -5.986342, 56.002362 ], [ -5.986625, 56.00215 ], [ -5.986946, 56.001533 ], [ -5.987584, 56.001256 ], [ -5.987871, 56.001395 ], [ -5.98802, 56.001363 ], [ -5.988025, 56.001174 ], [ -5.988187, 56.00111 ], [ -5.988353, 56.001163 ], [ -5.988477, 56.001357 ], [ -5.988847, 56.00144 ], [ -5.988779, 56.001177 ], [ -5.989039, 56.001209 ], [ -5.989218, 56.000843 ], [ -5.989336, 56.000821 ], [ -5.989385, 56.000671 ], [ -5.989521, 56.000662 ], [ -5.989202, 56.000448 ], [ -5.989579, 55.999986 ], [ -5.989747, 55.999976 ], [ -5.98989, 56.000124 ], [ -5.990464, 55.999926 ], [ -5.991227, 55.999083 ], [ -5.991386, 55.998758 ], [ -5.991522, 55.99875 ], [ -5.991525, 55.998862 ], [ -5.991825, 55.998812 ], [ -5.991973, 55.998694 ], [ -5.992153, 55.998486 ], [ -5.992153, 55.998261 ], [ -5.991715, 55.998208 ], [ -5.991803, 55.998052 ], [ -5.992036, 55.997906 ], [ -5.992261, 55.997979 ], [ -5.992457, 55.997941 ], [ -5.992982, 55.997578 ], [ -5.99279, 55.997436 ], [ -5.992233, 55.997324 ], [ -5.992241, 55.997094 ], [ -5.992523, 55.996482 ], [ -5.992844, 55.996476 ], [ -5.993047, 55.996034 ], [ -5.99303, 55.995949 ], [ -5.99262, 55.996021 ], [ -5.992567, 55.995973 ], [ -5.993125, 55.995784 ], [ -5.992438, 55.995815 ], [ -5.992332, 55.995639 ], [ -5.993057, 55.995588 ], [ -5.993011, 55.995374 ], [ -5.993339, 55.994977 ], [ -5.993207, 55.994864 ], [ -5.993409, 55.994727 ], [ -5.993305, 55.994649 ], [ -5.993508, 55.994593 ], [ -5.993552, 55.994399 ], [ -5.993818, 55.994417 ], [ -5.993922, 55.994333 ], [ -5.993762, 55.994109 ], [ -5.99384, 55.993692 ], [ -5.99426, 55.993485 ], [ -5.994554, 55.993615 ], [ -5.994649, 55.993369 ], [ -5.994939, 55.993301 ], [ -5.994995, 55.993147 ], [ -5.995308, 55.993227 ], [ -5.995505, 55.993193 ], [ -5.995677, 55.9933 ], [ -5.99585, 55.993084 ], [ -5.995868, 55.992669 ], [ -5.996313, 55.993014 ], [ -5.996247, 55.992607 ], [ -5.996445, 55.992425 ], [ -5.996964, 55.992247 ], [ -5.997106, 55.9923 ], [ -5.997191, 55.992581 ], [ -5.997278, 55.992569 ], [ -5.997445, 55.992402 ], [ -5.997379, 55.992152 ], [ -5.997774, 55.99209 ], [ -5.997934, 55.991936 ], [ -5.99843, 55.991844 ], [ -5.998686, 55.991291 ], [ -5.998518, 55.991373 ], [ -5.998447, 55.991308 ], [ -5.998462, 55.990907 ], [ -5.998863, 55.990679 ], [ -5.999051, 55.991023 ], [ -5.999137, 55.990921 ], [ -5.999245, 55.99041 ], [ -5.999068, 55.990487 ], [ -5.999272, 55.990211 ], [ -5.999072, 55.990056 ], [ -5.999264, 55.989978 ], [ -5.999505, 55.989588 ], [ -5.999327, 55.989499 ], [ -5.999099, 55.989623 ], [ -5.999621, 55.988851 ], [ -5.999837, 55.989006 ], [ -5.999962, 55.988817 ], [ -6.000261, 55.988682 ], [ -6.000373, 55.988831 ], [ -6.000675, 55.98896 ], [ -6.00161, 55.98831 ], [ -6.001522, 55.987921 ], [ -6.001929, 55.987355 ], [ -6.002038, 55.987014 ], [ -6.001984, 55.986957 ], [ -6.001787, 55.987067 ], [ -6.001706, 55.986908 ], [ -6.001316, 55.986705 ], [ -6.001364, 55.986622 ], [ -6.001579, 55.986692 ], [ -6.001862, 55.986557 ], [ -6.001553, 55.986279 ], [ -6.001736, 55.986345 ], [ -6.002364, 55.986059 ], [ -6.002798, 55.985605 ], [ -6.002705, 55.985558 ], [ -6.002434, 55.985729 ], [ -6.002527, 55.985465 ], [ -6.002086, 55.98601 ], [ -6.002099, 55.985591 ], [ -6.001835, 55.985676 ], [ -6.001696, 55.985645 ], [ -6.001473, 55.985427 ], [ -6.001258, 55.985367 ], [ -6.001262, 55.985169 ], [ -6.001535, 55.984791 ], [ -6.001813, 55.98476 ], [ -6.001892, 55.984676 ], [ -6.002085, 55.984674 ], [ -6.00228, 55.984781 ], [ -6.002356, 55.984657 ], [ -6.002192, 55.984244 ], [ -6.001836, 55.984291 ], [ -6.001917, 55.983754 ], [ -6.001745, 55.983791 ], [ -6.001466, 55.984119 ], [ -6.001346, 55.983966 ], [ -6.0015, 55.983754 ], [ -6.001432, 55.983635 ], [ -6.000985, 55.983658 ], [ -6.001302, 55.983311 ], [ -6.001147, 55.983127 ], [ -6.000777, 55.983435 ], [ -6.000625, 55.983431 ], [ -6.000487, 55.983261 ], [ -6.000257, 55.983291 ], [ -6.000392, 55.983048 ], [ -6.000266, 55.982984 ], [ -5.999879, 55.983352 ], [ -5.999824, 55.983287 ], [ -6.00007, 55.982955 ], [ -5.999384, 55.982991 ], [ -5.998719, 55.982612 ], [ -5.99792, 55.982643 ], [ -5.99788, 55.982563 ], [ -5.998498, 55.981873 ], [ -5.998764, 55.981801 ], [ -5.998924, 55.981643 ], [ -5.998941, 55.981499 ], [ -5.998788, 55.981567 ], [ -5.998711, 55.981524 ], [ -5.998973, 55.98134 ], [ -5.998952, 55.981143 ], [ -5.999146, 55.980955 ], [ -5.999157, 55.980777 ], [ -5.999239, 55.980753 ], [ -5.999396, 55.980948 ], [ -5.99958, 55.980894 ], [ -5.999629, 55.980578 ], [ -5.999545, 55.980436 ], [ -5.999394, 55.98045 ], [ -5.999656, 55.980194 ], [ -5.99999, 55.980084 ], [ -6.000037, 55.979691 ], [ -6.000204, 55.979592 ], [ -6.000396, 55.979594 ], [ -6.000293, 55.97953 ], [ -6.00036, 55.979479 ], [ -6.000669, 55.979599 ], [ -6.000762, 55.979488 ], [ -6.000674, 55.97941 ], [ -6.000871, 55.979453 ], [ -6.001262, 55.979049 ], [ -6.001391, 55.979211 ], [ -6.001529, 55.979144 ], [ -6.001567, 55.978972 ], [ -6.001882, 55.979074 ], [ -6.002273, 55.978899 ], [ -6.00233, 55.978754 ], [ -6.002224, 55.978658 ], [ -6.001942, 55.97864 ], [ -6.002032, 55.978426 ], [ -6.001708, 55.978162 ], [ -6.001974, 55.978181 ], [ -6.002009, 55.977815 ], [ -6.002821, 55.977834 ], [ -6.003031, 55.977757 ], [ -6.003072, 55.977623 ], [ -6.002801, 55.977646 ], [ -6.002948, 55.977511 ], [ -6.002841, 55.977253 ], [ -6.003061, 55.977215 ], [ -6.002755, 55.976964 ], [ -6.002983, 55.977001 ], [ -6.002432, 55.976794 ], [ -6.002605, 55.976757 ], [ -6.003119, 55.97692 ], [ -6.002967, 55.976772 ], [ -6.003166, 55.976753 ], [ -6.003108, 55.976503 ], [ -6.003452, 55.976649 ], [ -6.003921, 55.976458 ], [ -6.00412, 55.976213 ], [ -6.00407, 55.976116 ], [ -6.004362, 55.976066 ], [ -6.004408, 55.975966 ], [ -6.004345, 55.975824 ], [ -6.004018, 55.975614 ], [ -6.004363, 55.975688 ], [ -6.004851, 55.975677 ], [ -6.004902, 55.975473 ], [ -6.004777, 55.975432 ], [ -6.004801, 55.97535 ], [ -6.005052, 55.97514 ], [ -6.005401, 55.974566 ], [ -6.005914, 55.974563 ], [ -6.006007, 55.974376 ], [ -6.006622, 55.974585 ], [ -6.006062, 55.974284 ], [ -6.006279, 55.97398 ], [ -6.006116, 55.973262 ], [ -6.006407, 55.973126 ], [ -6.006382, 55.973037 ], [ -6.006265, 55.972992 ], [ -6.005967, 55.973055 ], [ -6.005852, 55.972803 ], [ -6.005676, 55.972799 ], [ -6.005393, 55.973011 ], [ -6.004839, 55.973784 ], [ -6.003785, 55.973436 ], [ -6.00401, 55.973596 ], [ -6.003462, 55.974108 ], [ -6.003162, 55.974082 ], [ -6.00308, 55.973985 ], [ -6.002707, 55.97402 ], [ -6.002545, 55.973621 ], [ -6.002173, 55.973903 ], [ -6.001942, 55.973834 ], [ -6.001808, 55.974018 ], [ -6.00164, 55.974019 ], [ -6.001573, 55.973909 ], [ -6.001413, 55.974152 ], [ -6.00128, 55.974026 ], [ -6.001384, 55.973479 ], [ -6.001226, 55.973425 ], [ -6.00107, 55.973471 ], [ -6.001062, 55.973156 ], [ -6.000853, 55.973078 ], [ -6.000503, 55.973255 ], [ -6.000578, 55.973829 ], [ -6.000301, 55.973865 ], [ -6.000071, 55.974277 ], [ -5.999941, 55.974263 ], [ -5.99986, 55.974099 ], [ -5.999656, 55.974214 ], [ -5.999442, 55.97378 ], [ -5.998319, 55.973767 ], [ -5.998291, 55.97397 ], [ -5.997933, 55.974225 ], [ -5.997993, 55.97434 ], [ -5.998592, 55.974392 ], [ -5.999023, 55.974531 ], [ -5.999174, 55.974675 ], [ -5.999385, 55.974699 ], [ -5.999376, 55.974843 ], [ -5.999193, 55.974939 ], [ -5.998632, 55.975016 ], [ -5.997739, 55.975531 ], [ -5.997432, 55.975585 ], [ -5.996167, 55.975761 ], [ -5.994415, 55.975728 ], [ -5.992512, 55.975161 ], [ -5.992453, 55.974905 ], [ -5.992835, 55.974323 ], [ -5.992564, 55.97457 ], [ -5.992252, 55.97458 ], [ -5.992413, 55.974044 ], [ -5.992184, 55.974231 ], [ -5.991892, 55.9742 ], [ -5.991474, 55.974659 ], [ -5.990592, 55.974499 ], [ -5.989994, 55.974217 ], [ -5.98997, 55.974141 ], [ -5.99031, 55.973942 ], [ -5.990006, 55.973794 ], [ -5.989375, 55.973738 ], [ -5.989317, 55.973641 ], [ -5.98946, 55.973398 ], [ -5.989413, 55.973332 ], [ -5.989131, 55.973314 ], [ -5.989034, 55.973156 ], [ -5.989072, 55.972983 ], [ -5.989545, 55.972667 ], [ -5.989541, 55.972546 ], [ -5.989373, 55.972556 ], [ -5.989329, 55.972674 ], [ -5.989038, 55.972809 ], [ -5.988979, 55.972622 ], [ -5.988511, 55.972592 ], [ -5.988611, 55.972315 ], [ -5.988335, 55.972283 ], [ -5.988226, 55.972166 ], [ -5.988334, 55.971888 ], [ -5.988163, 55.971943 ], [ -5.988109, 55.971801 ], [ -5.987635, 55.971483 ], [ -5.987406, 55.971522 ], [ -5.986995, 55.971423 ], [ -5.986898, 55.971489 ], [ -5.986026, 55.971194 ], [ -5.985734, 55.971239 ], [ -5.985057, 55.971131 ], [ -5.984668, 55.970783 ], [ -5.984263, 55.970891 ], [ -5.983648, 55.970686 ], [ -5.983445, 55.970814 ], [ -5.983111, 55.970838 ], [ -5.983029, 55.97098 ], [ -5.982851, 55.970968 ], [ -5.98217, 55.9705 ], [ -5.981035, 55.970146 ], [ -5.980161, 55.969994 ], [ -5.97944, 55.970148 ], [ -5.979027, 55.970584 ], [ -5.978281, 55.970887 ], [ -5.977063, 55.971052 ], [ -5.976549, 55.971275 ], [ -5.976137, 55.971248 ], [ -5.974113, 55.970823 ], [ -5.97343, 55.970814 ], [ -5.972702, 55.970509 ], [ -5.97264, 55.969904 ], [ -5.972206, 55.9699 ], [ -5.971842, 55.969557 ], [ -5.971793, 55.968924 ], [ -5.972049, 55.968606 ], [ -5.972131, 55.968149 ], [ -5.971915, 55.968161 ], [ -5.971657, 55.967985 ], [ -5.971357, 55.968264 ], [ -5.971383, 55.967814 ], [ -5.971187, 55.968094 ], [ -5.971034, 55.968086 ], [ -5.97097, 55.967777 ], [ -5.971111, 55.967584 ], [ -5.970891, 55.967474 ], [ -5.970968, 55.967135 ], [ -5.971014, 55.967034 ], [ -5.971358, 55.967099 ], [ -5.970932, 55.966933 ], [ -5.97111, 55.966793 ], [ -5.97114, 55.966387 ], [ -5.971021, 55.9664 ], [ -5.970627, 55.966853 ], [ -5.970666, 55.966218 ], [ -5.970415, 55.966114 ], [ -5.969984, 55.966294 ], [ -5.969707, 55.966325 ], [ -5.96962, 55.966265 ], [ -5.969717, 55.96588 ], [ -5.969614, 55.965811 ], [ -5.969082, 55.965936 ], [ -5.968957, 55.966282 ], [ -5.968657, 55.966332 ], [ -5.968273, 55.966255 ], [ -5.968276, 55.965971 ], [ -5.968637, 55.965434 ], [ -5.968168, 55.965233 ], [ -5.96821, 55.965097 ], [ -5.96791, 55.965066 ], [ -5.967816, 55.96493 ], [ -5.967684, 55.964974 ], [ -5.967685, 55.964821 ], [ -5.967536, 55.964777 ], [ -5.96733, 55.964806 ], [ -5.967271, 55.964929 ], [ -5.967158, 55.964919 ], [ -5.967105, 55.964719 ], [ -5.965923, 55.964923 ], [ -5.965578, 55.965465 ], [ -5.965406, 55.965511 ], [ -5.965349, 55.965814 ], [ -5.965484, 55.965953 ], [ -5.965334, 55.966138 ], [ -5.964842, 55.966415 ], [ -5.963538, 55.966758 ], [ -5.962685, 55.967671 ], [ -5.962255, 55.967775 ], [ -5.961409, 55.968198 ], [ -5.961019, 55.968309 ], [ -5.960299, 55.968328 ], [ -5.958933, 55.968134 ], [ -5.958213, 55.967766 ], [ -5.95605, 55.967071 ], [ -5.954608, 55.966061 ], [ -5.953948, 55.965803 ], [ -5.953386, 55.965709 ], [ -5.953222, 55.965597 ], [ -5.952256, 55.96548 ], [ -5.951746, 55.965037 ], [ -5.951102, 55.964932 ], [ -5.951007, 55.96463 ], [ -5.950674, 55.964506 ], [ -5.950653, 55.964227 ], [ -5.950321, 55.963959 ], [ -5.950182, 55.963541 ], [ -5.949956, 55.963287 ], [ -5.950508, 55.962339 ], [ -5.950341, 55.962187 ], [ -5.950072, 55.962146 ], [ -5.94973, 55.962251 ], [ -5.949626, 55.962646 ], [ -5.949261, 55.96308 ], [ -5.948872, 55.963192 ], [ -5.948446, 55.963107 ], [ -5.948259, 55.963157 ], [ -5.94797, 55.963464 ], [ -5.947604, 55.963498 ], [ -5.946413, 55.963374 ], [ -5.945109, 55.962921 ], [ -5.944521, 55.9629 ], [ -5.942371, 55.963036 ], [ -5.940977, 55.962653 ], [ -5.940602, 55.962355 ], [ -5.940237, 55.962232 ], [ -5.940175, 55.961937 ], [ -5.93933, 55.962374 ], [ -5.938681, 55.962223 ], [ -5.938615, 55.962127 ], [ -5.938731, 55.961925 ], [ -5.939041, 55.961668 ], [ -5.939086, 55.961792 ], [ -5.939495, 55.96164 ], [ -5.940227, 55.961504 ], [ -5.940517, 55.961517 ], [ -5.940785, 55.96132 ], [ -5.940921, 55.960843 ], [ -5.94041, 55.960383 ], [ -5.940199, 55.960444 ], [ -5.940078, 55.960591 ], [ -5.939783, 55.960605 ], [ -5.939349, 55.960835 ], [ -5.938739, 55.960747 ], [ -5.938443, 55.960828 ], [ -5.93804, 55.961282 ], [ -5.938145, 55.961449 ], [ -5.937678, 55.961824 ], [ -5.937707, 55.961944 ], [ -5.937323, 55.96211 ], [ -5.93675, 55.963023 ], [ -5.93578, 55.963022 ], [ -5.934919, 55.962357 ], [ -5.934541, 55.962342 ], [ -5.934162, 55.96248 ], [ -5.933737, 55.962476 ], [ -5.933293, 55.962764 ], [ -5.93293, 55.963374 ], [ -5.932339, 55.963784 ], [ -5.931652, 55.963896 ], [ -5.9307, 55.964304 ], [ -5.930312, 55.964272 ], [ -5.929801, 55.963825 ], [ -5.929072, 55.964531 ], [ -5.928775, 55.964294 ], [ -5.928512, 55.964387 ], [ -5.929339, 55.963696 ], [ -5.929504, 55.96334 ], [ -5.92922, 55.96276 ], [ -5.929169, 55.96233 ], [ -5.929946, 55.961298 ], [ -5.930029, 55.961088 ], [ -5.929932, 55.960929 ], [ -5.929772, 55.960926 ], [ -5.929623, 55.961043 ], [ -5.92913, 55.96171 ], [ -5.92904, 55.962325 ], [ -5.928854, 55.962466 ], [ -5.928711, 55.962479 ], [ -5.928294, 55.962164 ], [ -5.92867, 55.961361 ], [ -5.928613, 55.961196 ], [ -5.928407, 55.961297 ], [ -5.928048, 55.961952 ], [ -5.927374, 55.962733 ], [ -5.927154, 55.962851 ], [ -5.926777, 55.962851 ], [ -5.926253, 55.962589 ], [ -5.92603, 55.962601 ], [ -5.925906, 55.962483 ], [ -5.925691, 55.962495 ], [ -5.925406, 55.962373 ], [ -5.925071, 55.962469 ], [ -5.924613, 55.9623 ], [ -5.923682, 55.963395 ], [ -5.923608, 55.963856 ], [ -5.9238, 55.964169 ], [ -5.923692, 55.96437 ], [ -5.923626, 55.964274 ], [ -5.923443, 55.96436 ], [ -5.922916, 55.96533 ], [ -5.923173, 55.96565 ], [ -5.92285, 55.96571 ], [ -5.922436, 55.966375 ], [ -5.922431, 55.966636 ], [ -5.923005, 55.966532 ], [ -5.923012, 55.966753 ], [ -5.922487, 55.967349 ], [ -5.922323, 55.967395 ], [ -5.922073, 55.967295 ], [ -5.921948, 55.967407 ], [ -5.92097, 55.969394 ], [ -5.919708, 55.96983 ], [ -5.919485, 55.970003 ], [ -5.918866, 55.969987 ], [ -5.918377, 55.970461 ], [ -5.917852, 55.970581 ], [ -5.917604, 55.970909 ], [ -5.917879, 55.971089 ], [ -5.917717, 55.971467 ], [ -5.917777, 55.971591 ], [ -5.918297, 55.971494 ], [ -5.918514, 55.971347 ], [ -5.918702, 55.971377 ], [ -5.918719, 55.971624 ], [ -5.918521, 55.971967 ], [ -5.917714, 55.972465 ], [ -5.917657, 55.97271 ], [ -5.917332, 55.972657 ], [ -5.916921, 55.973273 ], [ -5.916545, 55.9736 ], [ -5.915599, 55.973917 ], [ -5.915002, 55.974035 ], [ -5.914273, 55.974517 ], [ -5.91384, 55.974603 ], [ -5.913012, 55.974418 ], [ -5.912827, 55.974172 ], [ -5.912868, 55.973712 ], [ -5.912216, 55.973288 ], [ -5.912166, 55.972948 ], [ -5.911596, 55.972862 ], [ -5.911383, 55.972581 ], [ -5.91111, 55.972581 ], [ -5.90993, 55.973513 ], [ -5.909637, 55.974031 ], [ -5.908176, 55.975597 ], [ -5.907692, 55.975648 ], [ -5.907064, 55.976019 ], [ -5.906987, 55.9759 ], [ -5.907209, 55.975717 ], [ -5.907879, 55.974563 ], [ -5.908635, 55.974107 ], [ -5.908183, 55.974005 ], [ -5.907458, 55.973574 ], [ -5.907117, 55.973535 ], [ -5.906978, 55.973427 ], [ -5.906379, 55.973284 ], [ -5.905924, 55.973312 ], [ -5.905594, 55.973534 ], [ -5.905281, 55.97353 ], [ -5.905127, 55.973751 ], [ -5.904672, 55.974013 ], [ -5.904697, 55.974178 ], [ -5.904446, 55.974474 ], [ -5.904112, 55.974498 ], [ -5.903833, 55.974754 ], [ -5.903865, 55.974839 ], [ -5.903574, 55.974969 ], [ -5.902853, 55.975855 ], [ -5.902812, 55.976001 ], [ -5.902947, 55.976154 ], [ -5.902747, 55.976551 ], [ -5.902374, 55.976667 ], [ -5.901673, 55.976716 ], [ -5.901173, 55.976691 ], [ -5.900889, 55.976493 ], [ -5.89956, 55.976203 ], [ -5.89911, 55.975709 ], [ -5.898211, 55.975306 ], [ -5.897578, 55.974836 ], [ -5.896584, 55.974359 ], [ -5.896024, 55.97421 ], [ -5.89591, 55.974268 ], [ -5.895502, 55.974204 ], [ -5.89518, 55.974273 ], [ -5.893633, 55.975707 ], [ -5.893503, 55.976165 ], [ -5.89366, 55.976614 ], [ -5.894146, 55.976743 ], [ -5.89505, 55.9772 ], [ -5.895226, 55.977513 ], [ -5.895592, 55.977646 ], [ -5.895902, 55.977618 ], [ -5.896559, 55.977134 ], [ -5.896813, 55.977103 ], [ -5.89701, 55.977556 ], [ -5.89729, 55.977781 ], [ -5.897318, 55.977978 ], [ -5.896981, 55.978375 ], [ -5.89701, 55.978743 ], [ -5.896872, 55.978972 ], [ -5.895215, 55.980432 ], [ -5.894613, 55.981301 ], [ -5.893561, 55.982404 ], [ -5.893486, 55.982299 ], [ -5.89275, 55.982236 ], [ -5.892712, 55.982022 ], [ -5.892315, 55.981818 ], [ -5.891606, 55.981863 ], [ -5.890823, 55.982059 ], [ -5.89057, 55.982009 ], [ -5.890121, 55.981609 ], [ -5.890221, 55.981251 ], [ -5.89012, 55.981047 ], [ -5.889429, 55.980795 ], [ -5.88927, 55.980642 ], [ -5.889411, 55.98053 ], [ -5.890108, 55.980369 ], [ -5.891189, 55.979071 ], [ -5.891766, 55.97899 ], [ -5.891852, 55.978812 ], [ -5.892328, 55.97868 ], [ -5.892559, 55.978502 ], [ -5.893011, 55.978051 ], [ -5.893223, 55.977608 ], [ -5.893344, 55.977222 ], [ -5.893137, 55.976914 ], [ -5.893004, 55.976873 ], [ -5.892423, 55.977152 ], [ -5.892651, 55.976862 ], [ -5.892528, 55.976762 ], [ -5.892156, 55.977044 ], [ -5.891317, 55.977156 ], [ -5.889991, 55.978245 ], [ -5.889751, 55.978249 ], [ -5.889514, 55.978045 ], [ -5.888893, 55.978496 ], [ -5.888558, 55.978907 ], [ -5.887796, 55.978985 ], [ -5.887593, 55.979117 ], [ -5.887192, 55.979764 ], [ -5.88684, 55.980004 ], [ -5.886712, 55.980332 ], [ -5.886415, 55.980485 ], [ -5.885863, 55.980417 ], [ -5.885314, 55.980547 ], [ -5.885155, 55.980395 ], [ -5.885135, 55.980035 ], [ -5.885531, 55.979429 ], [ -5.88555, 55.978745 ], [ -5.885821, 55.978247 ], [ -5.886317, 55.97775 ], [ -5.886505, 55.976831 ], [ -5.886714, 55.976753 ], [ -5.887087, 55.976242 ], [ -5.887713, 55.976087 ], [ -5.888221, 55.975716 ], [ -5.888576, 55.975255 ], [ -5.88854, 55.975139 ], [ -5.888345, 55.975114 ], [ -5.888453, 55.974675 ], [ -5.887977, 55.974798 ], [ -5.887056, 55.975375 ], [ -5.886992, 55.975292 ], [ -5.887184, 55.975205 ], [ -5.887356, 55.97493 ], [ -5.887266, 55.974753 ], [ -5.886596, 55.975026 ], [ -5.885986, 55.97558 ], [ -5.885762, 55.975582 ], [ -5.88497, 55.975284 ], [ -5.884396, 55.975549 ], [ -5.884117, 55.975567 ], [ -5.88369, 55.975387 ], [ -5.883229, 55.974867 ], [ -5.883412, 55.974537 ], [ -5.883361, 55.974431 ], [ -5.885403, 55.973364 ], [ -5.887005, 55.972787 ], [ -5.887576, 55.972724 ], [ -5.887862, 55.972782 ], [ -5.888287, 55.972535 ], [ -5.888576, 55.972174 ], [ -5.88925, 55.97044 ], [ -5.892996, 55.967181 ], [ -5.893786, 55.965521 ], [ -5.895386, 55.965509 ], [ -5.895677, 55.965584 ], [ -5.896454, 55.965182 ], [ -5.897135, 55.965417 ], [ -5.897519, 55.965409 ], [ -5.897972, 55.965291 ], [ -5.898525, 55.96481 ], [ -5.89866, 55.964478 ], [ -5.898515, 55.963997 ], [ -5.898942, 55.963615 ], [ -5.900215, 55.963206 ], [ -5.901779, 55.962338 ], [ -5.902384, 55.962454 ], [ -5.903264, 55.962039 ], [ -5.905361, 55.960498 ], [ -5.906321, 55.959923 ], [ -5.906624, 55.959824 ], [ -5.907345, 55.959828 ], [ -5.907527, 55.959957 ], [ -5.907295, 55.960122 ], [ -5.907742, 55.960346 ], [ -5.908559, 55.960571 ], [ -5.909672, 55.960487 ], [ -5.910437, 55.960278 ], [ -5.911973, 55.959537 ], [ -5.912872, 55.959234 ], [ -5.913827, 55.958691 ], [ -5.914127, 55.957931 ], [ -5.91441, 55.9578 ], [ -5.914858, 55.957786 ], [ -5.915036, 55.95765 ], [ -5.915264, 55.956968 ], [ -5.914685, 55.956708 ], [ -5.915, 55.956334 ], [ -5.915515, 55.956439 ], [ -5.915915, 55.95643 ], [ -5.91675, 55.956129 ], [ -5.917696, 55.955973 ], [ -5.918267, 55.955996 ], [ -5.919178, 55.956677 ], [ -5.919909, 55.95669 ], [ -5.920198, 55.956856 ], [ -5.920069, 55.957404 ], [ -5.919354, 55.958573 ], [ -5.919738, 55.958889 ], [ -5.920089, 55.959022 ], [ -5.920684, 55.958967 ], [ -5.92156, 55.958751 ], [ -5.922655, 55.958329 ], [ -5.923074, 55.958428 ], [ -5.923162, 55.958583 ], [ -5.923392, 55.958638 ], [ -5.923194, 55.958901 ], [ -5.923556, 55.958993 ], [ -5.923386, 55.959448 ], [ -5.923453, 55.959639 ], [ -5.924088, 55.959812 ], [ -5.924698, 55.959667 ], [ -5.925594, 55.959094 ], [ -5.9256, 55.959305 ], [ -5.925699, 55.959338 ], [ -5.926109, 55.958799 ], [ -5.926472, 55.958661 ], [ -5.926662, 55.958718 ], [ -5.926737, 55.9589 ], [ -5.926382, 55.959271 ], [ -5.927136, 55.95944 ], [ -5.926955, 55.959788 ], [ -5.927061, 55.959803 ], [ -5.92795, 55.959558 ], [ -5.928533, 55.959225 ], [ -5.928759, 55.95924 ], [ -5.928943, 55.959396 ], [ -5.92939, 55.959373 ], [ -5.929914, 55.959244 ], [ -5.929925, 55.959437 ], [ -5.930113, 55.959471 ], [ -5.930643, 55.959248 ], [ -5.931586, 55.958664 ], [ -5.932317, 55.958048 ], [ -5.932749, 55.958115 ], [ -5.933275, 55.958723 ], [ -5.933813, 55.958575 ], [ -5.934701, 55.957998 ], [ -5.935085, 55.957446 ], [ -5.935217, 55.956849 ], [ -5.936087, 55.956025 ], [ -5.936633, 55.95572 ], [ -5.937945, 55.955219 ], [ -5.938872, 55.955199 ], [ -5.939622, 55.954774 ], [ -5.939809, 55.954795 ], [ -5.939874, 55.954726 ], [ -5.939972, 55.954741 ], [ -5.939932, 55.954818 ], [ -5.940427, 55.954879 ], [ -5.941783, 55.954737 ], [ -5.942387, 55.954929 ], [ -5.942834, 55.954914 ], [ -5.943106, 55.954982 ], [ -5.943541, 55.954694 ], [ -5.944512, 55.954388 ], [ -5.944894, 55.954439 ], [ -5.945457, 55.954385 ], [ -5.945615, 55.954515 ], [ -5.946201, 55.954366 ], [ -5.947537, 55.954341 ], [ -5.948387, 55.954502 ], [ -5.948307, 55.95482 ], [ -5.948633, 55.955268 ], [ -5.949748, 55.955039 ], [ -5.950215, 55.955026 ], [ -5.951073, 55.955149 ], [ -5.951221, 55.955342 ], [ -5.952024, 55.955357 ], [ -5.954336, 55.956101 ], [ -5.955876, 55.95611 ], [ -5.956465, 55.956302 ], [ -5.956538, 55.956394 ], [ -5.956894, 55.95619 ], [ -5.957199, 55.956198 ], [ -5.957675, 55.956066 ], [ -5.958204, 55.956066 ], [ -5.958667, 55.956124 ], [ -5.958696, 55.95641 ], [ -5.959196, 55.956367 ], [ -5.959543, 55.956149 ], [ -5.960433, 55.955918 ], [ -5.960944, 55.955587 ], [ -5.96115, 55.955639 ], [ -5.961153, 55.95536 ], [ -5.961543, 55.955334 ], [ -5.961388, 55.955231 ], [ -5.96136, 55.955034 ], [ -5.960973, 55.954934 ], [ -5.961393, 55.954413 ], [ -5.963058, 55.953374 ], [ -5.964412, 55.952827 ], [ -5.965056, 55.952932 ], [ -5.965262, 55.952903 ], [ -5.966173, 55.952649 ], [ -5.966478, 55.952342 ], [ -5.967228, 55.95199 ], [ -5.967403, 55.951984 ], [ -5.967675, 55.952209 ], [ -5.968846, 55.951672 ], [ -5.969478, 55.95158 ], [ -5.969757, 55.951643 ], [ -5.969853, 55.951487 ], [ -5.971488, 55.951178 ], [ -5.972137, 55.95118 ], [ -5.972756, 55.951429 ], [ -5.973476, 55.951415 ], [ -5.973816, 55.951134 ], [ -5.973593, 55.951079 ], [ -5.973684, 55.951026 ], [ -5.973882, 55.951083 ], [ -5.974254, 55.950796 ], [ -5.975001, 55.950422 ], [ -5.976434, 55.949944 ], [ -5.979141, 55.949303 ], [ -5.980065, 55.949323 ], [ -5.981516, 55.949568 ], [ -5.982024, 55.949749 ], [ -5.982926, 55.950264 ], [ -5.983709, 55.950324 ], [ -5.984729, 55.951038 ], [ -5.984843, 55.951295 ], [ -5.985013, 55.951388 ], [ -5.985014, 55.951631 ], [ -5.98556, 55.951798 ], [ -5.985577, 55.951963 ], [ -5.98587, 55.952008 ], [ -5.986383, 55.951928 ], [ -5.986735, 55.951769 ], [ -5.986869, 55.951827 ], [ -5.987138, 55.951787 ], [ -5.987757, 55.951497 ], [ -5.98785, 55.95162 ], [ -5.988019, 55.951628 ], [ -5.988218, 55.951613 ], [ -5.988389, 55.95149 ], [ -5.988581, 55.95156 ], [ -5.989007, 55.951493 ], [ -5.989411, 55.951061 ], [ -5.990049, 55.950798 ], [ -5.990578, 55.950722 ], [ -5.99092, 55.950545 ], [ -5.991555, 55.950407 ], [ -5.992871, 55.950261 ], [ -5.993101, 55.950317 ], [ -5.993256, 55.950195 ], [ -5.993656, 55.950101 ], [ -5.994629, 55.949984 ], [ -5.995718, 55.949971 ], [ -5.996146, 55.950087 ], [ -5.996289, 55.949993 ], [ -5.996872, 55.950055 ], [ -5.997451, 55.950225 ], [ -5.997954, 55.9506 ], [ -5.998087, 55.951189 ], [ -5.998708, 55.951695 ], [ -5.998611, 55.951914 ], [ -5.998894, 55.951941 ], [ -5.998838, 55.952248 ], [ -5.999196, 55.952299 ], [ -5.999063, 55.952488 ], [ -5.999325, 55.952695 ], [ -5.999138, 55.95298 ], [ -5.999537, 55.953048 ], [ -5.999774, 55.952933 ], [ -6.000097, 55.952958 ], [ -6.00033, 55.952807 ], [ -6.00046, 55.953054 ], [ -6.0009, 55.952815 ], [ -6.001027, 55.952897 ], [ -6.001191, 55.952689 ], [ -6.001009, 55.952479 ], [ -6.001265, 55.95247 ], [ -6.00157, 55.95224 ], [ -6.001868, 55.952258 ], [ -6.002087, 55.952435 ], [ -6.002425, 55.95214 ], [ -6.002639, 55.952354 ], [ -6.002848, 55.952203 ], [ -6.003275, 55.952072 ], [ -6.003349, 55.951931 ], [ -6.003632, 55.952034 ], [ -6.00382, 55.951686 ], [ -6.003507, 55.951597 ], [ -6.003907, 55.951598 ], [ -6.004221, 55.951066 ], [ -6.00448, 55.951084 ], [ -6.005705, 55.950455 ], [ -6.005845, 55.950419 ], [ -6.006189, 55.950494 ], [ -6.006134, 55.950806 ], [ -6.006235, 55.950937 ], [ -6.006548, 55.950924 ], [ -6.006909, 55.950789 ], [ -6.00665, 55.950452 ], [ -6.006718, 55.950337 ], [ -6.007306, 55.950439 ], [ -6.007311, 55.950178 ], [ -6.007645, 55.950073 ], [ -6.0091, 55.948955 ], [ -6.009447, 55.94898 ], [ -6.009963, 55.948707 ], [ -6.01073, 55.94799 ], [ -6.011313, 55.947962 ], [ -6.01142, 55.947841 ], [ -6.012337, 55.94787 ], [ -6.012403, 55.947971 ], [ -6.01287, 55.947915 ], [ -6.012878, 55.947991 ], [ -6.013022, 55.947987 ], [ -6.013113, 55.948321 ], [ -6.013007, 55.94877 ], [ -6.013122, 55.948878 ], [ -6.013569, 55.948859 ], [ -6.013918, 55.948286 ], [ -6.014405, 55.947955 ], [ -6.015031, 55.947341 ], [ -6.016757, 55.946529 ], [ -6.017555, 55.946418 ], [ -6.017734, 55.946448 ], [ -6.017988, 55.946651 ], [ -6.018568, 55.946295 ], [ -6.018823, 55.946359 ], [ -6.018957, 55.94626 ], [ -6.019093, 55.946332 ], [ -6.019525, 55.94625 ], [ -6.019668, 55.946313 ], [ -6.020538, 55.946284 ], [ -6.020919, 55.946402 ], [ -6.021008, 55.94657 ], [ -6.021433, 55.946642 ], [ -6.021553, 55.947029 ], [ -6.021678, 55.947003 ], [ -6.021763, 55.947121 ], [ -6.022101, 55.947218 ], [ -6.022135, 55.947388 ], [ -6.022334, 55.94722 ], [ -6.022424, 55.947253 ], [ -6.0223, 55.947513 ], [ -6.022454, 55.947755 ], [ -6.022521, 55.947402 ], [ -6.022847, 55.947297 ], [ -6.023446, 55.947435 ], [ -6.023879, 55.947749 ], [ -6.02366, 55.947567 ], [ -6.023856, 55.947525 ], [ -6.024014, 55.947344 ], [ -6.024328, 55.947361 ], [ -6.024536, 55.947184 ], [ -6.024567, 55.947353 ], [ -6.024714, 55.947375 ], [ -6.02475, 55.9471 ], [ -6.024859, 55.947069 ], [ -6.025754, 55.947126 ], [ -6.026112, 55.947258 ], [ -6.026186, 55.947116 ], [ -6.02656, 55.946942 ], [ -6.02676, 55.946935 ], [ -6.026849, 55.947022 ], [ -6.027036, 55.946971 ], [ -6.027498, 55.946637 ], [ -6.027324, 55.94635 ], [ -6.027353, 55.946169 ], [ -6.027852, 55.945955 ], [ -6.028076, 55.946186 ], [ -6.028099, 55.945871 ], [ -6.028239, 55.945745 ], [ -6.028391, 55.945749 ], [ -6.02849, 55.945543 ], [ -6.028792, 55.94552 ], [ -6.028997, 55.944798 ], [ -6.029424, 55.944433 ], [ -6.029984, 55.944271 ], [ -6.030204, 55.943837 ], [ -6.030941, 55.943457 ], [ -6.031127, 55.943474 ], [ -6.031252, 55.943213 ], [ -6.032352, 55.94262 ], [ -6.032559, 55.94237 ], [ -6.033075, 55.942326 ], [ -6.033355, 55.942011 ], [ -6.034079, 55.941736 ], [ -6.034587, 55.941683 ], [ -6.034962, 55.941518 ], [ -6.03629, 55.941349 ], [ -6.037452, 55.941346 ], [ -6.037768, 55.941615 ], [ -6.037707, 55.941414 ], [ -6.037812, 55.941344 ], [ -6.038257, 55.941235 ], [ -6.038357, 55.94111 ], [ -6.038725, 55.941188 ], [ -6.038564, 55.941027 ], [ -6.038773, 55.940876 ], [ -6.0389, 55.940863 ], [ -6.038998, 55.940958 ], [ -6.039204, 55.940709 ], [ -6.039293, 55.940796 ], [ -6.040238, 55.940324 ], [ -6.04109, 55.940121 ], [ -6.04195, 55.940147 ], [ -6.041996, 55.940442 ], [ -6.042121, 55.940483 ], [ -6.042128, 55.940244 ], [ -6.042295, 55.940158 ], [ -6.0423, 55.940513 ], [ -6.042746, 55.940637 ], [ -6.042637, 55.940281 ], [ -6.042854, 55.940364 ], [ -6.042889, 55.940318 ], [ -6.042507, 55.940006 ], [ -6.042629, 55.93998 ], [ -6.042584, 55.939856 ], [ -6.043216, 55.939925 ], [ -6.043041, 55.939553 ], [ -6.043071, 55.9393 ], [ -6.043973, 55.938344 ], [ -6.045092, 55.93686 ], [ -6.045673, 55.936364 ], [ -6.045902, 55.936415 ], [ -6.045962, 55.936368 ], [ -6.045826, 55.936224 ], [ -6.045888, 55.936123 ], [ -6.046835, 55.935296 ], [ -6.050445, 55.933127 ], [ -6.050761, 55.933233 ], [ -6.050942, 55.9332 ], [ -6.050562, 55.933019 ], [ -6.053369, 55.930598 ], [ -6.053769, 55.930058 ], [ -6.054651, 55.929225 ], [ -6.054787, 55.929144 ], [ -6.05507, 55.92917 ], [ -6.054693, 55.928935 ], [ -6.055297, 55.928434 ], [ -6.055064, 55.928271 ], [ -6.055165, 55.928088 ], [ -6.055591, 55.927795 ], [ -6.055577, 55.927665 ], [ -6.055759, 55.92756 ], [ -6.056191, 55.926948 ], [ -6.056625, 55.926812 ], [ -6.056915, 55.926443 ], [ -6.056764, 55.926304 ], [ -6.05718, 55.925993 ], [ -6.057488, 55.925947 ], [ -6.057691, 55.925747 ], [ -6.057806, 55.925847 ], [ -6.05798, 55.925828 ], [ -6.058178, 55.925425 ], [ -6.058488, 55.92533 ], [ -6.058635, 55.925356 ], [ -6.059075, 55.924735 ], [ -6.059325, 55.924749 ], [ -6.059524, 55.924509 ], [ -6.059704, 55.924476 ], [ -6.060212, 55.92458 ], [ -6.059996, 55.924273 ], [ -6.060452, 55.923965 ], [ -6.060627, 55.924108 ], [ -6.060755, 55.924104 ], [ -6.060845, 55.923899 ], [ -6.060679, 55.923918 ], [ -6.060598, 55.92383 ], [ -6.060811, 55.923724 ], [ -6.06099, 55.923372 ], [ -6.06161, 55.92332 ], [ -6.061765, 55.923122 ], [ -6.061842, 55.923402 ], [ -6.061913, 55.923157 ], [ -6.062057, 55.923157 ], [ -6.062294, 55.922897 ], [ -6.062473, 55.923076 ], [ -6.062568, 55.922915 ], [ -6.06271, 55.922893 ], [ -6.062695, 55.922745 ], [ -6.062936, 55.922755 ], [ -6.062942, 55.92297 ], [ -6.063264, 55.922605 ], [ -6.063807, 55.922353 ], [ -6.063876, 55.922553 ], [ -6.064071, 55.922277 ], [ -6.06384, 55.922289 ], [ -6.063746, 55.922152 ], [ -6.064059, 55.921854 ], [ -6.063902, 55.921891 ], [ -6.063765, 55.921806 ], [ -6.063723, 55.921479 ], [ -6.06391, 55.921045 ], [ -6.064312, 55.920758 ], [ -6.064585, 55.92069 ], [ -6.065524, 55.920941 ], [ -6.065193, 55.920756 ], [ -6.065147, 55.92055 ], [ -6.064845, 55.920416 ], [ -6.06476, 55.920221 ], [ -6.065094, 55.91981 ], [ -6.064906, 55.919623 ], [ -6.064764, 55.919106 ], [ -6.0648, 55.918538 ], [ -6.064952, 55.918461 ], [ -6.065027, 55.918257 ], [ -6.064907, 55.918184 ], [ -6.064965, 55.917894 ], [ -6.065082, 55.917792 ], [ -6.065498, 55.917706 ], [ -6.065565, 55.917587 ], [ -6.065334, 55.917522 ], [ -6.065584, 55.91693 ], [ -6.065421, 55.916746 ], [ -6.06545, 55.916484 ], [ -6.06598, 55.916125 ], [ -6.066311, 55.91615 ], [ -6.066366, 55.915905 ], [ -6.066557, 55.915746 ], [ -6.066388, 55.915581 ], [ -6.066646, 55.915527 ], [ -6.066831, 55.915229 ], [ -6.06721, 55.915095 ], [ -6.067684, 55.91534 ], [ -6.067318, 55.914979 ], [ -6.067484, 55.914807 ], [ -6.067648, 55.914775 ], [ -6.067616, 55.914691 ], [ -6.068312, 55.914461 ], [ -6.068723, 55.91464 ], [ -6.068423, 55.914295 ], [ -6.068799, 55.914143 ], [ -6.069351, 55.914291 ], [ -6.068878, 55.913979 ], [ -6.069007, 55.913831 ], [ -6.069345, 55.913703 ], [ -6.069659, 55.913944 ], [ -6.069819, 55.913939 ], [ -6.069369, 55.913549 ], [ -6.069477, 55.913505 ], [ -6.06985, 55.913555 ], [ -6.069385, 55.913238 ], [ -6.06962, 55.912965 ], [ -6.069632, 55.912767 ], [ -6.069567, 55.912607 ], [ -6.069216, 55.912394 ], [ -6.069087, 55.912083 ], [ -6.06932, 55.912165 ], [ -6.069534, 55.91214 ], [ -6.069962, 55.911874 ], [ -6.070187, 55.911579 ], [ -6.07094, 55.911118 ], [ -6.071115, 55.911108 ], [ -6.07196, 55.910311 ], [ -6.07221, 55.910181 ], [ -6.07241, 55.910256 ], [ -6.072574, 55.90998 ], [ -6.07244, 55.909778 ], [ -6.072743, 55.909768 ], [ -6.072453, 55.909292 ], [ -6.072868, 55.908977 ], [ -6.072989, 55.908977 ], [ -6.073174, 55.909147 ], [ -6.073262, 55.908761 ], [ -6.072967, 55.908618 ], [ -6.073044, 55.908512 ], [ -6.073294, 55.908459 ], [ -6.073406, 55.908298 ], [ -6.073364, 55.907904 ], [ -6.073673, 55.907947 ], [ -6.073526, 55.907844 ], [ -6.073625, 55.907715 ], [ -6.073459, 55.907509 ], [ -6.073837, 55.907447 ], [ -6.074463, 55.90762 ], [ -6.074319, 55.907314 ], [ -6.074026, 55.907113 ], [ -6.073664, 55.907026 ], [ -6.073542, 55.906472 ], [ -6.073637, 55.905853 ], [ -6.073884, 55.905764 ], [ -6.074246, 55.905932 ], [ -6.074547, 55.90545 ], [ -6.0743, 55.905382 ], [ -6.074298, 55.905287 ], [ -6.075282, 55.904818 ], [ -6.076714, 55.904357 ], [ -6.077057, 55.90458 ], [ -6.077024, 55.90441 ], [ -6.077135, 55.90433 ], [ -6.077407, 55.904397 ], [ -6.077293, 55.904294 ], [ -6.07739, 55.904236 ], [ -6.077893, 55.904453 ], [ -6.077396, 55.903844 ], [ -6.077707, 55.903596 ], [ -6.078235, 55.903749 ], [ -6.077773, 55.903468 ], [ -6.078073, 55.903278 ], [ -6.07864, 55.903416 ], [ -6.078276, 55.903226 ], [ -6.078332, 55.903152 ], [ -6.078489, 55.90312 ], [ -6.078848, 55.903261 ], [ -6.078564, 55.902996 ], [ -6.078655, 55.902872 ], [ -6.078526, 55.902714 ], [ -6.078657, 55.902508 ], [ -6.078373, 55.902472 ], [ -6.078704, 55.902177 ], [ -6.069085, 55.885782 ], [ -6.063605, 55.86417 ], [ -6.055713, 55.821134 ], [ -6.040358, 55.818223 ], [ -6.00129, 55.824453 ], [ -5.996067, 55.829573 ], [ -5.958975, 55.855847 ], [ -5.940981, 55.882027 ], [ -5.918019, 55.896694 ], [ -5.897492, 55.915236 ], [ -5.867662, 55.936979 ], [ -5.862341, 55.94777 ], [ -5.851408, 55.961811 ], [ -5.855018, 55.977557 ], [ -5.854648, 55.977896 ], [ -5.854205, 55.978112 ], [ -5.852938, 55.978035 ], [ -5.852637, 55.978314 ], [ -5.852332, 55.978396 ], [ -5.852078, 55.97866 ], [ -5.851391, 55.978762 ], [ -5.850383, 55.978551 ], [ -5.849404, 55.978546 ], [ -5.84916, 55.978427 ], [ -5.849149, 55.978154 ], [ -5.848767, 55.978188 ], [ -5.847908, 55.978903 ], [ -5.847924, 55.979064 ], [ -5.848173, 55.979308 ], [ -5.848734, 55.979309 ], [ -5.848866, 55.979502 ], [ -5.849574, 55.979525 ], [ -5.849959, 55.979693 ], [ -5.850957, 55.979243 ], [ -5.852047, 55.979155 ], [ -5.852782, 55.979285 ], [ -5.853249, 55.979707 ], [ -5.852896, 55.980109 ], [ -5.853025, 55.980195 ], [ -5.853442, 55.9802 ], [ -5.8535, 55.980297 ], [ -5.853121, 55.980678 ], [ -5.852095, 55.981249 ], [ -5.85184, 55.981905 ], [ -5.852164, 55.981944 ], [ -5.85219, 55.982204 ], [ -5.852306, 55.982241 ], [ -5.852703, 55.981873 ], [ -5.853071, 55.981947 ], [ -5.85282, 55.982328 ], [ -5.852602, 55.98247 ], [ -5.852794, 55.982626 ], [ -5.853517, 55.982401 ], [ -5.854098, 55.981789 ], [ -5.854515, 55.981632 ], [ -5.854668, 55.981713 ], [ -5.854608, 55.982564 ], [ -5.854183, 55.983531 ], [ -5.854538, 55.983798 ], [ -5.854523, 55.984285 ], [ -5.854986, 55.98427 ], [ -5.855049, 55.984402 ], [ -5.854381, 55.984954 ], [ -5.853321, 55.984862 ], [ -5.852828, 55.984981 ], [ -5.852566, 55.985169 ], [ -5.852249, 55.986019 ], [ -5.852472, 55.986165 ], [ -5.853077, 55.986196 ], [ -5.853182, 55.98653 ], [ -5.85292, 55.986799 ], [ -5.851817, 55.987314 ], [ -5.85157, 55.987574 ], [ -5.851447, 55.987955 ], [ -5.85146, 55.988247 ], [ -5.851596, 55.988405 ], [ -5.852184, 55.988341 ], [ -5.852319, 55.988571 ], [ -5.852621, 55.988705 ], [ -5.852595, 55.988931 ], [ -5.852808, 55.989297 ], [ -5.853004, 55.989327 ], [ -5.853316, 55.989241 ], [ -5.8537, 55.989391 ], [ -5.85386, 55.990033 ], [ -5.854121, 55.990151 ], [ -5.854093, 55.989716 ], [ -5.854303, 55.989651 ], [ -5.854649, 55.989982 ], [ -5.854935, 55.990036 ], [ -5.854812, 55.990332 ], [ -5.85494, 55.990312 ], [ -5.821823, 56.028212 ], [ -5.779602, 56.06073 ], [ -5.776342, 56.077556 ], [ -5.73831, 56.099463 ], [ -5.713067, 56.10978 ], [ -5.712422, 56.115542 ], [ -5.709692, 56.12438 ], [ -5.69593, 56.127188 ], [ -5.691659, 56.123933 ], [ -5.691462, 56.12394 ], [ -5.691138, 56.12413 ], [ -5.69101, 56.124057 ], [ -5.690552, 56.124147 ], [ -5.689024, 56.124071 ], [ -5.688497, 56.124123 ], [ -5.688294, 56.124269 ], [ -5.688147, 56.125253 ], [ -5.687905, 56.125166 ], [ -5.687767, 56.125485 ], [ -5.687817, 56.125924 ], [ -5.687982, 56.126135 ], [ -5.687655, 56.128181 ], [ -5.687392, 56.1288 ], [ -5.68743, 56.129195 ], [ -5.687976, 56.129682 ], [ -5.688449, 56.129753 ], [ -5.688952, 56.129702 ], [ -5.689305, 56.12953 ], [ -5.689859, 56.129509 ], [ -5.690381, 56.129331 ], [ -5.691638, 56.129087 ], [ -5.691908, 56.129308 ], [ -5.692071, 56.13 ], [ -5.692219, 56.130023 ], [ -5.692073, 56.130522 ], [ -5.691793, 56.130872 ], [ -5.691833, 56.131118 ], [ -5.692004, 56.13114 ], [ -5.692023, 56.131346 ], [ -5.692253, 56.131559 ], [ -5.692312, 56.132259 ], [ -5.6925, 56.132788 ], [ -5.692756, 56.133109 ], [ -5.692868, 56.133685 ], [ -5.692806, 56.134636 ], [ -5.692679, 56.134649 ], [ -5.691898, 56.13625 ], [ -5.692046, 56.136866 ], [ -5.692395, 56.136981 ], [ -5.692522, 56.137512 ], [ -5.692692, 56.137642 ], [ -5.692905, 56.137676 ], [ -5.69316, 56.138073 ], [ -5.693572, 56.138084 ], [ -5.69402, 56.138228 ], [ -5.693893, 56.138825 ], [ -5.694179, 56.13896 ], [ -5.694309, 56.139469 ], [ -5.69465, 56.139755 ], [ -5.695191, 56.140769 ], [ -5.695995, 56.141599 ], [ -5.696653, 56.142496 ], [ -5.696567, 56.142611 ], [ -5.69675, 56.143006 ], [ -5.696685, 56.143169 ], [ -5.696961, 56.143606 ], [ -5.697614, 56.144279 ], [ -5.698186, 56.144626 ], [ -5.698644, 56.144774 ], [ -5.699035, 56.14474 ], [ -5.6992, 56.14487 ], [ -5.699421, 56.144814 ], [ -5.699559, 56.144918 ], [ -5.699749, 56.14488 ], [ -5.700076, 56.145019 ], [ -5.700394, 56.145805 ], [ -5.701122, 56.146264 ], [ -5.701247, 56.146472 ], [ -5.702495, 56.14714 ], [ -5.702569, 56.147318 ], [ -5.703131, 56.147715 ], [ -5.703064, 56.147923 ], [ -5.70337, 56.148254 ], [ -5.70356, 56.148322 ], [ -5.703978, 56.148319 ], [ -5.703921, 56.148478 ], [ -5.704131, 56.148651 ], [ -5.704715, 56.148782 ], [ -5.705828, 56.148884 ], [ -5.706331, 56.148833 ], [ -5.706977, 56.14893 ], [ -5.70723, 56.149048 ], [ -5.707468, 56.149019 ], [ -5.707529, 56.149143 ], [ -5.707938, 56.149211 ], [ -5.709114, 56.149711 ], [ -5.709787, 56.149677 ] ] ], [ [ [ -5.690099, 56.200822 ], [ -5.690465, 56.200852 ], [ -5.690619, 56.200775 ], [ -5.690916, 56.200515 ], [ -5.690956, 56.200253 ], [ -5.691038, 56.200354 ], [ -5.691006, 56.200018 ], [ -5.690831, 56.199964 ], [ -5.690592, 56.199998 ], [ -5.690774, 56.199458 ], [ -5.691181, 56.199244 ], [ -5.691083, 56.199067 ], [ -5.691257, 56.19903 ], [ -5.69124, 56.198851 ], [ -5.691446, 56.198979 ], [ -5.691463, 56.198822 ], [ -5.691655, 56.198807 ], [ -5.691784, 56.198385 ], [ -5.692029, 56.198333 ], [ -5.69206, 56.198237 ], [ -5.692333, 56.19831 ], [ -5.692403, 56.198196 ], [ -5.692516, 56.198201 ], [ -5.692723, 56.197503 ], [ -5.693028, 56.197399 ], [ -5.693129, 56.197198 ], [ -5.693384, 56.197159 ], [ -5.693514, 56.19734 ], [ -5.693654, 56.197367 ], [ -5.693922, 56.197224 ], [ -5.694138, 56.196871 ], [ -5.694807, 56.196784 ], [ -5.694805, 56.197175 ], [ -5.694973, 56.197166 ], [ -5.69528, 56.196918 ], [ -5.695473, 56.197169 ], [ -5.696035, 56.197305 ], [ -5.696124, 56.19714 ], [ -5.696258, 56.19719 ], [ -5.696556, 56.196943 ], [ -5.697046, 56.196924 ], [ -5.697536, 56.196729 ], [ -5.69781, 56.196312 ], [ -5.698319, 56.196243 ], [ -5.698471, 56.196476 ], [ -5.698935, 56.196516 ], [ -5.699107, 56.19688 ], [ -5.699297, 56.196762 ], [ -5.699417, 56.19692 ], [ -5.699808, 56.196796 ], [ -5.699846, 56.196682 ], [ -5.700702, 56.196531 ], [ -5.700733, 56.196773 ], [ -5.700961, 56.196874 ], [ -5.701386, 56.196771 ], [ -5.701611, 56.196841 ], [ -5.701814, 56.196691 ], [ -5.701888, 56.196873 ], [ -5.702056, 56.196778 ], [ -5.702163, 56.196878 ], [ -5.702816, 56.196548 ], [ -5.702803, 56.196414 ], [ -5.702564, 56.196268 ], [ -5.702575, 56.196133 ], [ -5.702812, 56.196256 ], [ -5.703042, 56.196214 ], [ -5.703086, 56.195996 ], [ -5.70292, 56.195786 ], [ -5.70311, 56.195829 ], [ -5.703153, 56.195779 ], [ -5.703022, 56.195585 ], [ -5.70323, 56.195574 ], [ -5.703367, 56.19548 ], [ -5.703538, 56.194998 ], [ -5.703913, 56.19496 ], [ -5.70416, 56.195258 ], [ -5.704638, 56.195199 ], [ -5.704922, 56.195051 ], [ -5.704966, 56.194843 ], [ -5.70486, 56.194743 ], [ -5.705093, 56.19465 ], [ -5.705636, 56.194598 ], [ -5.706177, 56.194276 ], [ -5.706529, 56.19449 ], [ -5.70674, 56.194507 ], [ -5.70713, 56.19445 ], [ -5.707201, 56.194272 ], [ -5.707585, 56.194405 ], [ -5.707957, 56.194421 ], [ -5.709173, 56.194319 ], [ -5.710076, 56.19415 ], [ -5.710304, 56.194004 ], [ -5.710415, 56.19365 ], [ -5.710206, 56.193162 ], [ -5.710862, 56.192935 ], [ -5.712595, 56.193094 ], [ -5.71361, 56.193005 ], [ -5.714185, 56.193114 ], [ -5.714664, 56.193064 ], [ -5.714949, 56.192925 ], [ -5.715685, 56.193028 ], [ -5.716194, 56.192959 ], [ -5.716472, 56.192834 ], [ -5.716569, 56.192921 ], [ -5.716854, 56.192944 ], [ -5.717263, 56.192761 ], [ -5.717962, 56.192731 ], [ -5.71874, 56.192442 ], [ -5.719075, 56.192072 ], [ -5.720014, 56.192021 ], [ -5.720691, 56.19152 ], [ -5.721238, 56.191423 ], [ -5.721624, 56.191249 ], [ -5.722554, 56.19119 ], [ -5.723348, 56.19081 ], [ -5.7241, 56.190833 ], [ -5.725444, 56.190725 ], [ -5.725715, 56.190618 ], [ -5.726019, 56.190339 ], [ -5.726423, 56.190349 ], [ -5.727323, 56.190156 ], [ -5.729161, 56.189156 ], [ -5.729414, 56.188847 ], [ -5.729675, 56.188713 ], [ -5.729665, 56.188577 ], [ -5.73035, 56.188028 ], [ -5.730555, 56.187976 ], [ -5.730556, 56.188322 ], [ -5.73072, 56.188439 ], [ -5.731295, 56.18821 ], [ -5.731811, 56.187714 ], [ -5.731909, 56.187396 ], [ -5.732215, 56.187144 ], [ -5.732427, 56.186755 ], [ -5.732283, 56.186683 ], [ -5.732024, 56.18675 ], [ -5.73178, 56.186697 ], [ -5.731816, 56.18627 ], [ -5.731611, 56.186488 ], [ -5.731441, 56.186479 ], [ -5.731383, 56.186297 ], [ -5.731143, 56.186313 ], [ -5.731334, 56.186127 ], [ -5.731831, 56.185933 ], [ -5.731806, 56.185758 ], [ -5.731521, 56.18556 ], [ -5.731848, 56.185523 ], [ -5.731786, 56.185296 ], [ -5.73209, 56.185111 ], [ -5.731764, 56.184991 ], [ -5.731714, 56.184803 ], [ -5.731896, 56.184694 ], [ -5.73203, 56.183917 ], [ -5.732281, 56.183923 ], [ -5.732495, 56.183804 ], [ -5.732412, 56.183361 ], [ -5.73208, 56.183264 ], [ -5.731691, 56.182992 ], [ -5.731949, 56.182746 ], [ -5.732039, 56.182842 ], [ -5.73221, 56.18286 ], [ -5.732501, 56.182758 ], [ -5.73242, 56.182201 ], [ -5.732753, 56.182065 ], [ -5.732648, 56.181313 ], [ -5.732359, 56.18116 ], [ -5.732709, 56.181024 ], [ -5.732372, 56.180544 ], [ -5.732616, 56.18015 ], [ -5.733002, 56.180812 ], [ -5.733085, 56.180581 ], [ -5.733422, 56.180238 ], [ -5.733522, 56.18019 ], [ -5.733697, 56.180243 ], [ -5.734011, 56.180076 ], [ -5.73404, 56.17963 ], [ -5.734224, 56.179611 ], [ -5.734301, 56.179739 ], [ -5.734536, 56.179759 ], [ -5.734793, 56.179585 ], [ -5.73485, 56.17925 ], [ -5.734606, 56.179145 ], [ -5.734741, 56.178962 ], [ -5.734875, 56.178935 ], [ -5.735138, 56.179062 ], [ -5.735338, 56.178881 ], [ -5.735406, 56.179 ], [ -5.736073, 56.178656 ], [ -5.736364, 56.178409 ], [ -5.73676, 56.177763 ], [ -5.736645, 56.177569 ], [ -5.736812, 56.177546 ], [ -5.736896, 56.177336 ], [ -5.737123, 56.177347 ], [ -5.737436, 56.177495 ], [ -5.737908, 56.177382 ], [ -5.738274, 56.177169 ], [ -5.738499, 56.176829 ], [ -5.738673, 56.176873 ], [ -5.738809, 56.177116 ], [ -5.738996, 56.17721 ], [ -5.739556, 56.177175 ], [ -5.739677, 56.177009 ], [ -5.740006, 56.177157 ], [ -5.74028, 56.177153 ], [ -5.740618, 56.177318 ], [ -5.740659, 56.177573 ], [ -5.740376, 56.177564 ], [ -5.740288, 56.177899 ], [ -5.740594, 56.178312 ], [ -5.740576, 56.178461 ], [ -5.740774, 56.178253 ], [ -5.740973, 56.17831 ], [ -5.741106, 56.17827 ], [ -5.741141, 56.178547 ], [ -5.741468, 56.178097 ], [ -5.742095, 56.178334 ], [ -5.742627, 56.178332 ], [ -5.743052, 56.177977 ], [ -5.743283, 56.177948 ], [ -5.743402, 56.178007 ], [ -5.743314, 56.177857 ], [ -5.743908, 56.177906 ], [ -5.744051, 56.177807 ], [ -5.744015, 56.177606 ], [ -5.744331, 56.177453 ], [ -5.744241, 56.177024 ], [ -5.744468, 56.177039 ], [ -5.744693, 56.176947 ], [ -5.74489, 56.177148 ], [ -5.744866, 56.17732 ], [ -5.745054, 56.177098 ], [ -5.74531, 56.176996 ], [ -5.745515, 56.176702 ], [ -5.74637, 56.176298 ], [ -5.746525, 56.176393 ], [ -5.746733, 56.176382 ], [ -5.747148, 56.176252 ], [ -5.747555, 56.17597 ], [ -5.747766, 56.175653 ], [ -5.747448, 56.175366 ], [ -5.747556, 56.175152 ], [ -5.747117, 56.175026 ], [ -5.747319, 56.174871 ], [ -5.747191, 56.174799 ], [ -5.747441, 56.174719 ], [ -5.747556, 56.174572 ], [ -5.747355, 56.174412 ], [ -5.74774, 56.174148 ], [ -5.748092, 56.17412 ], [ -5.748209, 56.173995 ], [ -5.747735, 56.173766 ], [ -5.747673, 56.173624 ], [ -5.747496, 56.173621 ], [ -5.747411, 56.173335 ], [ -5.746824, 56.173263 ], [ -5.746792, 56.173188 ], [ -5.74764, 56.172874 ], [ -5.747921, 56.172861 ], [ -5.748123, 56.172698 ], [ -5.748413, 56.172698 ], [ -5.748575, 56.172545 ], [ -5.748679, 56.172618 ], [ -5.749468, 56.172032 ], [ -5.749517, 56.171626 ], [ -5.749822, 56.171194 ], [ -5.750166, 56.171391 ], [ -5.750165, 56.171756 ], [ -5.750711, 56.171539 ], [ -5.751083, 56.171268 ], [ -5.750956, 56.171074 ], [ -5.751463, 56.170869 ], [ -5.751921, 56.170248 ], [ -5.751888, 56.169961 ], [ -5.751561, 56.169864 ], [ -5.7512, 56.169961 ], [ -5.75111, 56.169779 ], [ -5.750781, 56.169713 ], [ -5.750806, 56.169559 ], [ -5.751307, 56.1694 ], [ -5.75098, 56.16928 ], [ -5.750963, 56.169096 ], [ -5.751574, 56.16892 ], [ -5.751919, 56.168491 ], [ -5.751726, 56.168335 ], [ -5.751762, 56.167957 ], [ -5.751435, 56.168155 ], [ -5.751362, 56.167735 ], [ -5.75115, 56.167881 ], [ -5.750809, 56.167941 ], [ -5.750331, 56.168153 ], [ -5.750186, 56.168076 ], [ -5.750261, 56.167773 ], [ -5.750117, 56.16762 ], [ -5.749807, 56.167575 ], [ -5.74953, 56.167957 ], [ -5.749157, 56.167438 ], [ -5.748894, 56.167383 ], [ -5.748899, 56.167189 ], [ -5.7488, 56.167498 ], [ -5.748685, 56.167232 ], [ -5.748491, 56.167224 ], [ -5.748464, 56.166865 ], [ -5.748745, 56.166767 ], [ -5.74869, 56.166373 ], [ -5.74879, 56.16624 ], [ -5.748682, 56.166207 ], [ -5.748406, 56.16635 ], [ -5.748346, 56.166316 ], [ -5.748332, 56.166172 ], [ -5.748149, 56.166111 ], [ -5.748147, 56.165756 ], [ -5.747852, 56.165382 ], [ -5.748161, 56.165404 ], [ -5.748325, 56.165103 ], [ -5.748495, 56.165277 ], [ -5.748808, 56.165016 ], [ -5.748941, 56.164648 ], [ -5.748663, 56.164108 ], [ -5.748661, 56.163838 ], [ -5.748561, 56.163724 ], [ -5.748435, 56.163917 ], [ -5.7483, 56.163939 ], [ -5.748032, 56.163507 ], [ -5.747691, 56.163809 ], [ -5.747491, 56.163829 ], [ -5.747674, 56.163634 ], [ -5.747663, 56.16336 ], [ -5.747308, 56.163681 ], [ -5.747128, 56.163651 ], [ -5.747019, 56.163366 ], [ -5.747301, 56.163034 ], [ -5.747259, 56.162599 ], [ -5.747104, 56.162582 ], [ -5.747015, 56.162418 ], [ -5.746585, 56.162795 ], [ -5.74674, 56.16257 ], [ -5.746432, 56.162629 ], [ -5.746345, 56.162564 ], [ -5.746809, 56.161952 ], [ -5.746723, 56.161815 ], [ -5.746541, 56.161762 ], [ -5.746277, 56.161946 ], [ -5.746193, 56.161912 ], [ -5.746277, 56.161618 ], [ -5.746197, 56.161544 ], [ -5.745897, 56.161526 ], [ -5.745454, 56.161769 ], [ -5.74549, 56.161399 ], [ -5.745383, 56.161371 ], [ -5.7452, 56.16156 ], [ -5.745064, 56.161578 ], [ -5.744879, 56.161085 ], [ -5.744718, 56.16117 ], [ -5.744545, 56.160874 ], [ -5.74418, 56.160688 ], [ -5.743861, 56.16072 ], [ -5.743772, 56.160799 ], [ -5.743601, 56.160701 ], [ -5.743451, 56.160818 ], [ -5.743308, 56.160665 ], [ -5.742972, 56.160859 ], [ -5.742904, 56.160659 ], [ -5.742727, 56.160745 ], [ -5.742432, 56.160687 ], [ -5.742281, 56.16079 ], [ -5.742119, 56.160786 ], [ -5.742141, 56.161177 ], [ -5.741743, 56.161144 ], [ -5.74164, 56.161084 ], [ -5.74184, 56.160813 ], [ -5.741786, 56.160509 ], [ -5.741364, 56.160724 ], [ -5.741326, 56.16059 ], [ -5.740816, 56.160722 ], [ -5.740834, 56.160331 ], [ -5.740658, 56.160588 ], [ -5.740473, 56.160593 ], [ -5.740437, 56.160059 ], [ -5.740238, 56.160007 ], [ -5.740015, 56.160198 ], [ -5.73968, 56.159898 ], [ -5.739444, 56.159955 ], [ -5.739238, 56.159826 ], [ -5.738899, 56.159989 ], [ -5.738346, 56.159929 ], [ -5.738101, 56.160476 ], [ -5.737776, 56.160455 ], [ -5.737843, 56.160228 ], [ -5.737593, 56.160056 ], [ -5.737627, 56.159749 ], [ -5.737518, 56.159698 ], [ -5.737269, 56.159796 ], [ -5.737285, 56.159629 ], [ -5.737149, 56.159552 ], [ -5.736565, 56.159592 ], [ -5.736312, 56.159726 ], [ -5.735586, 56.159883 ], [ -5.735387, 56.159745 ], [ -5.735254, 56.159789 ], [ -5.73504, 56.159733 ], [ -5.734779, 56.159786 ], [ -5.734584, 56.15994 ], [ -5.734293, 56.159926 ], [ -5.734029, 56.160114 ], [ -5.733849, 56.159998 ], [ -5.733695, 56.160156 ], [ -5.733472, 56.160104 ], [ -5.733328, 56.159695 ], [ -5.733005, 56.159686 ], [ -5.732823, 56.159557 ], [ -5.732276, 56.159735 ], [ -5.732407, 56.15992 ], [ -5.732269, 56.160077 ], [ -5.731964, 56.160087 ], [ -5.731845, 56.160023 ], [ -5.731924, 56.159679 ], [ -5.731682, 56.15934 ], [ -5.731541, 56.159465 ], [ -5.731482, 56.159103 ], [ -5.731319, 56.159081 ], [ -5.731149, 56.159243 ], [ -5.730969, 56.158966 ], [ -5.730764, 56.158931 ], [ -5.730602, 56.159004 ], [ -5.730392, 56.158911 ], [ -5.729479, 56.159051 ], [ -5.729118, 56.159647 ], [ -5.728807, 56.159521 ], [ -5.72842, 56.159767 ], [ -5.72848, 56.159468 ], [ -5.728365, 56.159449 ], [ -5.728295, 56.159635 ], [ -5.727895, 56.159827 ], [ -5.727756, 56.160142 ], [ -5.726895, 56.160572 ], [ -5.726414, 56.160672 ], [ -5.725537, 56.160604 ], [ -5.72531, 56.160337 ], [ -5.725161, 56.160382 ], [ -5.724918, 56.160205 ], [ -5.72487, 56.16004 ], [ -5.725113, 56.159884 ], [ -5.725149, 56.159681 ], [ -5.724853, 56.159366 ], [ -5.7246, 56.159329 ], [ -5.724372, 56.15948 ], [ -5.724183, 56.159274 ], [ -5.724018, 56.159315 ], [ -5.723874, 56.159162 ], [ -5.723617, 56.159246 ], [ -5.723559, 56.159149 ], [ -5.723157, 56.159238 ], [ -5.722944, 56.159451 ], [ -5.722849, 56.159301 ], [ -5.722315, 56.159276 ], [ -5.721966, 56.159584 ], [ -5.721975, 56.159269 ], [ -5.721727, 56.159528 ], [ -5.721579, 56.159501 ], [ -5.721501, 56.159359 ], [ -5.720992, 56.1596 ], [ -5.720851, 56.159392 ], [ -5.720653, 56.159421 ], [ -5.720493, 56.159601 ], [ -5.720411, 56.159419 ], [ -5.720257, 56.159572 ], [ -5.720161, 56.159418 ], [ -5.719832, 56.159432 ], [ -5.719664, 56.159527 ], [ -5.719418, 56.159395 ], [ -5.718979, 56.159606 ], [ -5.71863, 56.160075 ], [ -5.718537, 56.160033 ], [ -5.718697, 56.159772 ], [ -5.718652, 56.159391 ], [ -5.718351, 56.159526 ], [ -5.718044, 56.159441 ], [ -5.717906, 56.159594 ], [ -5.71763, 56.159566 ], [ -5.717393, 56.159865 ], [ -5.716761, 56.15983 ], [ -5.71631, 56.159911 ], [ -5.7162, 56.160027 ], [ -5.715703, 56.160141 ], [ -5.715438, 56.160311 ], [ -5.715269, 56.160568 ], [ -5.715034, 56.160386 ], [ -5.714808, 56.160712 ], [ -5.714627, 56.160672 ], [ -5.714711, 56.160459 ], [ -5.71456, 56.16031 ], [ -5.713933, 56.160248 ], [ -5.713719, 56.160115 ], [ -5.713036, 56.16005 ], [ -5.712833, 56.160367 ], [ -5.712536, 56.160385 ], [ -5.712275, 56.160267 ], [ -5.712418, 56.160154 ], [ -5.712412, 56.15993 ], [ -5.712133, 56.160212 ], [ -5.711948, 56.159885 ], [ -5.711735, 56.159761 ], [ -5.711143, 56.159782 ], [ -5.709546, 56.16029 ], [ -5.709451, 56.160473 ], [ -5.709753, 56.16068 ], [ -5.709696, 56.160758 ], [ -5.709454, 56.160752 ], [ -5.709239, 56.16061 ], [ -5.708983, 56.160626 ], [ -5.708714, 56.160509 ], [ -5.708462, 56.16057 ], [ -5.707859, 56.160925 ], [ -5.707388, 56.1608 ], [ -5.706828, 56.16092 ], [ -5.706577, 56.160905 ], [ -5.706369, 56.160422 ], [ -5.705829, 56.160258 ], [ -5.705409, 56.160325 ], [ -5.705186, 56.160601 ], [ -5.704919, 56.160681 ], [ -5.704791, 56.160599 ], [ -5.704851, 56.160305 ], [ -5.704667, 56.160154 ], [ -5.70427, 56.160291 ], [ -5.704124, 56.160534 ], [ -5.703946, 56.160616 ], [ -5.703657, 56.160539 ], [ -5.703587, 56.160397 ], [ -5.703033, 56.160333 ], [ -5.702918, 56.160228 ], [ -5.702677, 56.160407 ], [ -5.702636, 56.160565 ], [ -5.702473, 56.160539 ], [ -5.702557, 56.160325 ], [ -5.702305, 56.160049 ], [ -5.701632, 56.160087 ], [ -5.701792, 56.159993 ], [ -5.701744, 56.159828 ], [ -5.700983, 56.159716 ], [ -5.700774, 56.159794 ], [ -5.700606, 56.159641 ], [ -5.700205, 56.159743 ], [ -5.70013, 56.159889 ], [ -5.699879, 56.15996 ], [ -5.699537, 56.159925 ], [ -5.699252, 56.160141 ], [ -5.699087, 56.160096 ], [ -5.69882, 56.160257 ], [ -5.698613, 56.160614 ], [ -5.698288, 56.160583 ], [ -5.698485, 56.16037 ], [ -5.698429, 56.160296 ], [ -5.698229, 56.160306 ], [ -5.6978, 56.160454 ], [ -5.697751, 56.160536 ], [ -5.697892, 56.160658 ], [ -5.69757, 56.160663 ], [ -5.697146, 56.160779 ], [ -5.696891, 56.161057 ], [ -5.696681, 56.160968 ], [ -5.696771, 56.160727 ], [ -5.696227, 56.160775 ], [ -5.696132, 56.160958 ], [ -5.696257, 56.161085 ], [ -5.696477, 56.161105 ], [ -5.695813, 56.161242 ], [ -5.695532, 56.161583 ], [ -5.695319, 56.161553 ], [ -5.695048, 56.16166 ], [ -5.695038, 56.161975 ], [ -5.694559, 56.162695 ], [ -5.694453, 56.162685 ], [ -5.69437, 56.163074 ], [ -5.694103, 56.163397 ], [ -5.693858, 56.16353 ], [ -5.693072, 56.163572 ], [ -5.692966, 56.163647 ], [ -5.692711, 56.163169 ], [ -5.692356, 56.163166 ], [ -5.69234, 56.163418 ], [ -5.692522, 56.163462 ], [ -5.692509, 56.163831 ], [ -5.692243, 56.163916 ], [ -5.692012, 56.163774 ], [ -5.691844, 56.163955 ], [ -5.691144, 56.164133 ], [ -5.690798, 56.164561 ], [ -5.690524, 56.164637 ], [ -5.690247, 56.164861 ], [ -5.690113, 56.165229 ], [ -5.689503, 56.165926 ], [ -5.689081, 56.16606 ], [ -5.688899, 56.165926 ], [ -5.688725, 56.165963 ], [ -5.688315, 56.166389 ], [ -5.687432, 56.166424 ], [ -5.687274, 56.166959 ], [ -5.68687, 56.167291 ], [ -5.686834, 56.167588 ], [ -5.686593, 56.167838 ], [ -5.68608, 56.168043 ], [ -5.685843, 56.168261 ], [ -5.685562, 56.168188 ], [ -5.685437, 56.168305 ], [ -5.685278, 56.168246 ], [ -5.685058, 56.168307 ], [ -5.685065, 56.168383 ], [ -5.68482, 56.16826 ], [ -5.684331, 56.168796 ], [ -5.684238, 56.168664 ], [ -5.684169, 56.168783 ], [ -5.684282, 56.168955 ], [ -5.684138, 56.168964 ], [ -5.683975, 56.16878 ], [ -5.684066, 56.169303 ], [ -5.683939, 56.169415 ], [ -5.683148, 56.16965 ], [ -5.682507, 56.169606 ], [ -5.682258, 56.169361 ], [ -5.681829, 56.169419 ], [ -5.681266, 56.16927 ], [ -5.68109, 56.168947 ], [ -5.68107, 56.168565 ], [ -5.680322, 56.167904 ], [ -5.680508, 56.16749 ], [ -5.680151, 56.167051 ], [ -5.679866, 56.166929 ], [ -5.679305, 56.166968 ], [ -5.679233, 56.167136 ], [ -5.679017, 56.16699 ], [ -5.678794, 56.167096 ], [ -5.678567, 56.167084 ], [ -5.678536, 56.167265 ], [ -5.677953, 56.167404 ], [ -5.677843, 56.167605 ], [ -5.678034, 56.167995 ], [ -5.677912, 56.168241 ], [ -5.677421, 56.168409 ], [ -5.676814, 56.168467 ], [ -5.676181, 56.168423 ], [ -5.674782, 56.168029 ], [ -5.674363, 56.168028 ], [ -5.674197, 56.167893 ], [ -5.673621, 56.167937 ], [ -5.673278, 56.168185 ], [ -5.672865, 56.168297 ], [ -5.672611, 56.168336 ], [ -5.672367, 56.168231 ], [ -5.671914, 56.168878 ], [ -5.671598, 56.168946 ], [ -5.671495, 56.16939 ], [ -5.671143, 56.169418 ], [ -5.671139, 56.169792 ], [ -5.671347, 56.169947 ], [ -5.670968, 56.170111 ], [ -5.670833, 56.170385 ], [ -5.670544, 56.170488 ], [ -5.670192, 56.170422 ], [ -5.670086, 56.170587 ], [ -5.670271, 56.171085 ], [ -5.670914, 56.171484 ], [ -5.670862, 56.171787 ], [ -5.671125, 56.172175 ], [ -5.67092, 56.172567 ], [ -5.671186, 56.173068 ], [ -5.671565, 56.173407 ], [ -5.6715, 56.173822 ], [ -5.671171, 56.173922 ], [ -5.670986, 56.174094 ], [ -5.67098, 56.174458 ], [ -5.671364, 56.175189 ], [ -5.671927, 56.175338 ], [ -5.672074, 56.175788 ], [ -5.672055, 56.176342 ], [ -5.672308, 56.176712 ], [ -5.67257, 56.176758 ], [ -5.672993, 56.176709 ], [ -5.673254, 56.176913 ], [ -5.673787, 56.176928 ], [ -5.674164, 56.177079 ], [ -5.674024, 56.177295 ], [ -5.674564, 56.177548 ], [ -5.674137, 56.177894 ], [ -5.674302, 56.178518 ], [ -5.674606, 56.178491 ], [ -5.674965, 56.178705 ], [ -5.675915, 56.179536 ], [ -5.676007, 56.179991 ], [ -5.675645, 56.180173 ], [ -5.675664, 56.18037 ], [ -5.675943, 56.180587 ], [ -5.676916, 56.180985 ], [ -5.677138, 56.181455 ], [ -5.676922, 56.181641 ], [ -5.677006, 56.181841 ], [ -5.677432, 56.181999 ], [ -5.678496, 56.183096 ], [ -5.678877, 56.183282 ], [ -5.679312, 56.184708 ], [ -5.679573, 56.184992 ], [ -5.679709, 56.18591 ], [ -5.680183, 56.18648 ], [ -5.67998, 56.186801 ], [ -5.679704, 56.186868 ], [ -5.679527, 56.186787 ], [ -5.679181, 56.186955 ], [ -5.678972, 56.186885 ], [ -5.678694, 56.187006 ], [ -5.67857, 56.188403 ], [ -5.678039, 56.188756 ], [ -5.677883, 56.188729 ], [ -5.677803, 56.188561 ], [ -5.677676, 56.188582 ], [ -5.677725, 56.188927 ], [ -5.677486, 56.189047 ], [ -5.678165, 56.189143 ], [ -5.678104, 56.189599 ], [ -5.677902, 56.189772 ], [ -5.677406, 56.189719 ], [ -5.67713, 56.189876 ], [ -5.677208, 56.190269 ], [ -5.676806, 56.190618 ], [ -5.676751, 56.191132 ], [ -5.676333, 56.191145 ], [ -5.675985, 56.191303 ], [ -5.675908, 56.191508 ], [ -5.675994, 56.191735 ], [ -5.676318, 56.192085 ], [ -5.676279, 56.192185 ], [ -5.676718, 56.192563 ], [ -5.677059, 56.192584 ], [ -5.677388, 56.192394 ], [ -5.677906, 56.1925 ], [ -5.678745, 56.19301 ], [ -5.678972, 56.192855 ], [ -5.679291, 56.1929 ], [ -5.679427, 56.193062 ], [ -5.679658, 56.193028 ], [ -5.680489, 56.193116 ], [ -5.681199, 56.193297 ], [ -5.68138, 56.193579 ], [ -5.680816, 56.193758 ], [ -5.680805, 56.194059 ], [ -5.681063, 56.194056 ], [ -5.681398, 56.19419 ], [ -5.681866, 56.194028 ], [ -5.682224, 56.194139 ], [ -5.682533, 56.194426 ], [ -5.682902, 56.194482 ], [ -5.683058, 56.194685 ], [ -5.683055, 56.195152 ], [ -5.682966, 56.195317 ], [ -5.682711, 56.195356 ], [ -5.682684, 56.195577 ], [ -5.683509, 56.196186 ], [ -5.683322, 56.196677 ], [ -5.683452, 56.196862 ], [ -5.683336, 56.196906 ], [ -5.683562, 56.19716 ], [ -5.68377, 56.197141 ], [ -5.683783, 56.197365 ], [ -5.684462, 56.197889 ], [ -5.685299, 56.198367 ], [ -5.685363, 56.198446 ], [ -5.685216, 56.198518 ], [ -5.685537, 56.198504 ], [ -5.685859, 56.198832 ], [ -5.686202, 56.198956 ], [ -5.686942, 56.199865 ], [ -5.687768, 56.199979 ], [ -5.688602, 56.200265 ], [ -5.689408, 56.200677 ], [ -5.689445, 56.200563 ], [ -5.689565, 56.200555 ], [ -5.689731, 56.20069 ], [ -5.689937, 56.200652 ], [ -5.690099, 56.200822 ] ] ], [ [ [ -5.690361, 56.235747 ], [ -5.69061, 56.235901 ], [ -5.69071, 56.236105 ], [ -5.690731, 56.236743 ], [ -5.691127, 56.236573 ], [ -5.69159, 56.235683 ], [ -5.691716, 56.235652 ], [ -5.691884, 56.235724 ], [ -5.692222, 56.235453 ], [ -5.69262, 56.2354 ], [ -5.693771, 56.234777 ], [ -5.693935, 56.234471 ], [ -5.693929, 56.233909 ], [ -5.694266, 56.2338 ], [ -5.694264, 56.233948 ], [ -5.694522, 56.233779 ], [ -5.694675, 56.233442 ], [ -5.694991, 56.233194 ], [ -5.695027, 56.232982 ], [ -5.695251, 56.232885 ], [ -5.695341, 56.23264 ], [ -5.69559, 56.232632 ], [ -5.695879, 56.232367 ], [ -5.696093, 56.231817 ], [ -5.696416, 56.231488 ], [ -5.69614, 56.231303 ], [ -5.695778, 56.231404 ], [ -5.695542, 56.231384 ], [ -5.695758, 56.231112 ], [ -5.695354, 56.231021 ], [ -5.695148, 56.23064 ], [ -5.695397, 56.230633 ], [ -5.695719, 56.2302 ], [ -5.69585, 56.230309 ], [ -5.696163, 56.230286 ], [ -5.696313, 56.230088 ], [ -5.696987, 56.229956 ], [ -5.697121, 56.229758 ], [ -5.697351, 56.22972 ], [ -5.697388, 56.229346 ], [ -5.697706, 56.229296 ], [ -5.698028, 56.229115 ], [ -5.698273, 56.229229 ], [ -5.698978, 56.228507 ], [ -5.699014, 56.227966 ], [ -5.698407, 56.226937 ], [ -5.69857, 56.226626 ], [ -5.698202, 56.225406 ], [ -5.698815, 56.225733 ], [ -5.698993, 56.225656 ], [ -5.69911, 56.225864 ], [ -5.699315, 56.225808 ], [ -5.699864, 56.226983 ], [ -5.70019, 56.226857 ], [ -5.700589, 56.226391 ], [ -5.700527, 56.225912 ], [ -5.700685, 56.225543 ], [ -5.700497, 56.225265 ], [ -5.70058, 56.225209 ], [ -5.701046, 56.225599 ], [ -5.701028, 56.226081 ], [ -5.701183, 56.226517 ], [ -5.701843, 56.226088 ], [ -5.701842, 56.22549 ], [ -5.701699, 56.225512 ], [ -5.701427, 56.225368 ], [ -5.701365, 56.225226 ], [ -5.701575, 56.224648 ], [ -5.701485, 56.224462 ], [ -5.701308, 56.224391 ], [ -5.70136, 56.224259 ], [ -5.700845, 56.223767 ], [ -5.700077, 56.223506 ], [ -5.699894, 56.223202 ], [ -5.700292, 56.223226 ], [ -5.70037, 56.222945 ], [ -5.700693, 56.222948 ], [ -5.700768, 56.222811 ], [ -5.700944, 56.222788 ], [ -5.700434, 56.222524 ], [ -5.700518, 56.222225 ], [ -5.700824, 56.222135 ], [ -5.700619, 56.221849 ], [ -5.700764, 56.221759 ], [ -5.700961, 56.221875 ], [ -5.701137, 56.221865 ], [ -5.70113, 56.221789 ], [ -5.70131, 56.221734 ], [ -5.701219, 56.221548 ], [ -5.701483, 56.221607 ], [ -5.701462, 56.22155 ], [ -5.700809, 56.221142 ], [ -5.700229, 56.221069 ], [ -5.69967, 56.221208 ], [ -5.6997, 56.220766 ], [ -5.699972, 56.220574 ], [ -5.700723, 56.220673 ], [ -5.701646, 56.220528 ], [ -5.701601, 56.220898 ], [ -5.702617, 56.221313 ], [ -5.702913, 56.22129 ], [ -5.703206, 56.221061 ], [ -5.703593, 56.220978 ], [ -5.703732, 56.220744 ], [ -5.703242, 56.220435 ], [ -5.702675, 56.220331 ], [ -5.702635, 56.220166 ], [ -5.703291, 56.219854 ], [ -5.704041, 56.219764 ], [ -5.704335, 56.219638 ], [ -5.704405, 56.219353 ], [ -5.704584, 56.219285 ], [ -5.704953, 56.219512 ], [ -5.704984, 56.219673 ], [ -5.704801, 56.219777 ], [ -5.704983, 56.219826 ], [ -5.705843, 56.220542 ], [ -5.70606, 56.220531 ], [ -5.706097, 56.220332 ], [ -5.706366, 56.22044 ], [ -5.7065, 56.220409 ], [ -5.706375, 56.220121 ], [ -5.706544, 56.220031 ], [ -5.706835, 56.220202 ], [ -5.707158, 56.220205 ], [ -5.707183, 56.220128 ], [ -5.706888, 56.219917 ], [ -5.706891, 56.219786 ], [ -5.706198, 56.219371 ], [ -5.705906, 56.21911 ], [ -5.705811, 56.218875 ], [ -5.705554, 56.21872 ], [ -5.706158, 56.218711 ], [ -5.706166, 56.218464 ], [ -5.706514, 56.21839 ], [ -5.706656, 56.218431 ], [ -5.706796, 56.218719 ], [ -5.707079, 56.21881 ], [ -5.706659, 56.218296 ], [ -5.707095, 56.217883 ], [ -5.707585, 56.217868 ], [ -5.707765, 56.218218 ], [ -5.708103, 56.218051 ], [ -5.708126, 56.217866 ], [ -5.708269, 56.218099 ], [ -5.70908, 56.218138 ], [ -5.709292, 56.21824 ], [ -5.709967, 56.217635 ], [ -5.710168, 56.217629 ], [ -5.710469, 56.217818 ], [ -5.710249, 56.218045 ], [ -5.710276, 56.218161 ], [ -5.710555, 56.218121 ], [ -5.711041, 56.218556 ], [ -5.711404, 56.218468 ], [ -5.711343, 56.218848 ], [ -5.711436, 56.219056 ], [ -5.712068, 56.218835 ], [ -5.712214, 56.218835 ], [ -5.71229, 56.218954 ], [ -5.712446, 56.218981 ], [ -5.712404, 56.218803 ], [ -5.712663, 56.218646 ], [ -5.712533, 56.21847 ], [ -5.712181, 56.21858 ], [ -5.712481, 56.217762 ], [ -5.712093, 56.218003 ], [ -5.712322, 56.217533 ], [ -5.711972, 56.217588 ], [ -5.711963, 56.217413 ], [ -5.712069, 56.21692 ], [ -5.712393, 56.216856 ], [ -5.712694, 56.21655 ], [ -5.712544, 56.216416 ], [ -5.712731, 56.216176 ], [ -5.712525, 56.215967 ], [ -5.712834, 56.215737 ], [ -5.712573, 56.215799 ], [ -5.71255, 56.215723 ], [ -5.712808, 56.215472 ], [ -5.712818, 56.214915 ], [ -5.712931, 56.214664 ], [ -5.713249, 56.21469 ], [ -5.713493, 56.214211 ], [ -5.714184, 56.213439 ], [ -5.71403, 56.21335 ], [ -5.71467, 56.212872 ], [ -5.714643, 56.21276 ], [ -5.71438, 56.212828 ], [ -5.714391, 56.212575 ], [ -5.71479, 56.212441 ], [ -5.715204, 56.212141 ], [ -5.715306, 56.211859 ], [ -5.715189, 56.21082 ], [ -5.714607, 56.20997 ], [ -5.713746, 56.209582 ], [ -5.71355, 56.209385 ], [ -5.713149, 56.209249 ], [ -5.712957, 56.20934 ], [ -5.712867, 56.208865 ], [ -5.712665, 56.208747 ], [ -5.711522, 56.208606 ], [ -5.711165, 56.208499 ], [ -5.710493, 56.208888 ], [ -5.71059, 56.208643 ], [ -5.710353, 56.208528 ], [ -5.70963, 56.208721 ], [ -5.709444, 56.208884 ], [ -5.708678, 56.208808 ], [ -5.708195, 56.208899 ], [ -5.707829, 56.209202 ], [ -5.707716, 56.209201 ], [ -5.705954, 56.210836 ], [ -5.70577, 56.211184 ], [ -5.705815, 56.211322 ], [ -5.70597, 56.211339 ], [ -5.705963, 56.212095 ], [ -5.706082, 56.212411 ], [ -5.706258, 56.212482 ], [ -5.706463, 56.213011 ], [ -5.706233, 56.213229 ], [ -5.705554, 56.213456 ], [ -5.704141, 56.213611 ], [ -5.702422, 56.213019 ], [ -5.702019, 56.212528 ], [ -5.70139, 56.212111 ], [ -5.70149, 56.21106 ], [ -5.701304, 56.210715 ], [ -5.70141, 56.210644 ], [ -5.701195, 56.210255 ], [ -5.701006, 56.21031 ], [ -5.700922, 56.209854 ], [ -5.700503, 56.209444 ], [ -5.700408, 56.208953 ], [ -5.700486, 56.20868 ], [ -5.700652, 56.208563 ], [ -5.700571, 56.208219 ], [ -5.700731, 56.208044 ], [ -5.700933, 56.208047 ], [ -5.701052, 56.208187 ], [ -5.701269, 56.208014 ], [ -5.701194, 56.207576 ], [ -5.700856, 56.207244 ], [ -5.700558, 56.207168 ], [ -5.700475, 56.206891 ], [ -5.699846, 56.206555 ], [ -5.699698, 56.206366 ], [ -5.6992, 56.206219 ], [ -5.699059, 56.206345 ], [ -5.698953, 56.206335 ], [ -5.698928, 56.206075 ], [ -5.698634, 56.206038 ], [ -5.698618, 56.205949 ], [ -5.698334, 56.205854 ], [ -5.698404, 56.20574 ], [ -5.698824, 56.205664 ], [ -5.698928, 56.20549 ], [ -5.698902, 56.20488 ], [ -5.699045, 56.204691 ], [ -5.699143, 56.204706 ], [ -5.69942, 56.204477 ], [ -5.699421, 56.204154 ], [ -5.699802, 56.204093 ], [ -5.699824, 56.203656 ], [ -5.699584, 56.203425 ], [ -5.699718, 56.203389 ], [ -5.699432, 56.203097 ], [ -5.699001, 56.20306 ], [ -5.699017, 56.202893 ], [ -5.698856, 56.202727 ], [ -5.698934, 56.202617 ], [ -5.698838, 56.202544 ], [ -5.698613, 56.20255 ], [ -5.698581, 56.20239 ], [ -5.698295, 56.20243 ], [ -5.698313, 56.202204 ], [ -5.697499, 56.202044 ], [ -5.697136, 56.202204 ], [ -5.697036, 56.202009 ], [ -5.696367, 56.202015 ], [ -5.696252, 56.202077 ], [ -5.696265, 56.202288 ], [ -5.695851, 56.202683 ], [ -5.695706, 56.202687 ], [ -5.695452, 56.202389 ], [ -5.694637, 56.202386 ], [ -5.694412, 56.202564 ], [ -5.694411, 56.202717 ], [ -5.694011, 56.202836 ], [ -5.694071, 56.203046 ], [ -5.693905, 56.203163 ], [ -5.693486, 56.202834 ], [ -5.693101, 56.20285 ], [ -5.692978, 56.20333 ], [ -5.692682, 56.203362 ], [ -5.692265, 56.203302 ], [ -5.692151, 56.203126 ], [ -5.691898, 56.203003 ], [ -5.691583, 56.203089 ], [ -5.69137, 56.202713 ], [ -5.69113, 56.202567 ], [ -5.690855, 56.202562 ], [ -5.690744, 56.20275 ], [ -5.690605, 56.202651 ], [ -5.689851, 56.202687 ], [ -5.68953, 56.202372 ], [ -5.689439, 56.20251 ], [ -5.689236, 56.202336 ], [ -5.689073, 56.202319 ], [ -5.688091, 56.20233 ], [ -5.688036, 56.202435 ], [ -5.687396, 56.2024 ], [ -5.686939, 56.202513 ], [ -5.686102, 56.202533 ], [ -5.685631, 56.202759 ], [ -5.685463, 56.203015 ], [ -5.685551, 56.203597 ], [ -5.685858, 56.204114 ], [ -5.685709, 56.204285 ], [ -5.686604, 56.204825 ], [ -5.686669, 56.205079 ], [ -5.686984, 56.205335 ], [ -5.687653, 56.20634 ], [ -5.688237, 56.206457 ], [ -5.688973, 56.20639 ], [ -5.689195, 56.206689 ], [ -5.689041, 56.207355 ], [ -5.689919, 56.207504 ], [ -5.690411, 56.207669 ], [ -5.690554, 56.207813 ], [ -5.69041, 56.208083 ], [ -5.690454, 56.208284 ], [ -5.690983, 56.208425 ], [ -5.69186, 56.208485 ], [ -5.69203, 56.208318 ], [ -5.692206, 56.20847 ], [ -5.6924, 56.208477 ], [ -5.692657, 56.208627 ], [ -5.692736, 56.209038 ], [ -5.693177, 56.209673 ], [ -5.69337, 56.209757 ], [ -5.694242, 56.209681 ], [ -5.694573, 56.209927 ], [ -5.693639, 56.21054 ], [ -5.693096, 56.2111 ], [ -5.692872, 56.211624 ], [ -5.692908, 56.21191 ], [ -5.693104, 56.212107 ], [ -5.693182, 56.212163 ], [ -5.69351, 56.212126 ], [ -5.693856, 56.212368 ], [ -5.693804, 56.212585 ], [ -5.69351, 56.21272 ], [ -5.693449, 56.213086 ], [ -5.693581, 56.213365 ], [ -5.693389, 56.213636 ], [ -5.693057, 56.214801 ], [ -5.693201, 56.215121 ], [ -5.693524, 56.215372 ], [ -5.693495, 56.215489 ], [ -5.693282, 56.215626 ], [ -5.693049, 56.215557 ], [ -5.692763, 56.215682 ], [ -5.692513, 56.215681 ], [ -5.691881, 56.216158 ], [ -5.691306, 56.217398 ], [ -5.691352, 56.217626 ], [ -5.691685, 56.217814 ], [ -5.691591, 56.21801 ], [ -5.691232, 56.218138 ], [ -5.691068, 56.218439 ], [ -5.690782, 56.218488 ], [ -5.690744, 56.219105 ], [ -5.690893, 56.219555 ], [ -5.690804, 56.219805 ], [ -5.691274, 56.220915 ], [ -5.691543, 56.221954 ], [ -5.6916, 56.221786 ], [ -5.691866, 56.221783 ], [ -5.691924, 56.221552 ], [ -5.692232, 56.221232 ], [ -5.692717, 56.221159 ], [ -5.692771, 56.221297 ], [ -5.692481, 56.221387 ], [ -5.692497, 56.221723 ], [ -5.692701, 56.222077 ], [ -5.693069, 56.222376 ], [ -5.693545, 56.222211 ], [ -5.693663, 56.221846 ], [ -5.694856, 56.221077 ], [ -5.695368, 56.221031 ], [ -5.695932, 56.221108 ], [ -5.696128, 56.221467 ], [ -5.69657, 56.221611 ], [ -5.696847, 56.221476 ], [ -5.697471, 56.221498 ], [ -5.697592, 56.221585 ], [ -5.697581, 56.221792 ], [ -5.697264, 56.221869 ], [ -5.696918, 56.221789 ], [ -5.696851, 56.221849 ], [ -5.696968, 56.222309 ], [ -5.697076, 56.222508 ], [ -5.69736, 56.222446 ], [ -5.697718, 56.222471 ], [ -5.698149, 56.222926 ], [ -5.698087, 56.22304 ], [ -5.698457, 56.223775 ], [ -5.698467, 56.223964 ], [ -5.697707, 56.22395 ], [ -5.69673, 56.22344 ], [ -5.696256, 56.223301 ], [ -5.695691, 56.222959 ], [ -5.695385, 56.222972 ], [ -5.693813, 56.222646 ], [ -5.692479, 56.222875 ], [ -5.692344, 56.222978 ], [ -5.692298, 56.223262 ], [ -5.69196, 56.223268 ], [ -5.691842, 56.223128 ], [ -5.691749, 56.223166 ], [ -5.691648, 56.224388 ], [ -5.692001, 56.225281 ], [ -5.691988, 56.22621 ], [ -5.692164, 56.226306 ], [ -5.692148, 56.226729 ], [ -5.692551, 56.227728 ], [ -5.693327, 56.227997 ], [ -5.693901, 56.227922 ], [ -5.694339, 56.227769 ], [ -5.694926, 56.227756 ], [ -5.695622, 56.2276 ], [ -5.696609, 56.227791 ], [ -5.696417, 56.228062 ], [ -5.696528, 56.228216 ], [ -5.696436, 56.228264 ], [ -5.695905, 56.228275 ], [ -5.695574, 56.228366 ], [ -5.695006, 56.228163 ], [ -5.694854, 56.228172 ], [ -5.694842, 56.228303 ], [ -5.694648, 56.228299 ], [ -5.694382, 56.228973 ], [ -5.693863, 56.228862 ], [ -5.69394, 56.228325 ], [ -5.693529, 56.228328 ], [ -5.693575, 56.228642 ], [ -5.69343, 56.228812 ], [ -5.693579, 56.229352 ], [ -5.693475, 56.22953 ], [ -5.692621, 56.229291 ], [ -5.692462, 56.228733 ], [ -5.69221, 56.228709 ], [ -5.69198, 56.2285 ], [ -5.691824, 56.228982 ], [ -5.691966, 56.229778 ], [ -5.691785, 56.229828 ], [ -5.691755, 56.230359 ], [ -5.691138, 56.23116 ], [ -5.691086, 56.231369 ], [ -5.69129, 56.231983 ], [ -5.691039, 56.232314 ], [ -5.691214, 56.232448 ], [ -5.690855, 56.233084 ], [ -5.690729, 56.234041 ], [ -5.690498, 56.234317 ], [ -5.690192, 56.235338 ], [ -5.690361, 56.235747 ] ] ], [ [ [ -5.753969, 56.249809 ], [ -5.755643, 56.249753 ], [ -5.755914, 56.249637 ], [ -5.756981, 56.249731 ], [ -5.757651, 56.249647 ], [ -5.758035, 56.249528 ], [ -5.758163, 56.249353 ], [ -5.758652, 56.24923 ], [ -5.758594, 56.249129 ], [ -5.758133, 56.249039 ], [ -5.758608, 56.248782 ], [ -5.759646, 56.248656 ], [ -5.760414, 56.248673 ], [ -5.760774, 56.248554 ], [ -5.763222, 56.248233 ], [ -5.76513, 56.247851 ], [ -5.765907, 56.247539 ], [ -5.766544, 56.247529 ], [ -5.767023, 56.247227 ], [ -5.767763, 56.247038 ], [ -5.768762, 56.246436 ], [ -5.768878, 56.246221 ], [ -5.768625, 56.246112 ], [ -5.768759, 56.245915 ], [ -5.76862, 56.245397 ], [ -5.768837, 56.245724 ], [ -5.769539, 56.246125 ], [ -5.770011, 56.246245 ], [ -5.770606, 56.246214 ], [ -5.77031, 56.246326 ], [ -5.77037, 56.246365 ], [ -5.770638, 56.246383 ], [ -5.771555, 56.246185 ], [ -5.7721, 56.245975 ], [ -5.771456, 56.24599 ], [ -5.771636, 56.245858 ], [ -5.772094, 56.245746 ], [ -5.772122, 56.245623 ], [ -5.77195, 56.245512 ], [ -5.772916, 56.245158 ], [ -5.774456, 56.244149 ], [ -5.774755, 56.243825 ], [ -5.775128, 56.243679 ], [ -5.775729, 56.243144 ], [ -5.77609, 56.242625 ], [ -5.776684, 56.24226 ], [ -5.777221, 56.241565 ], [ -5.777243, 56.241295 ], [ -5.777587, 56.241181 ], [ -5.777777, 56.241224 ], [ -5.778164, 56.240893 ], [ -5.7781, 56.240742 ], [ -5.777701, 56.240791 ], [ -5.777699, 56.240436 ], [ -5.777497, 56.240275 ], [ -5.77786, 56.239941 ], [ -5.777862, 56.239392 ], [ -5.77769, 56.23928 ], [ -5.77768, 56.239096 ], [ -5.777411, 56.238992 ], [ -5.777425, 56.238807 ], [ -5.777147, 56.238771 ], [ -5.777058, 56.238684 ], [ -5.777034, 56.238037 ], [ -5.777425, 56.23758 ], [ -5.777686, 56.237442 ], [ -5.777568, 56.237149 ], [ -5.777659, 56.237087 ], [ -5.77632, 56.237344 ], [ -5.77604, 56.23729 ], [ -5.775992, 56.236958 ], [ -5.775707, 56.237017 ], [ -5.775485, 56.236978 ], [ -5.775421, 56.236819 ], [ -5.774982, 56.236706 ], [ -5.773783, 56.236909 ], [ -5.773251, 56.237159 ], [ -5.773044, 56.237107 ], [ -5.773157, 56.236951 ], [ -5.77213, 56.237171 ], [ -5.771384, 56.237391 ], [ -5.771604, 56.237573 ], [ -5.77025, 56.238091 ], [ -5.768735, 56.238524 ], [ -5.768393, 56.238746 ], [ -5.767596, 56.239013 ], [ -5.766935, 56.239433 ], [ -5.765702, 56.239615 ], [ -5.765416, 56.239749 ], [ -5.764899, 56.239743 ], [ -5.763554, 56.240112 ], [ -5.763528, 56.240009 ], [ -5.763343, 56.240019 ], [ -5.763164, 56.240326 ], [ -5.763752, 56.240398 ], [ -5.763823, 56.240463 ], [ -5.76358, 56.240534 ], [ -5.763594, 56.240601 ], [ -5.764292, 56.240719 ], [ -5.764441, 56.24084 ], [ -5.763876, 56.241082 ], [ -5.763252, 56.24098 ], [ -5.762638, 56.240976 ], [ -5.761159, 56.241205 ], [ -5.759894, 56.241316 ], [ -5.756013, 56.241506 ], [ -5.755941, 56.241598 ], [ -5.756167, 56.241757 ], [ -5.756076, 56.241814 ], [ -5.754917, 56.241606 ], [ -5.754297, 56.241621 ], [ -5.753419, 56.241814 ], [ -5.753524, 56.24222 ], [ -5.754118, 56.242521 ], [ -5.7544, 56.242836 ], [ -5.753138, 56.243059 ], [ -5.752902, 56.243372 ], [ -5.752977, 56.243482 ], [ -5.752261, 56.243584 ], [ -5.752106, 56.243733 ], [ -5.752079, 56.244035 ], [ -5.751592, 56.24409 ], [ -5.751392, 56.244195 ], [ -5.75144, 56.244517 ], [ -5.75116, 56.244796 ], [ -5.751501, 56.245473 ], [ -5.751004, 56.245592 ], [ -5.750858, 56.245996 ], [ -5.750083, 56.246083 ], [ -5.750286, 56.246589 ], [ -5.75012, 56.246954 ], [ -5.750385, 56.247764 ], [ -5.750173, 56.24849 ], [ -5.750454, 56.248634 ], [ -5.750368, 56.248745 ], [ -5.75045, 56.248846 ], [ -5.750948, 56.249064 ], [ -5.75171, 56.249171 ], [ -5.751828, 56.249312 ], [ -5.752365, 56.24943 ], [ -5.752219, 56.249507 ], [ -5.752347, 56.249575 ], [ -5.752841, 56.249677 ], [ -5.753629, 56.249644 ], [ -5.753978, 56.249741 ], [ -5.753969, 56.249809 ] ] ], [ [ [ -5.799328, 56.225062 ], [ -5.798356, 56.225791 ], [ -5.798246, 56.226286 ], [ -5.798362, 56.226898 ], [ -5.797979, 56.227613 ], [ -5.798154, 56.228833 ], [ -5.798391, 56.229192 ], [ -5.798345, 56.229512 ], [ -5.79843, 56.229604 ], [ -5.798797, 56.229692 ], [ -5.800171, 56.229174 ], [ -5.802022, 56.228215 ], [ -5.80267, 56.227818 ], [ -5.803135, 56.227334 ], [ -5.803516, 56.227177 ], [ -5.804649, 56.226299 ], [ -5.806199, 56.225531 ], [ -5.806728, 56.225172 ], [ -5.807147, 56.224678 ], [ -5.807315, 56.22485 ], [ -5.807616, 56.224771 ], [ -5.809947, 56.223429 ], [ -5.810446, 56.222856 ], [ -5.813307, 56.221297 ], [ -5.813898, 56.220627 ], [ -5.814841, 56.219827 ], [ -5.815077, 56.219188 ], [ -5.815318, 56.218928 ], [ -5.815308, 56.218664 ], [ -5.815697, 56.218682 ], [ -5.816169, 56.218543 ], [ -5.816986, 56.217869 ], [ -5.817742, 56.217485 ], [ -5.818519, 56.216875 ], [ -5.818821, 56.216374 ], [ -5.818746, 56.216221 ], [ -5.818058, 56.216083 ], [ -5.817362, 56.216113 ], [ -5.815939, 56.21682 ], [ -5.815053, 56.217368 ], [ -5.814782, 56.217388 ], [ -5.81451, 56.217297 ], [ -5.813371, 56.217348 ], [ -5.810419, 56.218891 ], [ -5.810459, 56.218711 ], [ -5.811445, 56.217994 ], [ -5.811489, 56.217851 ], [ -5.81116, 56.217815 ], [ -5.809902, 56.218456 ], [ -5.808787, 56.219272 ], [ -5.808635, 56.219409 ], [ -5.808668, 56.219579 ], [ -5.808081, 56.220045 ], [ -5.808513, 56.220047 ], [ -5.807892, 56.220527 ], [ -5.807857, 56.220193 ], [ -5.807476, 56.219981 ], [ -5.80733, 56.219724 ], [ -5.805656, 56.220751 ], [ -5.805334, 56.221062 ], [ -5.8054, 56.221307 ], [ -5.805165, 56.22156 ], [ -5.804901, 56.221603 ], [ -5.804474, 56.221308 ], [ -5.803847, 56.221212 ], [ -5.803012, 56.221386 ], [ -5.802555, 56.221702 ], [ -5.801177, 56.222281 ], [ -5.800913, 56.222491 ], [ -5.800873, 56.222803 ], [ -5.800073, 56.223231 ], [ -5.800019, 56.22329 ], [ -5.800577, 56.223136 ], [ -5.801129, 56.223099 ], [ -5.799715, 56.223893 ], [ -5.799686, 56.223999 ], [ -5.800064, 56.224081 ], [ -5.79998, 56.224214 ], [ -5.800239, 56.224224 ], [ -5.799069, 56.225065 ], [ -5.799328, 56.225062 ] ] ], [ [ [ -5.710587, 56.235046 ], [ -5.710981, 56.235142 ], [ -5.711332, 56.234993 ], [ -5.711625, 56.234678 ], [ -5.711903, 56.234544 ], [ -5.71231, 56.234671 ], [ -5.712627, 56.234522 ], [ -5.712757, 56.234361 ], [ -5.712676, 56.234192 ], [ -5.712927, 56.234117 ], [ -5.713053, 56.233758 ], [ -5.713273, 56.233612 ], [ -5.713969, 56.233457 ], [ -5.714464, 56.233572 ], [ -5.714815, 56.234196 ], [ -5.715153, 56.234271 ], [ -5.715399, 56.234227 ], [ -5.715669, 56.234098 ], [ -5.715796, 56.23391 ], [ -5.715481, 56.233321 ], [ -5.715873, 56.233197 ], [ -5.716246, 56.233222 ], [ -5.716426, 56.233329 ], [ -5.716938, 56.233947 ], [ -5.718065, 56.23408 ], [ -5.718851, 56.233948 ], [ -5.718992, 56.233571 ], [ -5.719195, 56.233502 ], [ -5.719878, 56.233468 ], [ -5.720654, 56.233557 ], [ -5.722149, 56.233327 ], [ -5.723001, 56.233122 ], [ -5.723504, 56.232815 ], [ -5.724108, 56.232715 ], [ -5.724824, 56.232451 ], [ -5.724507, 56.232339 ], [ -5.724728, 56.232207 ], [ -5.72464, 56.232052 ], [ -5.725011, 56.231798 ], [ -5.724821, 56.231664 ], [ -5.725082, 56.231693 ], [ -5.72529, 56.231592 ], [ -5.725289, 56.231336 ], [ -5.72494, 56.231234 ], [ -5.724956, 56.230981 ], [ -5.724384, 56.230904 ], [ -5.724401, 56.230666 ], [ -5.725071, 56.230501 ], [ -5.725108, 56.230303 ], [ -5.72524, 56.230249 ], [ -5.726085, 56.230143 ], [ -5.72602, 56.229974 ], [ -5.726711, 56.229607 ], [ -5.726776, 56.229358 ], [ -5.726476, 56.229259 ], [ -5.727005, 56.229229 ], [ -5.728176, 56.228983 ], [ -5.728278, 56.228953 ], [ -5.728293, 56.228772 ], [ -5.727636, 56.228657 ], [ -5.726899, 56.22863 ], [ -5.727184, 56.228329 ], [ -5.726978, 56.228201 ], [ -5.725779, 56.228156 ], [ -5.72452, 56.228234 ], [ -5.724464, 56.228074 ], [ -5.724289, 56.228016 ], [ -5.723076, 56.227999 ], [ -5.723087, 56.22794 ], [ -5.723594, 56.227844 ], [ -5.724136, 56.227612 ], [ -5.724988, 56.226826 ], [ -5.724892, 56.226748 ], [ -5.723604, 56.226787 ], [ -5.723065, 56.22688 ], [ -5.722417, 56.226859 ], [ -5.722352, 56.226937 ], [ -5.722585, 56.227007 ], [ -5.72266, 56.227121 ], [ -5.722445, 56.227231 ], [ -5.722091, 56.227161 ], [ -5.721784, 56.226995 ], [ -5.721107, 56.227087 ], [ -5.720236, 56.22701 ], [ -5.719894, 56.227056 ], [ -5.719826, 56.227103 ], [ -5.719939, 56.22719 ], [ -5.71983, 56.227234 ], [ -5.719242, 56.227238 ], [ -5.719011, 56.227362 ], [ -5.718313, 56.227482 ], [ -5.718304, 56.227558 ], [ -5.718691, 56.227717 ], [ -5.718474, 56.227895 ], [ -5.717082, 56.228018 ], [ -5.71613, 56.22819 ], [ -5.715976, 56.228267 ], [ -5.715828, 56.228572 ], [ -5.715917, 56.229078 ], [ -5.715673, 56.229553 ], [ -5.715349, 56.229706 ], [ -5.715213, 56.229976 ], [ -5.714195, 56.230379 ], [ -5.713998, 56.230673 ], [ -5.713719, 56.230798 ], [ -5.713597, 56.232043 ], [ -5.71341, 56.232107 ], [ -5.712926, 56.231946 ], [ -5.712637, 56.231955 ], [ -5.712142, 56.231682 ], [ -5.712103, 56.231867 ], [ -5.71194, 56.23185 ], [ -5.71175, 56.23155 ], [ -5.711643, 56.231949 ], [ -5.711363, 56.23189 ], [ -5.710712, 56.23217 ], [ -5.710848, 56.232903 ], [ -5.710486, 56.233422 ], [ -5.710001, 56.233661 ], [ -5.710034, 56.233917 ], [ -5.709715, 56.233958 ], [ -5.709777, 56.2341 ], [ -5.709984, 56.234156 ], [ -5.709953, 56.234418 ], [ -5.709709, 56.234398 ], [ -5.709545, 56.234543 ], [ -5.709707, 56.234799 ], [ -5.710062, 56.234626 ], [ -5.710165, 56.234609 ], [ -5.710587, 56.235046 ] ] ], [ [ [ -5.780782, 56.238251 ], [ -5.780593, 56.238675 ], [ -5.780686, 56.238712 ], [ -5.781226, 56.238466 ], [ -5.781468, 56.238216 ], [ -5.781879, 56.237556 ], [ -5.781769, 56.237254 ], [ -5.782151, 56.236869 ], [ -5.782316, 56.237152 ], [ -5.782979, 56.23741 ], [ -5.782914, 56.23765 ], [ -5.783217, 56.237857 ], [ -5.783839, 56.237946 ], [ -5.784136, 56.237928 ], [ -5.784491, 56.237759 ], [ -5.785202, 56.237846 ], [ -5.786495, 56.237451 ], [ -5.786734, 56.237178 ], [ -5.787347, 56.236926 ], [ -5.788151, 56.236074 ], [ -5.788213, 56.235887 ], [ -5.788995, 56.235302 ], [ -5.788909, 56.23476 ], [ -5.789387, 56.234611 ], [ -5.789016, 56.234617 ], [ -5.789049, 56.234459 ], [ -5.789472, 56.234334 ], [ -5.790369, 56.233609 ], [ -5.790431, 56.233419 ], [ -5.790275, 56.233311 ], [ -5.790747, 56.23327 ], [ -5.791075, 56.233071 ], [ -5.79107, 56.232945 ], [ -5.790752, 56.232995 ], [ -5.791116, 56.23275 ], [ -5.790831, 56.232404 ], [ -5.790431, 56.232439 ], [ -5.790344, 56.232297 ], [ -5.789424, 56.232379 ], [ -5.788977, 56.232591 ], [ -5.788752, 56.232598 ], [ -5.787335, 56.23305 ], [ -5.786332, 56.233513 ], [ -5.78563, 56.233602 ], [ -5.784373, 56.234036 ], [ -5.783784, 56.234117 ], [ -5.783016, 56.234437 ], [ -5.782593, 56.234805 ], [ -5.782859, 56.234964 ], [ -5.782818, 56.235122 ], [ -5.782383, 56.235464 ], [ -5.782369, 56.23581 ], [ -5.782525, 56.235918 ], [ -5.782359, 56.23604 ], [ -5.782051, 56.236103 ], [ -5.781674, 56.235881 ], [ -5.781408, 56.235889 ], [ -5.781035, 56.23604 ], [ -5.780443, 56.236089 ], [ -5.779995, 56.236292 ], [ -5.780151, 56.236323 ], [ -5.779844, 56.236566 ], [ -5.779867, 56.236719 ], [ -5.780175, 56.236813 ], [ -5.780541, 56.236671 ], [ -5.78068, 56.236694 ], [ -5.779935, 56.237242 ], [ -5.779565, 56.238077 ], [ -5.779667, 56.238127 ], [ -5.780032, 56.238062 ], [ -5.780315, 56.237901 ], [ -5.780435, 56.238054 ], [ -5.780682, 56.23802 ], [ -5.780498, 56.238282 ], [ -5.780782, 56.238251 ] ] ], [ [ [ -5.718714, 56.239186 ], [ -5.718175, 56.239458 ], [ -5.719126, 56.240023 ], [ -5.719519, 56.240083 ], [ -5.720158, 56.240005 ], [ -5.720505, 56.239837 ], [ -5.720793, 56.239811 ], [ -5.721285, 56.239396 ], [ -5.721191, 56.239255 ], [ -5.720744, 56.239147 ], [ -5.721254, 56.239078 ], [ -5.721357, 56.238805 ], [ -5.721255, 56.238749 ], [ -5.720836, 56.238843 ], [ -5.720655, 56.238812 ], [ -5.721283, 56.238627 ], [ -5.721461, 56.238383 ], [ -5.721183, 56.238342 ], [ -5.721186, 56.238288 ], [ -5.721624, 56.238226 ], [ -5.72184, 56.237958 ], [ -5.722632, 56.237723 ], [ -5.722665, 56.237646 ], [ -5.722479, 56.237553 ], [ -5.723923, 56.237046 ], [ -5.723834, 56.236963 ], [ -5.723311, 56.236979 ], [ -5.723397, 56.236788 ], [ -5.723255, 56.236405 ], [ -5.722436, 56.235868 ], [ -5.722229, 56.235816 ], [ -5.721496, 56.23591 ], [ -5.720603, 56.235865 ], [ -5.720595, 56.235784 ], [ -5.720991, 56.235538 ], [ -5.720891, 56.235335 ], [ -5.721308, 56.235223 ], [ -5.721348, 56.235141 ], [ -5.721128, 56.234954 ], [ -5.720507, 56.23487 ], [ -5.720183, 56.234614 ], [ -5.719904, 56.234559 ], [ -5.719513, 56.234697 ], [ -5.717961, 56.234919 ], [ -5.717635, 56.235136 ], [ -5.717706, 56.235291 ], [ -5.717179, 56.235761 ], [ -5.716943, 56.235826 ], [ -5.716673, 56.235623 ], [ -5.71637, 56.235749 ], [ -5.716212, 56.235952 ], [ -5.71637, 56.236167 ], [ -5.716607, 56.236273 ], [ -5.716627, 56.236731 ], [ -5.716875, 56.236876 ], [ -5.716685, 56.23708 ], [ -5.71647, 56.237109 ], [ -5.716601, 56.237298 ], [ -5.716345, 56.2374 ], [ -5.71621, 56.237845 ], [ -5.716796, 56.238308 ], [ -5.717477, 56.238422 ], [ -5.717701, 56.238564 ], [ -5.718074, 56.239083 ], [ -5.717885, 56.239296 ], [ -5.718714, 56.239186 ] ] ], [ [ [ -5.722021, 56.2094 ], [ -5.721858, 56.209711 ], [ -5.722168, 56.209746 ], [ -5.722876, 56.209563 ], [ -5.723822, 56.209004 ], [ -5.723851, 56.208882 ], [ -5.723648, 56.208789 ], [ -5.723162, 56.208849 ], [ -5.722514, 56.209071 ], [ -5.722199, 56.208981 ], [ -5.722156, 56.208879 ], [ -5.721927, 56.208878 ], [ -5.721994, 56.208619 ], [ -5.721895, 56.208347 ], [ -5.722301, 56.208038 ], [ -5.723306, 56.207761 ], [ -5.723896, 56.207437 ], [ -5.724018, 56.207195 ], [ -5.723755, 56.207064 ], [ -5.724474, 56.206741 ], [ -5.724685, 56.206505 ], [ -5.724642, 56.206399 ], [ -5.724407, 56.206469 ], [ -5.72439, 56.206209 ], [ -5.724132, 56.206131 ], [ -5.724755, 56.206063 ], [ -5.724522, 56.205993 ], [ -5.724538, 56.205822 ], [ -5.724259, 56.205862 ], [ -5.72411, 56.205565 ], [ -5.724456, 56.205564 ], [ -5.724351, 56.205144 ], [ -5.724112, 56.205174 ], [ -5.723982, 56.204998 ], [ -5.723506, 56.205075 ], [ -5.723484, 56.205022 ], [ -5.723105, 56.205016 ], [ -5.723005, 56.205068 ], [ -5.723056, 56.205183 ], [ -5.722537, 56.205069 ], [ -5.72218, 56.205214 ], [ -5.721829, 56.205256 ], [ -5.721487, 56.205635 ], [ -5.721275, 56.205615 ], [ -5.720988, 56.205727 ], [ -5.720591, 56.206049 ], [ -5.72038, 56.206033 ], [ -5.720105, 56.20627 ], [ -5.719748, 56.206023 ], [ -5.719265, 56.206597 ], [ -5.719326, 56.207063 ], [ -5.71918, 56.20713 ], [ -5.719218, 56.207363 ], [ -5.719469, 56.207863 ], [ -5.719641, 56.207808 ], [ -5.719575, 56.208215 ], [ -5.719432, 56.20848 ], [ -5.718852, 56.208911 ], [ -5.71935, 56.209049 ], [ -5.719426, 56.209173 ], [ -5.71982, 56.209237 ], [ -5.719938, 56.209373 ], [ -5.720127, 56.209417 ], [ -5.720864, 56.209273 ], [ -5.721461, 56.209026 ], [ -5.72187, 56.209081 ], [ -5.722021, 56.2094 ] ] ], [ [ [ -5.742412, 56.251459 ], [ -5.742939, 56.251721 ], [ -5.743136, 56.251675 ], [ -5.743362, 56.251425 ], [ -5.743433, 56.251571 ], [ -5.743781, 56.251579 ], [ -5.745347, 56.251082 ], [ -5.744902, 56.250987 ], [ -5.744571, 56.25066 ], [ -5.745455, 56.250858 ], [ -5.746093, 56.250861 ], [ -5.747258, 56.250224 ], [ -5.747683, 56.249613 ], [ -5.747781, 56.249133 ], [ -5.747232, 56.248642 ], [ -5.747647, 56.248913 ], [ -5.747827, 56.248943 ], [ -5.748083, 56.248751 ], [ -5.748269, 56.248336 ], [ -5.748061, 56.247533 ], [ -5.747604, 56.247322 ], [ -5.74728, 56.247233 ], [ -5.746731, 56.247232 ], [ -5.746518, 56.247283 ], [ -5.746332, 56.247523 ], [ -5.746051, 56.24763 ], [ -5.74592, 56.247859 ], [ -5.745986, 56.248113 ], [ -5.746403, 56.248501 ], [ -5.74577, 56.2483 ], [ -5.745471, 56.248471 ], [ -5.74526, 56.248288 ], [ -5.74482, 56.248328 ], [ -5.744448, 56.248654 ], [ -5.744382, 56.249057 ], [ -5.743711, 56.249216 ], [ -5.743405, 56.249392 ], [ -5.743303, 56.249997 ], [ -5.743804, 56.250247 ], [ -5.743967, 56.250431 ], [ -5.743825, 56.250458 ], [ -5.743398, 56.250228 ], [ -5.743227, 56.250206 ], [ -5.742969, 56.250295 ], [ -5.74222, 56.250974 ], [ -5.742412, 56.251459 ] ] ], [ [ [ -5.92067, 55.96667 ], [ -5.920881, 55.966767 ], [ -5.920957, 55.966566 ], [ -5.921521, 55.96644 ], [ -5.921727, 55.966254 ], [ -5.921418, 55.965661 ], [ -5.921281, 55.96415 ], [ -5.921044, 55.964104 ], [ -5.921004, 55.963943 ], [ -5.920869, 55.963961 ], [ -5.920811, 55.963864 ], [ -5.920348, 55.964122 ], [ -5.920331, 55.963951 ], [ -5.919277, 55.963751 ], [ -5.918806, 55.964328 ], [ -5.918315, 55.965257 ], [ -5.918526, 55.965286 ], [ -5.918738, 55.965081 ], [ -5.918779, 55.964779 ], [ -5.919056, 55.964581 ], [ -5.919208, 55.964581 ], [ -5.91884, 55.965217 ], [ -5.918981, 55.965262 ], [ -5.91968, 55.965119 ], [ -5.919853, 55.965172 ], [ -5.919915, 55.965466 ], [ -5.920123, 55.965455 ], [ -5.920177, 55.965521 ], [ -5.920032, 55.965908 ], [ -5.920154, 55.965998 ], [ -5.920098, 55.966319 ], [ -5.920255, 55.966364 ], [ -5.920485, 55.966181 ], [ -5.920699, 55.966161 ], [ -5.920552, 55.966291 ], [ -5.92067, 55.96667 ] ] ], [ [ [ -5.911711, 55.970507 ], [ -5.911843, 55.970552 ], [ -5.912221, 55.970243 ], [ -5.911938, 55.970064 ], [ -5.912081, 55.969965 ], [ -5.912744, 55.969782 ], [ -5.913337, 55.969466 ], [ -5.913721, 55.969135 ], [ -5.914074, 55.968588 ], [ -5.913947, 55.968125 ], [ -5.913844, 55.968056 ], [ -5.913677, 55.96807 ], [ -5.913706, 55.967957 ], [ -5.913586, 55.967885 ], [ -5.912992, 55.968115 ], [ -5.912654, 55.968499 ], [ -5.912689, 55.96821 ], [ -5.912425, 55.96829 ], [ -5.911266, 55.96968 ], [ -5.911377, 55.969906 ], [ -5.91108, 55.970221 ], [ -5.911361, 55.97014 ], [ -5.911354, 55.970307 ], [ -5.911763, 55.970236 ], [ -5.911711, 55.970507 ] ] ], [ [ [ -5.743762, 56.145639 ], [ -5.7441, 56.145809 ], [ -5.744803, 56.145666 ], [ -5.745317, 56.145484 ], [ -5.745641, 56.145254 ], [ -5.745816, 56.144902 ], [ -5.745774, 56.144634 ], [ -5.745491, 56.144539 ], [ -5.74525, 56.144299 ], [ -5.74482, 56.144272 ], [ -5.744414, 56.144397 ], [ -5.744098, 56.144298 ], [ -5.743702, 56.14436 ], [ -5.743495, 56.144474 ], [ -5.74305, 56.144946 ], [ -5.74339, 56.1453 ], [ -5.74335, 56.145548 ], [ -5.743595, 56.145667 ], [ -5.743762, 56.145639 ] ] ], [ [ [ -5.793421, 56.231002 ], [ -5.793361, 56.23113 ], [ -5.792971, 56.231353 ], [ -5.793222, 56.231764 ], [ -5.793796, 56.231692 ], [ -5.795039, 56.231043 ], [ -5.795292, 56.230824 ], [ -5.795429, 56.2305 ], [ -5.795159, 56.230464 ], [ -5.794556, 56.230644 ], [ -5.794555, 56.230559 ], [ -5.795174, 56.230121 ], [ -5.795201, 56.22999 ], [ -5.794372, 56.22993 ], [ -5.792676, 56.230657 ], [ -5.792663, 56.23085 ], [ -5.792353, 56.231062 ], [ -5.792448, 56.231118 ], [ -5.793143, 56.230969 ], [ -5.793421, 56.231002 ] ] ], [ [ [ -5.801105, 56.220425 ], [ -5.802324, 56.220365 ], [ -5.802675, 56.220194 ], [ -5.803224, 56.220064 ], [ -5.803661, 56.219817 ], [ -5.804407, 56.219117 ], [ -5.804488, 56.218847 ], [ -5.804065, 56.218859 ], [ -5.802387, 56.219491 ], [ -5.801671, 56.219956 ], [ -5.801005, 56.220252 ], [ -5.801105, 56.220425 ] ] ], [ [ [ -5.803852, 56.217395 ], [ -5.801776, 56.218327 ], [ -5.801606, 56.218505 ], [ -5.801702, 56.218626 ], [ -5.802671, 56.218696 ], [ -5.803442, 56.218519 ], [ -5.803865, 56.218201 ], [ -5.804257, 56.217608 ], [ -5.804269, 56.217405 ], [ -5.803852, 56.217395 ] ] ], [ [ [ -5.729864, 56.145916 ], [ -5.729723, 56.146037 ], [ -5.729763, 56.146202 ], [ -5.729852, 56.146285 ], [ -5.730118, 56.146295 ], [ -5.730566, 56.145679 ], [ -5.730278, 56.145364 ], [ -5.730274, 56.145162 ], [ -5.730143, 56.145143 ], [ -5.72996, 56.145329 ], [ -5.730031, 56.145061 ], [ -5.729457, 56.144872 ], [ -5.729135, 56.144877 ], [ -5.728764, 56.145041 ], [ -5.728486, 56.145328 ], [ -5.728804, 56.145611 ], [ -5.728722, 56.145847 ], [ -5.729031, 56.146049 ], [ -5.729864, 56.145916 ] ] ], [ [ [ -5.686937, 56.201906 ], [ -5.687066, 56.20174 ], [ -5.686546, 56.201284 ], [ -5.686298, 56.201215 ], [ -5.685485, 56.201149 ], [ -5.685097, 56.201304 ], [ -5.684665, 56.201174 ], [ -5.684341, 56.201327 ], [ -5.684297, 56.20154 ], [ -5.684521, 56.201605 ], [ -5.685011, 56.201671 ], [ -5.685374, 56.201584 ], [ -5.685686, 56.201651 ], [ -5.685964, 56.20185 ], [ -5.686937, 56.201906 ] ] ], [ [ [ -5.999416, 55.97352 ], [ -5.999651, 55.973701 ], [ -6.000012, 55.97355 ], [ -6.000176, 55.972965 ], [ -6.000034, 55.972906 ], [ -5.999723, 55.973078 ], [ -5.999695, 55.97289 ], [ -5.99909, 55.972699 ], [ -5.998864, 55.972765 ], [ -5.998626, 55.973092 ], [ -5.998542, 55.973445 ], [ -5.998623, 55.973532 ], [ -5.998957, 55.97358 ], [ -5.999416, 55.97352 ] ] ], [ [ [ -5.985773, 55.968814 ], [ -5.986016, 55.968838 ], [ -5.986348, 55.968566 ], [ -5.986667, 55.967926 ], [ -5.986352, 55.968054 ], [ -5.986303, 55.96774 ], [ -5.985818, 55.967779 ], [ -5.985395, 55.96795 ], [ -5.985249, 55.968404 ], [ -5.984992, 55.96848 ], [ -5.985226, 55.968567 ], [ -5.985324, 55.968739 ], [ -5.985462, 55.968761 ], [ -5.985697, 55.968623 ], [ -5.985773, 55.968814 ] ] ], [ [ [ -5.984141, 55.966673 ], [ -5.98439, 55.96675 ], [ -5.984639, 55.966679 ], [ -5.985063, 55.966364 ], [ -5.985121, 55.966146 ], [ -5.985846, 55.965948 ], [ -5.985847, 55.965723 ], [ -5.98536, 55.965428 ], [ -5.984995, 55.965544 ], [ -5.984141, 55.966673 ] ] ], [ [ [ -5.718917, 56.225643 ], [ -5.718633, 56.226042 ], [ -5.719104, 56.226316 ], [ -5.719397, 56.226343 ], [ -5.719971, 56.226024 ], [ -5.719951, 56.225895 ], [ -5.720336, 56.225789 ], [ -5.720411, 56.225647 ], [ -5.720135, 56.225628 ], [ -5.720422, 56.225431 ], [ -5.720208, 56.225392 ], [ -5.719884, 56.225546 ], [ -5.719531, 56.225476 ], [ -5.719139, 56.225519 ], [ -5.718917, 56.225643 ] ] ], [ [ [ -5.91748, 55.966439 ], [ -5.916704, 55.967399 ], [ -5.916936, 55.967553 ], [ -5.918077, 55.967189 ], [ -5.91795, 55.966487 ], [ -5.917758, 55.966412 ], [ -5.91748, 55.966439 ] ] ], [ [ [ -5.969355, 56.022533 ], [ -5.97025, 56.02249 ], [ -5.970572, 56.022341 ], [ -5.970728, 56.022142 ], [ -5.971169, 56.02206 ], [ -5.971715, 56.021823 ], [ -5.971521, 56.021734 ], [ -5.971524, 56.021604 ], [ -5.970859, 56.022008 ], [ -5.970445, 56.022043 ], [ -5.970277, 56.02213 ], [ -5.969918, 56.022155 ], [ -5.969681, 56.022032 ], [ -5.969617, 56.021962 ], [ -5.969809, 56.021799 ], [ -5.968998, 56.022027 ], [ -5.969039, 56.022345 ], [ -5.969355, 56.022533 ] ] ], [ [ [ -5.979744, 55.954544 ], [ -5.979821, 55.954677 ], [ -5.980194, 55.954791 ], [ -5.98031, 55.954755 ], [ -5.980673, 55.954388 ], [ -5.981044, 55.953554 ], [ -5.980573, 55.953807 ], [ -5.980638, 55.953971 ], [ -5.98042, 55.954028 ], [ -5.980304, 55.954225 ], [ -5.980143, 55.953983 ], [ -5.979478, 55.954148 ], [ -5.979321, 55.954405 ], [ -5.979385, 55.954569 ], [ -5.979744, 55.954544 ] ] ], [ [ [ -5.775744, 56.119398 ], [ -5.776591, 56.119259 ], [ -5.776821, 56.118812 ], [ -5.776416, 56.118707 ], [ -5.776516, 56.118407 ], [ -5.77641, 56.118393 ], [ -5.775693, 56.118801 ], [ -5.775349, 56.119149 ], [ -5.77528, 56.119263 ], [ -5.77542, 56.119385 ], [ -5.775744, 56.119398 ] ] ], [ [ [ -5.71165, 56.207994 ], [ -5.711497, 56.208158 ], [ -5.711846, 56.208271 ], [ -5.711959, 56.208498 ], [ -5.712381, 56.208544 ], [ -5.712576, 56.208493 ], [ -5.712636, 56.208407 ], [ -5.712451, 56.208202 ], [ -5.71276, 56.20789 ], [ -5.712503, 56.207622 ], [ -5.712576, 56.207336 ], [ -5.712345, 56.207318 ], [ -5.71215, 56.207394 ], [ -5.712032, 56.207857 ], [ -5.711887, 56.207972 ], [ -5.71165, 56.207994 ] ] ], [ [ [ -5.794609, 56.231748 ], [ -5.793036, 56.232332 ], [ -5.79305, 56.23248 ], [ -5.793691, 56.232505 ], [ -5.794073, 56.232295 ], [ -5.794632, 56.232152 ], [ -5.794986, 56.231809 ], [ -5.794841, 56.231728 ], [ -5.794609, 56.231748 ] ] ], [ [ [ -6.00263, 55.983587 ], [ -6.002211, 55.984036 ], [ -6.002618, 55.984635 ], [ -6.003264, 55.983512 ], [ -6.003121, 55.983368 ], [ -6.00263, 55.983587 ] ] ], [ [ [ -5.80189, 56.220899 ], [ -5.801377, 56.22111 ], [ -5.801167, 56.221325 ], [ -5.801216, 56.221438 ], [ -5.801474, 56.221537 ], [ -5.801819, 56.221539 ], [ -5.802041, 56.221457 ], [ -5.802543, 56.221091 ], [ -5.802594, 56.220977 ], [ -5.802353, 56.220838 ], [ -5.80189, 56.220899 ] ] ], [ [ [ -5.936051, 55.960325 ], [ -5.935473, 55.96095 ], [ -5.935202, 55.961593 ], [ -5.935697, 55.961415 ], [ -5.936108, 55.960885 ], [ -5.936117, 55.960732 ], [ -5.936343, 55.960599 ], [ -5.936363, 55.9604 ], [ -5.936051, 55.960325 ] ] ], [ [ [ -5.786448, 56.23069 ], [ -5.786032, 56.230887 ], [ -5.785865, 56.231153 ], [ -5.786526, 56.231066 ], [ -5.787068, 56.230748 ], [ -5.787599, 56.23057 ], [ -5.787955, 56.230257 ], [ -5.787072, 56.230469 ], [ -5.786672, 56.23067 ], [ -5.786448, 56.23069 ] ] ], [ [ [ -5.815299, 56.216526 ], [ -5.815068, 56.216703 ], [ -5.814847, 56.216988 ], [ -5.814941, 56.217119 ], [ -5.815884, 56.216749 ], [ -5.816368, 56.216322 ], [ -5.816104, 56.216297 ], [ -5.815299, 56.216526 ] ] ], [ [ [ -5.675333, 56.192411 ], [ -5.675619, 56.192285 ], [ -5.675706, 56.192346 ], [ -5.675766, 56.192218 ], [ -5.675709, 56.191195 ], [ -5.675558, 56.191226 ], [ -5.675636, 56.191444 ], [ -5.675551, 56.191402 ], [ -5.675307, 56.191463 ], [ -5.675143, 56.191607 ], [ -5.67525, 56.191712 ], [ -5.675123, 56.191981 ], [ -5.675333, 56.192411 ] ] ], [ [ [ -5.787947, 56.108629 ], [ -5.787185, 56.108971 ], [ -5.787158, 56.109107 ], [ -5.787537, 56.109203 ], [ -5.787489, 56.109362 ], [ -5.788101, 56.109294 ], [ -5.788287, 56.10914 ], [ -5.788086, 56.108647 ], [ -5.787947, 56.108629 ] ] ], [ [ [ -5.810353, 56.215255 ], [ -5.810111, 56.215552 ], [ -5.809422, 56.215848 ], [ -5.809413, 56.216001 ], [ -5.809803, 56.215917 ], [ -5.810931, 56.215349 ], [ -5.811003, 56.215107 ], [ -5.810828, 56.215058 ], [ -5.810353, 56.215255 ] ] ], [ [ [ -5.812928, 56.213913 ], [ -5.811885, 56.214531 ], [ -5.811762, 56.214706 ], [ -5.812086, 56.214716 ], [ -5.812786, 56.214343 ], [ -5.813244, 56.213869 ], [ -5.812928, 56.213913 ] ] ], [ [ [ -5.978412, 55.955855 ], [ -5.978255, 55.956045 ], [ -5.978285, 55.956188 ], [ -5.977994, 55.956391 ], [ -5.978112, 55.956531 ], [ -5.978274, 55.956548 ], [ -5.978544, 55.956517 ], [ -5.978743, 55.956348 ], [ -5.978881, 55.955746 ], [ -5.978412, 55.955855 ] ] ], [ [ [ -5.9813, 55.952925 ], [ -5.981397, 55.953012 ], [ -5.981316, 55.952843 ], [ -5.981558, 55.95239 ], [ -5.981044, 55.952151 ], [ -5.980834, 55.952211 ], [ -5.980686, 55.952482 ], [ -5.980999, 55.952723 ], [ -5.981075, 55.952914 ], [ -5.9813, 55.952925 ] ] ], [ [ [ -5.939304, 55.959677 ], [ -5.939009, 55.959857 ], [ -5.938802, 55.960264 ], [ -5.939007, 55.960383 ], [ -5.939412, 55.960267 ], [ -5.939645, 55.959877 ], [ -5.939514, 55.959697 ], [ -5.939304, 55.959677 ] ] ], [ [ [ -5.990908, 55.999799 ], [ -5.990937, 55.999929 ], [ -5.991171, 55.999939 ], [ -5.991343, 55.999659 ], [ -5.991608, 55.999507 ], [ -5.991865, 55.999512 ], [ -5.992131, 55.999364 ], [ -5.992073, 55.999271 ], [ -5.991435, 55.999229 ], [ -5.991264, 55.99928 ], [ -5.990908, 55.999799 ] ] ], [ [ [ -5.745933, 56.145277 ], [ -5.745593, 56.145422 ], [ -5.745457, 56.145601 ], [ -5.745756, 56.145776 ], [ -5.746312, 56.145692 ], [ -5.746453, 56.145571 ], [ -5.746337, 56.145291 ], [ -5.745933, 56.145277 ] ] ], [ [ [ -5.741683, 56.178904 ], [ -5.742167, 56.178822 ], [ -5.741988, 56.178724 ], [ -5.742262, 56.178639 ], [ -5.741595, 56.178246 ], [ -5.741382, 56.178545 ], [ -5.741462, 56.178861 ], [ -5.741683, 56.178904 ] ] ], [ [ [ -5.785151, 56.109973 ], [ -5.785042, 56.110417 ], [ -5.785311, 56.110625 ], [ -5.785695, 56.110438 ], [ -5.785806, 56.110255 ], [ -5.785605, 56.110013 ], [ -5.785151, 56.109973 ] ] ], [ [ [ -5.999654, 55.990563 ], [ -5.999348, 55.991018 ], [ -5.999324, 55.991414 ], [ -5.999721, 55.991136 ], [ -5.999971, 55.990687 ], [ -5.999913, 55.990586 ], [ -5.999654, 55.990563 ] ] ], [ [ [ -5.743666, 56.178651 ], [ -5.743673, 56.178808 ], [ -5.743851, 56.178892 ], [ -5.744049, 56.178608 ], [ -5.743751, 56.178369 ], [ -5.744074, 56.178369 ], [ -5.744155, 56.178294 ], [ -5.743554, 56.17816 ], [ -5.743445, 56.178374 ], [ -5.743528, 56.178641 ], [ -5.743666, 56.178651 ] ] ], [ [ [ -5.878024, 56.07155 ], [ -5.877652, 56.071773 ], [ -5.877721, 56.071816 ], [ -5.877402, 56.072244 ], [ -5.877697, 56.072141 ], [ -5.878344, 56.071702 ], [ -5.878168, 56.071546 ], [ -5.878024, 56.07155 ] ] ], [ [ [ -5.815342, 56.212249 ], [ -5.815096, 56.212478 ], [ -5.815559, 56.212427 ], [ -5.815906, 56.212288 ], [ -5.816108, 56.212066 ], [ -5.816004, 56.21196 ], [ -5.815342, 56.212249 ] ] ], [ [ [ -5.81385, 56.213234 ], [ -5.813668, 56.213623 ], [ -5.813755, 56.213634 ], [ -5.814323, 56.213314 ], [ -5.814214, 56.213167 ], [ -5.814019, 56.213148 ], [ -5.81385, 56.213234 ] ] ], [ [ [ -5.818791, 56.215814 ], [ -5.818708, 56.215956 ], [ -5.819099, 56.215977 ], [ -5.819283, 56.215905 ], [ -5.819452, 56.21569 ], [ -5.819424, 56.215571 ], [ -5.818791, 56.215814 ] ] ], [ [ [ -5.863718, 56.078321 ], [ -5.863587, 56.078779 ], [ -5.8641, 56.078521 ], [ -5.864013, 56.078456 ], [ -5.864113, 56.078169 ], [ -5.863718, 56.078321 ] ] ], [ [ [ -5.946932, 55.957535 ], [ -5.947157, 55.957536 ], [ -5.947278, 55.957303 ], [ -5.947, 55.957096 ], [ -5.946748, 55.957379 ], [ -5.946932, 55.957535 ] ] ], [ [ [ -5.790229, 56.110879 ], [ -5.78994, 56.11122 ], [ -5.79015, 56.111223 ], [ -5.79028, 56.111403 ], [ -5.790418, 56.111331 ], [ -5.790476, 56.110853 ], [ -5.790229, 56.110879 ] ] ], [ [ [ -5.946448, 55.958369 ], [ -5.946538, 55.95846 ], [ -5.946978, 55.957978 ], [ -5.946869, 55.957775 ], [ -5.946448, 55.958369 ] ] ], [ [ [ -5.799885, 56.220821 ], [ -5.799725, 56.220994 ], [ -5.799862, 56.221042 ], [ -5.800102, 56.220957 ], [ -5.800706, 56.220596 ], [ -5.799885, 56.220821 ] ] ], [ [ [ -5.951189, 55.962092 ], [ -5.950964, 55.96241 ], [ -5.950988, 55.962562 ], [ -5.951161, 55.962529 ], [ -5.951518, 55.962181 ], [ -5.951189, 55.962092 ] ] ], [ [ [ -5.797116, 56.229092 ], [ -5.797385, 56.22936 ], [ -5.797594, 56.229312 ], [ -5.797668, 56.22919 ], [ -5.797554, 56.229092 ], [ -5.797227, 56.22901 ], [ -5.797116, 56.229092 ] ] ], [ [ [ -5.797588, 56.228609 ], [ -5.797334, 56.228791 ], [ -5.797507, 56.228906 ], [ -5.797853, 56.22875 ], [ -5.797793, 56.22862 ], [ -5.797588, 56.228609 ] ] ], [ [ [ -5.769233, 56.122438 ], [ -5.769154, 56.122625 ], [ -5.769547, 56.122446 ], [ -5.769642, 56.122259 ], [ -5.769561, 56.122253 ], [ -5.769233, 56.122438 ] ] ], [ [ [ -5.674664, 56.192265 ], [ -5.674684, 56.192448 ], [ -5.674861, 56.192528 ], [ -5.675032, 56.192465 ], [ -5.674957, 56.192273 ], [ -5.674664, 56.192265 ] ] ], [ [ [ -5.804906, 56.22132 ], [ -5.805049, 56.221374 ], [ -5.805189, 56.221324 ], [ -5.805121, 56.221205 ], [ -5.804906, 56.22132 ] ] ], [ [ [ -5.815134, 56.215924 ], [ -5.815283, 56.215955 ], [ -5.815389, 56.215804 ], [ -5.815134, 56.215924 ] ] ] ] } },
{ "type": "Feature", "properties": { "NAME": "20. Monadhliath" }, "geometry": { "type": "MultiPolygon", "coordinates": [ [ [ [ -4.412656, 57.146999 ], [ -4.342034, 57.121575 ], [ -4.33491, 57.104006 ], [ -4.335925, 57.087397 ], [ -4.372215, 57.056647 ], [ -4.355574, 57.036023 ], [ -4.263307, 57.04096 ], [ -4.238705, 57.052846 ], [ -4.206926, 57.06896 ], [ -4.191727, 57.089483 ], [ -4.199223, 57.100972 ], [ -4.176391, 57.110881 ], [ -4.168011, 57.113975 ], [ -4.1454, 57.115364 ], [ -4.114931, 57.111932 ], [ -4.101489, 57.103725 ], [ -4.092777, 57.107389 ], [ -4.092814, 57.119016 ], [ -4.051069, 57.141636 ], [ -4.02838, 57.148943 ], [ -4.003797, 57.154422 ], [ -3.984651, 57.175359 ], [ -3.969037, 57.178992 ], [ -3.938045, 57.178903 ], [ -3.92507, 57.1877 ], [ -3.908008, 57.206258 ], [ -3.962515, 57.234796 ], [ -3.971855, 57.245492 ], [ -3.987445, 57.254939 ], [ -4.053398, 57.269862 ], [ -4.08179, 57.253514 ], [ -4.092293, 57.238049 ], [ -4.099895, 57.233343 ], [ -4.126503, 57.232515 ], [ -4.135956, 57.229218 ], [ -4.154859, 57.218126 ], [ -4.166125, 57.214248 ], [ -4.177733, 57.212623 ], [ -4.185023, 57.207704 ], [ -4.19992, 57.201812 ], [ -4.213806, 57.193803 ], [ -4.224169, 57.190781 ], [ -4.295893, 57.185591 ], [ -4.316776, 57.187506 ], [ -4.339741, 57.178215 ], [ -4.345883, 57.170115 ], [ -4.412656, 57.146999 ] ] ] ] } },
{ "type": "Feature", "properties": { "NAME": "35. Ben Klibreck -  Armine Forest" }, "geometry": { "type": "MultiPolygon", "coordinates": [ [ [ [ -4.320485, 58.309244 ], [ -4.353577, 58.295465 ], [ -4.386438, 58.284614 ], [ -4.400995, 58.272332 ], [ -4.433545, 58.275038 ], [ -4.445245, 58.267594 ], [ -4.451803, 58.261196 ], [ -4.462802, 58.25627 ], [ -4.474283, 58.244946 ], [ -4.477365, 58.238639 ], [ -4.490459, 58.223614 ], [ -4.494193, 58.217995 ], [ -4.496935, 58.20963 ], [ -4.470892, 58.208233 ], [ -4.46628, 58.206704 ], [ -4.400803, 58.162799 ], [ -4.378541, 58.147433 ], [ -4.373471, 58.141536 ], [ -4.357446, 58.138487 ], [ -4.346662, 58.131091 ], [ -4.28399, 58.113353 ], [ -4.204885, 58.072283 ], [ -4.169186, 58.070421 ], [ -4.161405, 58.075213 ], [ -4.15519, 58.082261 ], [ -4.148899, 58.088167 ], [ -4.148545, 58.0904 ], [ -4.144199, 58.092853 ], [ -4.139583, 58.121224 ], [ -4.120678, 58.135803 ], [ -4.090424, 58.132896 ], [ -4.080356, 58.125539 ], [ -4.005401, 58.099734 ], [ -3.969482, 58.09718 ], [ -3.931032, 58.143597 ], [ -3.948902, 58.148248 ], [ -3.918163, 58.171059 ], [ -3.930408, 58.184469 ], [ -3.955369, 58.194296 ], [ -3.987543, 58.195192 ], [ -4.035834, 58.202036 ], [ -4.036135, 58.207262 ], [ -4.01181, 58.216775 ], [ -3.994711, 58.214997 ], [ -3.949975, 58.228721 ], [ -3.960128, 58.242462 ], [ -3.96861, 58.252015 ], [ -3.987451, 58.258037 ], [ -4.022626, 58.259305 ], [ -4.032843, 58.263221 ], [ -4.042913, 58.263316 ], [ -4.067107, 58.267303 ], [ -4.079846, 58.268928 ], [ -4.123322, 58.286627 ], [ -4.131069, 58.285392 ], [ -4.139771, 58.288951 ], [ -4.149291, 58.285238 ], [ -4.164494, 58.276994 ], [ -4.198629, 58.270865 ], [ -4.208187, 58.27089 ], [ -4.215908, 58.267334 ], [ -4.234109, 58.266923 ], [ -4.278708, 58.300203 ], [ -4.296606, 58.311581 ], [ -4.320485, 58.309244 ] ] ] ] } },
{ "type": "Feature", "properties": { "NAME": "36. Causeymire -Knockfin Flows" }, "geometry": { "type": "MultiPolygon", "coordinates": [ [ [ [ -3.824553, 58.347109 ], [ -3.823424, 58.327333 ], [ -3.837741, 58.324562 ], [ -3.847216, 58.326136 ], [ -3.855394, 58.333907 ], [ -3.879107, 58.332512 ], [ -3.893601, 58.28238 ], [ -3.902556, 58.272926 ], [ -3.888086, 58.238344 ], [ -3.861478, 58.23836 ], [ -3.8548, 58.231234 ], [ -3.838013, 58.198763 ], [ -3.808803, 58.162201 ], [ -3.767882, 58.160727 ], [ -3.617388, 58.145104 ], [ -3.596329, 58.166632 ], [ -3.571449, 58.177103 ], [ -3.544694, 58.197905 ], [ -3.520099, 58.200819 ], [ -3.507226, 58.218796 ], [ -3.507984, 58.226348 ], [ -3.510541, 58.231262 ], [ -3.516872, 58.231755 ], [ -3.528326, 58.229667 ], [ -3.534092, 58.238207 ], [ -3.553491, 58.244762 ], [ -3.574146, 58.247033 ], [ -3.596765, 58.245422 ], [ -3.6028, 58.251333 ], [ -3.594904, 58.255479 ], [ -3.521861, 58.268923 ], [ -3.41405, 58.332086 ], [ -3.425389, 58.357917 ], [ -3.420575, 58.370086 ], [ -3.428767, 58.375886 ], [ -3.428752, 58.389275 ], [ -3.470296, 58.420319 ], [ -3.485209, 58.420934 ], [ -3.500542, 58.416793 ], [ -3.50796, 58.407969 ], [ -3.51214, 58.4083 ], [ -3.515148, 58.412256 ], [ -3.54358, 58.407925 ], [ -3.53847, 58.405513 ], [ -3.537529, 58.40058 ], [ -3.551666, 58.392603 ], [ -3.562054, 58.396006 ], [ -3.569007, 58.392854 ], [ -3.591657, 58.373874 ], [ -3.608702, 58.370713 ], [ -3.622155, 58.360709 ], [ -3.629363, 58.35562 ], [ -3.646776, 58.348933 ], [ -3.66011, 58.340697 ], [ -3.699828, 58.335364 ], [ -3.721716, 58.363802 ], [ -3.734468, 58.365723 ], [ -3.741869, 58.370602 ], [ -3.750336, 58.369763 ], [ -3.756701, 58.370342 ], [ -3.766276, 58.373724 ], [ -3.79346, 58.367418 ], [ -3.808449, 58.366921 ], [ -3.82325, 58.364391 ], [ -3.824553, 58.347109 ] ] ] ] } },
{ "type": "Feature", "properties": { "NAME": "39. East Halladale Flows" }, "geometry": { "type": "MultiPolygon", "coordinates": [ [ [ [ -3.80578, 58.540846 ], [ -3.887235, 58.505747 ], [ -3.894419, 58.472038 ], [ -3.887063, 58.441767 ], [ -3.855542, 58.436881 ], [ -3.834214, 58.431133 ], [ -3.801567, 58.425464 ], [ -3.797808, 58.424614 ], [ -3.797825, 58.417816 ], [ -3.792594, 58.41651 ], [ -3.794669, 58.401066 ], [ -3.784473, 58.394449 ], [ -3.773663, 58.390131 ], [ -3.764087, 58.393566 ], [ -3.750239, 58.403379 ], [ -3.74622, 58.409997 ], [ -3.747234, 58.416726 ], [ -3.697102, 58.41269 ], [ -3.673316, 58.407716 ], [ -3.651471, 58.405443 ], [ -3.623559, 58.420761 ], [ -3.61073, 58.438688 ], [ -3.606672, 58.44276 ], [ -3.613392, 58.448902 ], [ -3.617323, 58.461169 ], [ -3.625568, 58.464649 ], [ -3.624694, 58.468002 ], [ -3.627933, 58.469056 ], [ -3.636534, 58.469934 ], [ -3.640376, 58.46865 ], [ -3.646126, 58.477808 ], [ -3.654464, 58.478658 ], [ -3.656034, 58.48328 ], [ -3.680174, 58.496706 ], [ -3.697824, 58.491577 ], [ -3.702714, 58.491319 ], [ -3.704523, 58.48564 ], [ -3.712267, 58.480592 ], [ -3.731559, 58.479764 ], [ -3.721956, 58.491253 ], [ -3.726777, 58.498949 ], [ -3.734602, 58.502826 ], [ -3.733945, 58.505357 ], [ -3.743837, 58.507167 ], [ -3.751628, 58.504995 ], [ -3.765659, 58.515806 ], [ -3.776363, 58.53451 ], [ -3.783249, 58.537548 ], [ -3.80578, 58.540846 ] ] ] ] } },
{ "type": "Feature", "properties": { "NAME": "38. Ben Hope - Ben Loyal" }, "geometry": { "type": "MultiPolygon", "coordinates": [ [ [ [ -4.58606, 58.500698 ], [ -4.616168, 58.492046 ], [ -4.617177, 58.471375 ], [ -4.618904, 58.45326 ], [ -4.630948, 58.441804 ], [ -4.628326, 58.428984 ], [ -4.635587, 58.399908 ], [ -4.620407, 58.394917 ], [ -4.625282, 58.372849 ], [ -4.627339, 58.341755 ], [ -4.615661, 58.334552 ], [ -4.595048, 58.331499 ], [ -4.579207, 58.324911 ], [ -4.576938, 58.319575 ], [ -4.557195, 58.312973 ], [ -4.522725, 58.315704 ], [ -4.490901, 58.310789 ], [ -4.48537, 58.320557 ], [ -4.493675, 58.32553 ], [ -4.492171, 58.332407 ], [ -4.464225, 58.342909 ], [ -4.451604, 58.352611 ], [ -4.436669, 58.354911 ], [ -4.401421, 58.363753 ], [ -4.37459, 58.384319 ], [ -4.392465, 58.44258 ], [ -4.483024, 58.433359 ], [ -4.50199, 58.42612 ], [ -4.504801, 58.425461 ], [ -4.504756, 58.43056 ], [ -4.492645, 58.443847 ], [ -4.480111, 58.453497 ], [ -4.472355, 58.456786 ], [ -4.458101, 58.486922 ], [ -4.466235, 58.496183 ], [ -4.486586, 58.495001 ], [ -4.490408, 58.499408 ], [ -4.58606, 58.500698 ] ] ] ] } },
{ "type": "Feature", "properties": { "NAME": "32. Inverpolly - Glencanisp" }, "geometry": { "type": "MultiPolygon", "coordinates": [ [ [ [ -5.242919, 58.040983 ], [ -5.154703, 58.029913 ], [ -5.15574, 58.017826 ], [ -5.143153, 58.00945 ], [ -5.118555, 58.002826 ], [ -5.061126, 58.055318 ], [ -5.006379, 58.082162 ], [ -5.002566, 58.091239 ], [ -4.990555, 58.121195 ], [ -4.994694, 58.128213 ], [ -4.983612, 58.149893 ], [ -4.995627, 58.155608 ], [ -5.002983, 58.162782 ], [ -5.009343, 58.164559 ], [ -5.017386, 58.164163 ], [ -5.022481, 58.166675 ], [ -5.040011, 58.171249 ], [ -5.052729, 58.172453 ], [ -5.065919, 58.175737 ], [ -5.070044, 58.172141 ], [ -5.079885, 58.176398 ], [ -5.08115, 58.181717 ], [ -5.097419, 58.187031 ], [ -5.11729, 58.17605 ], [ -5.13265, 58.171766 ], [ -5.14431, 58.170835 ], [ -5.158854, 58.174972 ], [ -5.169521, 58.170039 ], [ -5.18363, 58.167122 ], [ -5.196627, 58.145014 ], [ -5.245242, 58.127804 ], [ -5.245683, 58.120753 ], [ -5.256199, 58.107656 ], [ -5.230966, 58.097155 ], [ -5.229879, 58.089192 ], [ -5.256006, 58.048734 ], [ -5.242919, 58.040983 ] ] ] ] } },
{ "type": "Feature", "properties": { "NAME": "01. Merrick" }, "geometry": { "type": "MultiPolygon", "coordinates": [ [ [ [ -4.522741, 55.214674 ], [ -4.540909, 55.200812 ], [ -4.534764, 55.187882 ], [ -4.532073, 55.169977 ], [ -4.513962, 55.1612 ], [ -4.526617, 55.137914 ], [ -4.525522, 55.125953 ], [ -4.506213, 55.117606 ], [ -4.472963, 55.121706 ], [ -4.462807, 55.121246 ], [ -4.470838, 55.102764 ], [ -4.445328, 55.077757 ], [ -4.411097, 55.076631 ], [ -4.405051, 55.100058 ], [ -4.393874, 55.118448 ], [ -4.406646, 55.135037 ], [ -4.40701, 55.156795 ], [ -4.438042, 55.194138 ], [ -4.474447, 55.184556 ], [ -4.492953, 55.198643 ], [ -4.489367, 55.2185 ], [ -4.522741, 55.214674 ] ] ] ] } },
{ "type": "Feature", "properties": { "NAME": "02. Talla- Hart fell" }, "geometry": { "type": "MultiPolygon", "coordinates": [ [ [ [ -3.383821, 55.376901 ], [ -3.37812, 55.377353 ], [ -3.338367, 55.39126 ], [ -3.329026, 55.411163 ], [ -3.317802, 55.418204 ], [ -3.292841, 55.430671 ], [ -3.266995, 55.43729 ], [ -3.244071, 55.447702 ], [ -3.226072, 55.466219 ], [ -3.216192, 55.487831 ], [ -3.251328, 55.491946 ], [ -3.274035, 55.486023 ], [ -3.276582, 55.482652 ], [ -3.283996, 55.483255 ], [ -3.29414, 55.47952 ], [ -3.298688, 55.471688 ], [ -3.386968, 55.454783 ], [ -3.413414, 55.445715 ], [ -3.464298, 55.44486 ], [ -3.45043, 55.43596 ], [ -3.460672, 55.422126 ], [ -3.460045, 55.406366 ], [ -3.443643, 55.400526 ], [ -3.413851, 55.382687 ], [ -3.383821, 55.376901 ] ] ] ] } },
{ "type": "Feature", "properties": { "NAME": "03. North Arran" }, "geometry": { "type": "MultiPolygon", "coordinates": [ [ [ [ -5.295224, 55.690048 ], [ -5.316165, 55.679489 ], [ -5.349994, 55.679238 ], [ -5.364787, 55.665046 ], [ -5.373403, 55.636075 ], [ -5.361712, 55.623837 ], [ -5.353196, 55.612922 ], [ -5.33154, 55.609184 ], [ -5.314143, 55.590246 ], [ -5.307413, 55.582146 ], [ -5.278619, 55.590124 ], [ -5.268358, 55.587951 ], [ -5.211764, 55.588446 ], [ -5.194835, 55.590502 ], [ -5.184932, 55.595332 ], [ -5.178119, 55.606159 ], [ -5.172825, 55.610795 ], [ -5.157979, 55.618509 ], [ -5.154255, 55.624504 ], [ -5.157619, 55.628697 ], [ -5.161245, 55.64453 ], [ -5.184223, 55.667586 ], [ -5.201769, 55.668647 ], [ -5.209754, 55.667491 ], [ -5.23933, 55.671094 ], [ -5.242369, 55.673204 ], [ -5.240128, 55.683667 ], [ -5.260545, 55.694256 ], [ -5.271688, 55.693228 ], [ -5.295224, 55.690048 ] ] ] ] } },
{ "type": "Feature", "properties": { "NAME": "16.  Lochnagar - Mount Keen" }, "geometry": { "type": "MultiPolygon", "coordinates": [ [ [ [ -3.367836, 56.872943 ], [ -3.411052, 56.856245 ], [ -3.40705, 56.842122 ], [ -3.41124, 56.835798 ], [ -3.371317, 56.830348 ], [ -3.352196, 56.846152 ], [ -3.308998, 56.833889 ], [ -3.290542, 56.829494 ], [ -3.307023, 56.809562 ], [ -3.29918, 56.795229 ], [ -3.261009, 56.813633 ], [ -3.245644, 56.824555 ], [ -3.229661, 56.83327 ], [ -3.214246, 56.835275 ], [ -3.193605, 56.830082 ], [ -3.191951, 56.838085 ], [ -3.196608, 56.848119 ], [ -3.207356, 56.847494 ], [ -3.222408, 56.851439 ], [ -3.243301, 56.858743 ], [ -3.231989, 56.866901 ], [ -3.247759, 56.872864 ], [ -3.253104, 56.881942 ], [ -3.239731, 56.88198 ], [ -3.209882, 56.877424 ], [ -3.196222, 56.884805 ], [ -3.171452, 56.896188 ], [ -3.164585, 56.893209 ], [ -3.146511, 56.874915 ], [ -3.134469, 56.870356 ], [ -3.117817, 56.862448 ], [ -3.066737, 56.845281 ], [ -2.983168, 56.820744 ], [ -2.947784, 56.802322 ], [ -2.906343, 56.813441 ], [ -2.910828, 56.82966 ], [ -2.881514, 56.848415 ], [ -2.86325, 56.869499 ], [ -2.898351, 56.885507 ], [ -2.935733, 56.893397 ], [ -2.956651, 56.889123 ], [ -2.962388, 56.902631 ], [ -2.973827, 56.915045 ], [ -2.964548, 56.92624 ], [ -2.940226, 56.932569 ], [ -2.91803, 56.928075 ], [ -2.897781, 56.933579 ], [ -2.876288, 56.944095 ], [ -2.867948, 56.948631 ], [ -2.848505, 56.972348 ], [ -2.845442, 56.994892 ], [ -2.842398, 57.003514 ], [ -2.872843, 57.03002 ], [ -2.933068, 57.037435 ], [ -2.95064, 57.035782 ], [ -2.963676, 57.023978 ], [ -2.986826, 57.02256 ], [ -3.002655, 57.018158 ], [ -3.002954, 57.003516 ], [ -3.052718, 56.975433 ], [ -3.079746, 56.976405 ], [ -3.094175, 56.96392 ], [ -3.122938, 56.94888 ], [ -3.151442, 56.942247 ], [ -3.160772, 56.945681 ], [ -3.156976, 56.969295 ], [ -3.175489, 57.013644 ], [ -3.204418, 57.008918 ], [ -3.211381, 57.012043 ], [ -3.256015, 56.997152 ], [ -3.288932, 57.007238 ], [ -3.330581, 56.982497 ], [ -3.372945, 56.995658 ], [ -3.388068, 56.971511 ], [ -3.389797, 56.952475 ], [ -3.391763, 56.939636 ], [ -3.399852, 56.925884 ], [ -3.399549, 56.916268 ], [ -3.395453, 56.909181 ], [ -3.38474, 56.896166 ], [ -3.367836, 56.872943 ] ] ] ] } },
{ "type": "Feature", "properties": { "NAME": "37. Foinaven - Ben Hee" }, "geometry": { "type": "MultiPolygon", "coordinates": [ [ [ [ -4.961741, 58.437141 ], [ -4.983201, 58.422831 ], [ -5.000062, 58.419743 ], [ -5.002595, 58.406729 ], [ -5.029901, 58.382898 ], [ -4.981448, 58.369897 ], [ -4.985323, 58.364905 ], [ -4.97732, 58.356394 ], [ -4.957064, 58.34787 ], [ -4.944078, 58.341802 ], [ -4.927547, 58.338351 ], [ -4.896265, 58.335478 ], [ -4.890138, 58.328007 ], [ -4.899222, 58.318625 ], [ -4.901821, 58.311765 ], [ -4.895462, 58.308519 ], [ -4.824624, 58.284153 ], [ -4.824338, 58.282828 ], [ -4.813352, 58.283165 ], [ -4.807699, 58.281341 ], [ -4.803703, 58.27534 ], [ -4.804023, 58.263446 ], [ -4.770688, 58.260608 ], [ -4.762807, 58.256689 ], [ -4.75402, 58.25626 ], [ -4.732666, 58.241404 ], [ -4.721648, 58.223868 ], [ -4.710875, 58.220851 ], [ -4.678347, 58.197238 ], [ -4.65774, 58.191886 ], [ -4.629672, 58.191878 ], [ -4.597902, 58.200043 ], [ -4.574711, 58.163229 ], [ -4.542791, 58.156081 ], [ -4.519717, 58.152285 ], [ -4.516297, 58.152898 ], [ -4.518918, 58.155604 ], [ -4.517888, 58.163555 ], [ -4.522359, 58.169369 ], [ -4.526299, 58.172149 ], [ -4.523696, 58.173598 ], [ -4.527826, 58.17597 ], [ -4.524717, 58.178615 ], [ -4.524291, 58.181332 ], [ -4.530745, 58.189129 ], [ -4.518867, 58.204487 ], [ -4.524294, 58.212461 ], [ -4.513697, 58.228172 ], [ -4.499413, 58.239148 ], [ -4.502319, 58.247127 ], [ -4.480433, 58.259061 ], [ -4.483128, 58.271544 ], [ -4.517962, 58.268027 ], [ -4.529916, 58.262322 ], [ -4.540961, 58.261579 ], [ -4.548212, 58.264526 ], [ -4.547937, 58.272043 ], [ -4.543531, 58.273464 ], [ -4.540838, 58.279984 ], [ -4.541162, 58.283002 ], [ -4.545313, 58.283222 ], [ -4.549614, 58.286512 ], [ -4.557392, 58.298007 ], [ -4.540643, 58.303131 ], [ -4.550329, 58.311884 ], [ -4.559599, 58.312602 ], [ -4.586702, 58.320954 ], [ -4.589657, 58.325506 ], [ -4.620387, 58.333064 ], [ -4.660581, 58.334097 ], [ -4.677061, 58.333255 ], [ -4.676682, 58.339068 ], [ -4.645831, 58.345468 ], [ -4.645346, 58.365968 ], [ -4.639971, 58.366274 ], [ -4.640178, 58.370261 ], [ -4.645096, 58.371873 ], [ -4.632319, 58.387824 ], [ -4.640446, 58.394461 ], [ -4.645839, 58.394201 ], [ -4.666443, 58.410688 ], [ -4.678321, 58.42441 ], [ -4.691743, 58.456101 ], [ -4.72181, 58.451887 ], [ -4.741147, 58.443268 ], [ -4.749561, 58.443041 ], [ -4.755365, 58.441871 ], [ -4.766916, 58.448121 ], [ -4.777025, 58.452386 ], [ -4.767499, 58.466999 ], [ -4.753836, 58.462873 ], [ -4.73336, 58.478479 ], [ -4.722486, 58.494021 ], [ -4.703153, 58.510653 ], [ -4.677078, 58.533822 ], [ -4.681553, 58.548433 ], [ -4.71236, 58.555441 ], [ -4.727222, 58.540994 ], [ -4.740069, 58.544764 ], [ -4.757349, 58.554514 ], [ -4.774466, 58.544301 ], [ -4.780868, 58.538559 ], [ -4.795883, 58.523425 ], [ -4.81418, 58.500716 ], [ -4.827016, 58.495364 ], [ -4.851613, 58.49079 ], [ -4.903028, 58.463047 ], [ -4.961741, 58.437141 ] ] ] ] } },
{ "type": "Feature", "properties": { "NAME": "07. Ben More - Ben Ledi" }, "geometry": { "type": "MultiPolygon", "coordinates": [ [ [ [ -4.475429, 56.379781 ], [ -4.45799, 56.391241 ], [ -4.460792, 56.402694 ], [ -4.480745, 56.406196 ], [ -4.491639, 56.394538 ], [ -4.522647, 56.396321 ], [ -4.541865, 56.388917 ], [ -4.585616, 56.382047 ], [ -4.603797, 56.369587 ], [ -4.632001, 56.357371 ], [ -4.646525, 56.345258 ], [ -4.673655, 56.335552 ], [ -4.6854, 56.332062 ], [ -4.705803, 56.327204 ], [ -4.710786, 56.31666 ], [ -4.69769, 56.293642 ], [ -4.698663, 56.285953 ], [ -4.69343, 56.284225 ], [ -4.692382, 56.271689 ], [ -4.694968, 56.254139 ], [ -4.679973, 56.249901 ], [ -4.641037, 56.257589 ], [ -4.609056, 56.260177 ], [ -4.581999, 56.264453 ], [ -4.533122, 56.262499 ], [ -4.4888, 56.267013 ], [ -4.451078, 56.257604 ], [ -4.410778, 56.243973 ], [ -4.405919, 56.267711 ], [ -4.384894, 56.263621 ], [ -4.370618, 56.252629 ], [ -4.328492, 56.241887 ], [ -4.306224, 56.238017 ], [ -4.289847, 56.239749 ], [ -4.31476, 56.266298 ], [ -4.316495, 56.283193 ], [ -4.334108, 56.283623 ], [ -4.370816, 56.299288 ], [ -4.390506, 56.314531 ], [ -4.41548, 56.32343 ], [ -4.411605, 56.335878 ], [ -4.473959, 56.327271 ], [ -4.468382, 56.314985 ], [ -4.4731, 56.304132 ], [ -4.51089, 56.299881 ], [ -4.538008, 56.294826 ], [ -4.559944, 56.309431 ], [ -4.560949, 56.339352 ], [ -4.522381, 56.343796 ], [ -4.483569, 56.352247 ], [ -4.484462, 56.360573 ], [ -4.475429, 56.379781 ] ] ] ] } },
{ "type": "Feature", "properties": { "NAME": "06. Ben Lui" }, "geometry": { "type": "MultiPolygon", "coordinates": [ [ [ [ -4.738769, 56.34129 ], [ -4.666686, 56.379565 ], [ -4.676844, 56.38376 ], [ -4.709881, 56.380662 ], [ -4.755544, 56.417148 ], [ -4.790417, 56.424155 ], [ -4.821438, 56.418791 ], [ -4.827042, 56.413441 ], [ -4.825739, 56.409637 ], [ -4.835817, 56.399799 ], [ -4.854486, 56.385672 ], [ -4.888139, 56.375036 ], [ -4.889404, 56.36719 ], [ -4.894974, 56.363465 ], [ -4.906201, 56.367177 ], [ -4.932331, 56.363229 ], [ -4.966181, 56.362615 ], [ -4.98606, 56.359948 ], [ -5.027861, 56.349306 ], [ -4.976966, 56.34038 ], [ -4.968287, 56.336782 ], [ -4.964487, 56.331925 ], [ -4.943518, 56.329093 ], [ -4.924995, 56.312605 ], [ -4.922696, 56.309422 ], [ -4.9337, 56.295634 ], [ -4.888153, 56.304764 ], [ -4.866049, 56.321478 ], [ -4.83347, 56.320158 ], [ -4.828069, 56.318987 ], [ -4.82658, 56.315533 ], [ -4.867511, 56.291331 ], [ -4.836353, 56.291279 ], [ -4.836951, 56.291042 ], [ -4.804213, 56.297041 ], [ -4.754384, 56.315473 ], [ -4.756799, 56.325027 ], [ -4.738769, 56.34129 ] ] ] ] } },
{ "type": "Feature", "properties": { "NAME": "12. Ben Lawers" }, "geometry": { "type": "MultiPolygon", "coordinates": [ [ [ [ -4.261577, 56.512723 ], [ -4.222653, 56.521304 ], [ -4.179239, 56.533369 ], [ -4.145265, 56.54786 ], [ -4.135223, 56.565379 ], [ -4.124296, 56.571388 ], [ -4.113666, 56.573625 ], [ -4.094652, 56.585 ], [ -4.088881, 56.594738 ], [ -4.098141, 56.600155 ], [ -4.105187, 56.597399 ], [ -4.11563, 56.596864 ], [ -4.155524, 56.601646 ], [ -4.183113, 56.599694 ], [ -4.194471, 56.595136 ], [ -4.209403, 56.593796 ], [ -4.253548, 56.59484 ], [ -4.287251, 56.586269 ], [ -4.297355, 56.578364 ], [ -4.32551, 56.567659 ], [ -4.306302, 56.547099 ], [ -4.296415, 56.547996 ], [ -4.28707, 56.545646 ], [ -4.277489, 56.535506 ], [ -4.271153, 56.519997 ], [ -4.261577, 56.512723 ] ] ] ] } },
{ "type": "Feature", "properties": { "NAME": "10. Breadalbane - Schiehallion" }, "geometry": { "type": "MultiPolygon", "coordinates": [ [ [ [ -4.042601, 56.655756 ], [ -4.06693, 56.67565 ], [ -4.066846, 56.675652 ], [ -4.102783, 56.684071 ], [ -4.15957, 56.679942 ], [ -4.195482, 56.682397 ], [ -4.228273, 56.677817 ], [ -4.235655, 56.668269 ], [ -4.242242, 56.651792 ], [ -4.25771, 56.647615 ], [ -4.331379, 56.636489 ], [ -4.336299, 56.642745 ], [ -4.370206, 56.644917 ], [ -4.398551, 56.650139 ], [ -4.408479, 56.643387 ], [ -4.467702, 56.640633 ], [ -4.48812, 56.632311 ], [ -4.504626, 56.632616 ], [ -4.513166, 56.633871 ], [ -4.522239, 56.630168 ], [ -4.529151, 56.630313 ], [ -4.537315, 56.618257 ], [ -4.562916, 56.603887 ], [ -4.583512, 56.597428 ], [ -4.643564, 56.588269 ], [ -4.692056, 56.55877 ], [ -4.705447, 56.548492 ], [ -4.730277, 56.538412 ], [ -4.735445, 56.529856 ], [ -4.733762, 56.518381 ], [ -4.725711, 56.504573 ], [ -4.720101, 56.493826 ], [ -4.700915, 56.489114 ], [ -4.702113, 56.482358 ], [ -4.701747, 56.467263 ], [ -4.693518, 56.449842 ], [ -4.685249, 56.436302 ], [ -4.61771, 56.418944 ], [ -4.611117, 56.407861 ], [ -4.587356, 56.406495 ], [ -4.573819, 56.415828 ], [ -4.565226, 56.416902 ], [ -4.558281, 56.419302 ], [ -4.544576, 56.420987 ], [ -4.512771, 56.442276 ], [ -4.481283, 56.437343 ], [ -4.455892, 56.443056 ], [ -4.436685, 56.44479 ], [ -4.412497, 56.449187 ], [ -4.366492, 56.464603 ], [ -4.393359, 56.473861 ], [ -4.409371, 56.48354 ], [ -4.434802, 56.483714 ], [ -4.470912, 56.489005 ], [ -4.501505, 56.493896 ], [ -4.502589, 56.499958 ], [ -4.506558, 56.503195 ], [ -4.527855, 56.518155 ], [ -4.519537, 56.540478 ], [ -4.516637, 56.544657 ], [ -4.524821, 56.552786 ], [ -4.472861, 56.553737 ], [ -4.44658, 56.555727 ], [ -4.434746, 56.567245 ], [ -4.446148, 56.575648 ], [ -4.428836, 56.586093 ], [ -4.397766, 56.59173 ], [ -4.373307, 56.598003 ], [ -4.348888, 56.59695 ], [ -4.279884, 56.610303 ], [ -4.25126, 56.611212 ], [ -4.214534, 56.611303 ], [ -4.177939, 56.612719 ], [ -4.099564, 56.615275 ], [ -4.065943, 56.627268 ], [ -4.042811, 56.642843 ], [ -4.042601, 56.655756 ] ] ] ] } },
{ "type": "Feature", "properties": { "NAME": "15. Cairngorms" }, "geometry": { "type": "MultiPolygon", "coordinates": [ [ [ [ -4.150242, 56.955837 ], [ -4.213242, 56.93549 ], [ -4.189307, 56.90863 ], [ -4.245389, 56.866519 ], [ -4.232628, 56.848296 ], [ -4.209215, 56.830928 ], [ -4.160418, 56.825455 ], [ -4.13567, 56.826763 ], [ -4.066216, 56.822047 ], [ -4.021826, 56.811442 ], [ -3.961887, 56.814435 ], [ -3.91966, 56.816895 ], [ -3.862837, 56.810057 ], [ -3.843229, 56.817761 ], [ -3.810974, 56.817754 ], [ -3.790611, 56.815011 ], [ -3.744279, 56.807676 ], [ -3.70729, 56.791706 ], [ -3.714387, 56.778617 ], [ -3.720685, 56.770319 ], [ -3.738129, 56.756322 ], [ -3.739714, 56.749062 ], [ -3.719841, 56.74262 ], [ -3.710327, 56.73663 ], [ -3.688824, 56.749205 ], [ -3.65456, 56.761263 ], [ -3.640496, 56.764125 ], [ -3.62357, 56.765107 ], [ -3.58626, 56.774175 ], [ -3.540855, 56.774718 ], [ -3.533038, 56.782514 ], [ -3.512484, 56.784002 ], [ -3.51221, 56.79456 ], [ -3.509566, 56.804022 ], [ -3.517395, 56.82355 ], [ -3.507921, 56.833316 ], [ -3.47273, 56.832621 ], [ -3.467733, 56.840614 ], [ -3.461483, 56.856986 ], [ -3.446349, 56.875519 ], [ -3.43716, 56.889568 ], [ -3.428045, 56.896519 ], [ -3.426084, 56.90288 ], [ -3.454024, 56.925444 ], [ -3.442389, 56.943929 ], [ -3.438385, 56.957411 ], [ -3.442971, 56.966662 ], [ -3.476946, 56.971752 ], [ -3.530872, 56.963468 ], [ -3.587521, 56.961157 ], [ -3.61624, 56.977239 ], [ -3.599286, 56.992871 ], [ -3.496783, 57.003304 ], [ -3.481119, 57.003776 ], [ -3.444126, 57.020446 ], [ -3.417392, 57.023419 ], [ -3.379775, 57.033918 ], [ -3.365931, 57.046336 ], [ -3.378396, 57.062621 ], [ -3.332348, 57.07326 ], [ -3.284836, 57.082786 ], [ -3.278279, 57.103653 ], [ -3.263416, 57.113011 ], [ -3.241102, 57.132417 ], [ -3.257389, 57.148445 ], [ -3.321506, 57.131427 ], [ -3.335355, 57.13727 ], [ -3.361656, 57.147344 ], [ -3.384212, 57.143604 ], [ -3.399663, 57.142789 ], [ -3.398938, 57.155065 ], [ -3.392408, 57.162768 ], [ -3.446609, 57.172779 ], [ -3.42977, 57.194425 ], [ -3.436375, 57.216894 ], [ -3.455204, 57.22766 ], [ -3.478048, 57.224455 ], [ -3.539985, 57.221902 ], [ -3.561736, 57.21403 ], [ -3.61316, 57.232576 ], [ -3.623531, 57.216381 ], [ -3.619998, 57.196546 ], [ -3.623069, 57.189952 ], [ -3.617635, 57.181751 ], [ -3.627083, 57.161025 ], [ -3.633502, 57.126021 ], [ -3.643137, 57.116314 ], [ -3.654306, 57.11579 ], [ -3.669224, 57.118307 ], [ -3.677821, 57.12675 ], [ -3.687089, 57.138321 ], [ -3.712876, 57.14434 ], [ -3.733567, 57.138318 ], [ -3.77027, 57.148034 ], [ -3.823891, 57.138779 ], [ -3.843015, 57.121965 ], [ -3.860716, 57.098968 ], [ -3.868831, 57.065944 ], [ -3.846732, 57.037904 ], [ -3.8672, 57.027603 ], [ -3.889283, 57.017537 ], [ -3.905147, 57.0158 ], [ -3.922971, 57.018264 ], [ -3.977286, 57.034235 ], [ -4.01723, 57.031122 ], [ -4.025155, 57.003608 ], [ -4.028845, 56.956006 ], [ -4.038587, 56.936736 ], [ -4.043707, 56.925522 ], [ -4.050332, 56.925794 ], [ -4.051982, 56.937011 ], [ -4.055648, 56.944871 ], [ -4.039957, 56.974238 ], [ -4.079476, 56.994845 ], [ -4.101193, 57.004974 ], [ -4.155254, 56.980966 ], [ -4.154754, 56.959468 ], [ -4.150242, 56.955837 ] ] ] ] } },
{ "type": "Feature", "properties": { "NAME": "14. Rannoch - Nevis - Mamores - Alder" }, "geometry": { "type": "MultiPolygon", "coordinates": [ [ [ [ -5.105057, 56.736678 ], [ -5.090976, 56.727515 ], [ -5.071984, 56.730173 ], [ -5.046435, 56.733176 ], [ -5.00531, 56.725474 ], [ -4.988674, 56.723018 ], [ -4.963305, 56.723817 ], [ -4.958879, 56.731342 ], [ -4.933557, 56.722178 ], [ -4.861613, 56.706028 ], [ -4.866462, 56.696974 ], [ -4.940411, 56.701342 ], [ -4.975244, 56.701094 ], [ -5.064622, 56.688863 ], [ -5.047288, 56.675261 ], [ -4.961624, 56.664938 ], [ -4.903781, 56.666198 ], [ -4.863816, 56.668774 ], [ -4.777554, 56.665887 ], [ -4.754082, 56.623291 ], [ -4.72574, 56.587678 ], [ -4.641405, 56.606268 ], [ -4.641844, 56.622616 ], [ -4.618799, 56.636135 ], [ -4.60902, 56.637003 ], [ -4.57963, 56.635529 ], [ -4.573808, 56.636217 ], [ -4.567853, 56.64509 ], [ -4.566157, 56.663957 ], [ -4.571772, 56.677654 ], [ -4.584008, 56.685179 ], [ -4.530722, 56.707384 ], [ -4.494767, 56.717914 ], [ -4.453156, 56.69904 ], [ -4.407955, 56.706188 ], [ -4.370164, 56.719133 ], [ -4.359229, 56.717863 ], [ -4.353022, 56.718816 ], [ -4.350066, 56.721297 ], [ -4.342254, 56.720252 ], [ -4.321446, 56.72854 ], [ -4.274755, 56.735246 ], [ -4.256728, 56.726884 ], [ -4.199312, 56.712351 ], [ -4.150797, 56.728771 ], [ -4.148003, 56.77197 ], [ -4.14636, 56.807098 ], [ -4.225824, 56.826483 ], [ -4.255291, 56.838071 ], [ -4.262695, 56.857233 ], [ -4.273511, 56.895269 ], [ -4.285902, 56.924318 ], [ -4.277372, 56.935874 ], [ -4.264098, 56.943626 ], [ -4.260254, 56.949213 ], [ -4.263957, 56.952853 ], [ -4.265426, 56.962717 ], [ -4.274823, 56.9654 ], [ -4.278301, 56.96819 ], [ -4.293056, 56.972961 ], [ -4.314626, 56.972847 ], [ -4.323514, 56.975727 ], [ -4.339997, 56.960775 ], [ -4.391286, 56.935085 ], [ -4.426851, 56.94414 ], [ -4.458447, 56.931218 ], [ -4.478551, 56.938598 ], [ -4.523254, 56.91012 ], [ -4.541549, 56.89341 ], [ -4.578581, 56.881742 ], [ -4.585408, 56.876753 ], [ -4.584164, 56.872256 ], [ -4.589585, 56.870548 ], [ -4.587699, 56.868176 ], [ -4.595079, 56.861814 ], [ -4.593794, 56.859831 ], [ -4.602778, 56.854094 ], [ -4.66122, 56.856009 ], [ -4.710522, 56.855997 ], [ -4.753483, 56.848237 ], [ -4.784806, 56.858134 ], [ -4.796022, 56.861782 ], [ -4.805211, 56.866047 ], [ -4.834743, 56.857944 ], [ -4.848648, 56.857555 ], [ -4.863822, 56.848649 ], [ -4.877347, 56.841986 ], [ -4.886871, 56.846238 ], [ -4.912787, 56.84234 ], [ -4.945118, 56.845179 ], [ -4.944753, 56.834709 ], [ -4.948351, 56.829978 ], [ -4.944963, 56.824142 ], [ -4.954148, 56.821786 ], [ -4.964514, 56.820146 ], [ -4.987197, 56.833803 ], [ -5.005955, 56.83755 ], [ -5.050361, 56.81136 ], [ -5.020714, 56.785959 ], [ -4.996251, 56.777674 ], [ -5.052543, 56.757458 ], [ -5.065849, 56.773891 ], [ -5.103225, 56.756511 ], [ -5.099907, 56.737722 ], [ -5.105057, 56.736678 ] ] ] ] } },
{ "type": "Feature", "properties": { "NAME": "04. Waterhead Moor - Muirshiel" }, "geometry": { "type": "MultiPolygon", "coordinates": [ [ [ [ -4.727218, 55.836783 ], [ -4.747593, 55.843189 ], [ -4.786726, 55.85772 ], [ -4.811053, 55.84093 ], [ -4.813294, 55.826464 ], [ -4.822364, 55.820256 ], [ -4.822872, 55.813688 ], [ -4.814443, 55.795693 ], [ -4.781573, 55.785905 ], [ -4.759402, 55.778371 ], [ -4.718234, 55.781242 ], [ -4.716949, 55.782512 ], [ -4.694227, 55.798085 ], [ -4.68237, 55.807273 ], [ -4.69527, 55.825168 ], [ -4.727218, 55.836783 ] ] ] ] } },
{ "type": "Feature", "properties": { "NAME": "09. Loch Etive mountains" }, "geometry": { "type": "MultiPolygon", "coordinates": [ [ [ [ -5.278329, 56.493683 ], [ -5.252881, 56.475509 ], [ -5.212987, 56.463189 ], [ -5.201254, 56.473127 ], [ -5.17595, 56.48944 ], [ -5.178496, 56.509541 ], [ -5.145945, 56.52997 ], [ -5.123084, 56.519893 ], [ -5.137342, 56.505111 ], [ -5.128101, 56.492214 ], [ -5.122879, 56.481593 ], [ -5.151071, 56.465145 ], [ -5.162093, 56.444789 ], [ -5.173264, 56.440551 ], [ -5.181279, 56.433684 ], [ -5.170128, 56.423505 ], [ -5.131522, 56.418426 ], [ -5.11021, 56.417993 ], [ -5.090371, 56.408331 ], [ -5.059185, 56.407918 ], [ -5.024221, 56.425769 ], [ -4.991373, 56.435932 ], [ -4.955436, 56.429291 ], [ -4.9377, 56.437517 ], [ -4.92387, 56.441446 ], [ -4.914597, 56.443755 ], [ -4.915529, 56.450571 ], [ -4.904291, 56.46274 ], [ -4.888254, 56.467473 ], [ -4.874965, 56.471297 ], [ -4.877445, 56.482582 ], [ -4.880962, 56.488575 ], [ -4.842845, 56.497933 ], [ -4.809672, 56.504179 ], [ -4.796082, 56.517711 ], [ -4.835706, 56.52673 ], [ -4.8725, 56.526264 ], [ -4.888389, 56.536071 ], [ -4.884482, 56.543486 ], [ -4.86008, 56.545571 ], [ -4.843392, 56.548047 ], [ -4.834109, 56.548263 ], [ -4.819455, 56.54907 ], [ -4.794619, 56.559016 ], [ -4.790282, 56.57024 ], [ -4.795523, 56.57355 ], [ -4.800097, 56.584196 ], [ -4.807117, 56.594221 ], [ -4.808597, 56.604841 ], [ -4.828207, 56.603883 ], [ -4.85066, 56.612122 ], [ -4.863323, 56.612186 ], [ -4.859117, 56.620365 ], [ -4.852537, 56.628834 ], [ -4.859214, 56.634866 ], [ -4.865586, 56.641999 ], [ -4.870837, 56.642491 ], [ -4.902622, 56.624729 ], [ -4.92384, 56.618382 ], [ -4.949127, 56.615125 ], [ -4.978749, 56.61615 ], [ -4.98991, 56.613863 ], [ -4.994819, 56.608123 ], [ -4.999917, 56.604605 ], [ -5.005037, 56.602275 ], [ -5.006713, 56.598921 ], [ -5.022607, 56.584723 ], [ -5.028294, 56.575567 ], [ -5.040401, 56.570312 ], [ -5.042708, 56.566827 ], [ -5.053774, 56.567801 ], [ -5.065887, 56.563691 ], [ -5.080127, 56.557902 ], [ -5.07899, 56.565113 ], [ -5.103706, 56.577303 ], [ -5.10372, 56.581683 ], [ -5.077903, 56.584223 ], [ -5.067325, 56.594758 ], [ -5.040312, 56.606811 ], [ -5.014812, 56.623252 ], [ -4.992793, 56.61979 ], [ -4.93619, 56.620061 ], [ -4.903742, 56.626358 ], [ -4.867143, 56.647478 ], [ -4.919865, 56.657103 ], [ -4.981312, 56.663063 ], [ -5.005603, 56.667772 ], [ -5.011287, 56.666337 ], [ -5.018578, 56.666593 ], [ -5.028528, 56.663826 ], [ -5.07132, 56.659153 ], [ -5.089196, 56.660709 ], [ -5.10403, 56.657545 ], [ -5.100096, 56.64252 ], [ -5.109456, 56.628946 ], [ -5.102682, 56.61638 ], [ -5.105707, 56.6145 ], [ -5.149468, 56.604056 ], [ -5.178145, 56.588563 ], [ -5.232619, 56.549683 ], [ -5.248698, 56.529188 ], [ -5.270586, 56.52349 ], [ -5.284038, 56.521794 ], [ -5.286446, 56.502423 ], [ -5.278329, 56.493683 ] ] ] ] } },
{ "type": "Feature", "properties": { "NAME": "40. Cape Wrath" }, "geometry": { "type": "MultiPolygon", "coordinates": [ [ [ [ -5.00162, 58.625479 ], [ -5.001471, 58.62595 ], [ -5.001774, 58.626374 ], [ -5.001882, 58.62683 ], [ -5.002041, 58.626979 ], [ -5.002815, 58.627154 ], [ -5.002912, 58.62708 ], [ -5.00277, 58.62693 ], [ -5.002859, 58.626272 ], [ -5.002475, 58.625701 ], [ -5.002674, 58.62531 ], [ -5.002907, 58.625125 ], [ -5.003063, 58.625126 ], [ -5.003287, 58.625337 ], [ -5.003818, 58.625495 ], [ -5.005119, 58.6255 ], [ -5.005521, 58.625671 ], [ -5.006506, 58.6258 ], [ -5.007032, 58.625707 ], [ -5.007504, 58.625184 ], [ -5.007798, 58.625101 ], [ -5.008309, 58.624626 ], [ -5.0088, 58.624421 ], [ -5.009009, 58.624057 ], [ -5.008994, 58.623774 ], [ -5.009316, 58.623515 ], [ -5.009206, 58.623037 ], [ -5.009024, 58.622929 ], [ -5.008893, 58.622608 ], [ -5.009068, 58.622236 ], [ -5.008619, 58.621918 ], [ -5.008637, 58.621828 ], [ -5.008789, 58.621793 ], [ -5.009263, 58.622096 ], [ -5.009584, 58.62203 ], [ -5.009632, 58.622187 ], [ -5.009987, 58.622398 ], [ -5.010418, 58.622303 ], [ -5.010504, 58.622503 ], [ -5.010707, 58.622467 ], [ -5.011113, 58.621878 ], [ -5.010803, 58.621278 ], [ -5.010576, 58.621239 ], [ -5.010644, 58.621031 ], [ -5.011147, 58.620466 ], [ -5.011331, 58.620403 ], [ -5.01154, 58.620434 ], [ -5.012034, 58.620261 ], [ -5.012414, 58.620279 ], [ -5.012212, 58.620131 ], [ -5.01232, 58.619787 ], [ -5.012842, 58.61983 ], [ -5.012702, 58.619518 ], [ -5.01318, 58.619174 ], [ -5.012979, 58.618837 ], [ -5.013129, 58.618681 ], [ -5.013615, 58.61862 ], [ -5.013676, 58.618529 ], [ -5.013587, 58.6184 ], [ -5.013133, 58.618425 ], [ -5.013567, 58.618167 ], [ -5.013685, 58.617832 ], [ -5.014232, 58.617392 ], [ -5.014094, 58.61709 ], [ -5.014631, 58.61692 ], [ -5.014743, 58.61712 ], [ -5.014982, 58.617199 ], [ -5.015465, 58.616901 ], [ -5.015676, 58.616554 ], [ -5.015494, 58.616046 ], [ -5.015143, 58.615969 ], [ -5.015034, 58.615697 ], [ -5.015358, 58.615667 ], [ -5.015335, 58.615389 ], [ -5.015414, 58.615311 ], [ -5.015578, 58.615312 ], [ -5.015258, 58.615 ], [ -5.015401, 58.614965 ], [ -5.015782, 58.615087 ], [ -5.016208, 58.614952 ], [ -5.016046, 58.614753 ], [ -5.015824, 58.614677 ], [ -5.015231, 58.614686 ], [ -5.01505, 58.614884 ], [ -5.014676, 58.614639 ], [ -5.014455, 58.614678 ], [ -5.013762, 58.61513 ], [ -5.013558, 58.615161 ], [ -5.013603, 58.61499 ], [ -5.0142, 58.614522 ], [ -5.013978, 58.614338 ], [ -5.013729, 58.614344 ], [ -5.013571, 58.614213 ], [ -5.013114, 58.614102 ], [ -5.013035, 58.613893 ], [ -5.01347, 58.613636 ], [ -5.013474, 58.613487 ], [ -5.013189, 58.613274 ], [ -5.014028, 58.613115 ], [ -5.013338, 58.612803 ], [ -5.012526, 58.612777 ], [ -5.012222, 58.612847 ], [ -5.012099, 58.612724 ], [ -5.013443, 58.61263 ], [ -5.014116, 58.612439 ], [ -5.013946, 58.612272 ], [ -5.014236, 58.612234 ], [ -5.014317, 58.612079 ], [ -5.013973, 58.611881 ], [ -5.013501, 58.611806 ], [ -5.012915, 58.612 ], [ -5.012732, 58.611973 ], [ -5.012799, 58.61185 ], [ -5.013672, 58.611483 ], [ -5.013754, 58.611239 ], [ -5.013123, 58.610912 ], [ -5.013056, 58.610837 ], [ -5.013323, 58.610831 ], [ -5.013044, 58.610599 ], [ -5.01259, 58.610421 ], [ -5.012033, 58.611351 ], [ -5.011724, 58.611363 ], [ -5.011615, 58.611203 ], [ -5.012049, 58.610834 ], [ -5.011976, 58.610193 ], [ -5.011458, 58.609873 ], [ -5.011334, 58.609934 ], [ -5.011505, 58.610119 ], [ -5.010982, 58.610046 ], [ -5.011064, 58.6095 ], [ -5.010777, 58.609165 ], [ -5.010374, 58.60899 ], [ -5.010428, 58.608814 ], [ -5.010066, 58.60871 ], [ -5.010291, 58.608521 ], [ -5.009509, 58.608143 ], [ -5.008675, 58.607956 ], [ -5.008525, 58.607812 ], [ -5.009164, 58.607531 ], [ -5.009536, 58.607455 ], [ -5.009678, 58.607497 ], [ -5.009775, 58.607728 ], [ -5.010038, 58.607677 ], [ -5.010404, 58.607435 ], [ -5.010569, 58.607552 ], [ -5.011254, 58.607505 ], [ -5.011561, 58.607574 ], [ -5.011928, 58.607431 ], [ -5.012992, 58.607392 ], [ -5.013259, 58.607287 ], [ -5.013268, 58.606999 ], [ -5.013624, 58.606933 ], [ -5.013909, 58.607043 ], [ -5.014168, 58.607046 ], [ -5.014519, 58.606822 ], [ -5.014751, 58.606515 ], [ -5.014069, 58.606293 ], [ -5.013692, 58.606019 ], [ -5.013724, 58.605591 ], [ -5.0134, 58.605433 ], [ -5.01356, 58.605083 ], [ -5.013835, 58.604877 ], [ -5.013758, 58.604782 ], [ -5.013113, 58.604693 ], [ -5.012566, 58.604846 ], [ -5.012502, 58.604802 ], [ -5.012818, 58.60457 ], [ -5.012946, 58.604257 ], [ -5.012611, 58.604561 ], [ -5.012426, 58.604512 ], [ -5.012441, 58.604395 ], [ -5.012666, 58.604106 ], [ -5.01301, 58.603901 ], [ -5.012929, 58.603754 ], [ -5.01332, 58.603601 ], [ -5.013636, 58.603171 ], [ -5.013584, 58.602966 ], [ -5.014637, 58.602798 ], [ -5.015556, 58.60287 ], [ -5.015852, 58.602715 ], [ -5.016019, 58.602446 ], [ -5.015875, 58.602081 ], [ -5.016, 58.601835 ], [ -5.015435, 58.601274 ], [ -5.015096, 58.601133 ], [ -5.015701, 58.601155 ], [ -5.015849, 58.600972 ], [ -5.015037, 58.600645 ], [ -5.014801, 58.600408 ], [ -5.015303, 58.600239 ], [ -5.016236, 58.600172 ], [ -5.016325, 58.600107 ], [ -5.01589, 58.599551 ], [ -5.015347, 58.599442 ], [ -5.014659, 58.599454 ], [ -5.013776, 58.599695 ], [ -5.013751, 58.599812 ], [ -5.013058, 58.599757 ], [ -5.012388, 58.599575 ], [ -5.011701, 58.599591 ], [ -5.011197, 58.599333 ], [ -5.01191, 58.59862 ], [ -5.011794, 58.598479 ], [ -5.011869, 58.598347 ], [ -5.012313, 58.597999 ], [ -5.012643, 58.597641 ], [ -5.012682, 58.597384 ], [ -5.012982, 58.597179 ], [ -5.013034, 58.596877 ], [ -5.013334, 58.59656 ], [ -5.013204, 58.596154 ], [ -5.013451, 58.595924 ], [ -5.013347, 58.595715 ], [ -5.012644, 58.595641 ], [ -5.012158, 58.595105 ], [ -5.01172, 58.595115 ], [ -5.011637, 58.59505 ], [ -5.011418, 58.594601 ], [ -5.011378, 58.593636 ], [ -5.011135, 58.593511 ], [ -5.010678, 58.593504 ], [ -5.010352, 58.592721 ], [ -5.01048, 58.592205 ], [ -5.010915, 58.592056 ], [ -5.010645, 58.591217 ], [ -5.011193, 58.59058 ], [ -5.012577, 58.590269 ], [ -5.013896, 58.590189 ], [ -5.015462, 58.589986 ], [ -5.016139, 58.59006 ], [ -5.016987, 58.590008 ], [ -5.017465, 58.590262 ], [ -5.017785, 58.590286 ], [ -5.018618, 58.589956 ], [ -5.019885, 58.589086 ], [ -5.020012, 58.588863 ], [ -5.019919, 58.588178 ], [ -5.020558, 58.587709 ], [ -5.02057, 58.587448 ], [ -5.021063, 58.587181 ], [ -5.021387, 58.586647 ], [ -5.021714, 58.586442 ], [ -5.020713, 58.586214 ], [ -5.019942, 58.58585 ], [ -5.019516, 58.585909 ], [ -5.01808, 58.585323 ], [ -5.01629, 58.58372 ], [ -5.016616, 58.583304 ], [ -5.017428, 58.583047 ], [ -5.018263, 58.582645 ], [ -5.0187, 58.582527 ], [ -5.019259, 58.582622 ], [ -5.019676, 58.582567 ], [ -5.019795, 58.582457 ], [ -5.019771, 58.581572 ], [ -5.020411, 58.581114 ], [ -5.021253, 58.580009 ], [ -5.021469, 58.580013 ], [ -5.021863, 58.579694 ], [ -5.021901, 58.57954 ], [ -5.021757, 58.579359 ], [ -5.021941, 58.579306 ], [ -5.021929, 58.579068 ], [ -5.021875, 58.578939 ], [ -5.020881, 58.578585 ], [ -5.019811, 58.578542 ], [ -5.018662, 58.578691 ], [ -5.017814, 58.578432 ], [ -5.017193, 58.578514 ], [ -5.017098, 58.578408 ], [ -5.016403, 58.578339 ], [ -5.015858, 58.578496 ], [ -5.01509, 58.578577 ], [ -5.014569, 58.578522 ], [ -5.014297, 58.578353 ], [ -5.013924, 58.577818 ], [ -5.014582, 58.577263 ], [ -5.015197, 58.576921 ], [ -5.015294, 58.57664 ], [ -5.015512, 58.576581 ], [ -5.015677, 58.576303 ], [ -5.015843, 58.576232 ], [ -5.016914, 58.575973 ], [ -5.017292, 58.575775 ], [ -5.017989, 58.575678 ], [ -5.018176, 58.575543 ], [ -5.018554, 58.575539 ], [ -5.018665, 58.575437 ], [ -5.01934, 58.575377 ], [ -5.019499, 58.575427 ], [ -5.020162, 58.575335 ], [ -5.020219, 58.574898 ], [ -5.020817, 58.574151 ], [ -5.022756, 58.574097 ], [ -5.023851, 58.573518 ], [ -5.026584, 58.572798 ], [ -5.027451, 58.572081 ], [ -5.028265, 58.571841 ], [ -5.028273, 58.571742 ], [ -5.028097, 58.571697 ], [ -5.027034, 58.571731 ], [ -5.026806, 58.571683 ], [ -5.026766, 58.571517 ], [ -5.026411, 58.571296 ], [ -5.02636, 58.5711 ], [ -5.026175, 58.571046 ], [ -5.026095, 58.570823 ], [ -5.026398, 58.570641 ], [ -5.026153, 58.570301 ], [ -5.026714, 58.569627 ], [ -5.027001, 58.569458 ], [ -5.028246, 58.569042 ], [ -5.028657, 58.569015 ], [ -5.02929, 58.56918 ], [ -5.029661, 58.569189 ], [ -5.030134, 58.569587 ], [ -5.030612, 58.569643 ], [ -5.031746, 58.569427 ], [ -5.032408, 58.568931 ], [ -5.032388, 58.568599 ], [ -5.032688, 58.568488 ], [ -5.03274, 58.568388 ], [ -5.032588, 58.568226 ], [ -5.032637, 58.567991 ], [ -5.032393, 58.567862 ], [ -5.031675, 58.567811 ], [ -5.030628, 58.568034 ], [ -5.030248, 58.567225 ], [ -5.030184, 58.566777 ], [ -5.030284, 58.566545 ], [ -5.029674, 58.56576 ], [ -5.0295, 58.564636 ], [ -5.02973, 58.56322 ], [ -5.030201, 58.562108 ], [ -5.030244, 58.561703 ], [ -5.030751, 58.561408 ], [ -5.032355, 58.561055 ], [ -5.034619, 58.560292 ], [ -5.035129, 58.559925 ], [ -5.035308, 58.559606 ], [ -5.035814, 58.559491 ], [ -5.036501, 58.559191 ], [ -5.036611, 58.55887 ], [ -5.037141, 58.558435 ], [ -5.037586, 58.557719 ], [ -5.037923, 58.55754 ], [ -5.038976, 58.55738 ], [ -5.039318, 58.557165 ], [ -5.039606, 58.556417 ], [ -5.040767, 58.555635 ], [ -5.040894, 58.555407 ], [ -5.04081, 58.554834 ], [ -5.040974, 58.554354 ], [ -5.040913, 58.55414 ], [ -5.04061, 58.553922 ], [ -5.039443, 58.55186 ], [ -5.039452, 58.551671 ], [ -5.039783, 58.551223 ], [ -5.041101, 58.550563 ], [ -5.041525, 58.550297 ], [ -5.041596, 58.55012 ], [ -5.041978, 58.549971 ], [ -5.042196, 58.550106 ], [ -5.042529, 58.550075 ], [ -5.043941, 58.549512 ], [ -5.044447, 58.549194 ], [ -5.04467, 58.548694 ], [ -5.045368, 58.548422 ], [ -5.045595, 58.548165 ], [ -5.045594, 58.54785 ], [ -5.045759, 58.547581 ], [ -5.045467, 58.546793 ], [ -5.045615, 58.546515 ], [ -5.046553, 58.546035 ], [ -5.047722, 58.545832 ], [ -5.047725, 58.545571 ], [ -5.048007, 58.545551 ], [ -5.048288, 58.545427 ], [ -5.04887, 58.545395 ], [ -5.049415, 58.545234 ], [ -5.049483, 58.545026 ], [ -5.049216, 58.544331 ], [ -5.049402, 58.5443 ], [ -5.049458, 58.54415 ], [ -5.049556, 58.544188 ], [ -5.049914, 58.543951 ], [ -5.050087, 58.543569 ], [ -5.050244, 58.543601 ], [ -5.050279, 58.543506 ], [ -5.051201, 58.543835 ], [ -5.051484, 58.543819 ], [ -5.051375, 58.543264 ], [ -5.052336, 58.542361 ], [ -5.053622, 58.541535 ], [ -5.053246, 58.541454 ], [ -5.05198, 58.541529 ], [ -5.050741, 58.541114 ], [ -5.05054, 58.540975 ], [ -5.050528, 58.540836 ], [ -5.051298, 58.540399 ], [ -5.051766, 58.54064 ], [ -5.052498, 58.540663 ], [ -5.054568, 58.540349 ], [ -5.05551, 58.540119 ], [ -5.057543, 58.539289 ], [ -5.05877, 58.539067 ], [ -5.060115, 58.538621 ], [ -5.061067, 58.538014 ], [ -5.061995, 58.53761 ], [ -5.064484, 58.537084 ], [ -5.066474, 58.536417 ], [ -5.067398, 58.536021 ], [ -5.068957, 58.535566 ], [ -5.069677, 58.535445 ], [ -5.070998, 58.535418 ], [ -5.071408, 58.535494 ], [ -5.07167, 58.535442 ], [ -5.072705, 58.53549 ], [ -5.07292, 58.535592 ], [ -5.073209, 58.536039 ], [ -5.074014, 58.536105 ], [ -5.074246, 58.536306 ], [ -5.074864, 58.536296 ], [ -5.074886, 58.536543 ], [ -5.075377, 58.536558 ], [ -5.075903, 58.536388 ], [ -5.076591, 58.536394 ], [ -5.077221, 58.536617 ], [ -5.077295, 58.536773 ], [ -5.077589, 58.536891 ], [ -5.077982, 58.536972 ], [ -5.078125, 58.536932 ], [ -5.078288, 58.537027 ], [ -5.078526, 58.536999 ], [ -5.078948, 58.53671 ], [ -5.07947, 58.536693 ], [ -5.079624, 58.536775 ], [ -5.079483, 58.536931 ], [ -5.079666, 58.537358 ], [ -5.080125, 58.537401 ], [ -5.080282, 58.537325 ], [ -5.081221, 58.537258 ], [ -5.081477, 58.53714 ], [ -5.082246, 58.53709 ], [ -5.082232, 58.537023 ], [ -5.082573, 58.536893 ], [ -5.082863, 58.536868 ], [ -5.083597, 58.536621 ], [ -5.084016, 58.536598 ], [ -5.084024, 58.536687 ], [ -5.084311, 58.53682 ], [ -5.084949, 58.536652 ], [ -5.085266, 58.536837 ], [ -5.086737, 58.53695 ], [ -5.087673, 58.536748 ], [ -5.088905, 58.536983 ], [ -5.089986, 58.537056 ], [ -5.090269, 58.537049 ], [ -5.090754, 58.536894 ], [ -5.0912, 58.536888 ], [ -5.091662, 58.536472 ], [ -5.091581, 58.536038 ], [ -5.091393, 58.535859 ], [ -5.091647, 58.535813 ], [ -5.091569, 58.535715 ], [ -5.091324, 58.535757 ], [ -5.090857, 58.53553 ], [ -5.090538, 58.535223 ], [ -5.090484, 58.534802 ], [ -5.091035, 58.534627 ], [ -5.09101, 58.534533 ], [ -5.091337, 58.534444 ], [ -5.091393, 58.534304 ], [ -5.091282, 58.534212 ], [ -5.090656, 58.534227 ], [ -5.090478, 58.534061 ], [ -5.090924, 58.533556 ], [ -5.091239, 58.533431 ], [ -5.091471, 58.53343 ], [ -5.091564, 58.533122 ], [ -5.092322, 58.533046 ], [ -5.092506, 58.532893 ], [ -5.092877, 58.532803 ], [ -5.092883, 58.532686 ], [ -5.092442, 58.532459 ], [ -5.09244, 58.532036 ], [ -5.092202, 58.53188 ], [ -5.092469, 58.531492 ], [ -5.092947, 58.531364 ], [ -5.09344, 58.531401 ], [ -5.09368, 58.531287 ], [ -5.094315, 58.531474 ], [ -5.094555, 58.531478 ], [ -5.09463, 58.53135 ], [ -5.09427, 58.531161 ], [ -5.094852, 58.531035 ], [ -5.095281, 58.530835 ], [ -5.09575, 58.530406 ], [ -5.096338, 58.530253 ], [ -5.098065, 58.528598 ], [ -5.09975, 58.528126 ], [ -5.100008, 58.528133 ], [ -5.100224, 58.528245 ], [ -5.100214, 58.52793 ], [ -5.100826, 58.527664 ], [ -5.101895, 58.527611 ], [ -5.102398, 58.528048 ], [ -5.10324, 58.528446 ], [ -5.104151, 58.528253 ], [ -5.104198, 58.527816 ], [ -5.104966, 58.527555 ], [ -5.105226, 58.527297 ], [ -5.105158, 58.527105 ], [ -5.104617, 58.526718 ], [ -5.104712, 58.526527 ], [ -5.105293, 58.526401 ], [ -5.104918, 58.526145 ], [ -5.104682, 58.525706 ], [ -5.104971, 58.525578 ], [ -5.105723, 58.525537 ], [ -5.106124, 58.525406 ], [ -5.106565, 58.52495 ], [ -5.106542, 58.524888 ], [ -5.106264, 58.524854 ], [ -5.105667, 58.52499 ], [ -5.105679, 58.524747 ], [ -5.105477, 58.5245 ], [ -5.105648, 58.524393 ], [ -5.105617, 58.524241 ], [ -5.105292, 58.523966 ], [ -5.105486, 58.523732 ], [ -5.105839, 58.523638 ], [ -5.106175, 58.523648 ], [ -5.106359, 58.523499 ], [ -5.106605, 58.522491 ], [ -5.106856, 58.522225 ], [ -5.108007, 58.52212 ], [ -5.108921, 58.52168 ], [ -5.109606, 58.52156 ], [ -5.110169, 58.521803 ], [ -5.110717, 58.52227 ], [ -5.111272, 58.522226 ], [ -5.111484, 58.522391 ], [ -5.111795, 58.522411 ], [ -5.11231, 58.522308 ], [ -5.113414, 58.521778 ], [ -5.113474, 58.521395 ], [ -5.113667, 58.521143 ], [ -5.113623, 58.520843 ], [ -5.113413, 58.5207 ], [ -5.112651, 58.520538 ], [ -5.112422, 58.520378 ], [ -5.112293, 58.520089 ], [ -5.112673, 58.519823 ], [ -5.112849, 58.519379 ], [ -5.113114, 58.519273 ], [ -5.113236, 58.518996 ], [ -5.113556, 58.518827 ], [ -5.113901, 58.518455 ], [ -5.114018, 58.517845 ], [ -5.114663, 58.517951 ], [ -5.114838, 58.517596 ], [ -5.114726, 58.517015 ], [ -5.115157, 58.516254 ], [ -5.115323, 58.516187 ], [ -5.116179, 58.516161 ], [ -5.116574, 58.516057 ], [ -5.116689, 58.515902 ], [ -5.116726, 58.516126 ], [ -5.116957, 58.516309 ], [ -5.117299, 58.516103 ], [ -5.117615, 58.516082 ], [ -5.117888, 58.51616 ], [ -5.117978, 58.516109 ], [ -5.118184, 58.515722 ], [ -5.117802, 58.515578 ], [ -5.117683, 58.515401 ], [ -5.117158, 58.515482 ], [ -5.117069, 58.515353 ], [ -5.117267, 58.515164 ], [ -5.117188, 58.515045 ], [ -5.117742, 58.51451 ], [ -5.116709, 58.514684 ], [ -5.116532, 58.514526 ], [ -5.117692, 58.514242 ], [ -5.118131, 58.513863 ], [ -5.118048, 58.513797 ], [ -5.117813, 58.513857 ], [ -5.11727, 58.513839 ], [ -5.117071, 58.51334 ], [ -5.117324, 58.513091 ], [ -5.117209, 58.512861 ], [ -5.11726, 58.512563 ], [ -5.117071, 58.512464 ], [ -5.116926, 58.512189 ], [ -5.117102, 58.512045 ], [ -5.117474, 58.511973 ], [ -5.118293, 58.511149 ], [ -5.118268, 58.510961 ], [ -5.11857, 58.510882 ], [ -5.118678, 58.510646 ], [ -5.118589, 58.510419 ], [ -5.119089, 58.510537 ], [ -5.119396, 58.51012 ], [ -5.119281, 58.509889 ], [ -5.11936, 58.509717 ], [ -5.118986, 58.509856 ], [ -5.118166, 58.509903 ], [ -5.117953, 58.509639 ], [ -5.117537, 58.509491 ], [ -5.117351, 58.508948 ], [ -5.117491, 58.508783 ], [ -5.11774, 58.508691 ], [ -5.117856, 58.508351 ], [ -5.116735, 58.507624 ], [ -5.116323, 58.507234 ], [ -5.116153, 58.506959 ], [ -5.116628, 58.506898 ], [ -5.116451, 58.50684 ], [ -5.116511, 58.506745 ], [ -5.116259, 58.506513 ], [ -5.082802, 58.4947 ], [ -5.067467, 58.485425 ], [ -5.065239, 58.485723 ], [ -5.063479, 58.48515 ], [ -5.060403, 58.484442 ], [ -5.058928, 58.483146 ], [ -5.059104, 58.482372 ], [ -5.047306, 58.469079 ], [ -4.979384, 58.453398 ], [ -4.926733, 58.464685 ], [ -4.900561, 58.468706 ], [ -4.884539, 58.478055 ], [ -4.862842, 58.489692 ], [ -4.848502, 58.493887 ], [ -4.837805, 58.495669 ], [ -4.829654, 58.497776 ], [ -4.822481, 58.500593 ], [ -4.817818, 58.504267 ], [ -4.811757, 58.509618 ], [ -4.812916, 58.510971 ], [ -4.811377, 58.511481 ], [ -4.810793, 58.512015 ], [ -4.81035, 58.512263 ], [ -4.810036, 58.512638 ], [ -4.809949, 58.513049 ], [ -4.809458, 58.513891 ], [ -4.80949, 58.514398 ], [ -4.810404, 58.515514 ], [ -4.810505, 58.515916 ], [ -4.81094, 58.516635 ], [ -4.810161, 58.517636 ], [ -4.810187, 58.518282 ], [ -4.810497, 58.518716 ], [ -4.810387, 58.518952 ], [ -4.809973, 58.519141 ], [ -4.810056, 58.51922 ], [ -4.810403, 58.519158 ], [ -4.810567, 58.518952 ], [ -4.810663, 58.519184 ], [ -4.810093, 58.519363 ], [ -4.809627, 58.519863 ], [ -4.810069, 58.519916 ], [ -4.810325, 58.520108 ], [ -4.811031, 58.520344 ], [ -4.811482, 58.520837 ], [ -4.811504, 58.521434 ], [ -4.811667, 58.52175 ], [ -4.812481, 58.521939 ], [ -4.812883, 58.522137 ], [ -4.813425, 58.522569 ], [ -4.813516, 58.522846 ], [ -4.813063, 58.52309 ], [ -4.813223, 58.52327 ], [ -4.813097, 58.523408 ], [ -4.813091, 58.523979 ], [ -4.811873, 58.525066 ], [ -4.811893, 58.525326 ], [ -4.811473, 58.525762 ], [ -4.811778, 58.526249 ], [ -4.811673, 58.526431 ], [ -4.811433, 58.526549 ], [ -4.811442, 58.526657 ], [ -4.811923, 58.526444 ], [ -4.812848, 58.526846 ], [ -4.813073, 58.526751 ], [ -4.813469, 58.526127 ], [ -4.813909, 58.525933 ], [ -4.814606, 58.525846 ], [ -4.814787, 58.526062 ], [ -4.814684, 58.526172 ], [ -4.814891, 58.526293 ], [ -4.815401, 58.526219 ], [ -4.815842, 58.526039 ], [ -4.816664, 58.526331 ], [ -4.817098, 58.526173 ], [ -4.817494, 58.526187 ], [ -4.818422, 58.525542 ], [ -4.819035, 58.525371 ], [ -4.819388, 58.525381 ], [ -4.819491, 58.524737 ], [ -4.82013, 58.52404 ], [ -4.820441, 58.523948 ], [ -4.820923, 58.52364 ], [ -4.821347, 58.523685 ], [ -4.821973, 58.523559 ], [ -4.823178, 58.522845 ], [ -4.823987, 58.522549 ], [ -4.824523, 58.522487 ], [ -4.8247, 58.522232 ], [ -4.82516, 58.522078 ], [ -4.825815, 58.521673 ], [ -4.825798, 58.521992 ], [ -4.825618, 58.521996 ], [ -4.825516, 58.52212 ], [ -4.825115, 58.522254 ], [ -4.82497, 58.522487 ], [ -4.825539, 58.522726 ], [ -4.825854, 58.522579 ], [ -4.826818, 58.522392 ], [ -4.82728, 58.522373 ], [ -4.828139, 58.522484 ], [ -4.829888, 58.522333 ], [ -4.831056, 58.522447 ], [ -4.829789, 58.522497 ], [ -4.828456, 58.523218 ], [ -4.828316, 58.523406 ], [ -4.827828, 58.523417 ], [ -4.827351, 58.523571 ], [ -4.827111, 58.523801 ], [ -4.827222, 58.523893 ], [ -4.82707, 58.524031 ], [ -4.826045, 58.524426 ], [ -4.82567, 58.524457 ], [ -4.825501, 58.5246 ], [ -4.824964, 58.524652 ], [ -4.82375, 58.524616 ], [ -4.822623, 58.524484 ], [ -4.822113, 58.524553 ], [ -4.821973, 58.524736 ], [ -4.822469, 58.525031 ], [ -4.823595, 58.526215 ], [ -4.823297, 58.526244 ], [ -4.823011, 58.526542 ], [ -4.822864, 58.526738 ], [ -4.822968, 58.526961 ], [ -4.82258, 58.526947 ], [ -4.822056, 58.527057 ], [ -4.821585, 58.526856 ], [ -4.821376, 58.526928 ], [ -4.821324, 58.527567 ], [ -4.820964, 58.528537 ], [ -4.821296, 58.528705 ], [ -4.821029, 58.528697 ], [ -4.820968, 58.528802 ], [ -4.819782, 58.528895 ], [ -4.819114, 58.529139 ], [ -4.818507, 58.529175 ], [ -4.818572, 58.529443 ], [ -4.818883, 58.529369 ], [ -4.818736, 58.529462 ], [ -4.818879, 58.529639 ], [ -4.8183, 58.529809 ], [ -4.818044, 58.530142 ], [ -4.818011, 58.530704 ], [ -4.816828, 58.531481 ], [ -4.816292, 58.531659 ], [ -4.815883, 58.532018 ], [ -4.815029, 58.532401 ], [ -4.814669, 58.532732 ], [ -4.814292, 58.532853 ], [ -4.813811, 58.533173 ], [ -4.813222, 58.53333 ], [ -4.813143, 58.53353 ], [ -4.812764, 58.533839 ], [ -4.811249, 58.534865 ], [ -4.808918, 58.53612 ], [ -4.807495, 58.536704 ], [ -4.80594, 58.537675 ], [ -4.804486, 58.538297 ], [ -4.804219, 58.538505 ], [ -4.802813, 58.538644 ], [ -4.801202, 58.538603 ], [ -4.79966, 58.539297 ], [ -4.798265, 58.539691 ], [ -4.797314, 58.540166 ], [ -4.797164, 58.540326 ], [ -4.796193, 58.540648 ], [ -4.795448, 58.541222 ], [ -4.794786, 58.542189 ], [ -4.794855, 58.542524 ], [ -4.795346, 58.543178 ], [ -4.795263, 58.543436 ], [ -4.795594, 58.544242 ], [ -4.795453, 58.544632 ], [ -4.795541, 58.544765 ], [ -4.795356, 58.544818 ], [ -4.795271, 58.545045 ], [ -4.794544, 58.545308 ], [ -4.794047, 58.54575 ], [ -4.793354, 58.546012 ], [ -4.793244, 58.546243 ], [ -4.793442, 58.546581 ], [ -4.793187, 58.546721 ], [ -4.793247, 58.546935 ], [ -4.79361, 58.547278 ], [ -4.794659, 58.547713 ], [ -4.794824, 58.548168 ], [ -4.795326, 58.548427 ], [ -4.795415, 58.548582 ], [ -4.795327, 58.548665 ], [ -4.795473, 58.54876 ], [ -4.795405, 58.548966 ], [ -4.795558, 58.549117 ], [ -4.796486, 58.549507 ], [ -4.79728, 58.549651 ], [ -4.797814, 58.549882 ], [ -4.798026, 58.550596 ], [ -4.79823, 58.550682 ], [ -4.798602, 58.551145 ], [ -4.799498, 58.551386 ], [ -4.800446, 58.551406 ], [ -4.800725, 58.551571 ], [ -4.801108, 58.551518 ], [ -4.80129, 58.551653 ], [ -4.802155, 58.551611 ], [ -4.802329, 58.551738 ], [ -4.802316, 58.551904 ], [ -4.802663, 58.552153 ], [ -4.802806, 58.55255 ], [ -4.80318, 58.552604 ], [ -4.80384, 58.552469 ], [ -4.804323, 58.55249 ], [ -4.804954, 58.552745 ], [ -4.805112, 58.552899 ], [ -4.805021, 58.55305 ], [ -4.80531, 58.553007 ], [ -4.805099, 58.55316 ], [ -4.80533, 58.553366 ], [ -4.805981, 58.55355 ], [ -4.80648, 58.553557 ], [ -4.806928, 58.553462 ], [ -4.808148, 58.553889 ], [ -4.808684, 58.553926 ], [ -4.809061, 58.553905 ], [ -4.809228, 58.553623 ], [ -4.809439, 58.553685 ], [ -4.809508, 58.553908 ], [ -4.809842, 58.554099 ], [ -4.810106, 58.553859 ], [ -4.810317, 58.553918 ], [ -4.81077, 58.554415 ], [ -4.811172, 58.554501 ], [ -4.811403, 58.554698 ], [ -4.81193, 58.554844 ], [ -4.81238, 58.555202 ], [ -4.812452, 58.555457 ], [ -4.812636, 58.555493 ], [ -4.812666, 58.555556 ], [ -4.812505, 58.555582 ], [ -4.812703, 58.555694 ], [ -4.812831, 58.555673 ], [ -4.812935, 58.555792 ], [ -4.813151, 58.555815 ], [ -4.813459, 58.556217 ], [ -4.813778, 58.556344 ], [ -4.813783, 58.556511 ], [ -4.813936, 58.556588 ], [ -4.813763, 58.556686 ], [ -4.814049, 58.557143 ], [ -4.814637, 58.556968 ], [ -4.81473, 58.557065 ], [ -4.814567, 58.557387 ], [ -4.81507, 58.557552 ], [ -4.814602, 58.557611 ], [ -4.814637, 58.557723 ], [ -4.815012, 58.55789 ], [ -4.815676, 58.557916 ], [ -4.815709, 58.558117 ], [ -4.815406, 58.558304 ], [ -4.815943, 58.558678 ], [ -4.815962, 58.558916 ], [ -4.815772, 58.559113 ], [ -4.815992, 58.55918 ], [ -4.816791, 58.56003 ], [ -4.817315, 58.560234 ], [ -4.817163, 58.56048 ], [ -4.817254, 58.560541 ], [ -4.8169, 58.560634 ], [ -4.816783, 58.560888 ], [ -4.816895, 58.561102 ], [ -4.817962, 58.561658 ], [ -4.818172, 58.561586 ], [ -4.818596, 58.561626 ], [ -4.81871, 58.561758 ], [ -4.818874, 58.561552 ], [ -4.819052, 58.561517 ], [ -4.819367, 58.56169 ], [ -4.81906, 58.561944 ], [ -4.819733, 58.561866 ], [ -4.819913, 58.562073 ], [ -4.819643, 58.562236 ], [ -4.819814, 58.56234 ], [ -4.819764, 58.562463 ], [ -4.820272, 58.562474 ], [ -4.820507, 58.563152 ], [ -4.820166, 58.563402 ], [ -4.820157, 58.563923 ], [ -4.819991, 58.564107 ], [ -4.81958, 58.564134 ], [ -4.819156, 58.564309 ], [ -4.819087, 58.56441 ], [ -4.819292, 58.5645 ], [ -4.819229, 58.565009 ], [ -4.818873, 58.565174 ], [ -4.818835, 58.56535 ], [ -4.819171, 58.565459 ], [ -4.81914, 58.565613 ], [ -4.819492, 58.566243 ], [ -4.81931, 58.566436 ], [ -4.819347, 58.566583 ], [ -4.818955, 58.566839 ], [ -4.819178, 58.567153 ], [ -4.819114, 58.567316 ], [ -4.81933, 58.567334 ], [ -4.819033, 58.567484 ], [ -4.819132, 58.567545 ], [ -4.818976, 58.567737 ], [ -4.819106, 58.567748 ], [ -4.819075, 58.567901 ], [ -4.819337, 58.567954 ], [ -4.81912, 58.568039 ], [ -4.818776, 58.568456 ], [ -4.818855, 58.568485 ], [ -4.818452, 58.56871 ], [ -4.818382, 58.568801 ], [ -4.818498, 58.568857 ], [ -4.818181, 58.569084 ], [ -4.818269, 58.56932 ], [ -4.818077, 58.569392 ], [ -4.818044, 58.569519 ], [ -4.817713, 58.569575 ], [ -4.817653, 58.56968 ], [ -4.81779, 58.569677 ], [ -4.817431, 58.569918 ], [ -4.817383, 58.570176 ], [ -4.81706, 58.570335 ], [ -4.817087, 58.570452 ], [ -4.817275, 58.570439 ], [ -4.817494, 58.570596 ], [ -4.817544, 58.5709 ], [ -4.81704, 58.571257 ], [ -4.81706, 58.57118 ], [ -4.816931, 58.571192 ], [ -4.81684, 58.571441 ], [ -4.817113, 58.571417 ], [ -4.817402, 58.571271 ], [ -4.817243, 58.571648 ], [ -4.817545, 58.571655 ], [ -4.818352, 58.571215 ], [ -4.818617, 58.570867 ], [ -4.818745, 58.570851 ], [ -4.818944, 58.570874 ], [ -4.819051, 58.571029 ], [ -4.819818, 58.571156 ], [ -4.820153, 58.57104 ], [ -4.820913, 58.571082 ], [ -4.821172, 58.571198 ], [ -4.821648, 58.571129 ], [ -4.822061, 58.571237 ], [ -4.823424, 58.570814 ], [ -4.822645, 58.571224 ], [ -4.822931, 58.571784 ], [ -4.821336, 58.572484 ], [ -4.821215, 58.572473 ], [ -4.820935, 58.572735 ], [ -4.821051, 58.572795 ], [ -4.820476, 58.573127 ], [ -4.820624, 58.573155 ], [ -4.820447, 58.573191 ], [ -4.820315, 58.573378 ], [ -4.820431, 58.573537 ], [ -4.820228, 58.573681 ], [ -4.820081, 58.574102 ], [ -4.820247, 58.574134 ], [ -4.820439, 58.574058 ], [ -4.820537, 58.574105 ], [ -4.820053, 58.574498 ], [ -4.820037, 58.574723 ], [ -4.82029, 58.574771 ], [ -4.819974, 58.574908 ], [ -4.8202, 58.574935 ], [ -4.819919, 58.575507 ], [ -4.820135, 58.57552 ], [ -4.819729, 58.575925 ], [ -4.819841, 58.576142 ], [ -4.819621, 58.576511 ], [ -4.819722, 58.576581 ], [ -4.820116, 58.57646 ], [ -4.820235, 58.576327 ], [ -4.820791, 58.576288 ], [ -4.821072, 58.576466 ], [ -4.81939, 58.577698 ], [ -4.819267, 58.577885 ], [ -4.818913, 58.577964 ], [ -4.818438, 58.578262 ], [ -4.818205, 58.578681 ], [ -4.818387, 58.578708 ], [ -4.818968, 58.578435 ], [ -4.819283, 58.578396 ], [ -4.819089, 58.578873 ], [ -4.819275, 58.578936 ], [ -4.819521, 58.578894 ], [ -4.819736, 58.579114 ], [ -4.820201, 58.578907 ], [ -4.820357, 58.578921 ], [ -4.820275, 58.579498 ], [ -4.820862, 58.578986 ], [ -4.821242, 58.578798 ], [ -4.821417, 58.579149 ], [ -4.820896, 58.57952 ], [ -4.820992, 58.579855 ], [ -4.821332, 58.580027 ], [ -4.821464, 58.580267 ], [ -4.822067, 58.580177 ], [ -4.822092, 58.580267 ], [ -4.821675, 58.580546 ], [ -4.821226, 58.580627 ], [ -4.820327, 58.58111 ], [ -4.82025, 58.581332 ], [ -4.819607, 58.581467 ], [ -4.819701, 58.581663 ], [ -4.819431, 58.581844 ], [ -4.819426, 58.581988 ], [ -4.819609, 58.582127 ], [ -4.819258, 58.582153 ], [ -4.819255, 58.582225 ], [ -4.819654, 58.582261 ], [ -4.81953, 58.582435 ], [ -4.819655, 58.582481 ], [ -4.819667, 58.582634 ], [ -4.819311, 58.583019 ], [ -4.819721, 58.582983 ], [ -4.819669, 58.583088 ], [ -4.819276, 58.583236 ], [ -4.819545, 58.583261 ], [ -4.819367, 58.583508 ], [ -4.819416, 58.583686 ], [ -4.820468, 58.583501 ], [ -4.820664, 58.58369 ], [ -4.819887, 58.583874 ], [ -4.819439, 58.584077 ], [ -4.819006, 58.584468 ], [ -4.818893, 58.584879 ], [ -4.81835, 58.584878 ], [ -4.818353, 58.585013 ], [ -4.818679, 58.585329 ], [ -4.818506, 58.585526 ], [ -4.818608, 58.58573 ], [ -4.818073, 58.586344 ], [ -4.81776, 58.586517 ], [ -4.816982, 58.58648 ], [ -4.817037, 58.586731 ], [ -4.817401, 58.586768 ], [ -4.817493, 58.586847 ], [ -4.817364, 58.586953 ], [ -4.816842, 58.586982 ], [ -4.816694, 58.587072 ], [ -4.817239, 58.587207 ], [ -4.817551, 58.587128 ], [ -4.816983, 58.587774 ], [ -4.817002, 58.588008 ], [ -4.817267, 58.588101 ], [ -4.817896, 58.588644 ], [ -4.817902, 58.588716 ], [ -4.817227, 58.588947 ], [ -4.818178, 58.588943 ], [ -4.818353, 58.588868 ], [ -4.818879, 58.58931 ], [ -4.819598, 58.589582 ], [ -4.819844, 58.589639 ], [ -4.82039, 58.589483 ], [ -4.820396, 58.589762 ], [ -4.820214, 58.58986 ], [ -4.82021, 58.590022 ], [ -4.820761, 58.590028 ], [ -4.820907, 58.590132 ], [ -4.820842, 58.590278 ], [ -4.821021, 58.59026 ], [ -4.821508, 58.590434 ], [ -4.82175, 58.590765 ], [ -4.822019, 58.590791 ], [ -4.822215, 58.590984 ], [ -4.822607, 58.590931 ], [ -4.822263, 58.591149 ], [ -4.822214, 58.591506 ], [ -4.822275, 58.591621 ], [ -4.822723, 58.591629 ], [ -4.822629, 58.591744 ], [ -4.822715, 58.591849 ], [ -4.823293, 58.592295 ], [ -4.823556, 58.592352 ], [ -4.823741, 58.59251 ], [ -4.824149, 58.592442 ], [ -4.824232, 58.592521 ], [ -4.824611, 58.592419 ], [ -4.824625, 58.59227 ], [ -4.824747, 58.59229 ], [ -4.825497, 58.59315 ], [ -4.82569, 58.593195 ], [ -4.825793, 58.593085 ], [ -4.826097, 58.593231 ], [ -4.826409, 58.593152 ], [ -4.826098, 58.59346 ], [ -4.826355, 58.593764 ], [ -4.827106, 58.593901 ], [ -4.827239, 58.593839 ], [ -4.82726, 58.593992 ], [ -4.827702, 58.593928 ], [ -4.827608, 58.59415 ], [ -4.827898, 58.59422 ], [ -4.828244, 58.594028 ], [ -4.828286, 58.594234 ], [ -4.828495, 58.594364 ], [ -4.828411, 58.594496 ], [ -4.828652, 58.5945 ], [ -4.828492, 58.594863 ], [ -4.828921, 58.595375 ], [ -4.828789, 58.59545 ], [ -4.828965, 58.595598 ], [ -4.828767, 58.595917 ], [ -4.827818, 58.596635 ], [ -4.827515, 58.596722 ], [ -4.827212, 58.596697 ], [ -4.825782, 58.596257 ], [ -4.825591, 58.596131 ], [ -4.825076, 58.596039 ], [ -4.824509, 58.596051 ], [ -4.824374, 58.596198 ], [ -4.824688, 58.596569 ], [ -4.824666, 58.596938 ], [ -4.8251, 58.596982 ], [ -4.825207, 58.596813 ], [ -4.825386, 58.596796 ], [ -4.827005, 58.597012 ], [ -4.826935, 58.597319 ], [ -4.827059, 58.597473 ], [ -4.828313, 58.598084 ], [ -4.829754, 58.598227 ], [ -4.830397, 58.598514 ], [ -4.830706, 58.598507 ], [ -4.832199, 58.598767 ], [ -4.832466, 58.598981 ], [ -4.833842, 58.599395 ], [ -4.834113, 58.599448 ], [ -4.834515, 58.599407 ], [ -4.834789, 58.599496 ], [ -4.835735, 58.599493 ], [ -4.836136, 58.599655 ], [ -4.836411, 58.599653 ], [ -4.836515, 58.599763 ], [ -4.837661, 58.599679 ], [ -4.836854, 58.599908 ], [ -4.836398, 58.600125 ], [ -4.835927, 58.600163 ], [ -4.835246, 58.600361 ], [ -4.835326, 58.600818 ], [ -4.835776, 58.601168 ], [ -4.836892, 58.601341 ], [ -4.838043, 58.601091 ], [ -4.839034, 58.600997 ], [ -4.839486, 58.601158 ], [ -4.839822, 58.601173 ], [ -4.840275, 58.60145 ], [ -4.841089, 58.601504 ], [ -4.840968, 58.601606 ], [ -4.841257, 58.601873 ], [ -4.841638, 58.60191 ], [ -4.84265, 58.601757 ], [ -4.843446, 58.601587 ], [ -4.843475, 58.601519 ], [ -4.843363, 58.60135 ], [ -4.842899, 58.601213 ], [ -4.842463, 58.600939 ], [ -4.842225, 58.600648 ], [ -4.841795, 58.600442 ], [ -4.841997, 58.600172 ], [ -4.845054, 58.59935 ], [ -4.846333, 58.598769 ], [ -4.846767, 58.598818 ], [ -4.847186, 58.5991 ], [ -4.847748, 58.599236 ], [ -4.847829, 58.599383 ], [ -4.848219, 58.599522 ], [ -4.848895, 58.599476 ], [ -4.848768, 58.599717 ], [ -4.848898, 58.600249 ], [ -4.849992, 58.600898 ], [ -4.850108, 58.601048 ], [ -4.850465, 58.601207 ], [ -4.850866, 58.601265 ], [ -4.851456, 58.601108 ], [ -4.85155, 58.601214 ], [ -4.851427, 58.601388 ], [ -4.851661, 58.601625 ], [ -4.851838, 58.601684 ], [ -4.852491, 58.601669 ], [ -4.8526, 58.601838 ], [ -4.852989, 58.601865 ], [ -4.853055, 58.601936 ], [ -4.852847, 58.602021 ], [ -4.852966, 58.602324 ], [ -4.853476, 58.602456 ], [ -4.853844, 58.602313 ], [ -4.854143, 58.602289 ], [ -4.854359, 58.602823 ], [ -4.854147, 58.602967 ], [ -4.854209, 58.603096 ], [ -4.854398, 58.603101 ], [ -4.854651, 58.602826 ], [ -4.85471, 58.602914 ], [ -4.855051, 58.602763 ], [ -4.855167, 58.602819 ], [ -4.855241, 58.603087 ], [ -4.855552, 58.603412 ], [ -4.855595, 58.603838 ], [ -4.855816, 58.603914 ], [ -4.85586, 58.604133 ], [ -4.856037, 58.604192 ], [ -4.856393, 58.604121 ], [ -4.856483, 58.604281 ], [ -4.856318, 58.604366 ], [ -4.856389, 58.604499 ], [ -4.856651, 58.604646 ], [ -4.857316, 58.604784 ], [ -4.857256, 58.604992 ], [ -4.857359, 58.605093 ], [ -4.858212, 58.605002 ], [ -4.858306, 58.605521 ], [ -4.85853, 58.605727 ], [ -4.858791, 58.605762 ], [ -4.859295, 58.605611 ], [ -4.859805, 58.605843 ], [ -4.860149, 58.60584 ], [ -4.860305, 58.605953 ], [ -4.860575, 58.605996 ], [ -4.860709, 58.606366 ], [ -4.861094, 58.606447 ], [ -4.861316, 58.606317 ], [ -4.861439, 58.606345 ], [ -4.861859, 58.606749 ], [ -4.862248, 58.606867 ], [ -4.861872, 58.607118 ], [ -4.861412, 58.607281 ], [ -4.861422, 58.607405 ], [ -4.861876, 58.607585 ], [ -4.862355, 58.607543 ], [ -4.862551, 58.607309 ], [ -4.863141, 58.60695 ], [ -4.863459, 58.607145 ], [ -4.863666, 58.607154 ], [ -4.864084, 58.60679 ], [ -4.864862, 58.606934 ], [ -4.864567, 58.607332 ], [ -4.86464, 58.607379 ], [ -4.864872, 58.60737 ], [ -4.865425, 58.607083 ], [ -4.865655, 58.607051 ], [ -4.866441, 58.607083 ], [ -4.867379, 58.607287 ], [ -4.866532, 58.60798 ], [ -4.866063, 58.608561 ], [ -4.866687, 58.608506 ], [ -4.867032, 58.608616 ], [ -4.867542, 58.60864 ], [ -4.869195, 58.608954 ], [ -4.869912, 58.608983 ], [ -4.870074, 58.609073 ], [ -4.870139, 58.609337 ], [ -4.870345, 58.60944 ], [ -4.870603, 58.60943 ], [ -4.8708, 58.609637 ], [ -4.871111, 58.609648 ], [ -4.87199, 58.609866 ], [ -4.872502, 58.61012 ], [ -4.872347, 58.610231 ], [ -4.872279, 58.610556 ], [ -4.871969, 58.610756 ], [ -4.87229, 58.61079 ], [ -4.872357, 58.610981 ], [ -4.872607, 58.611088 ], [ -4.872612, 58.611245 ], [ -4.873175, 58.611287 ], [ -4.873475, 58.61159 ], [ -4.873702, 58.611625 ], [ -4.873995, 58.612369 ], [ -4.874309, 58.612411 ], [ -4.874434, 58.612566 ], [ -4.874125, 58.612901 ], [ -4.874838, 58.612772 ], [ -4.875129, 58.612856 ], [ -4.875189, 58.613061 ], [ -4.875529, 58.613116 ], [ -4.875584, 58.613358 ], [ -4.875657, 58.61341 ], [ -4.875748, 58.613368 ], [ -4.875747, 58.613462 ], [ -4.875502, 58.614038 ], [ -4.875722, 58.613993 ], [ -4.875914, 58.613818 ], [ -4.875905, 58.61402 ], [ -4.876154, 58.614113 ], [ -4.875868, 58.614201 ], [ -4.875804, 58.614368 ], [ -4.8763, 58.614213 ], [ -4.876421, 58.614323 ], [ -4.876713, 58.614317 ], [ -4.876801, 58.61444 ], [ -4.877199, 58.614364 ], [ -4.877067, 58.614646 ], [ -4.876449, 58.614871 ], [ -4.876371, 58.614976 ], [ -4.876632, 58.614907 ], [ -4.87745, 58.614898 ], [ -4.87759, 58.614616 ], [ -4.878018, 58.614481 ], [ -4.878054, 58.614704 ], [ -4.878797, 58.614737 ], [ -4.879053, 58.614601 ], [ -4.879653, 58.614466 ], [ -4.879747, 58.614563 ], [ -4.879913, 58.614479 ], [ -4.880503, 58.614429 ], [ -4.880944, 58.614244 ], [ -4.880654, 58.614696 ], [ -4.881253, 58.614646 ], [ -4.881339, 58.614541 ], [ -4.881931, 58.614725 ], [ -4.882729, 58.614483 ], [ -4.88301, 58.614553 ], [ -4.883205, 58.614517 ], [ -4.88311, 58.614398 ], [ -4.884209, 58.614054 ], [ -4.884238, 58.613771 ], [ -4.884973, 58.613399 ], [ -4.88519, 58.613417 ], [ -4.885755, 58.613274 ], [ -4.88731, 58.612596 ], [ -4.887072, 58.612017 ], [ -4.887239, 58.611951 ], [ -4.888672, 58.612202 ], [ -4.889498, 58.612192 ], [ -4.890586, 58.612334 ], [ -4.890917, 58.612479 ], [ -4.892173, 58.612159 ], [ -4.893209, 58.612288 ], [ -4.89455, 58.612263 ], [ -4.894973, 58.612379 ], [ -4.895375, 58.612343 ], [ -4.895666, 58.612431 ], [ -4.896009, 58.612409 ], [ -4.896461, 58.61257 ], [ -4.899277, 58.612781 ], [ -4.899679, 58.613055 ], [ -4.899692, 58.613212 ], [ -4.900518, 58.613516 ], [ -4.901492, 58.613117 ], [ -4.902113, 58.613224 ], [ -4.902326, 58.613404 ], [ -4.902554, 58.613461 ], [ -4.903754, 58.613394 ], [ -4.904285, 58.613454 ], [ -4.904621, 58.613361 ], [ -4.905392, 58.613312 ], [ -4.90608, 58.613503 ], [ -4.906986, 58.613635 ], [ -4.90745, 58.613513 ], [ -4.909441, 58.613742 ], [ -4.909666, 58.613966 ], [ -4.909989, 58.61381 ], [ -4.910705, 58.614032 ], [ -4.911179, 58.613828 ], [ -4.911361, 58.61364 ], [ -4.912287, 58.613789 ], [ -4.912058, 58.613525 ], [ -4.91245, 58.61348 ], [ -4.91413, 58.613896 ], [ -4.914516, 58.613878 ], [ -4.915072, 58.614045 ], [ -4.915003, 58.613939 ], [ -4.915309, 58.613883 ], [ -4.916269, 58.613829 ], [ -4.91682, 58.61414 ], [ -4.917474, 58.614242 ], [ -4.917551, 58.614335 ], [ -4.917981, 58.614334 ], [ -4.918523, 58.614533 ], [ -4.920316, 58.614969 ], [ -4.920743, 58.614919 ], [ -4.921551, 58.615003 ], [ -4.921997, 58.615402 ], [ -4.922326, 58.615309 ], [ -4.922632, 58.61537 ], [ -4.922709, 58.615467 ], [ -4.92259, 58.615694 ], [ -4.922902, 58.61571 ], [ -4.923485, 58.615472 ], [ -4.92432, 58.615273 ], [ -4.92469, 58.615467 ], [ -4.924982, 58.615352 ], [ -4.925559, 58.615465 ], [ -4.926188, 58.61546 ], [ -4.926662, 58.61588 ], [ -4.928271, 58.616064 ], [ -4.928388, 58.616128 ], [ -4.928335, 58.616215 ], [ -4.929039, 58.616194 ], [ -4.929378, 58.616331 ], [ -4.930272, 58.616207 ], [ -4.9314, 58.616204 ], [ -4.931744, 58.616299 ], [ -4.931862, 58.616579 ], [ -4.932965, 58.616689 ], [ -4.933812, 58.616521 ], [ -4.934297, 58.616555 ], [ -4.936087, 58.616946 ], [ -4.936478, 58.616887 ], [ -4.936833, 58.6167 ], [ -4.937122, 58.616342 ], [ -4.937602, 58.61612 ], [ -4.937673, 58.61593 ], [ -4.937927, 58.615785 ], [ -4.937255, 58.615369 ], [ -4.936364, 58.615012 ], [ -4.937168, 58.614949 ], [ -4.937732, 58.615003 ], [ -4.938045, 58.614929 ], [ -4.938185, 58.614755 ], [ -4.938087, 58.614307 ], [ -4.938374, 58.61413 ], [ -4.938462, 58.613742 ], [ -4.938691, 58.613705 ], [ -4.938975, 58.613393 ], [ -4.939198, 58.613379 ], [ -4.939286, 58.613512 ], [ -4.939679, 58.613575 ], [ -4.93969, 58.613705 ], [ -4.939965, 58.613689 ], [ -4.940595, 58.613405 ], [ -4.940687, 58.613165 ], [ -4.941055, 58.613139 ], [ -4.941278, 58.61303 ], [ -4.94149, 58.612783 ], [ -4.942796, 58.612133 ], [ -4.94304, 58.61206 ], [ -4.943462, 58.612064 ], [ -4.943453, 58.611853 ], [ -4.942137, 58.610746 ], [ -4.941826, 58.610219 ], [ -4.941862, 58.610141 ], [ -4.942093, 58.610123 ], [ -4.942476, 58.609763 ], [ -4.943108, 58.609398 ], [ -4.943551, 58.609235 ], [ -4.945458, 58.608671 ], [ -4.946303, 58.608683 ], [ -4.946549, 58.608951 ], [ -4.946298, 58.609334 ], [ -4.946518, 58.609702 ], [ -4.947094, 58.609896 ], [ -4.948503, 58.610169 ], [ -4.948964, 58.610217 ], [ -4.949613, 58.610161 ], [ -4.951518, 58.610486 ], [ -4.953729, 58.610467 ], [ -4.956153, 58.6098 ], [ -4.956745, 58.609773 ], [ -4.957867, 58.610214 ], [ -4.957842, 58.610323 ], [ -4.957421, 58.610539 ], [ -4.957329, 58.61077 ], [ -4.957661, 58.610623 ], [ -4.958069, 58.610565 ], [ -4.958888, 58.610784 ], [ -4.959186, 58.611047 ], [ -4.958439, 58.611378 ], [ -4.958201, 58.611622 ], [ -4.957704, 58.611849 ], [ -4.957311, 58.612191 ], [ -4.957235, 58.612412 ], [ -4.95728, 58.612542 ], [ -4.957501, 58.612604 ], [ -4.957185, 58.612634 ], [ -4.957127, 58.61277 ], [ -4.957302, 58.612896 ], [ -4.957809, 58.612992 ], [ -4.958089, 58.612937 ], [ -4.958701, 58.613048 ], [ -4.958571, 58.613141 ], [ -4.95819, 58.613123 ], [ -4.958197, 58.613204 ], [ -4.958834, 58.613405 ], [ -4.958442, 58.613755 ], [ -4.958479, 58.613885 ], [ -4.958947, 58.613923 ], [ -4.959734, 58.614161 ], [ -4.960324, 58.614116 ], [ -4.96101, 58.614383 ], [ -4.962171, 58.614568 ], [ -4.96262, 58.614477 ], [ -4.962933, 58.614721 ], [ -4.964112, 58.614811 ], [ -4.964502, 58.61504 ], [ -4.964905, 58.615022 ], [ -4.965134, 58.614877 ], [ -4.965088, 58.614541 ], [ -4.965578, 58.614525 ], [ -4.965601, 58.614803 ], [ -4.966026, 58.614838 ], [ -4.966208, 58.614744 ], [ -4.966484, 58.615057 ], [ -4.967077, 58.615142 ], [ -4.96741, 58.615116 ], [ -4.968654, 58.615362 ], [ -4.969296, 58.615621 ], [ -4.970243, 58.615514 ], [ -4.971035, 58.615509 ], [ -4.971382, 58.615842 ], [ -4.971422, 58.616107 ], [ -4.971942, 58.616256 ], [ -4.972793, 58.616035 ], [ -4.973413, 58.616133 ], [ -4.974095, 58.615847 ], [ -4.974529, 58.615374 ], [ -4.975036, 58.615363 ], [ -4.975538, 58.615194 ], [ -4.975784, 58.615246 ], [ -4.97528, 58.615802 ], [ -4.975598, 58.615997 ], [ -4.975961, 58.615817 ], [ -4.975962, 58.615925 ], [ -4.976159, 58.615907 ], [ -4.977281, 58.615333 ], [ -4.977891, 58.615216 ], [ -4.977666, 58.615711 ], [ -4.977107, 58.616025 ], [ -4.975943, 58.617121 ], [ -4.975781, 58.617345 ], [ -4.976075, 58.617459 ], [ -4.975741, 58.617481 ], [ -4.975833, 58.61755 ], [ -4.976447, 58.617581 ], [ -4.977126, 58.617862 ], [ -4.978416, 58.618043 ], [ -4.978854, 58.618024 ], [ -4.979334, 58.617703 ], [ -4.979118, 58.618094 ], [ -4.979331, 58.618372 ], [ -4.979034, 58.61842 ], [ -4.978964, 58.618507 ], [ -4.979243, 58.618855 ], [ -4.979119, 58.619218 ], [ -4.979348, 58.619374 ], [ -4.979889, 58.619456 ], [ -4.979797, 58.619696 ], [ -4.980334, 58.620034 ], [ -4.980809, 58.620144 ], [ -4.98122, 58.620117 ], [ -4.981352, 58.620352 ], [ -4.981709, 58.620299 ], [ -4.981679, 58.620358 ], [ -4.981782, 58.620346 ], [ -4.982904, 58.619772 ], [ -4.983123, 58.619304 ], [ -4.984142, 58.619335 ], [ -4.984177, 58.619451 ], [ -4.983809, 58.619468 ], [ -4.983161, 58.61971 ], [ -4.982125, 58.62025 ], [ -4.981929, 58.620451 ], [ -4.982078, 58.620582 ], [ -4.982224, 58.620579 ], [ -4.98282, 58.620399 ], [ -4.983335, 58.620373 ], [ -4.984612, 58.619602 ], [ -4.984627, 58.619472 ], [ -4.985099, 58.619555 ], [ -4.985152, 58.619662 ], [ -4.984799, 58.619764 ], [ -4.984795, 58.619922 ], [ -4.98577, 58.620353 ], [ -4.985239, 58.620379 ], [ -4.985366, 58.620865 ], [ -4.985173, 58.620623 ], [ -4.984953, 58.620767 ], [ -4.984917, 58.621154 ], [ -4.985076, 58.621101 ], [ -4.985177, 58.621166 ], [ -4.985075, 58.621596 ], [ -4.985206, 58.621808 ], [ -4.985304, 58.621855 ], [ -4.986013, 58.621677 ], [ -4.986262, 58.621474 ], [ -4.987156, 58.621349 ], [ -4.987396, 58.621128 ], [ -4.988034, 58.62154 ], [ -4.988397, 58.621662 ], [ -4.988715, 58.622149 ], [ -4.989005, 58.622016 ], [ -4.989035, 58.622173 ], [ -4.989185, 58.622214 ], [ -4.989247, 58.622033 ], [ -4.989764, 58.621725 ], [ -4.989955, 58.621644 ], [ -4.990216, 58.621674 ], [ -4.990239, 58.622446 ], [ -4.99052, 58.622714 ], [ -4.990408, 58.622815 ], [ -4.990686, 58.62284 ], [ -4.990784, 58.623085 ], [ -4.991132, 58.623023 ], [ -4.991319, 58.623086 ], [ -4.991375, 58.623237 ], [ -4.991699, 58.623198 ], [ -4.991836, 58.623393 ], [ -4.991719, 58.623733 ], [ -4.991925, 58.623831 ], [ -4.992393, 58.623865 ], [ -4.992466, 58.624416 ], [ -4.993052, 58.624924 ], [ -4.993263, 58.624874 ], [ -4.993474, 58.624923 ], [ -4.993882, 58.625152 ], [ -4.994072, 58.625066 ], [ -4.99478, 58.625387 ], [ -4.995466, 58.625038 ], [ -4.996032, 58.624913 ], [ -4.996735, 58.624878 ], [ -4.997, 58.624949 ], [ -4.996844, 58.625343 ], [ -4.996425, 58.625483 ], [ -4.996674, 58.625769 ], [ -4.996641, 58.625887 ], [ -4.996416, 58.625973 ], [ -4.996582, 58.626203 ], [ -4.996441, 58.626269 ], [ -4.996234, 58.626166 ], [ -4.996092, 58.626219 ], [ -4.99635, 58.626514 ], [ -4.99694, 58.62686 ], [ -4.997267, 58.626254 ], [ -4.998889, 58.626581 ], [ -4.999421, 58.626555 ], [ -5.000521, 58.626223 ], [ -5.001011, 58.625817 ], [ -5.00162, 58.625479 ] ] ], [ [ [ -5.118617, 58.547189 ], [ -5.118582, 58.546888 ], [ -5.118767, 58.546843 ], [ -5.118872, 58.546958 ], [ -5.119023, 58.546918 ], [ -5.119039, 58.546414 ], [ -5.119387, 58.546276 ], [ -5.11988, 58.54621 ], [ -5.119955, 58.546091 ], [ -5.119709, 58.545742 ], [ -5.119242, 58.545416 ], [ -5.11909, 58.545447 ], [ -5.11878, 58.545342 ], [ -5.118304, 58.545309 ], [ -5.118607, 58.544942 ], [ -5.118455, 58.544591 ], [ -5.118226, 58.544623 ], [ -5.118027, 58.544507 ], [ -5.117735, 58.544514 ], [ -5.117213, 58.544729 ], [ -5.116566, 58.545481 ], [ -5.116779, 58.545562 ], [ -5.116638, 58.545808 ], [ -5.116832, 58.546248 ], [ -5.117756, 58.546971 ], [ -5.118617, 58.547189 ] ] ], [ [ [ -4.872444, 58.616757 ], [ -4.871877, 58.617094 ], [ -4.870981, 58.617397 ], [ -4.870951, 58.617766 ], [ -4.870531, 58.618215 ], [ -4.870609, 58.618326 ], [ -4.871722, 58.618449 ], [ -4.872158, 58.618305 ], [ -4.872083, 58.618024 ], [ -4.872791, 58.61794 ], [ -4.873402, 58.617729 ], [ -4.873838, 58.617158 ], [ -4.873718, 58.61685 ], [ -4.873242, 58.616614 ], [ -4.872865, 58.616744 ], [ -4.872444, 58.616757 ] ] ], [ [ [ -5.003853, 58.627309 ], [ -5.003916, 58.627438 ], [ -5.004318, 58.627604 ], [ -5.005064, 58.627667 ], [ -5.005546, 58.627256 ], [ -5.005611, 58.626909 ], [ -5.004672, 58.626513 ], [ -5.004254, 58.626559 ], [ -5.003943, 58.62675 ], [ -5.003628, 58.626191 ], [ -5.003218, 58.626035 ], [ -5.003048, 58.626259 ], [ -5.003004, 58.626651 ], [ -5.003178, 58.627069 ], [ -5.003337, 58.627321 ], [ -5.003853, 58.627309 ] ] ], [ [ [ -4.846009, 58.603462 ], [ -4.845541, 58.604061 ], [ -4.846423, 58.604531 ], [ -4.84693, 58.604628 ], [ -4.847374, 58.604582 ], [ -4.847625, 58.604496 ], [ -4.847742, 58.604345 ], [ -4.847361, 58.603688 ], [ -4.847419, 58.603557 ], [ -4.846632, 58.6033 ], [ -4.846009, 58.603462 ] ] ], [ [ [ -4.84792, 58.604521 ], [ -4.847186, 58.605022 ], [ -4.847237, 58.605124 ], [ -4.847526, 58.605289 ], [ -4.84897, 58.605576 ], [ -4.849138, 58.605531 ], [ -4.84908, 58.60534 ], [ -4.849322, 58.605249 ], [ -4.849344, 58.6051 ], [ -4.848497, 58.604319 ], [ -4.848184, 58.604277 ], [ -4.84792, 58.604521 ] ] ], [ [ [ -5.113046, 58.523346 ], [ -5.113196, 58.523388 ], [ -5.11343, 58.523225 ], [ -5.114038, 58.523201 ], [ -5.113987, 58.523108 ], [ -5.114217, 58.522895 ], [ -5.113915, 58.522777 ], [ -5.113578, 58.522853 ], [ -5.11335, 58.5228 ], [ -5.113224, 58.522641 ], [ -5.113609, 58.522528 ], [ -5.113492, 58.522374 ], [ -5.113163, 58.522243 ], [ -5.112557, 58.522486 ], [ -5.112467, 58.522826 ], [ -5.113054, 58.523144 ], [ -5.113046, 58.523346 ] ] ], [ [ [ -4.817213, 58.589998 ], [ -4.817486, 58.590068 ], [ -4.817975, 58.58995 ], [ -4.818126, 58.589789 ], [ -4.818455, 58.589809 ], [ -4.818513, 58.589682 ], [ -4.818111, 58.589497 ], [ -4.817875, 58.589561 ], [ -4.816938, 58.589245 ], [ -4.81662, 58.589252 ], [ -4.816472, 58.589443 ], [ -4.816571, 58.5895 ], [ -4.816679, 58.589457 ], [ -4.816689, 58.589789 ], [ -4.817441, 58.589719 ], [ -4.817538, 58.589748 ], [ -4.817213, 58.589998 ] ] ], [ [ [ -4.846122, 58.602741 ], [ -4.845289, 58.603289 ], [ -4.845364, 58.603369 ], [ -4.846079, 58.603371 ], [ -4.846662, 58.603241 ], [ -4.846794, 58.602955 ], [ -4.846536, 58.602745 ], [ -4.846122, 58.602741 ] ] ], [ [ [ -5.014032, 58.602964 ], [ -5.013971, 58.60306 ], [ -5.014358, 58.603554 ], [ -5.015296, 58.60315 ], [ -5.015084, 58.602994 ], [ -5.014528, 58.60293 ], [ -5.014032, 58.602964 ] ] ], [ [ [ -5.104861, 58.529678 ], [ -5.105135, 58.529762 ], [ -5.105793, 58.529337 ], [ -5.105623, 58.52926 ], [ -5.105188, 58.529288 ], [ -5.105161, 58.529177 ], [ -5.105411, 58.528991 ], [ -5.105128, 58.529002 ], [ -5.105145, 58.529092 ], [ -5.104551, 58.529183 ], [ -5.104774, 58.529375 ], [ -5.104861, 58.529678 ] ] ], [ [ [ -5.107453, 58.525477 ], [ -5.107673, 58.525332 ], [ -5.10796, 58.52528 ], [ -5.108123, 58.524989 ], [ -5.10797, 58.524903 ], [ -5.107715, 58.524846 ], [ -5.107051, 58.52501 ], [ -5.106941, 58.52522 ], [ -5.107453, 58.525477 ] ] ], [ [ [ -4.928111, 58.617038 ], [ -4.928328, 58.61706 ], [ -4.928559, 58.616933 ], [ -4.928983, 58.616955 ], [ -4.928996, 58.616708 ], [ -4.9285, 58.616544 ], [ -4.928108, 58.616589 ], [ -4.927924, 58.616759 ], [ -4.928111, 58.617038 ] ] ], [ [ [ -4.945585, 58.613556 ], [ -4.945832, 58.613519 ], [ -4.945716, 58.613068 ], [ -4.945241, 58.612742 ], [ -4.944628, 58.612621 ], [ -4.944654, 58.612728 ], [ -4.945066, 58.612804 ], [ -4.94504, 58.613007 ], [ -4.945411, 58.613026 ], [ -4.945364, 58.613184 ], [ -4.945491, 58.613257 ], [ -4.945394, 58.613435 ], [ -4.945585, 58.613556 ] ] ], [ [ [ -4.945428, 58.612401 ], [ -4.945614, 58.612971 ], [ -4.946034, 58.613052 ], [ -4.946076, 58.612835 ], [ -4.945871, 58.612453 ], [ -4.945428, 58.612401 ] ] ], [ [ [ -4.93726, 58.617579 ], [ -4.937281, 58.617727 ], [ -4.937503, 58.617812 ], [ -4.937773, 58.617738 ], [ -4.938256, 58.617345 ], [ -4.937925, 58.617295 ], [ -4.93726, 58.617579 ] ] ], [ [ [ -4.989874, 58.622212 ], [ -4.989644, 58.622545 ], [ -4.98989, 58.6228 ], [ -4.990066, 58.622738 ], [ -4.990104, 58.622481 ], [ -4.990022, 58.622231 ], [ -4.989874, 58.622212 ] ] ], [ [ [ -4.926249, 58.616402 ], [ -4.92624, 58.616496 ], [ -4.926721, 58.616589 ], [ -4.927079, 58.616432 ], [ -4.926958, 58.616332 ], [ -4.92663, 58.616317 ], [ -4.926249, 58.616402 ] ] ], [ [ [ -4.995695, 58.626606 ], [ -4.996467, 58.626888 ], [ -4.996792, 58.627142 ], [ -4.996902, 58.627121 ], [ -4.996666, 58.626884 ], [ -4.995874, 58.626588 ], [ -4.995695, 58.626606 ] ] ], [ [ [ -4.938397, 58.61758 ], [ -4.938227, 58.617696 ], [ -4.938383, 58.617828 ], [ -4.938541, 58.617658 ], [ -4.938397, 58.61758 ] ] ] ] } },
{ "type": "Feature", "properties": { "NAME": "22. Duirinish" }, "geometry": { "type": "MultiPolygon", "coordinates": [ [ [ [ -6.6263, 57.405629 ], [ -6.641391, 57.409949 ], [ -6.649691, 57.416767 ], [ -6.653938, 57.430998 ], [ -6.666719, 57.428891 ], [ -6.688917, 57.406623 ], [ -6.732261, 57.392205 ], [ -6.733916, 57.391028 ], [ -6.734771, 57.390874 ], [ -6.735817, 57.391168 ], [ -6.736159, 57.391105 ], [ -6.736695, 57.390869 ], [ -6.737445, 57.390809 ], [ -6.738196, 57.390367 ], [ -6.738258, 57.390073 ], [ -6.738679, 57.389791 ], [ -6.738703, 57.389584 ], [ -6.738939, 57.389354 ], [ -6.738391, 57.389042 ], [ -6.737914, 57.388961 ], [ -6.737511, 57.389003 ], [ -6.737054, 57.388944 ], [ -6.736357, 57.38871 ], [ -6.735898, 57.388511 ], [ -6.7343, 57.38742 ], [ -6.734223, 57.38695 ], [ -6.73399, 57.386698 ], [ -6.733949, 57.386443 ], [ -6.733628, 57.38615 ], [ -6.733507, 57.385799 ], [ -6.733382, 57.385669 ], [ -6.733088, 57.385585 ], [ -6.732796, 57.384931 ], [ -6.732212, 57.384606 ], [ -6.73187, 57.384021 ], [ -6.731102, 57.383357 ], [ -6.731722, 57.383257 ], [ -6.732296, 57.38293 ], [ -6.732438, 57.38229 ], [ -6.73214, 57.381784 ], [ -6.732279, 57.381703 ], [ -6.731635, 57.381426 ], [ -6.731177, 57.381491 ], [ -6.731207, 57.381271 ], [ -6.730904, 57.381435 ], [ -6.730493, 57.381419 ], [ -6.730211, 57.381488 ], [ -6.729359, 57.381214 ], [ -6.729179, 57.380974 ], [ -6.729028, 57.381033 ], [ -6.72884, 57.38087 ], [ -6.728399, 57.380868 ], [ -6.728595, 57.380649 ], [ -6.728236, 57.38051 ], [ -6.728355, 57.380461 ], [ -6.728528, 57.380513 ], [ -6.728537, 57.380454 ], [ -6.728271, 57.380266 ], [ -6.727922, 57.380207 ], [ -6.727945, 57.379936 ], [ -6.727534, 57.379394 ], [ -6.727453, 57.378893 ], [ -6.726995, 57.378569 ], [ -6.726893, 57.378235 ], [ -6.726685, 57.378104 ], [ -6.726416, 57.378087 ], [ -6.726721, 57.377805 ], [ -6.726504, 57.377733 ], [ -6.72646, 57.377518 ], [ -6.726026, 57.377517 ], [ -6.726321, 57.377348 ], [ -6.726309, 57.376993 ], [ -6.726122, 57.376771 ], [ -6.726252, 57.376487 ], [ -6.726029, 57.376374 ], [ -6.725522, 57.376317 ], [ -6.725732, 57.376138 ], [ -6.725277, 57.375705 ], [ -6.724989, 57.375667 ], [ -6.724687, 57.375719 ], [ -6.724912, 57.3754 ], [ -6.724473, 57.375349 ], [ -6.724403, 57.375194 ], [ -6.724084, 57.375107 ], [ -6.723752, 57.375178 ], [ -6.723761, 57.375061 ], [ -6.724202, 57.37486 ], [ -6.723913, 57.374686 ], [ -6.723961, 57.374414 ], [ -6.723795, 57.37429 ], [ -6.723637, 57.374287 ], [ -6.723237, 57.374545 ], [ -6.723314, 57.374758 ], [ -6.723137, 57.374801 ], [ -6.723145, 57.37454 ], [ -6.723043, 57.374525 ], [ -6.723188, 57.374034 ], [ -6.723063, 57.373904 ], [ -6.723127, 57.373821 ], [ -6.722891, 57.373735 ], [ -6.722677, 57.37382 ], [ -6.722425, 57.373798 ], [ -6.72258, 57.373711 ], [ -6.722606, 57.373525 ], [ -6.722271, 57.373376 ], [ -6.721934, 57.373416 ], [ -6.721733, 57.373531 ], [ -6.722088, 57.373248 ], [ -6.722031, 57.373066 ], [ -6.721406, 57.37313 ], [ -6.721214, 57.373293 ], [ -6.721302, 57.372643 ], [ -6.720962, 57.372589 ], [ -6.720868, 57.372313 ], [ -6.720197, 57.372339 ], [ -6.720306, 57.371957 ], [ -6.720091, 57.371839 ], [ -6.719631, 57.371825 ], [ -6.718796, 57.371478 ], [ -6.718299, 57.371501 ], [ -6.718117, 57.371576 ], [ -6.717783, 57.371242 ], [ -6.717424, 57.371165 ], [ -6.717245, 57.371006 ], [ -6.716843, 57.370859 ], [ -6.716233, 57.370909 ], [ -6.715958, 57.370712 ], [ -6.715291, 57.370638 ], [ -6.715242, 57.370771 ], [ -6.71507, 57.370795 ], [ -6.714735, 57.370524 ], [ -6.714288, 57.370473 ], [ -6.713872, 57.370476 ], [ -6.713555, 57.370604 ], [ -6.71333, 57.370604 ], [ -6.713158, 57.370363 ], [ -6.712763, 57.370207 ], [ -6.712464, 57.370146 ], [ -6.712042, 57.370234 ], [ -6.711755, 57.370204 ], [ -6.710895, 57.369661 ], [ -6.710046, 57.369854 ], [ -6.70906, 57.369833 ], [ -6.708318, 57.369951 ], [ -6.706533, 57.369986 ], [ -6.706107, 57.37011 ], [ -6.705196, 57.370144 ], [ -6.705053, 57.370195 ], [ -6.705029, 57.370335 ], [ -6.704137, 57.370647 ], [ -6.703512, 57.370711 ], [ -6.702871, 57.371162 ], [ -6.702477, 57.371595 ], [ -6.702459, 57.371785 ], [ -6.701445, 57.37203 ], [ -6.700971, 57.37193 ], [ -6.700511, 57.371786 ], [ -6.700279, 57.371597 ], [ -6.700723, 57.370514 ], [ -6.699533, 57.369223 ], [ -6.699227, 57.369036 ], [ -6.698767, 57.368959 ], [ -6.698742, 57.368636 ], [ -6.698543, 57.368383 ], [ -6.697739, 57.367689 ], [ -6.696832, 57.367696 ], [ -6.696785, 57.367976 ], [ -6.696578, 57.367988 ], [ -6.695965, 57.367818 ], [ -6.69563, 57.367538 ], [ -6.694776, 57.367305 ], [ -6.693887, 57.366866 ], [ -6.693732, 57.366566 ], [ -6.693582, 57.366495 ], [ -6.693291, 57.366434 ], [ -6.692687, 57.366528 ], [ -6.692953, 57.366329 ], [ -6.693171, 57.366339 ], [ -6.693617, 57.36612 ], [ -6.693836, 57.365811 ], [ -6.693365, 57.365972 ], [ -6.693248, 57.365904 ], [ -6.692634, 57.365851 ], [ -6.6926, 57.366041 ], [ -6.692433, 57.365975 ], [ -6.692155, 57.365428 ], [ -6.69177, 57.365526 ], [ -6.691804, 57.365284 ], [ -6.691372, 57.365213 ], [ -6.690997, 57.364968 ], [ -6.690506, 57.3649 ], [ -6.690061, 57.365065 ], [ -6.689729, 57.365069 ], [ -6.689432, 57.364963 ], [ -6.68936, 57.364853 ], [ -6.688799, 57.364762 ], [ -6.687471, 57.365122 ], [ -6.687183, 57.365083 ], [ -6.686533, 57.364684 ], [ -6.686635, 57.363983 ], [ -6.686755, 57.363885 ], [ -6.686658, 57.363708 ], [ -6.686829, 57.363414 ], [ -6.686347, 57.363099 ], [ -6.686115, 57.362784 ], [ -6.685915, 57.362778 ], [ -6.685864, 57.362901 ], [ -6.685263, 57.36269 ], [ -6.683999, 57.362049 ], [ -6.683836, 57.36209 ], [ -6.683549, 57.36198 ], [ -6.683009, 57.361987 ], [ -6.68255, 57.361847 ], [ -6.682385, 57.361731 ], [ -6.682505, 57.36156 ], [ -6.682701, 57.361661 ], [ -6.682875, 57.361587 ], [ -6.682831, 57.360856 ], [ -6.682674, 57.360798 ], [ -6.681936, 57.360793 ], [ -6.681215, 57.360578 ], [ -6.681295, 57.360364 ], [ -6.681027, 57.360019 ], [ -6.68042, 57.35983 ], [ -6.680286, 57.359696 ], [ -6.679742, 57.359724 ], [ -6.679942, 57.359412 ], [ -6.679466, 57.358943 ], [ -6.678286, 57.359019 ], [ -6.677717, 57.359193 ], [ -6.677811, 57.359603 ], [ -6.677445, 57.359275 ], [ -6.677326, 57.358668 ], [ -6.676954, 57.358497 ], [ -6.676514, 57.358505 ], [ -6.676231, 57.358434 ], [ -6.676095, 57.358219 ], [ -6.675736, 57.358012 ], [ -6.675839, 57.357905 ], [ -6.676259, 57.357876 ], [ -6.676229, 57.357706 ], [ -6.675046, 57.357233 ], [ -6.674644, 57.357346 ], [ -6.674314, 57.357305 ], [ -6.672603, 57.356743 ], [ -6.671416, 57.356635 ], [ -6.670932, 57.356688 ], [ -6.670934, 57.356832 ], [ -6.669932, 57.357005 ], [ -6.669762, 57.357105 ], [ -6.669491, 57.357331 ], [ -6.669683, 57.357598 ], [ -6.6696, 57.357732 ], [ -6.668692, 57.357725 ], [ -6.668339, 57.357437 ], [ -6.667999, 57.357445 ], [ -6.667723, 57.357365 ], [ -6.66738, 57.357554 ], [ -6.666161, 57.357581 ], [ -6.665944, 57.357382 ], [ -6.665765, 57.357479 ], [ -6.665282, 57.357542 ], [ -6.66464, 57.357341 ], [ -6.664318, 57.357362 ], [ -6.663245, 57.35723 ], [ -6.660555, 57.357735 ], [ -6.65996, 57.357906 ], [ -6.659515, 57.357936 ], [ -6.65906, 57.357764 ], [ -6.659015, 57.357999 ], [ -6.658848, 57.358127 ], [ -6.658358, 57.358194 ], [ -6.657375, 57.357992 ], [ -6.656889, 57.357966 ], [ -6.65661, 57.357863 ], [ -6.656286, 57.358064 ], [ -6.655896, 57.357881 ], [ -6.655319, 57.35792 ], [ -6.655124, 57.357703 ], [ -6.654729, 57.357537 ], [ -6.654515, 57.357622 ], [ -6.65474, 57.35782 ], [ -6.65411, 57.357839 ], [ -6.653434, 57.35835 ], [ -6.653112, 57.358438 ], [ -6.65312, 57.358299 ], [ -6.653585, 57.357967 ], [ -6.653229, 57.357786 ], [ -6.652703, 57.357963 ], [ -6.652958, 57.357616 ], [ -6.652782, 57.357538 ], [ -6.652997, 57.357197 ], [ -6.652905, 57.357002 ], [ -6.652575, 57.356956 ], [ -6.651892, 57.35708 ], [ -6.651856, 57.356735 ], [ -6.651203, 57.356508 ], [ -6.650792, 57.355497 ], [ -6.650796, 57.355133 ], [ -6.650388, 57.354478 ], [ -6.6485, 57.35363 ], [ -6.64778, 57.353526 ], [ -6.647771, 57.353783 ], [ -6.647173, 57.353859 ], [ -6.646969, 57.354087 ], [ -6.646784, 57.354139 ], [ -6.646122, 57.353907 ], [ -6.644103, 57.353991 ], [ -6.643162, 57.353927 ], [ -6.642966, 57.353817 ], [ -6.642672, 57.353405 ], [ -6.642183, 57.353617 ], [ -6.641495, 57.353768 ], [ -6.640725, 57.353666 ], [ -6.640554, 57.353371 ], [ -6.640307, 57.353452 ], [ -6.640149, 57.353656 ], [ -6.639291, 57.353845 ], [ -6.638468, 57.35365 ], [ -6.636926, 57.353037 ], [ -6.636638, 57.353061 ], [ -6.63632, 57.352983 ], [ -6.636017, 57.353089 ], [ -6.635781, 57.353462 ], [ -6.635887, 57.352851 ], [ -6.635567, 57.35275 ], [ -6.635235, 57.352893 ], [ -6.63467, 57.352833 ], [ -6.634568, 57.352485 ], [ -6.634109, 57.351949 ], [ -6.633231, 57.351451 ], [ -6.632254, 57.351163 ], [ -6.632211, 57.351016 ], [ -6.631736, 57.350746 ], [ -6.63166, 57.350209 ], [ -6.631422, 57.350105 ], [ -6.630502, 57.350202 ], [ -6.63038, 57.350355 ], [ -6.630127, 57.350329 ], [ -6.629908, 57.350503 ], [ -6.629254, 57.350064 ], [ -6.629105, 57.350209 ], [ -6.628712, 57.350192 ], [ -6.628482, 57.350277 ], [ -6.628438, 57.350787 ], [ -6.628133, 57.350811 ], [ -6.627931, 57.350796 ], [ -6.627202, 57.350418 ], [ -6.62661, 57.350283 ], [ -6.626538, 57.350366 ], [ -6.625988, 57.350495 ], [ -6.625696, 57.350685 ], [ -6.624661, 57.350854 ], [ -6.623989, 57.350474 ], [ -6.623699, 57.349562 ], [ -6.623333, 57.349625 ], [ -6.622809, 57.349429 ], [ -6.622375, 57.349483 ], [ -6.622012, 57.349445 ], [ -6.621947, 57.349221 ], [ -6.622164, 57.34907 ], [ -6.622079, 57.348983 ], [ -6.621677, 57.349034 ], [ -6.621371, 57.34918 ], [ -6.620625, 57.349199 ], [ -6.620438, 57.349435 ], [ -6.620133, 57.34932 ], [ -6.619195, 57.348613 ], [ -6.618996, 57.348287 ], [ -6.618913, 57.34776 ], [ -6.618568, 57.347462 ], [ -6.618895, 57.347355 ], [ -6.618696, 57.34716 ], [ -6.618431, 57.347238 ], [ -6.61831, 57.346999 ], [ -6.618114, 57.346894 ], [ -6.617575, 57.346977 ], [ -6.617478, 57.347129 ], [ -6.617169, 57.347257 ], [ -6.616629, 57.347061 ], [ -6.615712, 57.346317 ], [ -6.614581, 57.345724 ], [ -6.614037, 57.345038 ], [ -6.613322, 57.344844 ], [ -6.613282, 57.34453 ], [ -6.613628, 57.344365 ], [ -6.613645, 57.344238 ], [ -6.613473, 57.344195 ], [ -6.613141, 57.344264 ], [ -6.612786, 57.344423 ], [ -6.61195, 57.34386 ], [ -6.611071, 57.343816 ], [ -6.610875, 57.343706 ], [ -6.611193, 57.343456 ], [ -6.611246, 57.343216 ], [ -6.611122, 57.343094 ], [ -6.610751, 57.343382 ], [ -6.610504, 57.343405 ], [ -6.610451, 57.343245 ], [ -6.610138, 57.343202 ], [ -6.610039, 57.342945 ], [ -6.609176, 57.342433 ], [ -6.608404, 57.342182 ], [ -6.608037, 57.341845 ], [ -6.607358, 57.341672 ], [ -6.606582, 57.341651 ], [ -6.605241, 57.341902 ], [ -6.604138, 57.341862 ], [ -6.603551, 57.341357 ], [ -6.603465, 57.340803 ], [ -6.602753, 57.340496 ], [ -6.602799, 57.340795 ], [ -6.602505, 57.340712 ], [ -6.602006, 57.340708 ], [ -6.601782, 57.340518 ], [ -6.601355, 57.340695 ], [ -6.601036, 57.340667 ], [ -6.600526, 57.340447 ], [ -6.600741, 57.340039 ], [ -6.600575, 57.339847 ], [ -6.600076, 57.33991 ], [ -6.599474, 57.339883 ], [ -6.599495, 57.339653 ], [ -6.599846, 57.339599 ], [ -6.599941, 57.339501 ], [ -6.599678, 57.339327 ], [ -6.598901, 57.339166 ], [ -6.597665, 57.338456 ], [ -6.59664, 57.338242 ], [ -6.595266, 57.337568 ], [ -6.593758, 57.337011 ], [ -6.592949, 57.336996 ], [ -6.591806, 57.337231 ], [ -6.591461, 57.337203 ], [ -6.590781, 57.33735 ], [ -6.58813, 57.337163 ], [ -6.587841, 57.336985 ], [ -6.587537, 57.337014 ], [ -6.587236, 57.336867 ], [ -6.586824, 57.336829 ], [ -6.586389, 57.336678 ], [ -6.585551, 57.33696 ], [ -6.585409, 57.336952 ], [ -6.585667, 57.336754 ], [ -6.585254, 57.336845 ], [ -6.585221, 57.337049 ], [ -6.584533, 57.337335 ], [ -6.584273, 57.337313 ], [ -6.583261, 57.336806 ], [ -6.582471, 57.336542 ], [ -6.582841, 57.336173 ], [ -6.582974, 57.335773 ], [ -6.582801, 57.335051 ], [ -6.582951, 57.334321 ], [ -6.582851, 57.333987 ], [ -6.582453, 57.33353 ], [ -6.582514, 57.333217 ], [ -6.582296, 57.333068 ], [ -6.581209, 57.332954 ], [ -6.580485, 57.333084 ], [ -6.579303, 57.333145 ], [ -6.577448, 57.333469 ], [ -6.57729, 57.333408 ], [ -6.577139, 57.33313 ], [ -6.576852, 57.333095 ], [ -6.576643, 57.333548 ], [ -6.57617, 57.334092 ], [ -6.575786, 57.334213 ], [ -6.575548, 57.33411 ], [ -6.575755, 57.333765 ], [ -6.576176, 57.333408 ], [ -6.576631, 57.332321 ], [ -6.576287, 57.332293 ], [ -6.575917, 57.332401 ], [ -6.575537, 57.332347 ], [ -6.574985, 57.33266 ], [ -6.574636, 57.332996 ], [ -6.574067, 57.333098 ], [ -6.57358, 57.332931 ], [ -6.573292, 57.332955 ], [ -6.572565, 57.333328 ], [ -6.572309, 57.333675 ], [ -6.572073, 57.33358 ], [ -6.572371, 57.333034 ], [ -6.571488, 57.332692 ], [ -6.571002, 57.332665 ], [ -6.570396, 57.333339 ], [ -6.570286, 57.333721 ], [ -6.57132, 57.334214 ], [ -6.570893, 57.334261 ], [ -6.570901, 57.334454 ], [ -6.570502, 57.33419 ], [ -6.570434, 57.334444 ], [ -6.570812, 57.334876 ], [ -6.571389, 57.335237 ], [ -6.571502, 57.335476 ], [ -6.570415, 57.33556 ], [ -6.569834, 57.336108 ], [ -6.57029, 57.336428 ], [ -6.570016, 57.336434 ], [ -6.569815, 57.336554 ], [ -6.569289, 57.336541 ], [ -6.568766, 57.33621 ], [ -6.567913, 57.335944 ], [ -6.566874, 57.33592 ], [ -6.566227, 57.336194 ], [ -6.565738, 57.336135 ], [ -6.565686, 57.336254 ], [ -6.565896, 57.336341 ], [ -6.565895, 57.3368 ], [ -6.565645, 57.337128 ], [ -6.565471, 57.337202 ], [ -6.565106, 57.337206 ], [ -6.564858, 57.337359 ], [ -6.564986, 57.337516 ], [ -6.564959, 57.337832 ], [ -6.565271, 57.338068 ], [ -6.565067, 57.338098 ], [ -6.564986, 57.338249 ], [ -6.565235, 57.33905 ], [ -6.564851, 57.339104 ], [ -6.564914, 57.339543 ], [ -6.5648, 57.339767 ], [ -6.564307, 57.338949 ], [ -6.56387, 57.338578 ], [ -6.563596, 57.338579 ], [ -6.563623, 57.338731 ], [ -6.56436, 57.339509 ], [ -6.564411, 57.339912 ], [ -6.564555, 57.340001 ], [ -6.56482, 57.339996 ], [ -6.564497, 57.340138 ], [ -6.564657, 57.34042 ], [ -6.564918, 57.340514 ], [ -6.565681, 57.341165 ], [ -6.565497, 57.341757 ], [ -6.565075, 57.341979 ], [ -6.57851, 57.341304 ], [ -6.590477, 57.350861 ], [ -6.592461, 57.362788 ], [ -6.593271, 57.374557 ], [ -6.608776, 57.377612 ], [ -6.617127, 57.386002 ], [ -6.6263, 57.405629 ] ] ], [ [ [ -6.67141, 57.339922 ], [ -6.67182, 57.340068 ], [ -6.67204, 57.339768 ], [ -6.671604, 57.33968 ], [ -6.671724, 57.338853 ], [ -6.67149, 57.338713 ], [ -6.671198, 57.338699 ], [ -6.67092, 57.338524 ], [ -6.670781, 57.337763 ], [ -6.670868, 57.337491 ], [ -6.67058, 57.337317 ], [ -6.671694, 57.337041 ], [ -6.672563, 57.337279 ], [ -6.672546, 57.337599 ], [ -6.67266, 57.337712 ], [ -6.672812, 57.33767 ], [ -6.673333, 57.33712 ], [ -6.672673, 57.337032 ], [ -6.672528, 57.336673 ], [ -6.672137, 57.336413 ], [ -6.672324, 57.336312 ], [ -6.671992, 57.336257 ], [ -6.672052, 57.336138 ], [ -6.671839, 57.33597 ], [ -6.670962, 57.335675 ], [ -6.671035, 57.335339 ], [ -6.671331, 57.335247 ], [ -6.671479, 57.335102 ], [ -6.671178, 57.334632 ], [ -6.670744, 57.334617 ], [ -6.670746, 57.334437 ], [ -6.670407, 57.334188 ], [ -6.669696, 57.334026 ], [ -6.669299, 57.333982 ], [ -6.668302, 57.334051 ], [ -6.667838, 57.334199 ], [ -6.667838, 57.334266 ], [ -6.668921, 57.334604 ], [ -6.668783, 57.334825 ], [ -6.668881, 57.334879 ], [ -6.670086, 57.335194 ], [ -6.669905, 57.335282 ], [ -6.669776, 57.335179 ], [ -6.669559, 57.335241 ], [ -6.669608, 57.335298 ], [ -6.669885, 57.335382 ], [ -6.67031, 57.335388 ], [ -6.67043, 57.335744 ], [ -6.669945, 57.335919 ], [ -6.669918, 57.336037 ], [ -6.669284, 57.336542 ], [ -6.668696, 57.336757 ], [ -6.669006, 57.336908 ], [ -6.668784, 57.336997 ], [ -6.669094, 57.337404 ], [ -6.670166, 57.337632 ], [ -6.670429, 57.337806 ], [ -6.670655, 57.338584 ], [ -6.670555, 57.338678 ], [ -6.670073, 57.338748 ], [ -6.669768, 57.33858 ], [ -6.669525, 57.338569 ], [ -6.669429, 57.338794 ], [ -6.669202, 57.338957 ], [ -6.668762, 57.338944 ], [ -6.668644, 57.339124 ], [ -6.667947, 57.339202 ], [ -6.66788, 57.339304 ], [ -6.668241, 57.339475 ], [ -6.668413, 57.339321 ], [ -6.668852, 57.339281 ], [ -6.668907, 57.339167 ], [ -6.6694, 57.339013 ], [ -6.669956, 57.338963 ], [ -6.670231, 57.339141 ], [ -6.670673, 57.339085 ], [ -6.670886, 57.339199 ], [ -6.670958, 57.339502 ], [ -6.671246, 57.339608 ], [ -6.67131, 57.339723 ], [ -6.671092, 57.339772 ], [ -6.671037, 57.339863 ], [ -6.671131, 57.339945 ], [ -6.67141, 57.339922 ] ] ] ] } },
{ "type": "Feature", "properties": { "NAME": "17. Rum" }, "geometry": { "type": "MultiPolygon", "coordinates": [ [ [ [ -6.370208, 57.053379 ], [ -6.370686, 57.053165 ], [ -6.370854, 57.05319 ], [ -6.370819, 57.053102 ], [ -6.371339, 57.05276 ], [ -6.371686, 57.052761 ], [ -6.371953, 57.052644 ], [ -6.372081, 57.05268 ], [ -6.372505, 57.052287 ], [ -6.373201, 57.05224 ], [ -6.373308, 57.052025 ], [ -6.373233, 57.051879 ], [ -6.373395, 57.051856 ], [ -6.373649, 57.051977 ], [ -6.373619, 57.051727 ], [ -6.373806, 57.051689 ], [ -6.373994, 57.051758 ], [ -6.374175, 57.051608 ], [ -6.3743, 57.051689 ], [ -6.37422, 57.051296 ], [ -6.374328, 57.051297 ], [ -6.374429, 57.05146 ], [ -6.374721, 57.051486 ], [ -6.374506, 57.051336 ], [ -6.374556, 57.051204 ], [ -6.375311, 57.051236 ], [ -6.375645, 57.050783 ], [ -6.376012, 57.050671 ], [ -6.376136, 57.050393 ], [ -6.376418, 57.050203 ], [ -6.376368, 57.050056 ], [ -6.376615, 57.050052 ], [ -6.376282, 57.049817 ], [ -6.376499, 57.049698 ], [ -6.377079, 57.049784 ], [ -6.37731, 57.04965 ], [ -6.377455, 57.049407 ], [ -6.377698, 57.049367 ], [ -6.377798, 57.049444 ], [ -6.378046, 57.049449 ], [ -6.378662, 57.049284 ], [ -6.378511, 57.048988 ], [ -6.37912, 57.04911 ], [ -6.37959, 57.048828 ], [ -6.379667, 57.048646 ], [ -6.379939, 57.048569 ], [ -6.380845, 57.048416 ], [ -6.381176, 57.048566 ], [ -6.381195, 57.04824 ], [ -6.381326, 57.048156 ], [ -6.381518, 57.048108 ], [ -6.381969, 57.048295 ], [ -6.382162, 57.048253 ], [ -6.382643, 57.047993 ], [ -6.382636, 57.047723 ], [ -6.382877, 57.047593 ], [ -6.383313, 57.047448 ], [ -6.383483, 57.047554 ], [ -6.383628, 57.047531 ], [ -6.384505, 57.047132 ], [ -6.387425, 57.046076 ], [ -6.388732, 57.045684 ], [ -6.389699, 57.045492 ], [ -6.391533, 57.044672 ], [ -6.393313, 57.043675 ], [ -6.394294, 57.043321 ], [ -6.394566, 57.043113 ], [ -6.39607, 57.042719 ], [ -6.396955, 57.042598 ], [ -6.39735, 57.042588 ], [ -6.397812, 57.042725 ], [ -6.397855, 57.042597 ], [ -6.397439, 57.042081 ], [ -6.397842, 57.042072 ], [ -6.398197, 57.041731 ], [ -6.398669, 57.041741 ], [ -6.398934, 57.041611 ], [ -6.399124, 57.041406 ], [ -6.399012, 57.041019 ], [ -6.399376, 57.040885 ], [ -6.399176, 57.040662 ], [ -6.399821, 57.040532 ], [ -6.400189, 57.040338 ], [ -6.400321, 57.040366 ], [ -6.400299, 57.040461 ], [ -6.400446, 57.040447 ], [ -6.401142, 57.040125 ], [ -6.40118, 57.040025 ], [ -6.400804, 57.039984 ], [ -6.400578, 57.039543 ], [ -6.400879, 57.039159 ], [ -6.401292, 57.038955 ], [ -6.401932, 57.039068 ], [ -6.40189, 57.038921 ], [ -6.403015, 57.038526 ], [ -6.403122, 57.038315 ], [ -6.403292, 57.038287 ], [ -6.403388, 57.037987 ], [ -6.403685, 57.037918 ], [ -6.403969, 57.037525 ], [ -6.404232, 57.037381 ], [ -6.404015, 57.037362 ], [ -6.403854, 57.037255 ], [ -6.403425, 57.037324 ], [ -6.403159, 57.037028 ], [ -6.403086, 57.036896 ], [ -6.403187, 57.03678 ], [ -6.402999, 57.036723 ], [ -6.403107, 57.036656 ], [ -6.40298, 57.036629 ], [ -6.40294, 57.0365 ], [ -6.403022, 57.036219 ], [ -6.403747, 57.035797 ], [ -6.403755, 57.035721 ], [ -6.403542, 57.035733 ], [ -6.403576, 57.035601 ], [ -6.404442, 57.035116 ], [ -6.404125, 57.035087 ], [ -6.404539, 57.03496 ], [ -6.404431, 57.034811 ], [ -6.403926, 57.034869 ], [ -6.404457, 57.034617 ], [ -6.404283, 57.034537 ], [ -6.404354, 57.034445 ], [ -6.404703, 57.034536 ], [ -6.405492, 57.034306 ], [ -6.405065, 57.034177 ], [ -6.404791, 57.034236 ], [ -6.404741, 57.034094 ], [ -6.405627, 57.033982 ], [ -6.405774, 57.033833 ], [ -6.405239, 57.033703 ], [ -6.404888, 57.033729 ], [ -6.405108, 57.03364 ], [ -6.405041, 57.033557 ], [ -6.405173, 57.03349 ], [ -6.405941, 57.033224 ], [ -6.40591, 57.032816 ], [ -6.406303, 57.032452 ], [ -6.406836, 57.032284 ], [ -6.408241, 57.032172 ], [ -6.408272, 57.032009 ], [ -6.408118, 57.03183 ], [ -6.407109, 57.031663 ], [ -6.407387, 57.031577 ], [ -6.407434, 57.031485 ], [ -6.407263, 57.031505 ], [ -6.407072, 57.031422 ], [ -6.406892, 57.031086 ], [ -6.407009, 57.031028 ], [ -6.407528, 57.031023 ], [ -6.40785, 57.030747 ], [ -6.407955, 57.030869 ], [ -6.408194, 57.03073 ], [ -6.408409, 57.030731 ], [ -6.40851, 57.030471 ], [ -6.408877, 57.030575 ], [ -6.409011, 57.030521 ], [ -6.409073, 57.030209 ], [ -6.408904, 57.030251 ], [ -6.409046, 57.02985 ], [ -6.409167, 57.029751 ], [ -6.409317, 57.029764 ], [ -6.409241, 57.029681 ], [ -6.409372, 57.029537 ], [ -6.40982, 57.029283 ], [ -6.410105, 57.029246 ], [ -6.410131, 57.029326 ], [ -6.410663, 57.029154 ], [ -6.410722, 57.029031 ], [ -6.411007, 57.028998 ], [ -6.411082, 57.029144 ], [ -6.411243, 57.029044 ], [ -6.411202, 57.028969 ], [ -6.411616, 57.028986 ], [ -6.411524, 57.028904 ], [ -6.411748, 57.028851 ], [ -6.412214, 57.029023 ], [ -6.412095, 57.029135 ], [ -6.412208, 57.029176 ], [ -6.412123, 57.029301 ], [ -6.41223, 57.029364 ], [ -6.412498, 57.029049 ], [ -6.412303, 57.029011 ], [ -6.41245, 57.028929 ], [ -6.412345, 57.028875 ], [ -6.412916, 57.028616 ], [ -6.413211, 57.028664 ], [ -6.41343, 57.028571 ], [ -6.413269, 57.02832 ], [ -6.413348, 57.028223 ], [ -6.413948, 57.028542 ], [ -6.414674, 57.028491 ], [ -6.415104, 57.028359 ], [ -6.414371, 57.027877 ], [ -6.414348, 57.027828 ], [ -6.414999, 57.02789 ], [ -6.414578, 57.027613 ], [ -6.41532, 57.027749 ], [ -6.415863, 57.027595 ], [ -6.416579, 57.02765 ], [ -6.417225, 57.02747 ], [ -6.417303, 57.027431 ], [ -6.417027, 57.027384 ], [ -6.416678, 57.027103 ], [ -6.416692, 57.027012 ], [ -6.416986, 57.026916 ], [ -6.41748, 57.026566 ], [ -6.417297, 57.026343 ], [ -6.417365, 57.026219 ], [ -6.417744, 57.025936 ], [ -6.418518, 57.02572 ], [ -6.419451, 57.025246 ], [ -6.420072, 57.025058 ], [ -6.420653, 57.025024 ], [ -6.421564, 57.025261 ], [ -6.421713, 57.025405 ], [ -6.421942, 57.025392 ], [ -6.422119, 57.025629 ], [ -6.42243, 57.025541 ], [ -6.42238, 57.025332 ], [ -6.42306, 57.025496 ], [ -6.42317, 57.02511 ], [ -6.423574, 57.024898 ], [ -6.423951, 57.024813 ], [ -6.424772, 57.024847 ], [ -6.425176, 57.024643 ], [ -6.425717, 57.024548 ], [ -6.426229, 57.024201 ], [ -6.426829, 57.023492 ], [ -6.427745, 57.023086 ], [ -6.428074, 57.022805 ], [ -6.430071, 57.022194 ], [ -6.431288, 57.021953 ], [ -6.431679, 57.021782 ], [ -6.432845, 57.020976 ], [ -6.433148, 57.020547 ], [ -6.43468, 57.019773 ], [ -6.434919, 57.019702 ], [ -6.435236, 57.019736 ], [ -6.435324, 57.019571 ], [ -6.435002, 57.019564 ], [ -6.435184, 57.019436 ], [ -6.435673, 57.019522 ], [ -6.435844, 57.01944 ], [ -6.43565, 57.019267 ], [ -6.435959, 57.019368 ], [ -6.4361, 57.019305 ], [ -6.436102, 57.019183 ], [ -6.435893, 57.019087 ], [ -6.436021, 57.018228 ], [ -6.436283, 57.017518 ], [ -6.436612, 57.017101 ], [ -6.4367, 57.016666 ], [ -6.436932, 57.016397 ], [ -6.437369, 57.016256 ], [ -6.437174, 57.016213 ], [ -6.437107, 57.016 ], [ -6.437226, 57.015546 ], [ -6.437828, 57.01458 ], [ -6.438175, 57.014235 ], [ -6.438921, 57.013718 ], [ -6.439076, 57.013776 ], [ -6.439363, 57.013698 ], [ -6.439384, 57.013459 ], [ -6.440337, 57.013011 ], [ -6.441642, 57.012686 ], [ -6.442343, 57.012625 ], [ -6.442757, 57.012435 ], [ -6.443098, 57.012387 ], [ -6.443428, 57.012504 ], [ -6.443641, 57.012465 ], [ -6.443678, 57.012272 ], [ -6.443513, 57.012134 ], [ -6.443032, 57.012111 ], [ -6.442803, 57.011916 ], [ -6.444241, 57.010916 ], [ -6.445324, 57.009974 ], [ -6.446116, 57.009433 ], [ -6.446761, 57.009244 ], [ -6.448189, 57.009188 ], [ -6.448748, 57.009587 ], [ -6.448917, 57.009558 ], [ -6.449316, 57.009656 ], [ -6.449783, 57.009905 ], [ -6.45102, 57.010185 ], [ -6.451176, 57.010386 ], [ -6.45153, 57.010375 ], [ -6.451891, 57.010644 ], [ -6.452635, 57.010523 ], [ -6.452574, 57.010291 ], [ -6.452661, 57.010401 ], [ -6.452696, 57.010273 ], [ -6.452907, 57.010455 ], [ -6.453525, 57.010244 ], [ -6.453182, 57.010067 ], [ -6.453151, 57.009947 ], [ -6.453436, 57.009919 ], [ -6.453513, 57.009732 ], [ -6.454175, 57.009964 ], [ -6.454439, 57.009825 ], [ -6.454387, 57.010011 ], [ -6.454712, 57.010107 ], [ -6.454965, 57.00995 ], [ -6.455135, 57.010204 ], [ -6.455968, 57.009721 ], [ -6.456024, 57.009503 ], [ -6.456241, 57.009589 ], [ -6.45604, 57.010051 ], [ -6.456167, 57.01001 ], [ -6.456229, 57.010183 ], [ -6.456609, 57.009981 ], [ -6.456734, 57.010269 ], [ -6.457086, 57.009969 ], [ -6.457021, 57.009912 ], [ -6.457305, 57.009664 ], [ -6.457443, 57.009308 ], [ -6.456461, 57.008956 ], [ -6.457543, 57.009174 ], [ -6.457693, 57.009124 ], [ -6.457713, 57.008948 ], [ -6.457186, 57.008674 ], [ -6.458423, 57.009089 ], [ -6.458888, 57.00905 ], [ -6.459703, 57.008841 ], [ -6.460056, 57.008621 ], [ -6.4601, 57.008777 ], [ -6.460163, 57.008546 ], [ -6.459893, 57.008087 ], [ -6.460077, 57.00742 ], [ -6.459267, 57.007818 ], [ -6.459377, 57.007566 ], [ -6.459145, 57.007552 ], [ -6.458865, 57.007967 ], [ -6.45872, 57.007994 ], [ -6.45861, 57.007971 ], [ -6.458817, 57.00791 ], [ -6.458813, 57.007537 ], [ -6.457531, 57.008113 ], [ -6.458145, 57.007808 ], [ -6.458721, 57.007387 ], [ -6.458411, 57.007138 ], [ -6.457613, 57.007283 ], [ -6.457426, 57.007443 ], [ -6.457269, 57.00792 ], [ -6.457179, 57.007861 ], [ -6.457294, 57.007447 ], [ -6.456683, 57.007707 ], [ -6.456428, 57.007712 ], [ -6.457507, 57.007224 ], [ -6.457736, 57.007009 ], [ -6.457741, 57.006635 ], [ -6.456947, 57.007302 ], [ -6.457443, 57.006691 ], [ -6.457267, 57.00667 ], [ -6.456836, 57.007063 ], [ -6.456079, 57.007486 ], [ -6.457361, 57.006352 ], [ -6.457716, 57.005737 ], [ -6.456715, 57.005642 ], [ -6.456073, 57.005854 ], [ -6.455451, 57.005957 ], [ -6.455967, 57.00579 ], [ -6.456812, 57.005279 ], [ -6.456097, 57.005016 ], [ -6.455962, 57.004859 ], [ -6.456163, 57.004879 ], [ -6.456276, 57.004515 ], [ -6.455968, 57.004562 ], [ -6.455714, 57.004711 ], [ -6.455437, 57.005494 ], [ -6.455233, 57.005717 ], [ -6.455435, 57.004725 ], [ -6.454628, 57.004588 ], [ -6.454103, 57.004818 ], [ -6.453682, 57.00481 ], [ -6.454092, 57.004728 ], [ -6.454005, 57.004484 ], [ -6.454182, 57.004653 ], [ -6.454391, 57.00461 ], [ -6.454839, 57.004216 ], [ -6.454883, 57.003971 ], [ -6.454475, 57.003797 ], [ -6.454417, 57.003583 ], [ -6.454185, 57.003439 ], [ -6.454488, 57.003419 ], [ -6.454397, 57.003211 ], [ -6.454251, 57.003166 ], [ -6.45385, 57.003325 ], [ -6.453892, 57.003193 ], [ -6.453552, 57.002764 ], [ -6.453078, 57.002588 ], [ -6.453375, 57.002591 ], [ -6.453358, 57.002519 ], [ -6.45285, 57.002335 ], [ -6.453352, 57.002398 ], [ -6.453311, 57.00226 ], [ -6.453126, 57.002235 ], [ -6.453144, 57.002109 ], [ -6.452288, 57.002184 ], [ -6.452156, 57.002252 ], [ -6.452239, 57.002537 ], [ -6.452894, 57.003183 ], [ -6.452811, 57.003249 ], [ -6.452141, 57.00254 ], [ -6.452059, 57.002476 ], [ -6.452062, 57.002637 ], [ -6.451894, 57.002473 ], [ -6.451175, 57.003281 ], [ -6.451297, 57.003618 ], [ -6.45107, 57.003581 ], [ -6.450659, 57.003722 ], [ -6.450965, 57.003459 ], [ -6.450937, 57.003015 ], [ -6.45076, 57.002706 ], [ -6.45063, 57.002585 ], [ -6.450517, 57.002607 ], [ -6.449977, 57.003399 ], [ -6.450247, 57.002621 ], [ -6.449835, 57.002141 ], [ -6.449504, 57.002058 ], [ -6.44918, 57.001144 ], [ -6.44907, 57.001188 ], [ -6.448921, 57.001666 ], [ -6.448722, 57.001727 ], [ -6.448905, 57.001464 ], [ -6.44886, 57.001294 ], [ -6.448661, 57.001216 ], [ -6.44846, 57.001596 ], [ -6.448537, 57.001283 ], [ -6.448428, 57.001058 ], [ -6.447907, 57.001041 ], [ -6.447722, 57.001146 ], [ -6.447767, 57.001248 ], [ -6.44764, 57.001293 ], [ -6.447327, 57.001844 ], [ -6.447171, 57.001845 ], [ -6.447283, 57.001611 ], [ -6.4471, 57.0016 ], [ -6.447278, 57.001436 ], [ -6.447229, 57.001024 ], [ -6.447414, 57.001058 ], [ -6.447371, 57.000902 ], [ -6.447652, 57.000631 ], [ -6.447329, 57.000481 ], [ -6.447802, 57.00037 ], [ -6.447745, 57.000241 ], [ -6.447145, 57.000321 ], [ -6.446947, 57.00018 ], [ -6.446944, 56.999951 ], [ -6.446778, 57.000006 ], [ -6.446662, 57.000208 ], [ -6.446183, 57.000409 ], [ -6.446234, 57.001177 ], [ -6.445986, 57.000412 ], [ -6.445603, 56.999827 ], [ -6.445279, 57.000293 ], [ -6.445304, 56.99995 ], [ -6.44442, 57.000274 ], [ -6.445107, 56.999607 ], [ -6.44511, 56.999499 ], [ -6.444899, 56.999452 ], [ -6.444747, 56.999287 ], [ -6.444444, 56.999302 ], [ -6.444286, 56.999155 ], [ -6.443737, 56.999453 ], [ -6.44361, 56.999422 ], [ -6.443729, 56.99939 ], [ -6.443703, 56.999238 ], [ -6.443537, 56.999226 ], [ -6.443437, 56.999356 ], [ -6.443531, 56.999451 ], [ -6.442973, 56.999885 ], [ -6.442354, 56.999741 ], [ -6.442499, 56.999645 ], [ -6.442597, 56.999224 ], [ -6.442493, 56.999111 ], [ -6.441946, 56.999566 ], [ -6.441884, 56.999393 ], [ -6.442149, 56.999334 ], [ -6.442363, 56.998922 ], [ -6.441646, 56.998367 ], [ -6.441212, 56.998324 ], [ -6.440805, 56.998779 ], [ -6.440573, 56.99877 ], [ -6.440412, 56.998658 ], [ -6.440088, 56.998778 ], [ -6.440053, 56.998694 ], [ -6.440293, 56.998492 ], [ -6.440226, 56.998346 ], [ -6.439662, 56.998523 ], [ -6.439992, 56.998246 ], [ -6.440012, 56.99807 ], [ -6.439589, 56.997982 ], [ -6.439389, 56.998025 ], [ -6.439289, 56.997884 ], [ -6.43901, 56.997822 ], [ -6.439197, 56.997798 ], [ -6.439329, 56.997667 ], [ -6.439421, 56.997745 ], [ -6.439693, 56.997748 ], [ -6.439675, 56.997596 ], [ -6.439441, 56.997569 ], [ -6.439396, 56.997467 ], [ -6.439269, 56.997507 ], [ -6.439146, 56.997305 ], [ -6.438957, 56.997311 ], [ -6.438324, 56.997114 ], [ -6.43912, 56.997225 ], [ -6.439321, 56.997182 ], [ -6.439327, 56.997096 ], [ -6.437796, 56.996552 ], [ -6.437448, 56.996538 ], [ -6.43756, 56.996439 ], [ -6.438041, 56.996395 ], [ -6.438196, 56.996246 ], [ -6.437948, 56.996106 ], [ -6.438035, 56.996 ], [ -6.437555, 56.995567 ], [ -6.436755, 56.995222 ], [ -6.436686, 56.995054 ], [ -6.436151, 56.994987 ], [ -6.436031, 56.995086 ], [ -6.436715, 56.995435 ], [ -6.436733, 56.995515 ], [ -6.435942, 56.995242 ], [ -6.435864, 56.995488 ], [ -6.436027, 56.995612 ], [ -6.43586, 56.995663 ], [ -6.435548, 56.995045 ], [ -6.435317, 56.994976 ], [ -6.435441, 56.99553 ], [ -6.435081, 56.995623 ], [ -6.435013, 56.995396 ], [ -6.434884, 56.995351 ], [ -6.434953, 56.995174 ], [ -6.43483, 56.994971 ], [ -6.434456, 56.9948 ], [ -6.434259, 56.994807 ], [ -6.434056, 56.994904 ], [ -6.434638, 56.995221 ], [ -6.434628, 56.995419 ], [ -6.434426, 56.995309 ], [ -6.434432, 56.995565 ], [ -6.43366, 56.995732 ], [ -6.433165, 56.995588 ], [ -6.432843, 56.99586 ], [ -6.43216, 56.996006 ], [ -6.431824, 56.995739 ], [ -6.431457, 56.995909 ], [ -6.431211, 56.995855 ], [ -6.431214, 56.995392 ], [ -6.430831, 56.995563 ], [ -6.430594, 56.995513 ], [ -6.430384, 56.995408 ], [ -6.430469, 56.995013 ], [ -6.430119, 56.994985 ], [ -6.430005, 56.994926 ], [ -6.430201, 56.994911 ], [ -6.429556, 56.994686 ], [ -6.429798, 56.994713 ], [ -6.430432, 56.99443 ], [ -6.430411, 56.994184 ], [ -6.430147, 56.99404 ], [ -6.429816, 56.993962 ], [ -6.429512, 56.994242 ], [ -6.429036, 56.994466 ], [ -6.429002, 56.994602 ], [ -6.42857, 56.99464 ], [ -6.427657, 56.994371 ], [ -6.427995, 56.994103 ], [ -6.428052, 56.99375 ], [ -6.427504, 56.9935 ], [ -6.427098, 56.99355 ], [ -6.426974, 56.993343 ], [ -6.426458, 56.99337 ], [ -6.426595, 56.993271 ], [ -6.426429, 56.993191 ], [ -6.426798, 56.993106 ], [ -6.426898, 56.992981 ], [ -6.426558, 56.992751 ], [ -6.426865, 56.992839 ], [ -6.427128, 56.992699 ], [ -6.426909, 56.99259 ], [ -6.426549, 56.992612 ], [ -6.426603, 56.992371 ], [ -6.426451, 56.992201 ], [ -6.426126, 56.992235 ], [ -6.425979, 56.992596 ], [ -6.425679, 56.992705 ], [ -6.425488, 56.992555 ], [ -6.424811, 56.992408 ], [ -6.425402, 56.992459 ], [ -6.425028, 56.99222 ], [ -6.423847, 56.99206 ], [ -6.424121, 56.991938 ], [ -6.423527, 56.991653 ], [ -6.422949, 56.991646 ], [ -6.422856, 56.991695 ], [ -6.423031, 56.991778 ], [ -6.422909, 56.991792 ], [ -6.421102, 56.991487 ], [ -6.421058, 56.991394 ], [ -6.421352, 56.99124 ], [ -6.421354, 56.991046 ], [ -6.421192, 56.990998 ], [ -6.420959, 56.991186 ], [ -6.420838, 56.990795 ], [ -6.420321, 56.990813 ], [ -6.420003, 56.990703 ], [ -6.419676, 56.990377 ], [ -6.419694, 56.990183 ], [ -6.420036, 56.989865 ], [ -6.419347, 56.989894 ], [ -6.420472, 56.989656 ], [ -6.420502, 56.989493 ], [ -6.420185, 56.989527 ], [ -6.41993, 56.989388 ], [ -6.419621, 56.989354 ], [ -6.419891, 56.98934 ], [ -6.419959, 56.98922 ], [ -6.41952, 56.989132 ], [ -6.419404, 56.988849 ], [ -6.417282, 56.988532 ], [ -6.41725, 56.988678 ], [ -6.417683, 56.989197 ], [ -6.417394, 56.988987 ], [ -6.417006, 56.988493 ], [ -6.416762, 56.98838 ], [ -6.416883, 56.98829 ], [ -6.417945, 56.988356 ], [ -6.418354, 56.988261 ], [ -6.418336, 56.988108 ], [ -6.417681, 56.988001 ], [ -6.417585, 56.987888 ], [ -6.417178, 56.98779 ], [ -6.416688, 56.987483 ], [ -6.416548, 56.987272 ], [ -6.416202, 56.987199 ], [ -6.416116, 56.986964 ], [ -6.41525, 56.986882 ], [ -6.415109, 56.987296 ], [ -6.414417, 56.987289 ], [ -6.414615, 56.986882 ], [ -6.414559, 56.986754 ], [ -6.414102, 56.986725 ], [ -6.41356, 56.986874 ], [ -6.413479, 56.986747 ], [ -6.413351, 56.986783 ], [ -6.413094, 56.986697 ], [ -6.412864, 56.986494 ], [ -6.412602, 56.986508 ], [ -6.412441, 56.986397 ], [ -6.411971, 56.986328 ], [ -6.412538, 56.986317 ], [ -6.412357, 56.986242 ], [ -6.412612, 56.986247 ], [ -6.412568, 56.986149 ], [ -6.412269, 56.986056 ], [ -6.412536, 56.986016 ], [ -6.412559, 56.985934 ], [ -6.412292, 56.985903 ], [ -6.412075, 56.985955 ], [ -6.412046, 56.986051 ], [ -6.411508, 56.986106 ], [ -6.411163, 56.986037 ], [ -6.411317, 56.986023 ], [ -6.411116, 56.985926 ], [ -6.411199, 56.98586 ], [ -6.411081, 56.985698 ], [ -6.411409, 56.985682 ], [ -6.411502, 56.985562 ], [ -6.411781, 56.985485 ], [ -6.411795, 56.985399 ], [ -6.41111, 56.985247 ], [ -6.409194, 56.985203 ], [ -6.409184, 56.985122 ], [ -6.409387, 56.985097 ], [ -6.410945, 56.985037 ], [ -6.410808, 56.984849 ], [ -6.410324, 56.984938 ], [ -6.410347, 56.984717 ], [ -6.410576, 56.984772 ], [ -6.410587, 56.984582 ], [ -6.410328, 56.984627 ], [ -6.409928, 56.984448 ], [ -6.409526, 56.98453 ], [ -6.409242, 56.984427 ], [ -6.409829, 56.98438 ], [ -6.409831, 56.984321 ], [ -6.409184, 56.984286 ], [ -6.408852, 56.984122 ], [ -6.409309, 56.984227 ], [ -6.409966, 56.984209 ], [ -6.40962, 56.984 ], [ -6.409003, 56.983797 ], [ -6.408892, 56.983833 ], [ -6.408875, 56.983761 ], [ -6.408996, 56.983744 ], [ -6.408751, 56.983617 ], [ -6.408776, 56.983553 ], [ -6.408562, 56.983624 ], [ -6.408527, 56.98354 ], [ -6.408307, 56.983485 ], [ -6.407439, 56.983389 ], [ -6.40671, 56.983492 ], [ -6.406871, 56.983598 ], [ -6.406484, 56.983535 ], [ -6.406613, 56.983441 ], [ -6.407134, 56.983387 ], [ -6.407202, 56.983335 ], [ -6.406989, 56.983275 ], [ -6.407612, 56.983109 ], [ -6.407263, 56.983013 ], [ -6.407533, 56.982864 ], [ -6.407209, 56.982633 ], [ -6.406582, 56.982898 ], [ -6.406931, 56.982575 ], [ -6.40664, 56.982343 ], [ -6.406195, 56.982484 ], [ -6.406255, 56.982365 ], [ -6.406078, 56.982331 ], [ -6.406333, 56.982187 ], [ -6.406183, 56.982035 ], [ -6.405568, 56.982061 ], [ -6.40481, 56.982268 ], [ -6.404351, 56.982284 ], [ -6.405051, 56.982075 ], [ -6.405084, 56.982006 ], [ -6.405567, 56.981913 ], [ -6.405654, 56.981806 ], [ -6.405043, 56.981522 ], [ -6.404853, 56.981304 ], [ -6.404747, 56.981312 ], [ -6.404604, 56.981565 ], [ -6.404518, 56.981185 ], [ -6.404113, 56.98111 ], [ -6.404127, 56.981015 ], [ -6.403574, 56.980868 ], [ -6.403365, 56.980704 ], [ -6.403044, 56.980774 ], [ -6.402933, 56.98067 ], [ -6.403072, 56.980454 ], [ -6.402704, 56.980476 ], [ -6.402387, 56.98037 ], [ -6.402351, 56.980209 ], [ -6.40275, 56.97975 ], [ -6.402726, 56.979616 ], [ -6.402507, 56.979502 ], [ -6.401676, 56.979446 ], [ -6.401711, 56.979602 ], [ -6.401519, 56.979506 ], [ -6.401145, 56.979757 ], [ -6.40127, 56.979425 ], [ -6.400934, 56.97923 ], [ -6.400371, 56.979344 ], [ -6.399902, 56.979698 ], [ -6.399669, 56.97967 ], [ -6.399834, 56.979331 ], [ -6.399806, 56.979022 ], [ -6.39967, 56.978986 ], [ -6.399805, 56.978806 ], [ -6.399498, 56.978781 ], [ -6.398534, 56.978986 ], [ -6.398946, 56.978715 ], [ -6.398767, 56.97873 ], [ -6.398876, 56.978542 ], [ -6.398594, 56.978449 ], [ -6.398437, 56.978099 ], [ -6.3982, 56.977972 ], [ -6.397923, 56.977933 ], [ -6.397734, 56.978007 ], [ -6.396434, 56.978079 ], [ -6.396657, 56.978018 ], [ -6.396555, 56.977855 ], [ -6.395991, 56.977816 ], [ -6.396125, 56.97756 ], [ -6.396073, 56.9774 ], [ -6.395747, 56.97729 ], [ -6.395377, 56.977501 ], [ -6.395171, 56.977427 ], [ -6.39492, 56.977188 ], [ -6.394873, 56.976925 ], [ -6.395585, 56.976684 ], [ -6.394823, 56.976504 ], [ -6.395686, 56.976559 ], [ -6.395577, 56.976473 ], [ -6.395897, 56.976394 ], [ -6.395929, 56.976177 ], [ -6.395049, 56.976046 ], [ -6.394785, 56.975907 ], [ -6.394445, 56.975887 ], [ -6.394274, 56.975974 ], [ -6.39411, 56.975769 ], [ -6.393696, 56.975675 ], [ -6.394137, 56.975368 ], [ -6.394134, 56.975206 ], [ -6.393987, 56.975139 ], [ -6.39342, 56.975087 ], [ -6.393486, 56.975017 ], [ -6.39337, 56.974936 ], [ -6.392875, 56.974931 ], [ -6.392654, 56.974799 ], [ -6.392259, 56.974872 ], [ -6.392195, 56.975027 ], [ -6.391977, 56.974931 ], [ -6.391654, 56.974915 ], [ -6.391571, 56.97477 ], [ -6.391087, 56.97485 ], [ -6.390736, 56.974808 ], [ -6.39041, 56.974626 ], [ -6.39028, 56.974644 ], [ -6.390054, 56.974895 ], [ -6.389577, 56.975038 ], [ -6.389424, 56.974994 ], [ -6.389678, 56.974778 ], [ -6.389499, 56.974726 ], [ -6.389085, 56.974772 ], [ -6.388857, 56.975005 ], [ -6.388663, 56.974895 ], [ -6.388811, 56.974754 ], [ -6.388696, 56.974619 ], [ -6.388605, 56.974753 ], [ -6.388347, 56.974798 ], [ -6.388498, 56.974545 ], [ -6.388309, 56.974475 ], [ -6.388154, 56.974211 ], [ -6.387678, 56.974291 ], [ -6.387501, 56.9744 ], [ -6.387479, 56.974702 ], [ -6.387664, 56.974943 ], [ -6.387572, 56.975 ], [ -6.387213, 56.97482 ], [ -6.38701, 56.974422 ], [ -6.386732, 56.974445 ], [ -6.386512, 56.974601 ], [ -6.386093, 56.974472 ], [ -6.386451, 56.974293 ], [ -6.386464, 56.974126 ], [ -6.385523, 56.973476 ], [ -6.385239, 56.973508 ], [ -6.384925, 56.973434 ], [ -6.384658, 56.973547 ], [ -6.385157, 56.973938 ], [ -6.384815, 56.973901 ], [ -6.384236, 56.974155 ], [ -6.383625, 56.974208 ], [ -6.383746, 56.974402 ], [ -6.383558, 56.97462 ], [ -6.383102, 56.974523 ], [ -6.38294, 56.974614 ], [ -6.382908, 56.974836 ], [ -6.382463, 56.974901 ], [ -6.382085, 56.974842 ], [ -6.381927, 56.974969 ], [ -6.381709, 56.974725 ], [ -6.381858, 56.975012 ], [ -6.381021, 56.974965 ], [ -6.380821, 56.974878 ], [ -6.380843, 56.974715 ], [ -6.380355, 56.974768 ], [ -6.379483, 56.974349 ], [ -6.378635, 56.974212 ], [ -6.378099, 56.973997 ], [ -6.378199, 56.973863 ], [ -6.378071, 56.973832 ], [ -6.37808, 56.973697 ], [ -6.377696, 56.973647 ], [ -6.378093, 56.973597 ], [ -6.378077, 56.97353 ], [ -6.377877, 56.97351 ], [ -6.377922, 56.973405 ], [ -6.377751, 56.973204 ], [ -6.376007, 56.97326 ], [ -6.37684, 56.973025 ], [ -6.376972, 56.972818 ], [ -6.376723, 56.973011 ], [ -6.375857, 56.973206 ], [ -6.376046, 56.97236 ], [ -6.376272, 56.972182 ], [ -6.376267, 56.971997 ], [ -6.376526, 56.971615 ], [ -6.377647, 56.971481 ], [ -6.377946, 56.971291 ], [ -6.377716, 56.971155 ], [ -6.377081, 56.971146 ], [ -6.376983, 56.971086 ], [ -6.377533, 56.971076 ], [ -6.3778, 56.970752 ], [ -6.378177, 56.970734 ], [ -6.378749, 56.970561 ], [ -6.378345, 56.970414 ], [ -6.378654, 56.970313 ], [ -6.378239, 56.970075 ], [ -6.377819, 56.970077 ], [ -6.37743, 56.969987 ], [ -6.376997, 56.970011 ], [ -6.3768, 56.969883 ], [ -6.376295, 56.969995 ], [ -6.376486, 56.969804 ], [ -6.37605, 56.969806 ], [ -6.375984, 56.969664 ], [ -6.37652, 56.969673 ], [ -6.376262, 56.969439 ], [ -6.375973, 56.969359 ], [ -6.375331, 56.969431 ], [ -6.375226, 56.969381 ], [ -6.375318, 56.969251 ], [ -6.37613, 56.969084 ], [ -6.376162, 56.969002 ], [ -6.37595, 56.968955 ], [ -6.375778, 56.968678 ], [ -6.3756, 56.968774 ], [ -6.37552, 56.968583 ], [ -6.375309, 56.968474 ], [ -6.37499, 56.968489 ], [ -6.374521, 56.968349 ], [ -6.374128, 56.968371 ], [ -6.374414, 56.968213 ], [ -6.374324, 56.968077 ], [ -6.374492, 56.967895 ], [ -6.373986, 56.967859 ], [ -6.373927, 56.967785 ], [ -6.37434, 56.967649 ], [ -6.37444, 56.967519 ], [ -6.374946, 56.967484 ], [ -6.375236, 56.967361 ], [ -6.375282, 56.967256 ], [ -6.374754, 56.966969 ], [ -6.374197, 56.966993 ], [ -6.373863, 56.966883 ], [ -6.373901, 56.966792 ], [ -6.373747, 56.966739 ], [ -6.373366, 56.966856 ], [ -6.372582, 56.966564 ], [ -6.372739, 56.9665 ], [ -6.372636, 56.966319 ], [ -6.372249, 56.966252 ], [ -6.372465, 56.966127 ], [ -6.372264, 56.966026 ], [ -6.372489, 56.965488 ], [ -6.371892, 56.964892 ], [ -6.371877, 56.964767 ], [ -6.372128, 56.964376 ], [ -6.372307, 56.964428 ], [ -6.372746, 56.964314 ], [ -6.372543, 56.964123 ], [ -6.37284, 56.964131 ], [ -6.372906, 56.964061 ], [ -6.37254, 56.964029 ], [ -6.372537, 56.963935 ], [ -6.37273, 56.963752 ], [ -6.372433, 56.96361 ], [ -6.372205, 56.963771 ], [ -6.371808, 56.963542 ], [ -6.37132, 56.963662 ], [ -6.371383, 56.963431 ], [ -6.371135, 56.963003 ], [ -6.371432, 56.963002 ], [ -6.371511, 56.962837 ], [ -6.370342, 56.96277 ], [ -6.369841, 56.962424 ], [ -6.369654, 56.962165 ], [ -6.3696, 56.961497 ], [ -6.369974, 56.961317 ], [ -6.369914, 56.961013 ], [ -6.370016, 56.96083 ], [ -6.370299, 56.960789 ], [ -6.370583, 56.960891 ], [ -6.370686, 56.960784 ], [ -6.37057, 56.96064 ], [ -6.369879, 56.960435 ], [ -6.369629, 56.960268 ], [ -6.369735, 56.95977 ], [ -6.370113, 56.959621 ], [ -6.37011, 56.959455 ], [ -6.369764, 56.95931 ], [ -6.370305, 56.959295 ], [ -6.370337, 56.959218 ], [ -6.369582, 56.959231 ], [ -6.369034, 56.95912 ], [ -6.36923, 56.958897 ], [ -6.36896, 56.958699 ], [ -6.369047, 56.958463 ], [ -6.368666, 56.95844 ], [ -6.368864, 56.958024 ], [ -6.368672, 56.957648 ], [ -6.368875, 56.957484 ], [ -6.369229, 56.957485 ], [ -6.369326, 56.9574 ], [ -6.369113, 56.957134 ], [ -6.369299, 56.9571 ], [ -6.368938, 56.956829 ], [ -6.368882, 56.956634 ], [ -6.36958, 56.956335 ], [ -6.369605, 56.956064 ], [ -6.3698, 56.956179 ], [ -6.370066, 56.955855 ], [ -6.370428, 56.955779 ], [ -6.370356, 56.955656 ], [ -6.369702, 56.955696 ], [ -6.369456, 56.955561 ], [ -6.370195, 56.955126 ], [ -6.369983, 56.954648 ], [ -6.370354, 56.954518 ], [ -6.369858, 56.95422 ], [ -6.370054, 56.954061 ], [ -6.369709, 56.953996 ], [ -6.369848, 56.953852 ], [ -6.369646, 56.953747 ], [ -6.369788, 56.953553 ], [ -6.36944, 56.95325 ], [ -6.369709, 56.953155 ], [ -6.370124, 56.95319 ], [ -6.370141, 56.952906 ], [ -6.369922, 56.952937 ], [ -6.369897, 56.952794 ], [ -6.369701, 56.952805 ], [ -6.370166, 56.952424 ], [ -6.370017, 56.952416 ], [ -6.369858, 56.95253 ], [ -6.369343, 56.952489 ], [ -6.36894, 56.952283 ], [ -6.36933, 56.952242 ], [ -6.36935, 56.952129 ], [ -6.369205, 56.952085 ], [ -6.368781, 56.952122 ], [ -6.368817, 56.95222 ], [ -6.368699, 56.952264 ], [ -6.3685, 56.952109 ], [ -6.368119, 56.952091 ], [ -6.367879, 56.952289 ], [ -6.367779, 56.952135 ], [ -6.36788, 56.952014 ], [ -6.367565, 56.951994 ], [ -6.367515, 56.952063 ], [ -6.367481, 56.951839 ], [ -6.367227, 56.951853 ], [ -6.367213, 56.951592 ], [ -6.367056, 56.951728 ], [ -6.367009, 56.952171 ], [ -6.366647, 56.95203 ], [ -6.366529, 56.951865 ], [ -6.366295, 56.951971 ], [ -6.36578, 56.95193 ], [ -6.365581, 56.951847 ], [ -6.365272, 56.951881 ], [ -6.3649, 56.95166 ], [ -6.364775, 56.951363 ], [ -6.364635, 56.951363 ], [ -6.364622, 56.951458 ], [ -6.364233, 56.951512 ], [ -6.364114, 56.951485 ], [ -6.364182, 56.951357 ], [ -6.363632, 56.951443 ], [ -6.362833, 56.950941 ], [ -6.361924, 56.95077 ], [ -6.362002, 56.950596 ], [ -6.361306, 56.9509 ], [ -6.360973, 56.951149 ], [ -6.360824, 56.951146 ], [ -6.360743, 56.950946 ], [ -6.360208, 56.950875 ], [ -6.359788, 56.951015 ], [ -6.359514, 56.950778 ], [ -6.359733, 56.950685 ], [ -6.35972, 56.950575 ], [ -6.358902, 56.950331 ], [ -6.35851, 56.950426 ], [ -6.358221, 56.950279 ], [ -6.358354, 56.949941 ], [ -6.358813, 56.949993 ], [ -6.359126, 56.949716 ], [ -6.358942, 56.949619 ], [ -6.358844, 56.949412 ], [ -6.358319, 56.949219 ], [ -6.358125, 56.94932 ], [ -6.358247, 56.949585 ], [ -6.357908, 56.949647 ], [ -6.357695, 56.949861 ], [ -6.357373, 56.949787 ], [ -6.356985, 56.94998 ], [ -6.355942, 56.95007 ], [ -6.35542, 56.950044 ], [ -6.355342, 56.949799 ], [ -6.355067, 56.94984 ], [ -6.354872, 56.950067 ], [ -6.354804, 56.949984 ], [ -6.354286, 56.950056 ], [ -6.353634, 56.949971 ], [ -6.352908, 56.949457 ], [ -6.352739, 56.948995 ], [ -6.35219, 56.948951 ], [ -6.352494, 56.948729 ], [ -6.352018, 56.948463 ], [ -6.351372, 56.948494 ], [ -6.351155, 56.948403 ], [ -6.351247, 56.948202 ], [ -6.350991, 56.94826 ], [ -6.351015, 56.94812 ], [ -6.35057, 56.948252 ], [ -6.350419, 56.948226 ], [ -6.350308, 56.947839 ], [ -6.3501, 56.947958 ], [ -6.350198, 56.948234 ], [ -6.349519, 56.948275 ], [ -6.349642, 56.948055 ], [ -6.349574, 56.947896 ], [ -6.349253, 56.947754 ], [ -6.349438, 56.94772 ], [ -6.349587, 56.947441 ], [ -6.349325, 56.947176 ], [ -6.349069, 56.947239 ], [ -6.349008, 56.948266 ], [ -6.34885, 56.947754 ], [ -6.348615, 56.94765 ], [ -6.348633, 56.94787 ], [ -6.348485, 56.94752 ], [ -6.348179, 56.947504 ], [ -6.348098, 56.947592 ], [ -6.348403, 56.948017 ], [ -6.348192, 56.94811 ], [ -6.347948, 56.947858 ], [ -6.347702, 56.947794 ], [ -6.347942, 56.948011 ], [ -6.347693, 56.948137 ], [ -6.347954, 56.948609 ], [ -6.347592, 56.948608 ], [ -6.347505, 56.948503 ], [ -6.347592, 56.948396 ], [ -6.346971, 56.947874 ], [ -6.346827, 56.94791 ], [ -6.347103, 56.948229 ], [ -6.347112, 56.948521 ], [ -6.346938, 56.948226 ], [ -6.346338, 56.948161 ], [ -6.346291, 56.947902 ], [ -6.346169, 56.947839 ], [ -6.345884, 56.948433 ], [ -6.345952, 56.948872 ], [ -6.345288, 56.94889 ], [ -6.344517, 56.948706 ], [ -6.344088, 56.948339 ], [ -6.344203, 56.948132 ], [ -6.343794, 56.947863 ], [ -6.343789, 56.947751 ], [ -6.343669, 56.947714 ], [ -6.343496, 56.947783 ], [ -6.343408, 56.947593 ], [ -6.343227, 56.947662 ], [ -6.343044, 56.947574 ], [ -6.342807, 56.947164 ], [ -6.342752, 56.946762 ], [ -6.342526, 56.946733 ], [ -6.342586, 56.946466 ], [ -6.342033, 56.946031 ], [ -6.342121, 56.945587 ], [ -6.342474, 56.945503 ], [ -6.34214, 56.945393 ], [ -6.341988, 56.945007 ], [ -6.341545, 56.944946 ], [ -6.341651, 56.944727 ], [ -6.341474, 56.944481 ], [ -6.341551, 56.944366 ], [ -6.341258, 56.944178 ], [ -6.340782, 56.944186 ], [ -6.340669, 56.943997 ], [ -6.340256, 56.943912 ], [ -6.340085, 56.943711 ], [ -6.34083, 56.942759 ], [ -6.340667, 56.942567 ], [ -6.340256, 56.942428 ], [ -6.340365, 56.942303 ], [ -6.339998, 56.942118 ], [ -6.340003, 56.941879 ], [ -6.339838, 56.941876 ], [ -6.33972, 56.941988 ], [ -6.339508, 56.941721 ], [ -6.339376, 56.941726 ], [ -6.339241, 56.941838 ], [ -6.33929, 56.942259 ], [ -6.338818, 56.942298 ], [ -6.338217, 56.942013 ], [ -6.338236, 56.941824 ], [ -6.338429, 56.941718 ], [ -6.338364, 56.941648 ], [ -6.338173, 56.941637 ], [ -6.338172, 56.941767 ], [ -6.337998, 56.94176 ], [ -6.337801, 56.941906 ], [ -6.337394, 56.94166 ], [ -6.337319, 56.941793 ], [ -6.337413, 56.94196 ], [ -6.336562, 56.942498 ], [ -6.336327, 56.9426 ], [ -6.335565, 56.942694 ], [ -6.335125, 56.94266 ], [ -6.335007, 56.942426 ], [ -6.33457, 56.942279 ], [ -6.334368, 56.942448 ], [ -6.333747, 56.942488 ], [ -6.333836, 56.942188 ], [ -6.333612, 56.942178 ], [ -6.333447, 56.942026 ], [ -6.333347, 56.94216 ], [ -6.332808, 56.941909 ], [ -6.332341, 56.94143 ], [ -6.332173, 56.9414 ], [ -6.33202, 56.940722 ], [ -6.332147, 56.940614 ], [ -6.33216, 56.940371 ], [ -6.332463, 56.94036 ], [ -6.332334, 56.9396 ], [ -6.332584, 56.939632 ], [ -6.332597, 56.939528 ], [ -6.332312, 56.93934 ], [ -6.332027, 56.939364 ], [ -6.331771, 56.939292 ], [ -6.331645, 56.938837 ], [ -6.331276, 56.938634 ], [ -6.331201, 56.938484 ], [ -6.330866, 56.93837 ], [ -6.330607, 56.938122 ], [ -6.330614, 56.937969 ], [ -6.330041, 56.937634 ], [ -6.329844, 56.937357 ], [ -6.330153, 56.937257 ], [ -6.330114, 56.9372 ], [ -6.329105, 56.93652 ], [ -6.329174, 56.936472 ], [ -6.330154, 56.937122 ], [ -6.330208, 56.936949 ], [ -6.329819, 56.936648 ], [ -6.329934, 56.936576 ], [ -6.329804, 56.93623 ], [ -6.329551, 56.936108 ], [ -6.329524, 56.935947 ], [ -6.328873, 56.935727 ], [ -6.329, 56.935682 ], [ -6.328938, 56.935572 ], [ -6.328609, 56.935646 ], [ -6.32819, 56.93558 ], [ -6.328254, 56.93578 ], [ -6.328112, 56.936041 ], [ -6.328197, 56.936209 ], [ -6.328007, 56.936274 ], [ -6.32778, 56.936084 ], [ -6.327649, 56.936089 ], [ -6.327741, 56.936387 ], [ -6.327383, 56.936215 ], [ -6.327198, 56.93632 ], [ -6.326777, 56.936092 ], [ -6.326114, 56.93612 ], [ -6.325487, 56.935822 ], [ -6.324934, 56.936021 ], [ -6.324942, 56.935805 ], [ -6.324605, 56.935592 ], [ -6.324245, 56.935613 ], [ -6.324475, 56.935817 ], [ -6.324394, 56.935828 ], [ -6.323753, 56.935693 ], [ -6.323237, 56.935432 ], [ -6.322694, 56.935429 ], [ -6.322274, 56.935214 ], [ -6.322162, 56.935308 ], [ -6.322342, 56.935589 ], [ -6.322134, 56.935853 ], [ -6.322184, 56.935995 ], [ -6.321715, 56.936205 ], [ -6.321238, 56.935992 ], [ -6.320699, 56.935889 ], [ -6.320448, 56.935713 ], [ -6.320168, 56.935921 ], [ -6.318713, 56.935854 ], [ -6.318051, 56.93554 ], [ -6.317981, 56.93543 ], [ -6.317558, 56.935332 ], [ -6.317495, 56.935069 ], [ -6.31704, 56.935116 ], [ -6.316807, 56.934953 ], [ -6.316732, 56.935091 ], [ -6.317202, 56.935313 ], [ -6.316779, 56.93549 ], [ -6.317227, 56.9356 ], [ -6.317001, 56.935707 ], [ -6.316674, 56.935583 ], [ -6.316276, 56.935552 ], [ -6.316157, 56.935659 ], [ -6.316376, 56.935778 ], [ -6.315931, 56.935699 ], [ -6.315625, 56.935754 ], [ -6.315522, 56.935866 ], [ -6.315674, 56.93604 ], [ -6.315076, 56.936205 ], [ -6.313949, 56.935992 ], [ -6.313272, 56.93575 ], [ -6.312648, 56.935763 ], [ -6.312315, 56.935869 ], [ -6.312542, 56.935555 ], [ -6.312504, 56.935444 ], [ -6.311954, 56.935449 ], [ -6.31191, 56.935073 ], [ -6.311797, 56.935023 ], [ -6.311468, 56.935089 ], [ -6.311358, 56.934926 ], [ -6.311019, 56.934911 ], [ -6.310782, 56.935207 ], [ -6.311096, 56.935434 ], [ -6.310371, 56.935495 ], [ -6.310335, 56.935604 ], [ -6.310503, 56.935634 ], [ -6.310187, 56.935965 ], [ -6.309678, 56.935906 ], [ -6.30964, 56.936073 ], [ -6.309914, 56.936163 ], [ -6.309501, 56.936218 ], [ -6.309214, 56.936439 ], [ -6.308916, 56.936422 ], [ -6.308404, 56.936552 ], [ -6.308097, 56.936527 ], [ -6.307745, 56.936755 ], [ -6.306171, 56.936872 ], [ -6.306015, 56.937089 ], [ -6.306018, 56.936904 ], [ -6.305901, 56.936886 ], [ -6.305615, 56.937193 ], [ -6.304772, 56.937159 ], [ -6.304492, 56.937294 ], [ -6.303738, 56.937464 ], [ -6.303224, 56.937495 ], [ -6.302946, 56.937653 ], [ -6.302809, 56.937541 ], [ -6.3026, 56.93758 ], [ -6.302203, 56.937778 ], [ -6.302257, 56.938028 ], [ -6.301781, 56.938107 ], [ -6.30149, 56.938081 ], [ -6.300862, 56.938634 ], [ -6.30055, 56.938703 ], [ -6.299875, 56.939131 ], [ -6.299246, 56.939238 ], [ -6.298491, 56.939183 ], [ -6.298282, 56.939586 ], [ -6.297799, 56.939607 ], [ -6.297189, 56.93988 ], [ -6.296474, 56.939815 ], [ -6.296274, 56.939862 ], [ -6.296285, 56.93996 ], [ -6.297115, 56.94031 ], [ -6.296272, 56.940851 ], [ -6.296102, 56.941082 ], [ -6.295738, 56.941207 ], [ -6.29529, 56.941537 ], [ -6.294379, 56.941838 ], [ -6.294288, 56.942048 ], [ -6.294455, 56.942357 ], [ -6.294165, 56.942412 ], [ -6.293545, 56.942384 ], [ -6.293441, 56.942554 ], [ -6.293559, 56.942932 ], [ -6.293478, 56.943232 ], [ -6.292817, 56.943637 ], [ -6.29243, 56.94356 ], [ -6.292345, 56.943824 ], [ -6.291532, 56.94405 ], [ -6.291267, 56.944185 ], [ -6.291145, 56.944409 ], [ -6.290423, 56.944569 ], [ -6.289884, 56.944889 ], [ -6.289821, 56.945057 ], [ -6.290156, 56.945325 ], [ -6.289277, 56.945409 ], [ -6.289238, 56.945783 ], [ -6.289665, 56.9462 ], [ -6.290226, 56.946289 ], [ -6.289617, 56.946427 ], [ -6.29027, 56.946953 ], [ -6.290127, 56.94707 ], [ -6.289653, 56.946812 ], [ -6.289511, 56.946867 ], [ -6.289356, 56.947308 ], [ -6.289451, 56.947566 ], [ -6.289739, 56.947709 ], [ -6.28929, 56.947805 ], [ -6.28915, 56.948089 ], [ -6.288589, 56.948513 ], [ -6.288609, 56.948899 ], [ -6.288247, 56.949257 ], [ -6.288646, 56.94986 ], [ -6.28824, 56.94991 ], [ -6.288043, 56.950348 ], [ -6.288361, 56.95089 ], [ -6.28889, 56.951056 ], [ -6.28845, 56.950946 ], [ -6.288795, 56.951374 ], [ -6.288399, 56.951006 ], [ -6.287972, 56.95094 ], [ -6.287606, 56.951123 ], [ -6.287549, 56.951269 ], [ -6.288075, 56.951691 ], [ -6.287361, 56.951428 ], [ -6.286655, 56.95201 ], [ -6.286498, 56.951867 ], [ -6.286484, 56.951957 ], [ -6.286337, 56.951971 ], [ -6.286498, 56.952006 ], [ -6.2864, 56.952082 ], [ -6.286724, 56.952111 ], [ -6.286301, 56.952301 ], [ -6.286246, 56.952465 ], [ -6.285904, 56.952355 ], [ -6.285651, 56.952368 ], [ -6.285313, 56.952438 ], [ -6.285011, 56.952606 ], [ -6.285006, 56.952413 ], [ -6.284831, 56.952324 ], [ -6.284664, 56.95238 ], [ -6.284615, 56.952593 ], [ -6.284083, 56.952476 ], [ -6.284003, 56.952641 ], [ -6.284211, 56.95302 ], [ -6.283785, 56.952531 ], [ -6.283323, 56.952448 ], [ -6.283102, 56.952537 ], [ -6.282573, 56.952582 ], [ -6.281835, 56.95289 ], [ -6.281699, 56.95343 ], [ -6.281455, 56.953097 ], [ -6.281166, 56.953089 ], [ -6.281357, 56.953392 ], [ -6.281245, 56.953491 ], [ -6.280373, 56.953206 ], [ -6.280184, 56.953275 ], [ -6.280205, 56.953387 ], [ -6.27991, 56.953474 ], [ -6.279624, 56.953276 ], [ -6.279179, 56.953269 ], [ -6.27863, 56.95372 ], [ -6.278435, 56.953524 ], [ -6.278197, 56.953604 ], [ -6.278124, 56.953832 ], [ -6.277941, 56.953743 ], [ -6.277325, 56.953684 ], [ -6.276908, 56.954417 ], [ -6.27381, 56.954608 ], [ -6.273375, 56.954902 ], [ -6.272768, 56.955067 ], [ -6.272478, 56.955045 ], [ -6.272306, 56.95484 ], [ -6.271463, 56.954518 ], [ -6.271833, 56.954802 ], [ -6.271191, 56.955161 ], [ -6.271133, 56.955231 ], [ -6.271282, 56.955387 ], [ -6.271136, 56.955473 ], [ -6.270362, 56.955468 ], [ -6.269681, 56.955635 ], [ -6.26959, 56.955989 ], [ -6.269735, 56.956178 ], [ -6.269452, 56.956367 ], [ -6.267607, 56.956781 ], [ -6.266571, 56.957149 ], [ -6.266515, 56.957088 ], [ -6.267215, 56.956808 ], [ -6.267229, 56.956713 ], [ -6.266896, 56.956679 ], [ -6.266246, 56.956899 ], [ -6.266151, 56.957078 ], [ -6.266322, 56.957203 ], [ -6.266144, 56.957299 ], [ -6.265847, 56.957731 ], [ -6.265364, 56.95804 ], [ -6.26543, 56.958326 ], [ -6.265151, 56.958403 ], [ -6.264382, 56.958883 ], [ -6.263863, 56.959454 ], [ -6.263932, 56.95964 ], [ -6.262196, 56.960013 ], [ -6.261955, 56.960182 ], [ -6.261742, 56.960621 ], [ -6.261968, 56.960873 ], [ -6.261584, 56.960823 ], [ -6.260923, 56.961232 ], [ -6.260447, 56.961248 ], [ -6.260406, 56.961605 ], [ -6.260095, 56.961984 ], [ -6.260318, 56.962498 ], [ -6.26023, 56.962731 ], [ -6.260391, 56.96335 ], [ -6.260232, 56.963832 ], [ -6.260447, 56.964491 ], [ -6.260252, 56.965082 ], [ -6.260337, 56.965326 ], [ -6.259782, 56.965512 ], [ -6.259434, 56.965791 ], [ -6.259825, 56.96596 ], [ -6.259433, 56.965987 ], [ -6.259156, 56.966302 ], [ -6.258913, 56.966337 ], [ -6.258797, 56.966543 ], [ -6.257829, 56.967147 ], [ -6.257298, 56.967764 ], [ -6.256932, 56.967875 ], [ -6.256865, 56.968008 ], [ -6.256401, 56.968122 ], [ -6.256507, 56.968263 ], [ -6.255688, 56.968295 ], [ -6.25522, 56.968594 ], [ -6.254709, 56.968666 ], [ -6.254234, 56.969118 ], [ -6.254064, 56.969146 ], [ -6.253633, 56.969048 ], [ -6.253267, 56.96916 ], [ -6.253039, 56.969541 ], [ -6.252239, 56.970184 ], [ -6.252017, 56.970475 ], [ -6.251199, 56.970664 ], [ -6.250903, 56.97103 ], [ -6.250513, 56.970998 ], [ -6.250252, 56.971164 ], [ -6.250025, 56.971194 ], [ -6.249913, 56.971589 ], [ -6.24968, 56.971777 ], [ -6.249742, 56.972036 ], [ -6.249156, 56.972456 ], [ -6.249273, 56.97269 ], [ -6.249058, 56.972752 ], [ -6.248923, 56.973008 ], [ -6.248955, 56.973146 ], [ -6.249241, 56.973204 ], [ -6.249353, 56.973533 ], [ -6.249304, 56.974479 ], [ -6.249611, 56.975435 ], [ -6.249552, 56.975635 ], [ -6.250007, 56.975872 ], [ -6.249791, 56.976365 ], [ -6.249896, 56.976487 ], [ -6.249859, 56.977176 ], [ -6.24954, 56.977767 ], [ -6.24974, 56.978871 ], [ -6.24967, 56.979921 ], [ -6.249844, 56.980005 ], [ -6.24961, 56.980404 ], [ -6.250061, 56.98176 ], [ -6.250442, 56.982215 ], [ -6.250654, 56.98299 ], [ -6.250616, 56.983234 ], [ -6.250279, 56.983304 ], [ -6.250194, 56.983429 ], [ -6.250204, 56.983806 ], [ -6.25058, 56.984216 ], [ -6.250068, 56.984634 ], [ -6.24993, 56.98516 ], [ -6.249976, 56.985846 ], [ -6.249883, 56.985971 ], [ -6.250106, 56.986197 ], [ -6.249955, 56.986243 ], [ -6.250024, 56.986775 ], [ -6.249882, 56.987333 ], [ -6.250242, 56.987532 ], [ -6.249847, 56.987609 ], [ -6.24998, 56.987831 ], [ -6.249845, 56.988095 ], [ -6.25009, 56.988505 ], [ -6.249784, 56.988637 ], [ -6.249599, 56.989111 ], [ -6.249738, 56.98925 ], [ -6.249681, 56.989544 ], [ -6.24994, 56.989787 ], [ -6.249567, 56.989912 ], [ -6.249891, 56.990157 ], [ -6.249734, 56.990365 ], [ -6.249482, 56.990473 ], [ -6.249751, 56.990585 ], [ -6.249745, 56.99068 ], [ -6.249587, 56.990959 ], [ -6.249466, 56.990977 ], [ -6.249492, 56.991354 ], [ -6.24926, 56.991627 ], [ -6.249285, 56.991702 ], [ -6.249614, 56.991768 ], [ -6.249192, 56.991966 ], [ -6.249286, 56.992215 ], [ -6.249183, 56.99261 ], [ -6.249299, 56.992835 ], [ -6.248904, 56.993123 ], [ -6.248853, 56.993259 ], [ -6.24899, 56.993372 ], [ -6.248702, 56.993453 ], [ -6.248751, 56.993879 ], [ -6.248275, 56.993972 ], [ -6.248211, 56.994185 ], [ -6.257066, 56.996807 ], [ -6.265366, 56.996325 ], [ -6.279164, 56.997197 ], [ -6.285939, 56.995628 ], [ -6.310377, 57.005166 ], [ -6.31316, 57.008113 ], [ -6.322869, 57.010805 ], [ -6.359369, 56.989211 ], [ -6.368597, 56.999996 ], [ -6.363199, 57.019774 ], [ -6.369631, 57.053314 ], [ -6.369865, 57.053135 ], [ -6.370208, 57.053379 ] ] ] ] } },
{ "type": "Feature", "properties": { "NAME": "27. Flowerdale - Shieldaig - Torridon" }, "geometry": { "type": "MultiPolygon", "coordinates": [ [ [ [ -5.708141, 57.689746 ], [ -5.72105, 57.689173 ], [ -5.803039, 57.662113 ], [ -5.800651, 57.651698 ], [ -5.810077, 57.651481 ], [ -5.811939, 57.65013 ], [ -5.812297, 57.650025 ], [ -5.812872, 57.649985 ], [ -5.813381, 57.650051 ], [ -5.814291, 57.650491 ], [ -5.815103, 57.650475 ], [ -5.815302, 57.650694 ], [ -5.815624, 57.650806 ], [ -5.815903, 57.650743 ], [ -5.816167, 57.650542 ], [ -5.816217, 57.650307 ], [ -5.816976, 57.650423 ], [ -5.817268, 57.650248 ], [ -5.817534, 57.649831 ], [ -5.817407, 57.649655 ], [ -5.817495, 57.649454 ], [ -5.817349, 57.649342 ], [ -5.817483, 57.649167 ], [ -5.817843, 57.649017 ], [ -5.81776, 57.648786 ], [ -5.817853, 57.648558 ], [ -5.817933, 57.64852 ], [ -5.818178, 57.648696 ], [ -5.818322, 57.648548 ], [ -5.81842, 57.648689 ], [ -5.818529, 57.648686 ], [ -5.818649, 57.648237 ], [ -5.818957, 57.647895 ], [ -5.818833, 57.647351 ], [ -5.819464, 57.646653 ], [ -5.819441, 57.646595 ], [ -5.81907, 57.646575 ], [ -5.819086, 57.646489 ], [ -5.818812, 57.646358 ], [ -5.818772, 57.646053 ], [ -5.818938, 57.64572 ], [ -5.81881, 57.64562 ], [ -5.819122, 57.6454 ], [ -5.818939, 57.645248 ], [ -5.819194, 57.645047 ], [ -5.819105, 57.644919 ], [ -5.818805, 57.644856 ], [ -5.818751, 57.644656 ], [ -5.819213, 57.644188 ], [ -5.819153, 57.644019 ], [ -5.819537, 57.644003 ], [ -5.819692, 57.6438 ], [ -5.819623, 57.643703 ], [ -5.81932, 57.64369 ], [ -5.819642, 57.643406 ], [ -5.819578, 57.64312 ], [ -5.819358, 57.6431 ], [ -5.81928, 57.64299 ], [ -5.819661, 57.642466 ], [ -5.819413, 57.642348 ], [ -5.819114, 57.642375 ], [ -5.819268, 57.641682 ], [ -5.819075, 57.641526 ], [ -5.81866, 57.641399 ], [ -5.818496, 57.641121 ], [ -5.818632, 57.640901 ], [ -5.81846, 57.640214 ], [ -5.819178, 57.639873 ], [ -5.819196, 57.639648 ], [ -5.818897, 57.639347 ], [ -5.818948, 57.63904 ], [ -5.818885, 57.638996 ], [ -5.818682, 57.639061 ], [ -5.818363, 57.639291 ], [ -5.818121, 57.638984 ], [ -5.817599, 57.63873 ], [ -5.817009, 57.638698 ], [ -5.816408, 57.638482 ], [ -5.815804, 57.637997 ], [ -5.815325, 57.637823 ], [ -5.814798, 57.636877 ], [ -5.814307, 57.637067 ], [ -5.814183, 57.637008 ], [ -5.813996, 57.637063 ], [ -5.813857, 57.637022 ], [ -5.813945, 57.636813 ], [ -5.813595, 57.636837 ], [ -5.812551, 57.63703 ], [ -5.811629, 57.637427 ], [ -5.811175, 57.637418 ], [ -5.810825, 57.637514 ], [ -5.810738, 57.637804 ], [ -5.810961, 57.638013 ], [ -5.810741, 57.638236 ], [ -5.810284, 57.638357 ], [ -5.809705, 57.638667 ], [ -5.809395, 57.638667 ], [ -5.808171, 57.639064 ], [ -5.80736, 57.638926 ], [ -5.807175, 57.638999 ], [ -5.807159, 57.638847 ], [ -5.806945, 57.638885 ], [ -5.80614, 57.639206 ], [ -5.805659, 57.639761 ], [ -5.803411, 57.640763 ], [ -5.802618, 57.640872 ], [ -5.801088, 57.640828 ], [ -5.799089, 57.640313 ], [ -5.796311, 57.639398 ], [ -5.794709, 57.638511 ], [ -5.794552, 57.63821 ], [ -5.79423, 57.638018 ], [ -5.793645, 57.63795 ], [ -5.79178, 57.638069 ], [ -5.789604, 57.63786 ], [ -5.788851, 57.63755 ], [ -5.788176, 57.637107 ], [ -5.786827, 57.636716 ], [ -5.786378, 57.636343 ], [ -5.785908, 57.636177 ], [ -5.785277, 57.636232 ], [ -5.784817, 57.63617 ], [ -5.784516, 57.636255 ], [ -5.783172, 57.635819 ], [ -5.782853, 57.635496 ], [ -5.782708, 57.635473 ], [ -5.782769, 57.635332 ], [ -5.78249, 57.635313 ], [ -5.782261, 57.635127 ], [ -5.781722, 57.635017 ], [ -5.780672, 57.635071 ], [ -5.779755, 57.634716 ], [ -5.77886, 57.634577 ], [ -5.778785, 57.634341 ], [ -5.778392, 57.634353 ], [ -5.776871, 57.63407 ], [ -5.776432, 57.633791 ], [ -5.77578, 57.633648 ], [ -5.775081, 57.633211 ], [ -5.77433, 57.63317 ], [ -5.774293, 57.633055 ], [ -5.773384, 57.632691 ], [ -5.77276, 57.63266 ], [ -5.771743, 57.632389 ], [ -5.770959, 57.631936 ], [ -5.77034, 57.631707 ], [ -5.770117, 57.631498 ], [ -5.769428, 57.63124 ], [ -5.769311, 57.631082 ], [ -5.768256, 57.630686 ], [ -5.768269, 57.630569 ], [ -5.767999, 57.63055 ], [ -5.767874, 57.630473 ], [ -5.767907, 57.63031 ], [ -5.767633, 57.630327 ], [ -5.767439, 57.630158 ], [ -5.767082, 57.630114 ], [ -5.766824, 57.629884 ], [ -5.76641, 57.62977 ], [ -5.76515, 57.628693 ], [ -5.765075, 57.628448 ], [ -5.764752, 57.628246 ], [ -5.764892, 57.628143 ], [ -5.764828, 57.628091 ], [ -5.764493, 57.628092 ], [ -5.763542, 57.62741 ], [ -5.762599, 57.627281 ], [ -5.762568, 57.627143 ], [ -5.762335, 57.627082 ], [ -5.762164, 57.62688 ], [ -5.761881, 57.626826 ], [ -5.76194, 57.626743 ], [ -5.761601, 57.626785 ], [ -5.761271, 57.626678 ], [ -5.760697, 57.626313 ], [ -5.760529, 57.626066 ], [ -5.75965, 57.625746 ], [ -5.759667, 57.625674 ], [ -5.759461, 57.625626 ], [ -5.759398, 57.625421 ], [ -5.759197, 57.625422 ], [ -5.759154, 57.625325 ], [ -5.759014, 57.625347 ], [ -5.759065, 57.62495 ], [ -5.758949, 57.624967 ], [ -5.7589, 57.624901 ], [ -5.758996, 57.624772 ], [ -5.758352, 57.624463 ], [ -5.758193, 57.624459 ], [ -5.758338, 57.624086 ], [ -5.758108, 57.624205 ], [ -5.757349, 57.623913 ], [ -5.756952, 57.623637 ], [ -5.75684, 57.623775 ], [ -5.756396, 57.623775 ], [ -5.755626, 57.623623 ], [ -5.754895, 57.623118 ], [ -5.754353, 57.622573 ], [ -5.753653, 57.622202 ], [ -5.753533, 57.621932 ], [ -5.753329, 57.621906 ], [ -5.753259, 57.62163 ], [ -5.752565, 57.621075 ], [ -5.752103, 57.620419 ], [ -5.752075, 57.620069 ], [ -5.751849, 57.619743 ], [ -5.751686, 57.619137 ], [ -5.751228, 57.618921 ], [ -5.751059, 57.618665 ], [ -5.75114, 57.618559 ], [ -5.750773, 57.618489 ], [ -5.750791, 57.618417 ], [ -5.750484, 57.618372 ], [ -5.749762, 57.618025 ], [ -5.74926, 57.617626 ], [ -5.748698, 57.61754 ], [ -5.748685, 57.617414 ], [ -5.747954, 57.617148 ], [ -5.747787, 57.616906 ], [ -5.747247, 57.616715 ], [ -5.747215, 57.616563 ], [ -5.746876, 57.616362 ], [ -5.744976, 57.615398 ], [ -5.744341, 57.614437 ], [ -5.743981, 57.614119 ], [ -5.744031, 57.614032 ], [ -5.743836, 57.61393 ], [ -5.743877, 57.613677 ], [ -5.743472, 57.613078 ], [ -5.742015, 57.612186 ], [ -5.741185, 57.611932 ], [ -5.740556, 57.611281 ], [ -5.74062, 57.611086 ], [ -5.740049, 57.610909 ], [ -5.739668, 57.610543 ], [ -5.739076, 57.610246 ], [ -5.738035, 57.609895 ], [ -5.737726, 57.609661 ], [ -5.736659, 57.609709 ], [ -5.735904, 57.609561 ], [ -5.737024, 57.609511 ], [ -5.737293, 57.609598 ], [ -5.73765, 57.609573 ], [ -5.737333, 57.608931 ], [ -5.736952, 57.608812 ], [ -5.736909, 57.608553 ], [ -5.73565, 57.607628 ], [ -5.735546, 57.607518 ], [ -5.735656, 57.607367 ], [ -5.735167, 57.607166 ], [ -5.734387, 57.607076 ], [ -5.733334, 57.60677 ], [ -5.733006, 57.606272 ], [ -5.732856, 57.605373 ], [ -5.733025, 57.604249 ], [ -5.733188, 57.604046 ], [ -5.733523, 57.603879 ], [ -5.734317, 57.602642 ], [ -5.734954, 57.602326 ], [ -5.735609, 57.601524 ], [ -5.735642, 57.600805 ], [ -5.735337, 57.600669 ], [ -5.735285, 57.600491 ], [ -5.735472, 57.599861 ], [ -5.735967, 57.599226 ], [ -5.736215, 57.59854 ], [ -5.736134, 57.597746 ], [ -5.736709, 57.596992 ], [ -5.736406, 57.596484 ], [ -5.73533, 57.596035 ], [ -5.734493, 57.5953 ], [ -5.734377, 57.595074 ], [ -5.734455, 57.594852 ], [ -5.734184, 57.594496 ], [ -5.734431, 57.593881 ], [ -5.733578, 57.594059 ], [ -5.733026, 57.594062 ], [ -5.732797, 57.593952 ], [ -5.732383, 57.593506 ], [ -5.732422, 57.593064 ], [ -5.732007, 57.591957 ], [ -5.731455, 57.591884 ], [ -5.731259, 57.591687 ], [ -5.731184, 57.591366 ], [ -5.730401, 57.590912 ], [ -5.73029, 57.590727 ], [ -5.730778, 57.59042 ], [ -5.730805, 57.590114 ], [ -5.730636, 57.589934 ], [ -5.730919, 57.589836 ], [ -5.730992, 57.589659 ], [ -5.730766, 57.588672 ], [ -5.73042, 57.588242 ], [ -5.730062, 57.588099 ], [ -5.729795, 57.587698 ], [ -5.728651, 57.587233 ], [ -5.728564, 57.586957 ], [ -5.728823, 57.586621 ], [ -5.728403, 57.586278 ], [ -5.728153, 57.58629 ], [ -5.728045, 57.586222 ], [ -5.727795, 57.585815 ], [ -5.727824, 57.585536 ], [ -5.726321, 57.58491 ], [ -5.725991, 57.584632 ], [ -5.725069, 57.584696 ], [ -5.72477, 57.584475 ], [ -5.723977, 57.584166 ], [ -5.723078, 57.583972 ], [ -5.72253, 57.583939 ], [ -5.722324, 57.583806 ], [ -5.722331, 57.583459 ], [ -5.721891, 57.583414 ], [ -5.721502, 57.583048 ], [ -5.719919, 57.582874 ], [ -5.719329, 57.582671 ], [ -5.716516, 57.582413 ], [ -5.714836, 57.581945 ], [ -5.714356, 57.581752 ], [ -5.71416, 57.581551 ], [ -5.713434, 57.581406 ], [ -5.71273, 57.581072 ], [ -5.711626, 57.580745 ], [ -5.710505, 57.580009 ], [ -5.709405, 57.579727 ], [ -5.708938, 57.579493 ], [ -5.708577, 57.579482 ], [ -5.707152, 57.579137 ], [ -5.706986, 57.579065 ], [ -5.706977, 57.578895 ], [ -5.706584, 57.578897 ], [ -5.706288, 57.578704 ], [ -5.706118, 57.578677 ], [ -5.705822, 57.578807 ], [ -5.705499, 57.578777 ], [ -5.700344, 57.584467 ], [ -5.673204, 57.585796 ], [ -5.666706, 57.579139 ], [ -5.656297, 57.577373 ], [ -5.648116, 57.579251 ], [ -5.642662, 57.57848 ], [ -5.639241, 57.569583 ], [ -5.61086, 57.560218 ], [ -5.564083, 57.558813 ], [ -5.513442, 57.550226 ], [ -5.48646, 57.54074 ], [ -5.456046, 57.553517 ], [ -5.414676, 57.555879 ], [ -5.384549, 57.564994 ], [ -5.374203, 57.566055 ], [ -5.369302, 57.563968 ], [ -5.353642, 57.567793 ], [ -5.348104, 57.567274 ], [ -5.313443, 57.582603 ], [ -5.306661, 57.604438 ], [ -5.329645, 57.618944 ], [ -5.36505, 57.636104 ], [ -5.370326, 57.642388 ], [ -5.399324, 57.655485 ], [ -5.411662, 57.652242 ], [ -5.424356, 57.660665 ], [ -5.450655, 57.667569 ], [ -5.462976, 57.672513 ], [ -5.468481, 57.675287 ], [ -5.481313, 57.675789 ], [ -5.488442, 57.673639 ], [ -5.533212, 57.673019 ], [ -5.559578, 57.690422 ], [ -5.577797, 57.690271 ], [ -5.604187, 57.684974 ], [ -5.642083, 57.684569 ], [ -5.658463, 57.686995 ], [ -5.673303, 57.680677 ], [ -5.708141, 57.689746 ] ] ], [ [ [ -5.802259, 57.635124 ], [ -5.80265, 57.63469 ], [ -5.802435, 57.634795 ], [ -5.802375, 57.634712 ], [ -5.802225, 57.634712 ], [ -5.801835, 57.634912 ], [ -5.801942, 57.635053 ], [ -5.802168, 57.635055 ], [ -5.802259, 57.635124 ] ] ] ] } },
{ "type": "Feature", "properties": { "NAME": "34. Reay - Cassley" }, "geometry": { "type": "MultiPolygon", "coordinates": [ [ [ [ -4.852037, 58.278622 ], [ -4.887808, 58.287812 ], [ -4.925176, 58.301466 ], [ -4.939053, 58.318077 ], [ -4.925204, 58.33095 ], [ -4.975056, 58.346854 ], [ -4.997262, 58.369709 ], [ -5.012721, 58.370052 ], [ -5.039749, 58.37127 ], [ -5.066123, 58.375918 ], [ -5.082266, 58.365759 ], [ -5.123123, 58.344167 ], [ -5.119798, 58.307049 ], [ -5.072696, 58.291712 ], [ -5.059391, 58.27865 ], [ -5.009188, 58.264151 ], [ -5.009111, 58.264054 ], [ -5.008481, 58.263956 ], [ -5.00802, 58.264048 ], [ -5.007683, 58.263899 ], [ -5.006769, 58.263776 ], [ -5.006445, 58.263582 ], [ -5.006037, 58.263488 ], [ -5.006056, 58.263416 ], [ -5.005607, 58.263148 ], [ -5.004999, 58.263121 ], [ -5.00499, 58.263014 ], [ -5.004626, 58.262937 ], [ -5.004424, 58.262775 ], [ -5.004457, 58.262653 ], [ -5.00356, 58.262468 ], [ -5.003169, 58.262243 ], [ -5.002242, 58.262081 ], [ -5.00181, 58.261803 ], [ -5.001597, 58.261813 ], [ -5.001114, 58.26164 ], [ -5.000724, 58.261645 ], [ -5.000361, 58.26154 ], [ -4.998896, 58.261423 ], [ -4.998211, 58.261084 ], [ -4.99773, 58.261046 ], [ -4.996565, 58.260677 ], [ -4.995609, 58.260564 ], [ -4.994533, 58.260145 ], [ -4.994651, 58.259927 ], [ -4.993625, 58.259681 ], [ -4.993368, 58.259472 ], [ -4.992567, 58.259369 ], [ -4.992098, 58.259174 ], [ -4.992317, 58.259137 ], [ -4.99226, 58.259071 ], [ -4.991885, 58.259071 ], [ -4.991084, 58.25877 ], [ -4.990748, 58.258828 ], [ -4.990285, 58.259207 ], [ -4.989862, 58.259239 ], [ -4.989493, 58.259423 ], [ -4.989341, 58.259431 ], [ -4.989407, 58.259304 ], [ -4.989004, 58.259385 ], [ -4.98893, 58.259517 ], [ -4.988401, 58.259714 ], [ -4.98774, 58.259662 ], [ -4.986476, 58.259934 ], [ -4.985535, 58.259691 ], [ -4.98475, 58.260055 ], [ -4.984485, 58.259882 ], [ -4.984818, 58.259483 ], [ -4.984223, 58.259205 ], [ -4.984043, 58.258989 ], [ -4.983605, 58.258748 ], [ -4.982964, 58.258722 ], [ -4.980939, 58.257961 ], [ -4.980444, 58.25786 ], [ -4.980133, 58.257912 ], [ -4.97974, 58.2578 ], [ -4.979529, 58.257616 ], [ -4.979233, 58.257749 ], [ -4.978914, 58.258111 ], [ -4.9781, 58.258373 ], [ -4.977638, 58.258348 ], [ -4.97714, 58.258099 ], [ -4.976673, 58.25802 ], [ -4.976327, 58.257866 ], [ -4.975854, 58.257819 ], [ -4.97588, 58.257719 ], [ -4.975319, 58.25784 ], [ -4.974663, 58.257748 ], [ -4.974488, 58.257891 ], [ -4.974074, 58.257937 ], [ -4.973952, 58.257903 ], [ -4.974046, 58.257807 ], [ -4.973888, 58.257757 ], [ -4.973717, 58.257846 ], [ -4.973543, 58.25781 ], [ -4.972729, 58.257554 ], [ -4.97211, 58.257488 ], [ -4.971424, 58.257234 ], [ -4.970916, 58.257179 ], [ -4.969913, 58.256906 ], [ -4.968225, 58.257115 ], [ -4.967646, 58.25712 ], [ -4.966113, 58.257439 ], [ -4.965751, 58.25729 ], [ -4.964593, 58.257618 ], [ -4.963744, 58.257655 ], [ -4.9633, 58.257751 ], [ -4.962495, 58.257707 ], [ -4.961213, 58.257768 ], [ -4.961094, 58.257676 ], [ -4.960762, 58.257675 ], [ -4.960523, 58.257784 ], [ -4.960188, 58.257644 ], [ -4.960208, 58.257477 ], [ -4.959957, 58.257635 ], [ -4.959364, 58.257732 ], [ -4.958089, 58.258236 ], [ -4.957292, 58.258295 ], [ -4.956922, 58.258249 ], [ -4.956148, 58.258474 ], [ -4.955594, 58.258478 ], [ -4.954809, 58.258361 ], [ -4.952736, 58.258868 ], [ -4.952355, 58.258795 ], [ -4.952202, 58.258493 ], [ -4.951174, 58.258944 ], [ -4.950397, 58.259128 ], [ -4.94982, 58.259164 ], [ -4.949353, 58.259089 ], [ -4.948768, 58.259332 ], [ -4.948307, 58.259428 ], [ -4.947915, 58.259325 ], [ -4.94744, 58.259354 ], [ -4.946606, 58.259679 ], [ -4.945425, 58.25994 ], [ -4.944574, 58.260058 ], [ -4.942129, 58.260078 ], [ -4.9411, 58.260003 ], [ -4.939166, 58.259607 ], [ -4.935689, 58.259319 ], [ -4.934627, 58.258845 ], [ -4.934141, 58.258743 ], [ -4.934099, 58.258641 ], [ -4.933855, 58.258692 ], [ -4.931827, 58.258388 ], [ -4.931007, 58.258469 ], [ -4.930609, 58.258407 ], [ -4.929758, 58.258422 ], [ -4.929402, 58.258448 ], [ -4.929063, 58.258568 ], [ -4.928875, 58.258469 ], [ -4.928174, 58.258337 ], [ -4.927977, 58.25822 ], [ -4.927438, 58.258196 ], [ -4.926558, 58.257969 ], [ -4.925346, 58.257849 ], [ -4.925154, 58.257903 ], [ -4.924186, 58.257736 ], [ -4.923829, 58.257857 ], [ -4.923431, 58.257785 ], [ -4.923051, 58.257614 ], [ -4.922842, 58.257358 ], [ -4.922119, 58.256036 ], [ -4.921056, 58.256163 ], [ -4.920619, 58.255935 ], [ -4.920569, 58.255823 ], [ -4.920975, 58.255594 ], [ -4.921459, 58.255475 ], [ -4.922092, 58.255191 ], [ -4.922666, 58.255223 ], [ -4.924744, 58.255611 ], [ -4.928493, 58.254874 ], [ -4.929136, 58.254814 ], [ -4.931542, 58.254939 ], [ -4.933391, 58.255135 ], [ -4.934282, 58.254876 ], [ -4.938706, 58.254572 ], [ -4.939722, 58.254387 ], [ -4.942279, 58.25418 ], [ -4.942785, 58.254213 ], [ -4.94387, 58.254035 ], [ -4.944619, 58.254022 ], [ -4.946155, 58.253843 ], [ -4.947923, 58.25378 ], [ -4.948276, 58.25361 ], [ -4.949005, 58.253463 ], [ -4.950622, 58.253327 ], [ -4.952288, 58.253382 ], [ -4.952934, 58.253457 ], [ -4.953121, 58.253556 ], [ -4.954313, 58.25343 ], [ -4.955252, 58.253651 ], [ -4.955712, 58.253654 ], [ -4.956726, 58.254053 ], [ -4.957273, 58.253865 ], [ -4.958879, 58.253805 ], [ -4.95911, 58.253714 ], [ -4.960216, 58.253792 ], [ -4.960844, 58.25376 ], [ -4.962673, 58.2532 ], [ -4.963296, 58.253217 ], [ -4.964151, 58.25304 ], [ -4.965017, 58.253002 ], [ -4.965387, 58.253043 ], [ -4.966533, 58.253389 ], [ -4.967591, 58.253401 ], [ -4.967983, 58.253508 ], [ -4.968046, 58.253444 ], [ -4.968188, 58.253508 ], [ -4.968307, 58.253303 ], [ -4.968755, 58.253356 ], [ -4.969255, 58.253524 ], [ -4.969963, 58.253328 ], [ -4.971068, 58.2535 ], [ -4.971778, 58.25342 ], [ -4.972393, 58.253545 ], [ -4.972748, 58.253466 ], [ -4.973444, 58.253575 ], [ -4.97343, 58.25371 ], [ -4.974527, 58.253675 ], [ -4.974715, 58.253792 ], [ -4.975465, 58.253887 ], [ -4.975985, 58.254095 ], [ -4.976978, 58.25404 ], [ -4.977211, 58.253869 ], [ -4.977729, 58.253852 ], [ -4.978104, 58.254145 ], [ -4.978706, 58.254216 ], [ -4.978981, 58.254344 ], [ -4.97916, 58.254336 ], [ -4.979202, 58.254231 ], [ -4.97931, 58.254305 ], [ -4.979468, 58.254158 ], [ -4.97971, 58.254291 ], [ -4.979952, 58.254128 ], [ -4.981057, 58.254192 ], [ -4.981225, 58.254463 ], [ -4.981522, 58.254555 ], [ -4.98174, 58.254505 ], [ -4.981909, 58.254289 ], [ -4.982189, 58.254377 ], [ -4.981926, 58.254496 ], [ -4.982223, 58.254785 ], [ -4.982566, 58.254701 ], [ -4.982973, 58.254372 ], [ -4.982912, 58.254158 ], [ -4.983149, 58.254139 ], [ -4.983341, 58.253982 ], [ -4.983615, 58.253993 ], [ -4.983714, 58.253861 ], [ -4.983947, 58.253846 ], [ -4.984054, 58.253749 ], [ -4.984253, 58.253781 ], [ -4.984376, 58.253522 ], [ -4.984852, 58.253708 ], [ -4.985134, 58.253509 ], [ -4.98548, 58.253568 ], [ -4.985897, 58.254075 ], [ -4.98563, 58.254238 ], [ -4.98584, 58.254206 ], [ -4.985997, 58.254347 ], [ -4.986255, 58.254278 ], [ -4.986087, 58.253994 ], [ -4.986287, 58.253846 ], [ -4.986731, 58.253849 ], [ -4.986838, 58.253707 ], [ -4.987167, 58.253973 ], [ -4.987399, 58.25399 ], [ -4.987514, 58.253943 ], [ -4.987519, 58.253489 ], [ -4.987397, 58.253357 ], [ -4.987147, 58.253327 ], [ -4.987158, 58.253048 ], [ -4.987349, 58.252994 ], [ -4.98779, 58.253028 ], [ -4.988096, 58.252949 ], [ -4.988378, 58.252763 ], [ -4.988977, 58.252682 ], [ -4.989212, 58.252546 ], [ -4.989311, 58.252305 ], [ -4.991087, 58.251734 ], [ -4.991637, 58.251779 ], [ -4.992261, 58.251706 ], [ -4.993053, 58.251795 ], [ -4.993197, 58.25168 ], [ -4.993483, 58.251736 ], [ -4.994097, 58.251443 ], [ -4.993846, 58.251291 ], [ -4.994293, 58.250939 ], [ -4.994232, 58.250712 ], [ -4.994708, 58.250602 ], [ -4.994573, 58.250511 ], [ -4.993957, 58.250485 ], [ -4.994061, 58.250208 ], [ -4.993807, 58.249819 ], [ -4.993459, 58.249732 ], [ -4.993023, 58.249419 ], [ -4.9927, 58.248824 ], [ -4.99171, 58.248196 ], [ -4.991322, 58.248048 ], [ -4.991337, 58.247818 ], [ -4.99102, 58.247592 ], [ -4.991038, 58.2473 ], [ -4.990819, 58.247233 ], [ -4.990785, 58.247135 ], [ -4.990931, 58.246642 ], [ -4.990885, 58.246297 ], [ -4.990729, 58.24617 ], [ -4.98962, 58.245953 ], [ -4.988869, 58.245935 ], [ -4.988361, 58.245781 ], [ -4.988332, 58.245638 ], [ -4.987544, 58.245189 ], [ -4.987312, 58.245163 ], [ -4.987011, 58.244819 ], [ -4.986487, 58.244679 ], [ -4.986416, 58.244541 ], [ -4.985019, 58.244138 ], [ -4.984333, 58.24379 ], [ -4.98401, 58.243892 ], [ -4.983323, 58.243634 ], [ -4.981884, 58.243546 ], [ -4.980687, 58.243093 ], [ -4.980279, 58.243098 ], [ -4.979471, 58.242915 ], [ -4.979328, 58.242837 ], [ -4.979341, 58.242684 ], [ -4.978949, 58.242491 ], [ -4.978297, 58.242435 ], [ -4.977793, 58.242213 ], [ -4.976676, 58.242108 ], [ -4.976244, 58.242141 ], [ -4.974995, 58.241474 ], [ -4.974068, 58.241289 ], [ -4.973347, 58.24082 ], [ -4.971018, 58.240281 ], [ -4.970776, 58.239932 ], [ -4.970515, 58.239767 ], [ -4.969401, 58.239591 ], [ -4.968238, 58.239636 ], [ -4.96662, 58.239238 ], [ -4.965763, 58.238777 ], [ -4.963409, 58.238036 ], [ -4.962708, 58.237495 ], [ -4.962555, 58.237189 ], [ -4.961993, 58.236892 ], [ -4.961815, 58.236599 ], [ -4.961284, 58.236454 ], [ -4.961172, 58.236237 ], [ -4.960759, 58.236089 ], [ -4.960227, 58.235737 ], [ -4.959674, 58.235548 ], [ -4.959129, 58.23565 ], [ -4.958116, 58.235458 ], [ -4.956795, 58.234932 ], [ -4.95655, 58.234758 ], [ -4.955711, 58.234611 ], [ -4.95446, 58.234114 ], [ -4.954106, 58.233745 ], [ -4.95337, 58.233609 ], [ -4.952017, 58.232899 ], [ -4.951687, 58.232826 ], [ -4.951238, 58.232445 ], [ -4.95036, 58.232344 ], [ -4.948999, 58.231338 ], [ -4.94731, 58.230694 ], [ -4.946605, 58.230207 ], [ -4.946599, 58.229933 ], [ -4.946299, 58.2297 ], [ -4.947024, 58.228894 ], [ -4.947465, 58.228668 ], [ -4.947605, 58.228188 ], [ -4.947814, 58.228049 ], [ -4.948077, 58.228029 ], [ -4.948456, 58.227773 ], [ -4.948936, 58.227192 ], [ -4.949257, 58.227063 ], [ -4.949344, 58.226666 ], [ -4.948949, 58.226324 ], [ -4.948938, 58.225983 ], [ -4.946864, 58.224637 ], [ -4.94612, 58.22469 ], [ -4.945382, 58.224643 ], [ -4.94461, 58.22495 ], [ -4.944332, 58.224782 ], [ -4.943074, 58.224811 ], [ -4.94264, 58.224705 ], [ -4.942322, 58.224413 ], [ -4.941889, 58.224439 ], [ -4.940938, 58.223841 ], [ -4.940101, 58.223706 ], [ -4.939794, 58.223522 ], [ -4.939364, 58.223427 ], [ -4.939208, 58.223338 ], [ -4.939368, 58.223213 ], [ -4.93928, 58.223053 ], [ -4.939054, 58.223053 ], [ -4.938812, 58.223202 ], [ -4.938518, 58.22325 ], [ -4.938063, 58.223022 ], [ -4.937638, 58.223089 ], [ -4.937265, 58.222887 ], [ -4.936971, 58.222584 ], [ -4.937131, 58.222297 ], [ -4.936923, 58.222235 ], [ -4.936953, 58.222 ], [ -4.935855, 58.220689 ], [ -4.935862, 58.220342 ], [ -4.936531, 58.220143 ], [ -4.936711, 58.219872 ], [ -4.937031, 58.219707 ], [ -4.937101, 58.21928 ], [ -4.938136, 58.218924 ], [ -4.938355, 58.21871 ], [ -4.938614, 58.218723 ], [ -4.938746, 58.218634 ], [ -4.93899, 58.218623 ], [ -4.939144, 58.218424 ], [ -4.938588, 58.218069 ], [ -4.938577, 58.217975 ], [ -4.938318, 58.217996 ], [ -4.937706, 58.217546 ], [ -4.937999, 58.21699 ], [ -4.937686, 58.216941 ], [ -4.937774, 58.216706 ], [ -4.93761, 58.216395 ], [ -4.937493, 58.215573 ], [ -4.937285, 58.215441 ], [ -4.935901, 58.215045 ], [ -4.935447, 58.214723 ], [ -4.935403, 58.214551 ], [ -4.935669, 58.214335 ], [ -4.93582, 58.213892 ], [ -4.936101, 58.214367 ], [ -4.936498, 58.214642 ], [ -4.937552, 58.214889 ], [ -4.938042, 58.215327 ], [ -4.938416, 58.215512 ], [ -4.9391, 58.215623 ], [ -4.939963, 58.215542 ], [ -4.940488, 58.215567 ], [ -4.940837, 58.215483 ], [ -4.941614, 58.215572 ], [ -4.941894, 58.215639 ], [ -4.941951, 58.215835 ], [ -4.942155, 58.215866 ], [ -4.942602, 58.216188 ], [ -4.943773, 58.216756 ], [ -4.944155, 58.217112 ], [ -4.944426, 58.217566 ], [ -4.944333, 58.21809 ], [ -4.945184, 58.218681 ], [ -4.94523, 58.218889 ], [ -4.946503, 58.220169 ], [ -4.947139, 58.221082 ], [ -4.948093, 58.222025 ], [ -4.948764, 58.222227 ], [ -4.949882, 58.222792 ], [ -4.949981, 58.222953 ], [ -4.95056, 58.223294 ], [ -4.951036, 58.223472 ], [ -4.951615, 58.223556 ], [ -4.951921, 58.223821 ], [ -4.952889, 58.224089 ], [ -4.953286, 58.224606 ], [ -4.954255, 58.225087 ], [ -4.954336, 58.225251 ], [ -4.954862, 58.225428 ], [ -4.954723, 58.225705 ], [ -4.954961, 58.225695 ], [ -4.955441, 58.225828 ], [ -4.955781, 58.226031 ], [ -4.955918, 58.226244 ], [ -4.956234, 58.22625 ], [ -4.956373, 58.226179 ], [ -4.956149, 58.225951 ], [ -4.95767, 58.225907 ], [ -4.958226, 58.225728 ], [ -4.95929, 58.225721 ], [ -4.960536, 58.226051 ], [ -4.962578, 58.226332 ], [ -4.96304, 58.226465 ], [ -4.966408, 58.226818 ], [ -4.966755, 58.226994 ], [ -4.966891, 58.227193 ], [ -4.966831, 58.227698 ], [ -4.967073, 58.227841 ], [ -4.967488, 58.227912 ], [ -4.967808, 58.227864 ], [ -4.968305, 58.22801 ], [ -4.968937, 58.228027 ], [ -4.969904, 58.22777 ], [ -4.970975, 58.22775 ], [ -4.972342, 58.228307 ], [ -4.97348, 58.228267 ], [ -4.975246, 58.227889 ], [ -4.978001, 58.227523 ], [ -4.977738, 58.22775 ], [ -4.97794, 58.228329 ], [ -4.977739, 58.228868 ], [ -4.978509, 58.229924 ], [ -4.978551, 58.230229 ], [ -4.980128, 58.230947 ], [ -4.980603, 58.231026 ], [ -4.981112, 58.230695 ], [ -4.981515, 58.230623 ], [ -4.981682, 58.230691 ], [ -4.981773, 58.231066 ], [ -4.980835, 58.231564 ], [ -4.981028, 58.231726 ], [ -4.981071, 58.231936 ], [ -4.98146, 58.232201 ], [ -4.981672, 58.232502 ], [ -4.982487, 58.232564 ], [ -4.982617, 58.232489 ], [ -4.982881, 58.232896 ], [ -4.983922, 58.233316 ], [ -4.984049, 58.233713 ], [ -4.984653, 58.233812 ], [ -4.984787, 58.233984 ], [ -4.985282, 58.234201 ], [ -4.985859, 58.234165 ], [ -4.985926, 58.234357 ], [ -4.986209, 58.234382 ], [ -4.986914, 58.234805 ], [ -5.006834, 58.227478 ], [ -4.99505, 58.21847 ], [ -4.981996, 58.211799 ], [ -4.985597, 58.204793 ], [ -4.993518, 58.201105 ], [ -4.99402, 58.194863 ], [ -4.980559, 58.183444 ], [ -4.962391, 58.174449 ], [ -4.966034, 58.169319 ], [ -4.960686, 58.163502 ], [ -4.966352, 58.145823 ], [ -4.971739, 58.144173 ], [ -4.969058, 58.139411 ], [ -4.974277, 58.135765 ], [ -4.973659, 58.130002 ], [ -4.969064, 58.126752 ], [ -4.954793, 58.109151 ], [ -4.948611, 58.104956 ], [ -4.952916, 58.098283 ], [ -4.955399, 58.085514 ], [ -4.953683, 58.079205 ], [ -4.958602, 58.070957 ], [ -4.949784, 58.064121 ], [ -4.90753, 58.050167 ], [ -4.895329, 58.066991 ], [ -4.887408, 58.06898 ], [ -4.850521, 58.077079 ], [ -4.816548, 58.073441 ], [ -4.818705, 58.049256 ], [ -4.785079, 58.023065 ], [ -4.749374, 58.012758 ], [ -4.705793, 58.000404 ], [ -4.684821, 57.991623 ], [ -4.672268, 57.991794 ], [ -4.62652, 58.000719 ], [ -4.640378, 58.008895 ], [ -4.655721, 58.013721 ], [ -4.669666, 58.023779 ], [ -4.683774, 58.037769 ], [ -4.711881, 58.059263 ], [ -4.760855, 58.119025 ], [ -4.776066, 58.126406 ], [ -4.779323, 58.145005 ], [ -4.765334, 58.143753 ], [ -4.741433, 58.118322 ], [ -4.735855, 58.114715 ], [ -4.698551, 58.075204 ], [ -4.625037, 58.048315 ], [ -4.604026, 58.022659 ], [ -4.485022, 58.030057 ], [ -4.53264, 58.073294 ], [ -4.515518, 58.076512 ], [ -4.518595, 58.084538 ], [ -4.527065, 58.090995 ], [ -4.5783, 58.109178 ], [ -4.595998, 58.120447 ], [ -4.625579, 58.131514 ], [ -4.623397, 58.135498 ], [ -4.652417, 58.148031 ], [ -4.744621, 58.170425 ], [ -4.789867, 58.190602 ], [ -4.767724, 58.200321 ], [ -4.756936, 58.223465 ], [ -4.769169, 58.249539 ], [ -4.780409, 58.253075 ], [ -4.827788, 58.250532 ], [ -4.838331, 58.267618 ], [ -4.852037, 58.278622 ] ] ], [ [ [ -4.952974, 58.227404 ], [ -4.953167, 58.227377 ], [ -4.953411, 58.226518 ], [ -4.952032, 58.225907 ], [ -4.951457, 58.226064 ], [ -4.951658, 58.226432 ], [ -4.951479, 58.226737 ], [ -4.951593, 58.226986 ], [ -4.952974, 58.227404 ] ] ], [ [ [ -4.952336, 58.227823 ], [ -4.952022, 58.228154 ], [ -4.95161, 58.228316 ], [ -4.951855, 58.228598 ], [ -4.952686, 58.228448 ], [ -4.953294, 58.228187 ], [ -4.954044, 58.228085 ], [ -4.954344, 58.227898 ], [ -4.953896, 58.227836 ], [ -4.953664, 58.227608 ], [ -4.952336, 58.227823 ] ] ], [ [ [ -4.948715, 58.224609 ], [ -4.949113, 58.224261 ], [ -4.949048, 58.224046 ], [ -4.947875, 58.223747 ], [ -4.947714, 58.223898 ], [ -4.947737, 58.22412 ], [ -4.948166, 58.224486 ], [ -4.948395, 58.224593 ], [ -4.948551, 58.224552 ], [ -4.948715, 58.224609 ] ] ], [ [ [ -4.950609, 58.227436 ], [ -4.950783, 58.227383 ], [ -4.950977, 58.227158 ], [ -4.950628, 58.226955 ], [ -4.950209, 58.226421 ], [ -4.949826, 58.226726 ], [ -4.94993, 58.226962 ], [ -4.949687, 58.227215 ], [ -4.949957, 58.227384 ], [ -4.950609, 58.227436 ] ] ], [ [ [ -4.983382, 58.236429 ], [ -4.984059, 58.236274 ], [ -4.984418, 58.235978 ], [ -4.984274, 58.235887 ], [ -4.983409, 58.23593 ], [ -4.983904, 58.235739 ], [ -4.983906, 58.235667 ], [ -4.983329, 58.235586 ], [ -4.983288, 58.235812 ], [ -4.983101, 58.235924 ], [ -4.983226, 58.235988 ], [ -4.983169, 58.236124 ], [ -4.982926, 58.236269 ], [ -4.983109, 58.236418 ], [ -4.983382, 58.236429 ] ] ], [ [ [ -4.950448, 58.228995 ], [ -4.950898, 58.228764 ], [ -4.950149, 58.228471 ], [ -4.94949, 58.228527 ], [ -4.949463, 58.228716 ], [ -4.949895, 58.229003 ], [ -4.950448, 58.228995 ] ] ], [ [ [ -4.957845, 58.227296 ], [ -4.958057, 58.227174 ], [ -4.958508, 58.227177 ], [ -4.958802, 58.227017 ], [ -4.958924, 58.226848 ], [ -4.958654, 58.226679 ], [ -4.958604, 58.226483 ], [ -4.958241, 58.226522 ], [ -4.958118, 58.226687 ], [ -4.958235, 58.226752 ], [ -4.957976, 58.227018 ], [ -4.957792, 58.227068 ], [ -4.957845, 58.227296 ] ] ], [ [ [ -4.97707, 58.231162 ], [ -4.977287, 58.231207 ], [ -4.97784, 58.231095 ], [ -4.978115, 58.23112 ], [ -4.978224, 58.230996 ], [ -4.977997, 58.23084 ], [ -4.977187, 58.230827 ], [ -4.977032, 58.230911 ], [ -4.97707, 58.231162 ] ] ] ] } },
{ "type": "Feature", "properties": { "NAME": "24. Central Highlands" }, "geometry": { "type": "MultiPolygon", "coordinates": [ [ [ [ -5.463264, 57.289416 ], [ -5.487063, 57.273899 ], [ -5.469319, 57.262685 ], [ -5.452471, 57.253351 ], [ -5.43361, 57.247075 ], [ -5.416331, 57.247872 ], [ -5.382956, 57.255201 ], [ -5.353107, 57.260896 ], [ -5.343663, 57.263244 ], [ -5.31809, 57.246417 ], [ -5.330993, 57.239212 ], [ -5.370803, 57.219678 ], [ -5.39804, 57.218373 ], [ -5.412751, 57.213578 ], [ -5.403161, 57.209415 ], [ -5.394156, 57.207304 ], [ -5.376407, 57.190699 ], [ -5.367193, 57.179887 ], [ -5.337279, 57.167199 ], [ -5.322496, 57.17095 ], [ -5.277562, 57.172958 ], [ -5.24025, 57.158895 ], [ -5.2234, 57.160622 ], [ -5.174617, 57.164369 ], [ -5.133837, 57.158546 ], [ -5.081535, 57.149009 ], [ -5.056979, 57.152462 ], [ -5.01935, 57.155354 ], [ -4.989859, 57.161046 ], [ -4.969639, 57.188648 ], [ -4.92981, 57.191723 ], [ -4.898341, 57.199055 ], [ -4.864263, 57.207512 ], [ -4.839509, 57.216441 ], [ -4.856127, 57.243173 ], [ -4.921104, 57.242443 ], [ -4.932511, 57.26153 ], [ -4.951522, 57.270427 ], [ -5.014378, 57.245448 ], [ -5.020196, 57.263502 ], [ -4.963712, 57.273778 ], [ -4.925264, 57.285083 ], [ -4.918241, 57.294607 ], [ -4.892209, 57.303198 ], [ -4.896395, 57.32859 ], [ -4.925833, 57.33257 ], [ -4.942598, 57.330914 ], [ -4.95424, 57.334687 ], [ -4.956005, 57.337931 ], [ -4.965381, 57.339928 ], [ -4.828648, 57.375325 ], [ -4.813837, 57.37315 ], [ -4.793566, 57.360775 ], [ -4.769339, 57.359773 ], [ -4.756586, 57.363382 ], [ -4.735551, 57.37169 ], [ -4.728008, 57.390971 ], [ -4.706075, 57.408501 ], [ -4.710238, 57.412593 ], [ -4.789503, 57.412746 ], [ -4.880764, 57.39835 ], [ -4.966571, 57.403086 ], [ -5.027014, 57.396101 ], [ -4.995989, 57.417464 ], [ -4.991746, 57.411654 ], [ -4.941262, 57.408565 ], [ -4.910519, 57.410124 ], [ -4.879375, 57.408509 ], [ -4.859882, 57.411069 ], [ -4.798768, 57.425565 ], [ -4.723226, 57.422181 ], [ -4.688776, 57.433055 ], [ -4.671587, 57.446801 ], [ -4.624542, 57.470823 ], [ -4.644075, 57.483221 ], [ -4.679359, 57.492556 ], [ -4.695249, 57.500018 ], [ -4.683862, 57.525313 ], [ -4.679155, 57.547343 ], [ -4.728401, 57.557795 ], [ -4.757202, 57.547852 ], [ -4.788214, 57.528711 ], [ -4.81919, 57.53651 ], [ -4.850538, 57.530531 ], [ -4.889372, 57.503839 ], [ -4.91658, 57.500239 ], [ -4.953774, 57.513344 ], [ -4.981175, 57.509974 ], [ -5.00084, 57.511469 ], [ -5.020615, 57.52612 ], [ -5.023505, 57.533895 ], [ -5.021213, 57.54354 ], [ -5.0511, 57.543392 ], [ -5.086465, 57.545733 ], [ -5.09431, 57.537784 ], [ -5.126356, 57.523144 ], [ -5.143194, 57.517491 ], [ -5.16022, 57.517659 ], [ -5.178635, 57.498148 ], [ -5.176118, 57.491589 ], [ -5.181201, 57.489108 ], [ -5.190466, 57.487787 ], [ -5.194881, 57.483412 ], [ -5.206746, 57.484467 ], [ -5.236222, 57.476449 ], [ -5.275904, 57.468363 ], [ -5.288362, 57.465239 ], [ -5.319735, 57.479802 ], [ -5.376055, 57.445233 ], [ -5.400566, 57.438 ], [ -5.402884, 57.419593 ], [ -5.414398, 57.412575 ], [ -5.422457, 57.395521 ], [ -5.396928, 57.389503 ], [ -5.381581, 57.379284 ], [ -5.379873, 57.373624 ], [ -5.403706, 57.361534 ], [ -5.417078, 57.341938 ], [ -5.399368, 57.331644 ], [ -5.403104, 57.325557 ], [ -5.366764, 57.294772 ], [ -5.385923, 57.292322 ], [ -5.401912, 57.290997 ], [ -5.410566, 57.292427 ], [ -5.428017, 57.299611 ], [ -5.427666, 57.3147 ], [ -5.428293, 57.31471 ], [ -5.430008, 57.314972 ], [ -5.430713, 57.314989 ], [ -5.433867, 57.314719 ], [ -5.43517, 57.314511 ], [ -5.435895, 57.314526 ], [ -5.436889, 57.314398 ], [ -5.437263, 57.314114 ], [ -5.438366, 57.313702 ], [ -5.439082, 57.313704 ], [ -5.439486, 57.313627 ], [ -5.439911, 57.313004 ], [ -5.440863, 57.312439 ], [ -5.441192, 57.312318 ], [ -5.441557, 57.312308 ], [ -5.442133, 57.312166 ], [ -5.442406, 57.312244 ], [ -5.443071, 57.312244 ], [ -5.443409, 57.312131 ], [ -5.444066, 57.311695 ], [ -5.444994, 57.3114 ], [ -5.446311, 57.311458 ], [ -5.446838, 57.311408 ], [ -5.447008, 57.311533 ], [ -5.447661, 57.311592 ], [ -5.447864, 57.311807 ], [ -5.448066, 57.311832 ], [ -5.448362, 57.311716 ], [ -5.448673, 57.311748 ], [ -5.449001, 57.311528 ], [ -5.449681, 57.311433 ], [ -5.451249, 57.310873 ], [ -5.452099, 57.310728 ], [ -5.453138, 57.31021 ], [ -5.455137, 57.310092 ], [ -5.459869, 57.309445 ], [ -5.462889, 57.309582 ], [ -5.463379, 57.309497 ], [ -5.464379, 57.309001 ], [ -5.4672, 57.308618 ], [ -5.468091, 57.308643 ], [ -5.468567, 57.308935 ], [ -5.470783, 57.30962 ], [ -5.471809, 57.309614 ], [ -5.472065, 57.30972 ], [ -5.472399, 57.309703 ], [ -5.473078, 57.309489 ], [ -5.473479, 57.309431 ], [ -5.473707, 57.309485 ], [ -5.474296, 57.309315 ], [ -5.475065, 57.308842 ], [ -5.476106, 57.307866 ], [ -5.476915, 57.307469 ], [ -5.478162, 57.307407 ], [ -5.478234, 57.307168 ], [ -5.478303, 57.307198 ], [ -5.478278, 57.307304 ], [ -5.478402, 57.307327 ], [ -5.478728, 57.307319 ], [ -5.479016, 57.307184 ], [ -5.479597, 57.307078 ], [ -5.480541, 57.307205 ], [ -5.481124, 57.307163 ], [ -5.481627, 57.307217 ], [ -5.481863, 57.307146 ], [ -5.48228, 57.307248 ], [ -5.482826, 57.307157 ], [ -5.48317, 57.30697 ], [ -5.483778, 57.30688 ], [ -5.484639, 57.306868 ], [ -5.485144, 57.306716 ], [ -5.485482, 57.306743 ], [ -5.486531, 57.306118 ], [ -5.487138, 57.305353 ], [ -5.487747, 57.305053 ], [ -5.488249, 57.304477 ], [ -5.488097, 57.304446 ], [ -5.488107, 57.30412 ], [ -5.487913, 57.303802 ], [ -5.48709, 57.303147 ], [ -5.486874, 57.301408 ], [ -5.486139, 57.300574 ], [ -5.48594, 57.300049 ], [ -5.486489, 57.29927 ], [ -5.486275, 57.298858 ], [ -5.486478, 57.298461 ], [ -5.486354, 57.297939 ], [ -5.486383, 57.297187 ], [ -5.487122, 57.296662 ], [ -5.487622, 57.296461 ], [ -5.487824, 57.295335 ], [ -5.463264, 57.289416 ] ] ] ] } },
{ "type": "Feature", "properties": { "NAME": "23. Cuillin" }, "geometry": { "type": "MultiPolygon", "coordinates": [ [ [ [ -6.104834, 57.27934 ], [ -6.100744, 57.302598 ], [ -6.114476, 57.30586 ], [ -6.131441, 57.300411 ], [ -6.151756, 57.293403 ], [ -6.160418, 57.286349 ], [ -6.166104, 57.280432 ], [ -6.180247, 57.278105 ], [ -6.20788, 57.274658 ], [ -6.212544, 57.276263 ], [ -6.210668, 57.280609 ], [ -6.211603, 57.284925 ], [ -6.216008, 57.290392 ], [ -6.219963, 57.291349 ], [ -6.225602, 57.295905 ], [ -6.237702, 57.296557 ], [ -6.244234, 57.295087 ], [ -6.250208, 57.292101 ], [ -6.251705, 57.289814 ], [ -6.26235, 57.28693 ], [ -6.267018, 57.284007 ], [ -6.265653, 57.281939 ], [ -6.260128, 57.269841 ], [ -6.251256, 57.256915 ], [ -6.26957, 57.251385 ], [ -6.283522, 57.228022 ], [ -6.285253, 57.224724 ], [ -6.274405, 57.211391 ], [ -6.283861, 57.200964 ], [ -6.283347, 57.198212 ], [ -6.283669, 57.198109 ], [ -6.283826, 57.197893 ], [ -6.283803, 57.197768 ], [ -6.283539, 57.1977 ], [ -6.283539, 57.197628 ], [ -6.284131, 57.197535 ], [ -6.283992, 57.197397 ], [ -6.283343, 57.197442 ], [ -6.28306, 57.197357 ], [ -6.283483, 57.197005 ], [ -6.283071, 57.19674 ], [ -6.282798, 57.196669 ], [ -6.283093, 57.196641 ], [ -6.283045, 57.196305 ], [ -6.282861, 57.196217 ], [ -6.28295, 57.196052 ], [ -6.28268, 57.19594 ], [ -6.282969, 57.195934 ], [ -6.282876, 57.195205 ], [ -6.282967, 57.194846 ], [ -6.283086, 57.194658 ], [ -6.283477, 57.194528 ], [ -6.283931, 57.193514 ], [ -6.283605, 57.193278 ], [ -6.283879, 57.192922 ], [ -6.284031, 57.192305 ], [ -6.283471, 57.191263 ], [ -6.283537, 57.190901 ], [ -6.283378, 57.190605 ], [ -6.283631, 57.19021 ], [ -6.284655, 57.189474 ], [ -6.285197, 57.189361 ], [ -6.285556, 57.189101 ], [ -6.285695, 57.188867 ], [ -6.285448, 57.188673 ], [ -6.285861, 57.188448 ], [ -6.285857, 57.1882 ], [ -6.28606, 57.187951 ], [ -6.286959, 57.187416 ], [ -6.287007, 57.187118 ], [ -6.287219, 57.187012 ], [ -6.287032, 57.186829 ], [ -6.287134, 57.186637 ], [ -6.286626, 57.186474 ], [ -6.286878, 57.186362 ], [ -6.287147, 57.186394 ], [ -6.287137, 57.186241 ], [ -6.287351, 57.186085 ], [ -6.287721, 57.186136 ], [ -6.288864, 57.185418 ], [ -6.289537, 57.185296 ], [ -6.289526, 57.185206 ], [ -6.289144, 57.185053 ], [ -6.289554, 57.185156 ], [ -6.290136, 57.185109 ], [ -6.290036, 57.184887 ], [ -6.290351, 57.184751 ], [ -6.290414, 57.184578 ], [ -6.290823, 57.184393 ], [ -6.29069, 57.184244 ], [ -6.290774, 57.184111 ], [ -6.291584, 57.183598 ], [ -6.291975, 57.183544 ], [ -6.292353, 57.183302 ], [ -6.292318, 57.183213 ], [ -6.292101, 57.183202 ], [ -6.292141, 57.183115 ], [ -6.292456, 57.183046 ], [ -6.292545, 57.182886 ], [ -6.292352, 57.182654 ], [ -6.292577, 57.182453 ], [ -6.292438, 57.182327 ], [ -6.292795, 57.181618 ], [ -6.293345, 57.181222 ], [ -6.293377, 57.181144 ], [ -6.293249, 57.181112 ], [ -6.293541, 57.180914 ], [ -6.293709, 57.180647 ], [ -6.293829, 57.180333 ], [ -6.293661, 57.180096 ], [ -6.294246, 57.179927 ], [ -6.294429, 57.179718 ], [ -6.294633, 57.179765 ], [ -6.294697, 57.179529 ], [ -6.295436, 57.179194 ], [ -6.295502, 57.178976 ], [ -6.29639, 57.178496 ], [ -6.296696, 57.178206 ], [ -6.297124, 57.178043 ], [ -6.297989, 57.177937 ], [ -6.298709, 57.177508 ], [ -6.299018, 57.177605 ], [ -6.299396, 57.17743 ], [ -6.299538, 57.177016 ], [ -6.29935, 57.176825 ], [ -6.298806, 57.176632 ], [ -6.29957, 57.176651 ], [ -6.299737, 57.176596 ], [ -6.299794, 57.176445 ], [ -6.299611, 57.176218 ], [ -6.299844, 57.175805 ], [ -6.300263, 57.175705 ], [ -6.300399, 57.175521 ], [ -6.300698, 57.175461 ], [ -6.300715, 57.175393 ], [ -6.300349, 57.175374 ], [ -6.301581, 57.174441 ], [ -6.301552, 57.173979 ], [ -6.301734, 57.173901 ], [ -6.302127, 57.174081 ], [ -6.302542, 57.174017 ], [ -6.303026, 57.174122 ], [ -6.303851, 57.173959 ], [ -6.303955, 57.173852 ], [ -6.30382, 57.173685 ], [ -6.304573, 57.17383 ], [ -6.304705, 57.173682 ], [ -6.304869, 57.173807 ], [ -6.305558, 57.173617 ], [ -6.306102, 57.173733 ], [ -6.306015, 57.173556 ], [ -6.306369, 57.173611 ], [ -6.306755, 57.173513 ], [ -6.306688, 57.173155 ], [ -6.30724, 57.173132 ], [ -6.307355, 57.172979 ], [ -6.307748, 57.172871 ], [ -6.308615, 57.172918 ], [ -6.308707, 57.172713 ], [ -6.308594, 57.17246 ], [ -6.309019, 57.172765 ], [ -6.309621, 57.172605 ], [ -6.309747, 57.172479 ], [ -6.310379, 57.17257 ], [ -6.310369, 57.172489 ], [ -6.310673, 57.172537 ], [ -6.311012, 57.172462 ], [ -6.311357, 57.172298 ], [ -6.311319, 57.172182 ], [ -6.311456, 57.172083 ], [ -6.311844, 57.172074 ], [ -6.31226, 57.171947 ], [ -6.312242, 57.171862 ], [ -6.31185, 57.171696 ], [ -6.312938, 57.171874 ], [ -6.313471, 57.171757 ], [ -6.313815, 57.1713 ], [ -6.313686, 57.171188 ], [ -6.314127, 57.171132 ], [ -6.314302, 57.170865 ], [ -6.314799, 57.170722 ], [ -6.315259, 57.170405 ], [ -6.31531, 57.170282 ], [ -6.315156, 57.170089 ], [ -6.314661, 57.170039 ], [ -6.314742, 57.169951 ], [ -6.315147, 57.169878 ], [ -6.314782, 57.169513 ], [ -6.314764, 57.169356 ], [ -6.314619, 57.169325 ], [ -6.314657, 57.169009 ], [ -6.314146, 57.168955 ], [ -6.313892, 57.168838 ], [ -6.314486, 57.16875 ], [ -6.314755, 57.16857 ], [ -6.314243, 57.168012 ], [ -6.314894, 57.168277 ], [ -6.315347, 57.168329 ], [ -6.315526, 57.168084 ], [ -6.315637, 57.168117 ], [ -6.315218, 57.167713 ], [ -6.315412, 57.167396 ], [ -6.315104, 57.16702 ], [ -6.315189, 57.166791 ], [ -6.315005, 57.166812 ], [ -6.31486, 57.166565 ], [ -6.315421, 57.166123 ], [ -6.315357, 57.165999 ], [ -6.315186, 57.165951 ], [ -6.315261, 57.165818 ], [ -6.315066, 57.16542 ], [ -6.315222, 57.16541 ], [ -6.314749, 57.164901 ], [ -6.314499, 57.164819 ], [ -6.314316, 57.164601 ], [ -6.31451, 57.164414 ], [ -6.314904, 57.164315 ], [ -6.316069, 57.164302 ], [ -6.31621, 57.164517 ], [ -6.316475, 57.164585 ], [ -6.317583, 57.164367 ], [ -6.318697, 57.164409 ], [ -6.319492, 57.164197 ], [ -6.320028, 57.1644 ], [ -6.320316, 57.164308 ], [ -6.32031, 57.163976 ], [ -6.320767, 57.164059 ], [ -6.320916, 57.163986 ], [ -6.320795, 57.163662 ], [ -6.321226, 57.163737 ], [ -6.321563, 57.16351 ], [ -6.321558, 57.163393 ], [ -6.321872, 57.163463 ], [ -6.322877, 57.163276 ], [ -6.322954, 57.163228 ], [ -6.322854, 57.163155 ], [ -6.322406, 57.163139 ], [ -6.322678, 57.162995 ], [ -6.322484, 57.162885 ], [ -6.323056, 57.162681 ], [ -6.323082, 57.162342 ], [ -6.323706, 57.161948 ], [ -6.323202, 57.161668 ], [ -6.323521, 57.161495 ], [ -6.323144, 57.161104 ], [ -6.322493, 57.160982 ], [ -6.322375, 57.160186 ], [ -6.321637, 57.160175 ], [ -6.319976, 57.160475 ], [ -6.319716, 57.160309 ], [ -6.31968, 57.160139 ], [ -6.319448, 57.160206 ], [ -6.319068, 57.160143 ], [ -6.318945, 57.160012 ], [ -6.318226, 57.159951 ], [ -6.317676, 57.160128 ], [ -6.317494, 57.160417 ], [ -6.317251, 57.16039 ], [ -6.316943, 57.160652 ], [ -6.316714, 57.160678 ], [ -6.316609, 57.160915 ], [ -6.316364, 57.16087 ], [ -6.315993, 57.160955 ], [ -6.315169, 57.160843 ], [ -6.315173, 57.160385 ], [ -6.314832, 57.160576 ], [ -6.314676, 57.16052 ], [ -6.314792, 57.160308 ], [ -6.315028, 57.160201 ], [ -6.314987, 57.16013 ], [ -6.313801, 57.159973 ], [ -6.313701, 57.160035 ], [ -6.313762, 57.160199 ], [ -6.313663, 57.160203 ], [ -6.313255, 57.159547 ], [ -6.31288, 57.159384 ], [ -6.312525, 57.15932 ], [ -6.311617, 57.159405 ], [ -6.311513, 57.159652 ], [ -6.310778, 57.159808 ], [ -6.3104, 57.160401 ], [ -6.310351, 57.160686 ], [ -6.310094, 57.160546 ], [ -6.309655, 57.160678 ], [ -6.309466, 57.160981 ], [ -6.309603, 57.161368 ], [ -6.310103, 57.16154 ], [ -6.310434, 57.161542 ], [ -6.310931, 57.161686 ], [ -6.311092, 57.161649 ], [ -6.31121, 57.161456 ], [ -6.311691, 57.161247 ], [ -6.312131, 57.161407 ], [ -6.312684, 57.16146 ], [ -6.313317, 57.161856 ], [ -6.313088, 57.162089 ], [ -6.313167, 57.162199 ], [ -6.313682, 57.162356 ], [ -6.313707, 57.162144 ], [ -6.314249, 57.162463 ], [ -6.314292, 57.162762 ], [ -6.314608, 57.163269 ], [ -6.314483, 57.163408 ], [ -6.314267, 57.163465 ], [ -6.313713, 57.163475 ], [ -6.313286, 57.16357 ], [ -6.312551, 57.163447 ], [ -6.311781, 57.163937 ], [ -6.31106, 57.163863 ], [ -6.310356, 57.163568 ], [ -6.309973, 57.163266 ], [ -6.309885, 57.162865 ], [ -6.309691, 57.162691 ], [ -6.309726, 57.162497 ], [ -6.309462, 57.162438 ], [ -6.309651, 57.162135 ], [ -6.309169, 57.162197 ], [ -6.309067, 57.162029 ], [ -6.30923, 57.16179 ], [ -6.30954, 57.161613 ], [ -6.30918, 57.161153 ], [ -6.309196, 57.160937 ], [ -6.309086, 57.160914 ], [ -6.309404, 57.160516 ], [ -6.309181, 57.160303 ], [ -6.308469, 57.160094 ], [ -6.308142, 57.160406 ], [ -6.308261, 57.16065 ], [ -6.307777, 57.160401 ], [ -6.307473, 57.16042 ], [ -6.307347, 57.160546 ], [ -6.307089, 57.160609 ], [ -6.306672, 57.160578 ], [ -6.30658, 57.160784 ], [ -6.306197, 57.160833 ], [ -6.306001, 57.161208 ], [ -6.306193, 57.161301 ], [ -6.305548, 57.161444 ], [ -6.305262, 57.161827 ], [ -6.305009, 57.161652 ], [ -6.304544, 57.161708 ], [ -6.303929, 57.161617 ], [ -6.303813, 57.161401 ], [ -6.303628, 57.161654 ], [ -6.303305, 57.161512 ], [ -6.302779, 57.161472 ], [ -6.302509, 57.161499 ], [ -6.302196, 57.161658 ], [ -6.300944, 57.161355 ], [ -6.300541, 57.161374 ], [ -6.299924, 57.161615 ], [ -6.299812, 57.161794 ], [ -6.299386, 57.162043 ], [ -6.299417, 57.162172 ], [ -6.298858, 57.16234 ], [ -6.298277, 57.162333 ], [ -6.297171, 57.162784 ], [ -6.296914, 57.162775 ], [ -6.296922, 57.162923 ], [ -6.296747, 57.162983 ], [ -6.295645, 57.163111 ], [ -6.295304, 57.16324 ], [ -6.292647, 57.163448 ], [ -6.292306, 57.163509 ], [ -6.292005, 57.163694 ], [ -6.291875, 57.163577 ], [ -6.291663, 57.163603 ], [ -6.29028, 57.163951 ], [ -6.290145, 57.164073 ], [ -6.290023, 57.164014 ], [ -6.289795, 57.164053 ], [ -6.288122, 57.16447 ], [ -6.28793, 57.164598 ], [ -6.28773, 57.164583 ], [ -6.287482, 57.164443 ], [ -6.286709, 57.16442 ], [ -6.286076, 57.164527 ], [ -6.285719, 57.164674 ], [ -6.285175, 57.164679 ], [ -6.283467, 57.164935 ], [ -6.282218, 57.165234 ], [ -6.280585, 57.165349 ], [ -6.279669, 57.165587 ], [ -6.277884, 57.1659 ], [ -6.276669, 57.166341 ], [ -6.274507, 57.166397 ], [ -6.272149, 57.167336 ], [ -6.270609, 57.167483 ], [ -6.270098, 57.167717 ], [ -6.269317, 57.167829 ], [ -6.268878, 57.167969 ], [ -6.267922, 57.167867 ], [ -6.267359, 57.168008 ], [ -6.266665, 57.168022 ], [ -6.266132, 57.167919 ], [ -6.266028, 57.168094 ], [ -6.265882, 57.168049 ], [ -6.265318, 57.168468 ], [ -6.264272, 57.168873 ], [ -6.262247, 57.169041 ], [ -6.261942, 57.169339 ], [ -6.26122, 57.169539 ], [ -6.258747, 57.169699 ], [ -6.256759, 57.170194 ], [ -6.256156, 57.170205 ], [ -6.255806, 57.17033 ], [ -6.253637, 57.170471 ], [ -6.253353, 57.170593 ], [ -6.252576, 57.170529 ], [ -6.252474, 57.170429 ], [ -6.25166, 57.170552 ], [ -6.251632, 57.170449 ], [ -6.251481, 57.170508 ], [ -6.250994, 57.170444 ], [ -6.250859, 57.170354 ], [ -6.250389, 57.170365 ], [ -6.249951, 57.170214 ], [ -6.249629, 57.170234 ], [ -6.249468, 57.170352 ], [ -6.248935, 57.170397 ], [ -6.247978, 57.170353 ], [ -6.247884, 57.170109 ], [ -6.246988, 57.169946 ], [ -6.246651, 57.16975 ], [ -6.246419, 57.169745 ], [ -6.246167, 57.169933 ], [ -6.245788, 57.170018 ], [ -6.245509, 57.170328 ], [ -6.24426, 57.170407 ], [ -6.24396, 57.170534 ], [ -6.243662, 57.170467 ], [ -6.242551, 57.170662 ], [ -6.242217, 57.171002 ], [ -6.240998, 57.171484 ], [ -6.240799, 57.17141 ], [ -6.24055, 57.171481 ], [ -6.240251, 57.171617 ], [ -6.240178, 57.171772 ], [ -6.240435, 57.172065 ], [ -6.240465, 57.172329 ], [ -6.239991, 57.172089 ], [ -6.239463, 57.171671 ], [ -6.239341, 57.171688 ], [ -6.239386, 57.171799 ], [ -6.239165, 57.171744 ], [ -6.238624, 57.171933 ], [ -6.238094, 57.171933 ], [ -6.237573, 57.171793 ], [ -6.23743, 57.171704 ], [ -6.237357, 57.171283 ], [ -6.237216, 57.171279 ], [ -6.236109, 57.171514 ], [ -6.236565, 57.171953 ], [ -6.235777, 57.172011 ], [ -6.235543, 57.171925 ], [ -6.235453, 57.172072 ], [ -6.234642, 57.172221 ], [ -6.233631, 57.172578 ], [ -6.232886, 57.172716 ], [ -6.232398, 57.172724 ], [ -6.231611, 57.172939 ], [ -6.231529, 57.17287 ], [ -6.231415, 57.172959 ], [ -6.230465, 57.173122 ], [ -6.22965, 57.173522 ], [ -6.228766, 57.173606 ], [ -6.228353, 57.173544 ], [ -6.227646, 57.173734 ], [ -6.22727, 57.173922 ], [ -6.226842, 57.173797 ], [ -6.226293, 57.17377 ], [ -6.22592, 57.173985 ], [ -6.2258, 57.173949 ], [ -6.225568, 57.17402 ], [ -6.225504, 57.173972 ], [ -6.22493, 57.17423 ], [ -6.223784, 57.174307 ], [ -6.223286, 57.174479 ], [ -6.222983, 57.174732 ], [ -6.222576, 57.174642 ], [ -6.220966, 57.174975 ], [ -6.220814, 57.175093 ], [ -6.219739, 57.175169 ], [ -6.219155, 57.175284 ], [ -6.218748, 57.17527 ], [ -6.218358, 57.175481 ], [ -6.21817, 57.175429 ], [ -6.217922, 57.175505 ], [ -6.217703, 57.175467 ], [ -6.216448, 57.175932 ], [ -6.215446, 57.176002 ], [ -6.215532, 57.176246 ], [ -6.215373, 57.176234 ], [ -6.214667, 57.176505 ], [ -6.214367, 57.176708 ], [ -6.214026, 57.176765 ], [ -6.212923, 57.177184 ], [ -6.212695, 57.177147 ], [ -6.212462, 57.177208 ], [ -6.212315, 57.177155 ], [ -6.211994, 57.177242 ], [ -6.211785, 57.177222 ], [ -6.211477, 57.17743 ], [ -6.210757, 57.177356 ], [ -6.210619, 57.177455 ], [ -6.210147, 57.177381 ], [ -6.209949, 57.177459 ], [ -6.209982, 57.17753 ], [ -6.209733, 57.177597 ], [ -6.209693, 57.177832 ], [ -6.208889, 57.177459 ], [ -6.208468, 57.177392 ], [ -6.208296, 57.177483 ], [ -6.208093, 57.177373 ], [ -6.207825, 57.17749 ], [ -6.207605, 57.177304 ], [ -6.20742, 57.177423 ], [ -6.207281, 57.177297 ], [ -6.206667, 57.177286 ], [ -6.20645, 57.177123 ], [ -6.205933, 57.177162 ], [ -6.205791, 57.177077 ], [ -6.205864, 57.176989 ], [ -6.205617, 57.177002 ], [ -6.205291, 57.176829 ], [ -6.204208, 57.176699 ], [ -6.203752, 57.176471 ], [ -6.203819, 57.176406 ], [ -6.204043, 57.176417 ], [ -6.20374, 57.176296 ], [ -6.203476, 57.176305 ], [ -6.203156, 57.176109 ], [ -6.203009, 57.176132 ], [ -6.202792, 57.176045 ], [ -6.202396, 57.176202 ], [ -6.202156, 57.176053 ], [ -6.202287, 57.176044 ], [ -6.202221, 57.175974 ], [ -6.201573, 57.175874 ], [ -6.20121, 57.175891 ], [ -6.2008, 57.176071 ], [ -6.200769, 57.175946 ], [ -6.200932, 57.175918 ], [ -6.20081, 57.175868 ], [ -6.200859, 57.17579 ], [ -6.200381, 57.175806 ], [ -6.200456, 57.175593 ], [ -6.199731, 57.175549 ], [ -6.199589, 57.175757 ], [ -6.19942, 57.175654 ], [ -6.198786, 57.175541 ], [ -6.19837, 57.175667 ], [ -6.197874, 57.175526 ], [ -6.197368, 57.175521 ], [ -6.196097, 57.175257 ], [ -6.195898, 57.175094 ], [ -6.195127, 57.175178 ], [ -6.194616, 57.175127 ], [ -6.19427, 57.174995 ], [ -6.193632, 57.175061 ], [ -6.193522, 57.174746 ], [ -6.193127, 57.174691 ], [ -6.192598, 57.174484 ], [ -6.192376, 57.174496 ], [ -6.192127, 57.174275 ], [ -6.191968, 57.174474 ], [ -6.191795, 57.174336 ], [ -6.191479, 57.174256 ], [ -6.190849, 57.174246 ], [ -6.190622, 57.174357 ], [ -6.190448, 57.174286 ], [ -6.19001, 57.174292 ], [ -6.189864, 57.174396 ], [ -6.188798, 57.174261 ], [ -6.188467, 57.174119 ], [ -6.188614, 57.174024 ], [ -6.188541, 57.173964 ], [ -6.187844, 57.173731 ], [ -6.187347, 57.173729 ], [ -6.187056, 57.173644 ], [ -6.186844, 57.173382 ], [ -6.186708, 57.17335 ], [ -6.186466, 57.173403 ], [ -6.186339, 57.173525 ], [ -6.18612, 57.173496 ], [ -6.186108, 57.173685 ], [ -6.185599, 57.173576 ], [ -6.185254, 57.173745 ], [ -6.184828, 57.173638 ], [ -6.184416, 57.173876 ], [ -6.184132, 57.17385 ], [ -6.183869, 57.173944 ], [ -6.183141, 57.174018 ], [ -6.179525, 57.174031 ], [ -6.17882, 57.17409 ], [ -6.178476, 57.174201 ], [ -6.178013, 57.174207 ], [ -6.177931, 57.174286 ], [ -6.176433, 57.174066 ], [ -6.175952, 57.174208 ], [ -6.175143, 57.174154 ], [ -6.175056, 57.174261 ], [ -6.174176, 57.174164 ], [ -6.173899, 57.174425 ], [ -6.172664, 57.174561 ], [ -6.171942, 57.174765 ], [ -6.171161, 57.174813 ], [ -6.16992, 57.175335 ], [ -6.169799, 57.17551 ], [ -6.169029, 57.175797 ], [ -6.168672, 57.176087 ], [ -6.168323, 57.176738 ], [ -6.167933, 57.176503 ], [ -6.167285, 57.176628 ], [ -6.167051, 57.176757 ], [ -6.166984, 57.177043 ], [ -6.166724, 57.17724 ], [ -6.166724, 57.177461 ], [ -6.166161, 57.177677 ], [ -6.165765, 57.178428 ], [ -6.165814, 57.178714 ], [ -6.16559, 57.178933 ], [ -6.165821, 57.179213 ], [ -6.165763, 57.179359 ], [ -6.16524, 57.179569 ], [ -6.165211, 57.179903 ], [ -6.165319, 57.180052 ], [ -6.165076, 57.180542 ], [ -6.165234, 57.180981 ], [ -6.165067, 57.181117 ], [ -6.165146, 57.181308 ], [ -6.164866, 57.18147 ], [ -6.164812, 57.181647 ], [ -6.16504, 57.182202 ], [ -6.164558, 57.182704 ], [ -6.164913, 57.183056 ], [ -6.165107, 57.183535 ], [ -6.165059, 57.18369 ], [ -6.165391, 57.183921 ], [ -6.165418, 57.184087 ], [ -6.165806, 57.184299 ], [ -6.165903, 57.184642 ], [ -6.166305, 57.185047 ], [ -6.166282, 57.185506 ], [ -6.166405, 57.185569 ], [ -6.166599, 57.186408 ], [ -6.166755, 57.186614 ], [ -6.166721, 57.186827 ], [ -6.166351, 57.186925 ], [ -6.166275, 57.187062 ], [ -6.166487, 57.187104 ], [ -6.166249, 57.187346 ], [ -6.166273, 57.187557 ], [ -6.166427, 57.187677 ], [ -6.165961, 57.188098 ], [ -6.166066, 57.188364 ], [ -6.165458, 57.188478 ], [ -6.16479, 57.188725 ], [ -6.164796, 57.189004 ], [ -6.164414, 57.188922 ], [ -6.164551, 57.189102 ], [ -6.164463, 57.189204 ], [ -6.164637, 57.189356 ], [ -6.165185, 57.189292 ], [ -6.165923, 57.189524 ], [ -6.166669, 57.190264 ], [ -6.166104, 57.190543 ], [ -6.165949, 57.19071 ], [ -6.166024, 57.190789 ], [ -6.16587, 57.190812 ], [ -6.16577, 57.190955 ], [ -6.165805, 57.19112 ], [ -6.165648, 57.191192 ], [ -6.165743, 57.191302 ], [ -6.165576, 57.191514 ], [ -6.165707, 57.191717 ], [ -6.165321, 57.192044 ], [ -6.165272, 57.192707 ], [ -6.165373, 57.192946 ], [ -6.165888, 57.193253 ], [ -6.166427, 57.193329 ], [ -6.166727, 57.193567 ], [ -6.167355, 57.193627 ], [ -6.169116, 57.195286 ], [ -6.168935, 57.195737 ], [ -6.169115, 57.196302 ], [ -6.16909, 57.196739 ], [ -6.168627, 57.197119 ], [ -6.168607, 57.197385 ], [ -6.1688, 57.197553 ], [ -6.168553, 57.197926 ], [ -6.1686, 57.198271 ], [ -6.168422, 57.198461 ], [ -6.168146, 57.198578 ], [ -6.167001, 57.198634 ], [ -6.166572, 57.198801 ], [ -6.165669, 57.198944 ], [ -6.165382, 57.199047 ], [ -6.16525, 57.1992 ], [ -6.164471, 57.199123 ], [ -6.16373, 57.199233 ], [ -6.16331, 57.199112 ], [ -6.163369, 57.19875 ], [ -6.163617, 57.19867 ], [ -6.163479, 57.198189 ], [ -6.16299, 57.19789 ], [ -6.163121, 57.197877 ], [ -6.163153, 57.197719 ], [ -6.16252, 57.197322 ], [ -6.161927, 57.197278 ], [ -6.161726, 57.197334 ], [ -6.16178, 57.197445 ], [ -6.162061, 57.197508 ], [ -6.161735, 57.197554 ], [ -6.161816, 57.197831 ], [ -6.161183, 57.197807 ], [ -6.16063, 57.19765 ], [ -6.160272, 57.19736 ], [ -6.159861, 57.197176 ], [ -6.159591, 57.196762 ], [ -6.159379, 57.19672 ], [ -6.159356, 57.196437 ], [ -6.159525, 57.196171 ], [ -6.15948, 57.195777 ], [ -6.158888, 57.195225 ], [ -6.158959, 57.195048 ], [ -6.158673, 57.194787 ], [ -6.158824, 57.194656 ], [ -6.158666, 57.194428 ], [ -6.157791, 57.194093 ], [ -6.156968, 57.194134 ], [ -6.156672, 57.194085 ], [ -6.15638, 57.193991 ], [ -6.156211, 57.19374 ], [ -6.156032, 57.193692 ], [ -6.154791, 57.193482 ], [ -6.154419, 57.193566 ], [ -6.154483, 57.193915 ], [ -6.155062, 57.194201 ], [ -6.155256, 57.194604 ], [ -6.154938, 57.195015 ], [ -6.154671, 57.19514 ], [ -6.154291, 57.195153 ], [ -6.154089, 57.195268 ], [ -6.154181, 57.19535 ], [ -6.154098, 57.195497 ], [ -6.154406, 57.195734 ], [ -6.154295, 57.19585 ], [ -6.154395, 57.19622 ], [ -6.154193, 57.196267 ], [ -6.154004, 57.196206 ], [ -6.153491, 57.196209 ], [ -6.152523, 57.196003 ], [ -6.152384, 57.196089 ], [ -6.151956, 57.196116 ], [ -6.150677, 57.19601 ], [ -6.149619, 57.195443 ], [ -6.149078, 57.194611 ], [ -6.148739, 57.194393 ], [ -6.148533, 57.193887 ], [ -6.148222, 57.193695 ], [ -6.147681, 57.192346 ], [ -6.146943, 57.191597 ], [ -6.146813, 57.190886 ], [ -6.14692, 57.190658 ], [ -6.146771, 57.190438 ], [ -6.146426, 57.19031 ], [ -6.14628, 57.189829 ], [ -6.145887, 57.189424 ], [ -6.146002, 57.189267 ], [ -6.145722, 57.188984 ], [ -6.145567, 57.188562 ], [ -6.145675, 57.188496 ], [ -6.1456, 57.188265 ], [ -6.145027, 57.187735 ], [ -6.144681, 57.187679 ], [ -6.144295, 57.187485 ], [ -6.144462, 57.187349 ], [ -6.144387, 57.187275 ], [ -6.143831, 57.18719 ], [ -6.144014, 57.187413 ], [ -6.143967, 57.187514 ], [ -6.143831, 57.187559 ], [ -6.143881, 57.187634 ], [ -6.143581, 57.187688 ], [ -6.143334, 57.187849 ], [ -6.143374, 57.188208 ], [ -6.143171, 57.188543 ], [ -6.142541, 57.188532 ], [ -6.142512, 57.188641 ], [ -6.142356, 57.18866 ], [ -6.139573, 57.188284 ], [ -6.139229, 57.188169 ], [ -6.138453, 57.187449 ], [ -6.136895, 57.18692 ], [ -6.136001, 57.186923 ], [ -6.135683, 57.186753 ], [ -6.136239, 57.186762 ], [ -6.136196, 57.186673 ], [ -6.135471, 57.186486 ], [ -6.135177, 57.186518 ], [ -6.134931, 57.186315 ], [ -6.134071, 57.185961 ], [ -6.133428, 57.185982 ], [ -6.13338, 57.186227 ], [ -6.132513, 57.185581 ], [ -6.131997, 57.18504 ], [ -6.131675, 57.184822 ], [ -6.131343, 57.184738 ], [ -6.131225, 57.184571 ], [ -6.130717, 57.184399 ], [ -6.129337, 57.184723 ], [ -6.128996, 57.184932 ], [ -6.128816, 57.185321 ], [ -6.127933, 57.185718 ], [ -6.127723, 57.185914 ], [ -6.126831, 57.186236 ], [ -6.126487, 57.186485 ], [ -6.126257, 57.186502 ], [ -6.12597, 57.186678 ], [ -6.125251, 57.186913 ], [ -6.125008, 57.186889 ], [ -6.124397, 57.187872 ], [ -6.123573, 57.188348 ], [ -6.122997, 57.188979 ], [ -6.123059, 57.189233 ], [ -6.123503, 57.18943 ], [ -6.123645, 57.189587 ], [ -6.123658, 57.190153 ], [ -6.123851, 57.190547 ], [ -6.123914, 57.191111 ], [ -6.124068, 57.191232 ], [ -6.124044, 57.191678 ], [ -6.124334, 57.192275 ], [ -6.124215, 57.192689 ], [ -6.124399, 57.193006 ], [ -6.123623, 57.193693 ], [ -6.123729, 57.194494 ], [ -6.123405, 57.194712 ], [ -6.123178, 57.194535 ], [ -6.123232, 57.194196 ], [ -6.12308, 57.19395 ], [ -6.12321, 57.193486 ], [ -6.122889, 57.193573 ], [ -6.122646, 57.193918 ], [ -6.122882, 57.193515 ], [ -6.12366, 57.193215 ], [ -6.1238, 57.192756 ], [ -6.12344, 57.191905 ], [ -6.122887, 57.19155 ], [ -6.121347, 57.191407 ], [ -6.119445, 57.191434 ], [ -6.117364, 57.191268 ], [ -6.116523, 57.191147 ], [ -6.113628, 57.190514 ], [ -6.112184, 57.190636 ], [ -6.112496, 57.190385 ], [ -6.112237, 57.190197 ], [ -6.107089, 57.19191 ], [ -6.077278, 57.193917 ], [ -6.071964, 57.203317 ], [ -6.064597, 57.210321 ], [ -6.063498, 57.213963 ], [ -6.071275, 57.216871 ], [ -6.062651, 57.220337 ], [ -6.054071, 57.227897 ], [ -6.050657, 57.23076 ], [ -6.048573, 57.232148 ], [ -6.046559, 57.232307 ], [ -6.044113, 57.232208 ], [ -6.041523, 57.231221 ], [ -6.033053, 57.233464 ], [ -6.027538, 57.232357 ], [ -6.019217, 57.228417 ], [ -6.010945, 57.224971 ], [ -6.000687, 57.221979 ], [ -5.992052, 57.21968 ], [ -5.979811, 57.221288 ], [ -5.969318, 57.225155 ], [ -5.959267, 57.241061 ], [ -5.963863, 57.244551 ], [ -5.970637, 57.247172 ], [ -5.986169, 57.251168 ], [ -5.993171, 57.265604 ], [ -6.007569, 57.273613 ], [ -6.052453, 57.267983 ], [ -6.066571, 57.262198 ], [ -6.084617, 57.260754 ], [ -6.11079, 57.264965 ], [ -6.104834, 57.27934 ] ] ], [ [ [ -6.205701, 57.166023 ], [ -6.205832, 57.166019 ], [ -6.205886, 57.165833 ], [ -6.207114, 57.165864 ], [ -6.2078, 57.165634 ], [ -6.208609, 57.16562 ], [ -6.208767, 57.165475 ], [ -6.209268, 57.165441 ], [ -6.21012, 57.165151 ], [ -6.210636, 57.165323 ], [ -6.210772, 57.165206 ], [ -6.210977, 57.165262 ], [ -6.211338, 57.165232 ], [ -6.211598, 57.165119 ], [ -6.21242, 57.165074 ], [ -6.212726, 57.165216 ], [ -6.213185, 57.165246 ], [ -6.213318, 57.165107 ], [ -6.213531, 57.165158 ], [ -6.214002, 57.165083 ], [ -6.214382, 57.165147 ], [ -6.215377, 57.164871 ], [ -6.215389, 57.164691 ], [ -6.215714, 57.16463 ], [ -6.215985, 57.164401 ], [ -6.216122, 57.163929 ], [ -6.216305, 57.16394 ], [ -6.216533, 57.16369 ], [ -6.216853, 57.163738 ], [ -6.217058, 57.163425 ], [ -6.217234, 57.163374 ], [ -6.217411, 57.16304 ], [ -6.217607, 57.163015 ], [ -6.217677, 57.162685 ], [ -6.218113, 57.162589 ], [ -6.218229, 57.16245 ], [ -6.218184, 57.162128 ], [ -6.218041, 57.162106 ], [ -6.218054, 57.161854 ], [ -6.218167, 57.161836 ], [ -6.218203, 57.161709 ], [ -6.217912, 57.161409 ], [ -6.217965, 57.161223 ], [ -6.217255, 57.16095 ], [ -6.217401, 57.160846 ], [ -6.217347, 57.160519 ], [ -6.217597, 57.160605 ], [ -6.217733, 57.160569 ], [ -6.217753, 57.16038 ], [ -6.21733, 57.1603 ], [ -6.217633, 57.160128 ], [ -6.217179, 57.159846 ], [ -6.217016, 57.159433 ], [ -6.217221, 57.159417 ], [ -6.217138, 57.159195 ], [ -6.216375, 57.158745 ], [ -6.216111, 57.158173 ], [ -6.216386, 57.158115 ], [ -6.217024, 57.158264 ], [ -6.217154, 57.158323 ], [ -6.21725, 57.158585 ], [ -6.217908, 57.158909 ], [ -6.218242, 57.158713 ], [ -6.218668, 57.158248 ], [ -6.219301, 57.157994 ], [ -6.219589, 57.157975 ], [ -6.219973, 57.158147 ], [ -6.219647, 57.158414 ], [ -6.219703, 57.158758 ], [ -6.220236, 57.15915 ], [ -6.220413, 57.159108 ], [ -6.22046, 57.158935 ], [ -6.220905, 57.15892 ], [ -6.220808, 57.158726 ], [ -6.22108, 57.158568 ], [ -6.221397, 57.158661 ], [ -6.221382, 57.158535 ], [ -6.22113, 57.158503 ], [ -6.220996, 57.158265 ], [ -6.220696, 57.158176 ], [ -6.221061, 57.158038 ], [ -6.220778, 57.157733 ], [ -6.22097, 57.157749 ], [ -6.221131, 57.157424 ], [ -6.220989, 57.157339 ], [ -6.221072, 57.157269 ], [ -6.220408, 57.156958 ], [ -6.219758, 57.156922 ], [ -6.219446, 57.156798 ], [ -6.219093, 57.156823 ], [ -6.218864, 57.156628 ], [ -6.218949, 57.156423 ], [ -6.218725, 57.156278 ], [ -6.217182, 57.155588 ], [ -6.217097, 57.155424 ], [ -6.216412, 57.155299 ], [ -6.215847, 57.155057 ], [ -6.215633, 57.154772 ], [ -6.215908, 57.154578 ], [ -6.216578, 57.154718 ], [ -6.216678, 57.154651 ], [ -6.216613, 57.154447 ], [ -6.216464, 57.154371 ], [ -6.216018, 57.154377 ], [ -6.215456, 57.15373 ], [ -6.21476, 57.153363 ], [ -6.214679, 57.152862 ], [ -6.215193, 57.153024 ], [ -6.21571, 57.153056 ], [ -6.215975, 57.152553 ], [ -6.216226, 57.152571 ], [ -6.21677, 57.152922 ], [ -6.2167, 57.153171 ], [ -6.216457, 57.153148 ], [ -6.216498, 57.153291 ], [ -6.216615, 57.153372 ], [ -6.216761, 57.153273 ], [ -6.216898, 57.153313 ], [ -6.21693, 57.153595 ], [ -6.217119, 57.1538 ], [ -6.218404, 57.154112 ], [ -6.218549, 57.154301 ], [ -6.218392, 57.154594 ], [ -6.21877, 57.154711 ], [ -6.219251, 57.155082 ], [ -6.220133, 57.155421 ], [ -6.220588, 57.155711 ], [ -6.221608, 57.156163 ], [ -6.222064, 57.156462 ], [ -6.222608, 57.157091 ], [ -6.22344, 57.157567 ], [ -6.22387, 57.157566 ], [ -6.224052, 57.157708 ], [ -6.224526, 57.157732 ], [ -6.224907, 57.157661 ], [ -6.225046, 57.157724 ], [ -6.225015, 57.157518 ], [ -6.225959, 57.157819 ], [ -6.226461, 57.157789 ], [ -6.226746, 57.158044 ], [ -6.226781, 57.157989 ], [ -6.227199, 57.158024 ], [ -6.227374, 57.157749 ], [ -6.227742, 57.157709 ], [ -6.22765, 57.157555 ], [ -6.228106, 57.157702 ], [ -6.228242, 57.157666 ], [ -6.228217, 57.157522 ], [ -6.228535, 57.157476 ], [ -6.229295, 57.157612 ], [ -6.229349, 57.157507 ], [ -6.229604, 57.157422 ], [ -6.229603, 57.157264 ], [ -6.230176, 57.157497 ], [ -6.230639, 57.157355 ], [ -6.230967, 57.157034 ], [ -6.23135, 57.156985 ], [ -6.231343, 57.15685 ], [ -6.23182, 57.156753 ], [ -6.232238, 57.156429 ], [ -6.232989, 57.156408 ], [ -6.233861, 57.156154 ], [ -6.233942, 57.156066 ], [ -6.234585, 57.155967 ], [ -6.234918, 57.155988 ], [ -6.235137, 57.155872 ], [ -6.235497, 57.155838 ], [ -6.236624, 57.156002 ], [ -6.23698, 57.155931 ], [ -6.237288, 57.156092 ], [ -6.23745, 57.156059 ], [ -6.238056, 57.155351 ], [ -6.238341, 57.155238 ], [ -6.238807, 57.155334 ], [ -6.239035, 57.15516 ], [ -6.239546, 57.155148 ], [ -6.239815, 57.154819 ], [ -6.239789, 57.154667 ], [ -6.240256, 57.154548 ], [ -6.241127, 57.153705 ], [ -6.240905, 57.15333 ], [ -6.241207, 57.153392 ], [ -6.241549, 57.153277 ], [ -6.241775, 57.152936 ], [ -6.242454, 57.153012 ], [ -6.243065, 57.15278 ], [ -6.243324, 57.152875 ], [ -6.243636, 57.15286 ], [ -6.245162, 57.151733 ], [ -6.24541, 57.151806 ], [ -6.245357, 57.151996 ], [ -6.246205, 57.151959 ], [ -6.24632, 57.151735 ], [ -6.246609, 57.151869 ], [ -6.246733, 57.151658 ], [ -6.247008, 57.151743 ], [ -6.247222, 57.151659 ], [ -6.248071, 57.151779 ], [ -6.248415, 57.151677 ], [ -6.249338, 57.151713 ], [ -6.250754, 57.15158 ], [ -6.251105, 57.151473 ], [ -6.251467, 57.151092 ], [ -6.251499, 57.150722 ], [ -6.251791, 57.150641 ], [ -6.251953, 57.150424 ], [ -6.252235, 57.150356 ], [ -6.252349, 57.150199 ], [ -6.252506, 57.150203 ], [ -6.25263, 57.150338 ], [ -6.25311, 57.150411 ], [ -6.254207, 57.149884 ], [ -6.25525, 57.149817 ], [ -6.255513, 57.149655 ], [ -6.255975, 57.149572 ], [ -6.255973, 57.148907 ], [ -6.255821, 57.148741 ], [ -6.255923, 57.148544 ], [ -6.255643, 57.148198 ], [ -6.255762, 57.147938 ], [ -6.255196, 57.147476 ], [ -6.255444, 57.147117 ], [ -6.255115, 57.147133 ], [ -6.255371, 57.14698 ], [ -6.255186, 57.146883 ], [ -6.254601, 57.146979 ], [ -6.254456, 57.146939 ], [ -6.254918, 57.14664 ], [ -6.255218, 57.146585 ], [ -6.2554, 57.146368 ], [ -6.255338, 57.146194 ], [ -6.255155, 57.146111 ], [ -6.254729, 57.146152 ], [ -6.254856, 57.145667 ], [ -6.254626, 57.145612 ], [ -6.254443, 57.145388 ], [ -6.254648, 57.145444 ], [ -6.254755, 57.145364 ], [ -6.254715, 57.145091 ], [ -6.254382, 57.145004 ], [ -6.254486, 57.144681 ], [ -6.253957, 57.144614 ], [ -6.253852, 57.144136 ], [ -6.253633, 57.143955 ], [ -6.253601, 57.143672 ], [ -6.253375, 57.143509 ], [ -6.253409, 57.143369 ], [ -6.253161, 57.143301 ], [ -6.252787, 57.143354 ], [ -6.252982, 57.143037 ], [ -6.252881, 57.142955 ], [ -6.252596, 57.142992 ], [ -6.25268, 57.142786 ], [ -6.252418, 57.142741 ], [ -6.25218, 57.142898 ], [ -6.252013, 57.142885 ], [ -6.252228, 57.142527 ], [ -6.252004, 57.142301 ], [ -6.252378, 57.141888 ], [ -6.252299, 57.14163 ], [ -6.251839, 57.141511 ], [ -6.251477, 57.141672 ], [ -6.251202, 57.14151 ], [ -6.251219, 57.141442 ], [ -6.251581, 57.141353 ], [ -6.251544, 57.141107 ], [ -6.251251, 57.140861 ], [ -6.250942, 57.140835 ], [ -6.250874, 57.140671 ], [ -6.250688, 57.140709 ], [ -6.250528, 57.140616 ], [ -6.2508, 57.14039 ], [ -6.250794, 57.140265 ], [ -6.250392, 57.140081 ], [ -6.250421, 57.139464 ], [ -6.24997, 57.139501 ], [ -6.249814, 57.139439 ], [ -6.249695, 57.139263 ], [ -6.249699, 57.138724 ], [ -6.249396, 57.138604 ], [ -6.2489, 57.138607 ], [ -6.249425, 57.138427 ], [ -6.249334, 57.138142 ], [ -6.249009, 57.137825 ], [ -6.248315, 57.137399 ], [ -6.246816, 57.136955 ], [ -6.246786, 57.136763 ], [ -6.246591, 57.136725 ], [ -6.246153, 57.136798 ], [ -6.245461, 57.136529 ], [ -6.24576, 57.136033 ], [ -6.245595, 57.135828 ], [ -6.245235, 57.135714 ], [ -6.245333, 57.135486 ], [ -6.24511, 57.135273 ], [ -6.245224, 57.135112 ], [ -6.24509, 57.134954 ], [ -6.24457, 57.134963 ], [ -6.244365, 57.135271 ], [ -6.24403, 57.135377 ], [ -6.243397, 57.135767 ], [ -6.243232, 57.135768 ], [ -6.242834, 57.135593 ], [ -6.242627, 57.135614 ], [ -6.242563, 57.135494 ], [ -6.242019, 57.135364 ], [ -6.241918, 57.135206 ], [ -6.241563, 57.135281 ], [ -6.241557, 57.135158 ], [ -6.241318, 57.135091 ], [ -6.241048, 57.135118 ], [ -6.240945, 57.135009 ], [ -6.241045, 57.134871 ], [ -6.24087, 57.134715 ], [ -6.240533, 57.134664 ], [ -6.24034, 57.134706 ], [ -6.240592, 57.134383 ], [ -6.240463, 57.133978 ], [ -6.240087, 57.133726 ], [ -6.239302, 57.133811 ], [ -6.238953, 57.133499 ], [ -6.238977, 57.133354 ], [ -6.238316, 57.132927 ], [ -6.238963, 57.132725 ], [ -6.23812, 57.132218 ], [ -6.237869, 57.132267 ], [ -6.237708, 57.131949 ], [ -6.237474, 57.131782 ], [ -6.236762, 57.131554 ], [ -6.23613, 57.131526 ], [ -6.235186, 57.131297 ], [ -6.234889, 57.131374 ], [ -6.23433, 57.131762 ], [ -6.234781, 57.131302 ], [ -6.234127, 57.130784 ], [ -6.233186, 57.130654 ], [ -6.233101, 57.130198 ], [ -6.231705, 57.129926 ], [ -6.231359, 57.13001 ], [ -6.23051, 57.129881 ], [ -6.230057, 57.129537 ], [ -6.22968, 57.129419 ], [ -6.229074, 57.129476 ], [ -6.228772, 57.129292 ], [ -6.228308, 57.129357 ], [ -6.228105, 57.129315 ], [ -6.227484, 57.129529 ], [ -6.227052, 57.12958 ], [ -6.226728, 57.12928 ], [ -6.226638, 57.128996 ], [ -6.226119, 57.128797 ], [ -6.224365, 57.129365 ], [ -6.223874, 57.129341 ], [ -6.22345, 57.129099 ], [ -6.222575, 57.129043 ], [ -6.222364, 57.129216 ], [ -6.222465, 57.129379 ], [ -6.222386, 57.129481 ], [ -6.222524, 57.129535 ], [ -6.222446, 57.129578 ], [ -6.221675, 57.129343 ], [ -6.221157, 57.129441 ], [ -6.220131, 57.129867 ], [ -6.21983, 57.130273 ], [ -6.219063, 57.130146 ], [ -6.218536, 57.130168 ], [ -6.21842, 57.129943 ], [ -6.21801, 57.129975 ], [ -6.217266, 57.130198 ], [ -6.21694, 57.130379 ], [ -6.217103, 57.130581 ], [ -6.216691, 57.130662 ], [ -6.215535, 57.131117 ], [ -6.215315, 57.131581 ], [ -6.215439, 57.131797 ], [ -6.215219, 57.131678 ], [ -6.214902, 57.131658 ], [ -6.214348, 57.13187 ], [ -6.213583, 57.131904 ], [ -6.21332, 57.131999 ], [ -6.213122, 57.132145 ], [ -6.213097, 57.132433 ], [ -6.212863, 57.132558 ], [ -6.213244, 57.132927 ], [ -6.212846, 57.132846 ], [ -6.212685, 57.132879 ], [ -6.212325, 57.133206 ], [ -6.212204, 57.133817 ], [ -6.211884, 57.133837 ], [ -6.211617, 57.133962 ], [ -6.210726, 57.133835 ], [ -6.210895, 57.134014 ], [ -6.210386, 57.134044 ], [ -6.210276, 57.134169 ], [ -6.210346, 57.13427 ], [ -6.209742, 57.134196 ], [ -6.209553, 57.134428 ], [ -6.209116, 57.134514 ], [ -6.208877, 57.134446 ], [ -6.20888, 57.134329 ], [ -6.208761, 57.134301 ], [ -6.20847, 57.134432 ], [ -6.208663, 57.134597 ], [ -6.208266, 57.134381 ], [ -6.20814, 57.134435 ], [ -6.207835, 57.134373 ], [ -6.2078, 57.134576 ], [ -6.207429, 57.13458 ], [ -6.207142, 57.134751 ], [ -6.206714, 57.134842 ], [ -6.206512, 57.135389 ], [ -6.206256, 57.135321 ], [ -6.206173, 57.135391 ], [ -6.205754, 57.135418 ], [ -6.205127, 57.135579 ], [ -6.204855, 57.135507 ], [ -6.204653, 57.135847 ], [ -6.204353, 57.135753 ], [ -6.203719, 57.136139 ], [ -6.203733, 57.136336 ], [ -6.203374, 57.136528 ], [ -6.203135, 57.137188 ], [ -6.203145, 57.138514 ], [ -6.203365, 57.138997 ], [ -6.204028, 57.139663 ], [ -6.204207, 57.140003 ], [ -6.205258, 57.140224 ], [ -6.206281, 57.141143 ], [ -6.206376, 57.141544 ], [ -6.206755, 57.142184 ], [ -6.207614, 57.142398 ], [ -6.208315, 57.143035 ], [ -6.208555, 57.143396 ], [ -6.208789, 57.143347 ], [ -6.209039, 57.143438 ], [ -6.209065, 57.143734 ], [ -6.209204, 57.143868 ], [ -6.209589, 57.143905 ], [ -6.209743, 57.144021 ], [ -6.210237, 57.144 ], [ -6.210592, 57.144289 ], [ -6.21094, 57.144296 ], [ -6.211122, 57.144586 ], [ -6.211615, 57.144777 ], [ -6.211825, 57.145606 ], [ -6.212189, 57.146111 ], [ -6.212504, 57.146847 ], [ -6.212467, 57.147464 ], [ -6.211747, 57.148261 ], [ -6.211015, 57.148659 ], [ -6.210556, 57.148774 ], [ -6.210794, 57.148968 ], [ -6.21067, 57.149121 ], [ -6.210372, 57.149113 ], [ -6.210265, 57.149197 ], [ -6.21036, 57.149518 ], [ -6.210593, 57.149609 ], [ -6.210663, 57.149998 ], [ -6.210874, 57.150112 ], [ -6.210924, 57.150259 ], [ -6.210259, 57.150812 ], [ -6.209851, 57.150938 ], [ -6.209432, 57.150817 ], [ -6.209285, 57.150835 ], [ -6.209238, 57.150931 ], [ -6.208702, 57.150868 ], [ -6.208526, 57.150996 ], [ -6.208632, 57.151127 ], [ -6.208337, 57.151519 ], [ -6.208137, 57.151575 ], [ -6.207727, 57.15154 ], [ -6.207332, 57.151409 ], [ -6.206952, 57.150981 ], [ -6.206207, 57.15061 ], [ -6.206134, 57.15033 ], [ -6.20527, 57.150156 ], [ -6.204751, 57.149814 ], [ -6.20448, 57.149832 ], [ -6.20421, 57.149711 ], [ -6.203937, 57.149706 ], [ -6.203499, 57.149492 ], [ -6.203261, 57.149217 ], [ -6.203027, 57.149197 ], [ -6.202635, 57.14895 ], [ -6.202546, 57.148755 ], [ -6.202287, 57.14866 ], [ -6.201892, 57.148165 ], [ -6.201694, 57.148096 ], [ -6.201073, 57.148094 ], [ -6.200532, 57.147995 ], [ -6.200271, 57.14817 ], [ -6.19996, 57.14805 ], [ -6.1998, 57.148101 ], [ -6.199603, 57.148404 ], [ -6.19926, 57.148514 ], [ -6.199008, 57.148415 ], [ -6.199016, 57.148118 ], [ -6.198731, 57.148015 ], [ -6.198357, 57.14814 ], [ -6.197854, 57.147937 ], [ -6.197656, 57.148235 ], [ -6.19731, 57.148247 ], [ -6.196896, 57.148099 ], [ -6.19682, 57.147868 ], [ -6.196408, 57.147949 ], [ -6.196276, 57.147881 ], [ -6.196042, 57.14815 ], [ -6.195892, 57.14807 ], [ -6.195754, 57.148097 ], [ -6.195744, 57.148367 ], [ -6.195599, 57.14848 ], [ -6.194852, 57.147875 ], [ -6.194501, 57.148058 ], [ -6.194291, 57.147521 ], [ -6.194096, 57.147626 ], [ -6.193759, 57.147642 ], [ -6.193704, 57.147963 ], [ -6.19345, 57.148062 ], [ -6.193611, 57.14838 ], [ -6.194042, 57.148464 ], [ -6.193943, 57.148607 ], [ -6.193724, 57.148646 ], [ -6.192884, 57.148539 ], [ -6.192735, 57.148607 ], [ -6.192435, 57.148514 ], [ -6.192072, 57.148598 ], [ -6.191774, 57.148522 ], [ -6.191529, 57.148625 ], [ -6.190966, 57.148621 ], [ -6.190859, 57.149286 ], [ -6.190512, 57.149365 ], [ -6.190045, 57.149331 ], [ -6.189694, 57.149221 ], [ -6.189559, 57.148835 ], [ -6.189083, 57.148653 ], [ -6.18892, 57.148888 ], [ -6.189123, 57.149146 ], [ -6.188798, 57.149278 ], [ -6.188113, 57.149067 ], [ -6.188119, 57.149418 ], [ -6.187893, 57.149538 ], [ -6.187816, 57.149738 ], [ -6.187503, 57.149888 ], [ -6.187265, 57.14991 ], [ -6.18702, 57.149716 ], [ -6.185744, 57.149996 ], [ -6.1855, 57.15018 ], [ -6.185562, 57.15043 ], [ -6.184935, 57.150815 ], [ -6.184926, 57.151027 ], [ -6.184642, 57.151072 ], [ -6.184832, 57.15129 ], [ -6.184339, 57.151253 ], [ -6.184439, 57.151331 ], [ -6.184269, 57.151431 ], [ -6.184265, 57.151696 ], [ -6.184027, 57.151857 ], [ -6.183762, 57.151857 ], [ -6.183312, 57.151607 ], [ -6.183368, 57.151951 ], [ -6.18282, 57.152226 ], [ -6.182806, 57.152469 ], [ -6.182938, 57.152613 ], [ -6.182625, 57.152551 ], [ -6.182384, 57.152613 ], [ -6.182377, 57.152852 ], [ -6.182522, 57.152959 ], [ -6.182271, 57.153229 ], [ -6.182827, 57.153826 ], [ -6.183304, 57.154093 ], [ -6.182931, 57.154313 ], [ -6.183, 57.154409 ], [ -6.183236, 57.154446 ], [ -6.183055, 57.154524 ], [ -6.183189, 57.154614 ], [ -6.183101, 57.154788 ], [ -6.182912, 57.154875 ], [ -6.18303, 57.155042 ], [ -6.182772, 57.155168 ], [ -6.182716, 57.155336 ], [ -6.182188, 57.155498 ], [ -6.182229, 57.15586 ], [ -6.181101, 57.156127 ], [ -6.180817, 57.156101 ], [ -6.180824, 57.156236 ], [ -6.180612, 57.156265 ], [ -6.180523, 57.15643 ], [ -6.179932, 57.156836 ], [ -6.179815, 57.156975 ], [ -6.179864, 57.157117 ], [ -6.180019, 57.157171 ], [ -6.179942, 57.157439 ], [ -6.18006, 57.157605 ], [ -6.179895, 57.158195 ], [ -6.180232, 57.158836 ], [ -6.180681, 57.159069 ], [ -6.18082, 57.159275 ], [ -6.18069, 57.159594 ], [ -6.180914, 57.159812 ], [ -6.180914, 57.160036 ], [ -6.181329, 57.160122 ], [ -6.18166, 57.16056 ], [ -6.181591, 57.160756 ], [ -6.182018, 57.161016 ], [ -6.18246, 57.161118 ], [ -6.182719, 57.161653 ], [ -6.182974, 57.161789 ], [ -6.183299, 57.162394 ], [ -6.183548, 57.162543 ], [ -6.183437, 57.162803 ], [ -6.183787, 57.162899 ], [ -6.183939, 57.162705 ], [ -6.184321, 57.162643 ], [ -6.185573, 57.162961 ], [ -6.187042, 57.163802 ], [ -6.187072, 57.163995 ], [ -6.18739, 57.16424 ], [ -6.187683, 57.164271 ], [ -6.188071, 57.164119 ], [ -6.189006, 57.164335 ], [ -6.189708, 57.164325 ], [ -6.189604, 57.164427 ], [ -6.189784, 57.164484 ], [ -6.189995, 57.164369 ], [ -6.19067, 57.164562 ], [ -6.191051, 57.164491 ], [ -6.191503, 57.16453 ], [ -6.192802, 57.164824 ], [ -6.193166, 57.164676 ], [ -6.194504, 57.16465 ], [ -6.195406, 57.164799 ], [ -6.195545, 57.164709 ], [ -6.196176, 57.164729 ], [ -6.196536, 57.164397 ], [ -6.196982, 57.164243 ], [ -6.197385, 57.163856 ], [ -6.19775, 57.163723 ], [ -6.19837, 57.163639 ], [ -6.199131, 57.163856 ], [ -6.199587, 57.164269 ], [ -6.200694, 57.164865 ], [ -6.201211, 57.164969 ], [ -6.201744, 57.164924 ], [ -6.202071, 57.165187 ], [ -6.202635, 57.165411 ], [ -6.203232, 57.165423 ], [ -6.204328, 57.165746 ], [ -6.205453, 57.165811 ], [ -6.205701, 57.166023 ] ] ], [ [ [ -6.16294, 57.197078 ], [ -6.163262, 57.196905 ], [ -6.163201, 57.196669 ], [ -6.163309, 57.196531 ], [ -6.163666, 57.196465 ], [ -6.164792, 57.196828 ], [ -6.16571, 57.196663 ], [ -6.165602, 57.196374 ], [ -6.165747, 57.196338 ], [ -6.165359, 57.196274 ], [ -6.164847, 57.196062 ], [ -6.164252, 57.196149 ], [ -6.163492, 57.195877 ], [ -6.163241, 57.195706 ], [ -6.163344, 57.195666 ], [ -6.162882, 57.195538 ], [ -6.162272, 57.195486 ], [ -6.162174, 57.19557 ], [ -6.162272, 57.195927 ], [ -6.162169, 57.195971 ], [ -6.161058, 57.195814 ], [ -6.161144, 57.195987 ], [ -6.16139, 57.196109 ], [ -6.161023, 57.19631 ], [ -6.161219, 57.196578 ], [ -6.162237, 57.197016 ], [ -6.16294, 57.197078 ] ] ], [ [ [ -6.150001, 57.193164 ], [ -6.150227, 57.193552 ], [ -6.150139, 57.193874 ], [ -6.150271, 57.194018 ], [ -6.151153, 57.194409 ], [ -6.151699, 57.194493 ], [ -6.15201, 57.194235 ], [ -6.15167, 57.193572 ], [ -6.150724, 57.193189 ], [ -6.150127, 57.193106 ], [ -6.150001, 57.193164 ] ] ], [ [ [ -6.314028, 57.158369 ], [ -6.314995, 57.158291 ], [ -6.315846, 57.158064 ], [ -6.316149, 57.157891 ], [ -6.316389, 57.157613 ], [ -6.316347, 57.157534 ], [ -6.31603, 57.157441 ], [ -6.314454, 57.157626 ], [ -6.314101, 57.157575 ], [ -6.313845, 57.157791 ], [ -6.313836, 57.15807 ], [ -6.314028, 57.158369 ] ] ] ] } },
{ "type": "Feature", "properties": { "NAME": "31.  Eisgein" }, "geometry": { "type": "MultiPolygon", "coordinates": [ [ [ [ -6.64741, 58.055482 ], [ -6.648476, 58.055587 ], [ -6.649131, 58.055406 ], [ -6.649849, 58.054988 ], [ -6.650499, 58.054897 ], [ -6.650735, 58.054691 ], [ -6.650941, 58.054647 ], [ -6.651429, 58.054683 ], [ -6.651463, 58.054875 ], [ -6.652026, 58.0549 ], [ -6.652296, 58.054822 ], [ -6.652487, 58.054919 ], [ -6.652999, 58.054752 ], [ -6.652975, 58.054892 ], [ -6.653318, 58.054852 ], [ -6.653452, 58.054902 ], [ -6.653701, 58.054731 ], [ -6.654123, 58.054652 ], [ -6.65448, 58.054787 ], [ -6.655406, 58.054601 ], [ -6.656548, 58.054509 ], [ -6.65662, 58.054669 ], [ -6.656291, 58.054753 ], [ -6.656349, 58.054872 ], [ -6.656554, 58.054878 ], [ -6.656984, 58.054664 ], [ -6.657146, 58.054672 ], [ -6.657198, 58.054877 ], [ -6.656781, 58.055063 ], [ -6.656936, 58.05508 ], [ -6.657734, 58.054758 ], [ -6.657921, 58.05476 ], [ -6.65787, 58.054951 ], [ -6.658396, 58.054824 ], [ -6.65865, 58.054949 ], [ -6.659332, 58.054974 ], [ -6.659655, 58.054845 ], [ -6.65969, 58.054727 ], [ -6.660114, 58.054657 ], [ -6.660436, 58.054722 ], [ -6.660497, 58.054603 ], [ -6.660927, 58.054452 ], [ -6.661039, 58.054336 ], [ -6.660914, 58.054228 ], [ -6.66065, 58.054215 ], [ -6.660694, 58.054034 ], [ -6.661153, 58.053976 ], [ -6.661315, 58.054047 ], [ -6.661424, 58.053975 ], [ -6.66229, 58.053912 ], [ -6.662632, 58.053801 ], [ -6.66257, 58.05365 ], [ -6.662974, 58.053559 ], [ -6.663474, 58.053558 ], [ -6.663794, 58.053407 ], [ -6.664115, 58.053072 ], [ -6.664571, 58.053059 ], [ -6.664894, 58.053191 ], [ -6.665015, 58.053146 ], [ -6.665354, 58.052297 ], [ -6.665327, 58.052029 ], [ -6.665508, 58.051918 ], [ -6.665601, 58.051524 ], [ -6.665292, 58.050586 ], [ -6.665402, 58.050456 ], [ -6.665706, 58.050382 ], [ -6.66626, 58.050528 ], [ -6.666205, 58.050373 ], [ -6.666406, 58.050154 ], [ -6.666047, 58.050199 ], [ -6.666003, 58.050056 ], [ -6.666666, 58.049942 ], [ -6.666511, 58.049723 ], [ -6.667146, 58.049524 ], [ -6.66702, 58.049075 ], [ -6.666812, 58.048911 ], [ -6.666948, 58.048659 ], [ -6.666761, 58.048396 ], [ -6.666699, 58.04811 ], [ -6.666831, 58.047827 ], [ -6.666638, 58.047514 ], [ -6.666764, 58.046597 ], [ -6.66692, 58.04656 ], [ -6.66691, 58.046479 ], [ -6.666704, 58.046464 ], [ -6.666653, 58.04594 ], [ -6.666289, 58.045625 ], [ -6.665873, 58.04484 ], [ -6.665632, 58.044232 ], [ -6.665709, 58.043784 ], [ -6.665574, 58.043461 ], [ -6.665352, 58.043388 ], [ -6.664423, 58.043418 ], [ -6.664848, 58.043357 ], [ -6.664995, 58.043118 ], [ -6.664259, 58.042551 ], [ -6.664636, 58.042447 ], [ -6.664808, 58.042599 ], [ -6.664967, 58.042584 ], [ -6.665137, 58.042258 ], [ -6.666146, 58.042059 ], [ -6.666541, 58.041901 ], [ -6.66635, 58.041543 ], [ -6.666399, 58.041398 ], [ -6.666836, 58.041112 ], [ -6.667648, 58.040965 ], [ -6.667874, 58.040813 ], [ -6.667932, 58.040541 ], [ -6.668333, 58.040495 ], [ -6.668871, 58.039746 ], [ -6.668883, 58.039449 ], [ -6.670018, 58.038526 ], [ -6.670744, 58.038189 ], [ -6.67074, 58.037917 ], [ -6.670908, 58.037902 ], [ -6.671255, 58.037531 ], [ -6.671626, 58.037372 ], [ -6.672001, 58.036907 ], [ -6.672474, 58.036606 ], [ -6.673056, 58.036419 ], [ -6.673771, 58.03641 ], [ -6.674222, 58.036075 ], [ -6.674622, 58.0362 ], [ -6.675048, 58.036111 ], [ -6.675121, 58.036286 ], [ -6.67608, 58.036391 ], [ -6.676983, 58.036581 ], [ -6.678448, 58.037147 ], [ -6.679345, 58.037388 ], [ -6.679484, 58.037495 ], [ -6.680428, 58.037608 ], [ -6.680912, 58.037149 ], [ -6.681161, 58.03705 ], [ -6.68175, 58.037117 ], [ -6.683032, 58.036923 ], [ -6.683413, 58.036595 ], [ -6.684336, 58.03608 ], [ -6.684911, 58.036009 ], [ -6.685058, 58.035922 ], [ -6.685623, 58.035136 ], [ -6.685775, 58.035053 ], [ -6.68645, 58.035019 ], [ -6.688157, 58.034094 ], [ -6.688087, 58.033815 ], [ -6.688268, 58.033661 ], [ -6.688185, 58.033452 ], [ -6.688641, 58.033373 ], [ -6.689147, 58.03294 ], [ -6.690241, 58.030717 ], [ -6.690608, 58.030244 ], [ -6.690563, 58.030049 ], [ -6.690794, 58.029792 ], [ -6.690834, 58.029394 ], [ -6.691537, 58.02827 ], [ -6.691185, 58.027626 ], [ -6.691286, 58.027546 ], [ -6.691614, 58.027575 ], [ -6.691882, 58.02738 ], [ -6.693592, 58.027167 ], [ -6.694109, 58.026804 ], [ -6.69455, 58.02669 ], [ -6.694757, 58.026458 ], [ -6.695301, 58.026417 ], [ -6.695545, 58.025939 ], [ -6.695931, 58.025715 ], [ -6.69597, 58.025522 ], [ -6.696647, 58.025129 ], [ -6.697006, 58.024584 ], [ -6.698567, 58.023806 ], [ -6.698765, 58.023567 ], [ -6.699082, 58.023465 ], [ -6.699634, 58.022868 ], [ -6.699893, 58.022775 ], [ -6.700783, 58.02195 ], [ -6.701226, 58.021913 ], [ -6.701073, 58.021733 ], [ -6.701284, 58.021581 ], [ -6.701587, 58.020934 ], [ -6.702749, 58.020152 ], [ -6.703458, 58.019189 ], [ -6.703687, 58.018569 ], [ -6.704246, 58.018157 ], [ -6.705809, 58.017695 ], [ -6.707936, 58.017317 ], [ -6.708296, 58.017082 ], [ -6.709351, 58.016865 ], [ -6.709925, 58.016614 ], [ -6.709999, 58.016419 ], [ -6.709821, 58.015801 ], [ -6.710683, 58.015305 ], [ -6.711484, 58.014101 ], [ -6.711432, 58.013748 ], [ -6.712484, 58.013023 ], [ -6.712718, 58.012508 ], [ -6.712048, 58.011523 ], [ -6.711947, 58.011055 ], [ -6.712, 58.010853 ], [ -6.712491, 58.01063 ], [ -6.712539, 58.010148 ], [ -6.712838, 58.009987 ], [ -6.712583, 58.009646 ], [ -6.711982, 58.00969 ], [ -6.711287, 58.009561 ], [ -6.711269, 58.009191 ], [ -6.711099, 58.009071 ], [ -6.711901, 58.008749 ], [ -6.711959, 58.008649 ], [ -6.711782, 58.008501 ], [ -6.712475, 58.008372 ], [ -6.712964, 58.007891 ], [ -6.713347, 58.007831 ], [ -6.71357, 58.007672 ], [ -6.713569, 58.007586 ], [ -6.713265, 58.00763 ], [ -6.713213, 58.007183 ], [ -6.713664, 58.006222 ], [ -6.713599, 58.005519 ], [ -6.71319, 58.004705 ], [ -6.712379, 58.004285 ], [ -6.712228, 58.003835 ], [ -6.711607, 58.003304 ], [ -6.710892, 58.002994 ], [ -6.710497, 58.002968 ], [ -6.710345, 58.002828 ], [ -6.709704, 58.002631 ], [ -6.709523, 58.002658 ], [ -6.709198, 58.002532 ], [ -6.708819, 58.002501 ], [ -6.708895, 58.002107 ], [ -6.70915, 58.001997 ], [ -6.709115, 58.001914 ], [ -6.708719, 58.001777 ], [ -6.708607, 58.001464 ], [ -6.708775, 58.001315 ], [ -6.708747, 58.001201 ], [ -6.707865, 58.000448 ], [ -6.707447, 57.999926 ], [ -6.707347, 57.999383 ], [ -6.706803, 57.998997 ], [ -6.706963, 57.998336 ], [ -6.706763, 57.99771 ], [ -6.706566, 57.99748 ], [ -6.706415, 57.996769 ], [ -6.705711, 57.995959 ], [ -6.705251, 57.995055 ], [ -6.704783, 57.994763 ], [ -6.704466, 57.993653 ], [ -6.704606, 57.993229 ], [ -6.704487, 57.992916 ], [ -6.704888, 57.992577 ], [ -6.704503, 57.992313 ], [ -6.705073, 57.992101 ], [ -6.704898, 57.991953 ], [ -6.70553, 57.991799 ], [ -6.706327, 57.991869 ], [ -6.706262, 57.99157 ], [ -6.706792, 57.991154 ], [ -6.707212, 57.99126 ], [ -6.707417, 57.991212 ], [ -6.707237, 57.991061 ], [ -6.707294, 57.990983 ], [ -6.707528, 57.990956 ], [ -6.707356, 57.990872 ], [ -6.707736, 57.990481 ], [ -6.7076, 57.990279 ], [ -6.707847, 57.990355 ], [ -6.708315, 57.99005 ], [ -6.708968, 57.989994 ], [ -6.709356, 57.989723 ], [ -6.709478, 57.989044 ], [ -6.70899, 57.988743 ], [ -6.708758, 57.987564 ], [ -6.709812, 57.987525 ], [ -6.710302, 57.987129 ], [ -6.710346, 57.986952 ], [ -6.711201, 57.98701 ], [ -6.711873, 57.986846 ], [ -6.711796, 57.986642 ], [ -6.712275, 57.986296 ], [ -6.712476, 57.985888 ], [ -6.712395, 57.985729 ], [ -6.712041, 57.985549 ], [ -6.712494, 57.98519 ], [ -6.712391, 57.9846 ], [ -6.712552, 57.983767 ], [ -6.712287, 57.983552 ], [ -6.712344, 57.983149 ], [ -6.711731, 57.98319 ], [ -6.711584, 57.982783 ], [ -6.711853, 57.982376 ], [ -6.711566, 57.982324 ], [ -6.711267, 57.982043 ], [ -6.71018, 57.981503 ], [ -6.710157, 57.981391 ], [ -6.710326, 57.981263 ], [ -6.710044, 57.981116 ], [ -6.710468, 57.980799 ], [ -6.710269, 57.980762 ], [ -6.71016, 57.980518 ], [ -6.709821, 57.980257 ], [ -6.70978, 57.979813 ], [ -6.710046, 57.979781 ], [ -6.710291, 57.979641 ], [ -6.710498, 57.9789 ], [ -6.710661, 57.978786 ], [ -6.710416, 57.97866 ], [ -6.710562, 57.978228 ], [ -6.710484, 57.977961 ], [ -6.710408, 57.977833 ], [ -6.70998, 57.977732 ], [ -6.709924, 57.977365 ], [ -6.709359, 57.97713 ], [ -6.709198, 57.976808 ], [ -6.708816, 57.976664 ], [ -6.708293, 57.976297 ], [ -6.707996, 57.976227 ], [ -6.708006, 57.976173 ], [ -6.708348, 57.976138 ], [ -6.708412, 57.975915 ], [ -6.708636, 57.975817 ], [ -6.708822, 57.975877 ], [ -6.709162, 57.97582 ], [ -6.709223, 57.975448 ], [ -6.709468, 57.975381 ], [ -6.709381, 57.975231 ], [ -6.709515, 57.975096 ], [ -6.709347, 57.974783 ], [ -6.709421, 57.974641 ], [ -6.709179, 57.974533 ], [ -6.709144, 57.974399 ], [ -6.709372, 57.974332 ], [ -6.709299, 57.974227 ], [ -6.709452, 57.974037 ], [ -6.709187, 57.973759 ], [ -6.708839, 57.973623 ], [ -6.70863, 57.973253 ], [ -6.708951, 57.972863 ], [ -6.709062, 57.97281 ], [ -6.709202, 57.972845 ], [ -6.709333, 57.972741 ], [ -6.709468, 57.972291 ], [ -6.709174, 57.972176 ], [ -6.709244, 57.972133 ], [ -6.709071, 57.971973 ], [ -6.708643, 57.972128 ], [ -6.708318, 57.972041 ], [ -6.708417, 57.97112 ], [ -6.708809, 57.970368 ], [ -6.708659, 57.969996 ], [ -6.708271, 57.969749 ], [ -6.707847, 57.968843 ], [ -6.708018, 57.968792 ], [ -6.708621, 57.969003 ], [ -6.708794, 57.968898 ], [ -6.708896, 57.96839 ], [ -6.708667, 57.968125 ], [ -6.708798, 57.967643 ], [ -6.708278, 57.967293 ], [ -6.707812, 57.967545 ], [ -6.707433, 57.967563 ], [ -6.707075, 57.967738 ], [ -6.706651, 57.967732 ], [ -6.706384, 57.967629 ], [ -6.706142, 57.967395 ], [ -6.705577, 57.967223 ], [ -6.705219, 57.967007 ], [ -6.704768, 57.967055 ], [ -6.704255, 57.966885 ], [ -6.703989, 57.966665 ], [ -6.704022, 57.966529 ], [ -6.703696, 57.966496 ], [ -6.703043, 57.966224 ], [ -6.702197, 57.965841 ], [ -6.70195, 57.965639 ], [ -6.701468, 57.965572 ], [ -6.701391, 57.965372 ], [ -6.701638, 57.96539 ], [ -6.701901, 57.965263 ], [ -6.702092, 57.964977 ], [ -6.701314, 57.963819 ], [ -6.701393, 57.963649 ], [ -6.701476, 57.963574 ], [ -6.702365, 57.963708 ], [ -6.703096, 57.964112 ], [ -6.703315, 57.964109 ], [ -6.703456, 57.964023 ], [ -6.703488, 57.963491 ], [ -6.703673, 57.96316 ], [ -6.703434, 57.962629 ], [ -6.703408, 57.962234 ], [ -6.702968, 57.96172 ], [ -6.702943, 57.961465 ], [ -6.702466, 57.961055 ], [ -6.702426, 57.960818 ], [ -6.702108, 57.960452 ], [ -6.701398, 57.959885 ], [ -6.700758, 57.959648 ], [ -6.700179, 57.959165 ], [ -6.699946, 57.95907 ], [ -6.699835, 57.959129 ], [ -6.699376, 57.958853 ], [ -6.699067, 57.958946 ], [ -6.699033, 57.95946 ], [ -6.699149, 57.959635 ], [ -6.69896, 57.960002 ], [ -6.699086, 57.960254 ], [ -6.69898, 57.960352 ], [ -6.699021, 57.960787 ], [ -6.698754, 57.960689 ], [ -6.69876, 57.960864 ], [ -6.698595, 57.960771 ], [ -6.698221, 57.960821 ], [ -6.698512, 57.96162 ], [ -6.698432, 57.961722 ], [ -6.697873, 57.961846 ], [ -6.697592, 57.961829 ], [ -6.696899, 57.961576 ], [ -6.696761, 57.961428 ], [ -6.696522, 57.961478 ], [ -6.695998, 57.961357 ], [ -6.69591, 57.961203 ], [ -6.695027, 57.960858 ], [ -6.694528, 57.96053 ], [ -6.694588, 57.960479 ], [ -6.693552, 57.960058 ], [ -6.693155, 57.95974 ], [ -6.692455, 57.959501 ], [ -6.692359, 57.959158 ], [ -6.69269, 57.958966 ], [ -6.692618, 57.958613 ], [ -6.692385, 57.95832 ], [ -6.692454, 57.958201 ], [ -6.692264, 57.957974 ], [ -6.692284, 57.957546 ], [ -6.691963, 57.957032 ], [ -6.69173, 57.956932 ], [ -6.691408, 57.956994 ], [ -6.691032, 57.9569 ], [ -6.690411, 57.956428 ], [ -6.690109, 57.955994 ], [ -6.690356, 57.955616 ], [ -6.690186, 57.955352 ], [ -6.690242, 57.95513 ], [ -6.690537, 57.954804 ], [ -6.69041, 57.954607 ], [ -6.690394, 57.953964 ], [ -6.690216, 57.953642 ], [ -6.6894, 57.953097 ], [ -6.689489, 57.952932 ], [ -6.689011, 57.952576 ], [ -6.688811, 57.952017 ], [ -6.688247, 57.951714 ], [ -6.687596, 57.950946 ], [ -6.687193, 57.950642 ], [ -6.686995, 57.950033 ], [ -6.686609, 57.949732 ], [ -6.686566, 57.949469 ], [ -6.686486, 57.949377 ], [ -6.686247, 57.949359 ], [ -6.68602, 57.948985 ], [ -6.684798, 57.947978 ], [ -6.684119, 57.947054 ], [ -6.683075, 57.94658 ], [ -6.682604, 57.946273 ], [ -6.681339, 57.944683 ], [ -6.680887, 57.944524 ], [ -6.679883, 57.943828 ], [ -6.679489, 57.943726 ], [ -6.678472, 57.942999 ], [ -6.678226, 57.942864 ], [ -6.678022, 57.942853 ], [ -6.678017, 57.942754 ], [ -6.677888, 57.942732 ], [ -6.67771, 57.942276 ], [ -6.677338, 57.942082 ], [ -6.677296, 57.94163 ], [ -6.677568, 57.941642 ], [ -6.677605, 57.941537 ], [ -6.677255, 57.941321 ], [ -6.677347, 57.941183 ], [ -6.677146, 57.940808 ], [ -6.676878, 57.940633 ], [ -6.676902, 57.940362 ], [ -6.676498, 57.93986 ], [ -6.676617, 57.93973 ], [ -6.676339, 57.939673 ], [ -6.676443, 57.939242 ], [ -6.676219, 57.93876 ], [ -6.675761, 57.938484 ], [ -6.675934, 57.938325 ], [ -6.675913, 57.938164 ], [ -6.675605, 57.938 ], [ -6.675588, 57.937744 ], [ -6.675362, 57.937568 ], [ -6.675109, 57.937051 ], [ -6.674763, 57.936992 ], [ -6.674733, 57.936889 ], [ -6.674582, 57.936899 ], [ -6.674788, 57.936667 ], [ -6.674791, 57.936366 ], [ -6.674602, 57.935693 ], [ -6.674266, 57.935126 ], [ -6.67408, 57.935123 ], [ -6.67376, 57.934942 ], [ -6.67337, 57.934866 ], [ -6.673139, 57.93452 ], [ -6.672965, 57.934485 ], [ -6.672389, 57.933895 ], [ -6.671791, 57.933647 ], [ -6.671654, 57.933702 ], [ -6.671313, 57.933161 ], [ -6.670892, 57.932785 ], [ -6.669798, 57.932178 ], [ -6.66964, 57.931932 ], [ -6.669494, 57.931919 ], [ -6.669279, 57.931437 ], [ -6.668352, 57.930743 ], [ -6.668346, 57.93063 ], [ -6.667995, 57.930603 ], [ -6.667937, 57.930281 ], [ -6.667155, 57.92986 ], [ -6.667044, 57.929657 ], [ -6.666566, 57.929625 ], [ -6.66618, 57.929451 ], [ -6.666125, 57.929291 ], [ -6.665705, 57.928982 ], [ -6.665747, 57.928657 ], [ -6.665642, 57.928567 ], [ -6.665767, 57.928419 ], [ -6.665336, 57.928223 ], [ -6.665061, 57.928255 ], [ -6.66511, 57.928109 ], [ -6.664921, 57.928022 ], [ -6.664621, 57.927538 ], [ -6.664619, 57.927457 ], [ -6.664814, 57.927459 ], [ -6.664873, 57.927394 ], [ -6.664518, 57.927002 ], [ -6.664069, 57.926735 ], [ -6.66386, 57.926365 ], [ -6.664003, 57.926297 ], [ -6.663854, 57.92606 ], [ -6.663417, 57.925782 ], [ -6.663502, 57.925753 ], [ -6.663293, 57.925581 ], [ -6.663352, 57.925386 ], [ -6.663129, 57.925232 ], [ -6.662561, 57.925149 ], [ -6.662582, 57.924856 ], [ -6.662293, 57.924647 ], [ -6.66216, 57.924669 ], [ -6.661842, 57.924299 ], [ -6.661405, 57.924193 ], [ -6.660273, 57.923412 ], [ -6.659964, 57.923311 ], [ -6.659121, 57.92255 ], [ -6.658458, 57.922134 ], [ -6.658443, 57.922013 ], [ -6.657919, 57.921753 ], [ -6.657892, 57.921615 ], [ -6.657086, 57.921069 ], [ -6.65699, 57.920785 ], [ -6.656649, 57.920437 ], [ -6.655685, 57.919848 ], [ -6.655088, 57.919672 ], [ -6.654175, 57.919606 ], [ -6.653937, 57.91953 ], [ -6.653481, 57.919209 ], [ -6.653148, 57.918789 ], [ -6.653466, 57.918832 ], [ -6.653438, 57.918747 ], [ -6.653186, 57.918631 ], [ -6.652768, 57.918601 ], [ -6.652527, 57.918304 ], [ -6.652248, 57.91817 ], [ -6.652107, 57.918131 ], [ -6.651994, 57.918234 ], [ -6.651712, 57.918082 ], [ -6.651722, 57.91796 ], [ -6.651544, 57.91789 ], [ -6.651467, 57.917947 ], [ -6.651005, 57.917712 ], [ -6.650929, 57.917778 ], [ -6.650795, 57.91772 ], [ -6.650814, 57.9178 ], [ -6.650602, 57.917732 ], [ -6.650637, 57.917802 ], [ -6.650543, 57.917797 ], [ -6.650215, 57.917678 ], [ -6.650069, 57.917724 ], [ -6.649709, 57.91749 ], [ -6.649323, 57.917576 ], [ -6.648437, 57.917528 ], [ -6.64776, 57.917912 ], [ -6.647912, 57.917578 ], [ -6.647404, 57.917377 ], [ -6.647211, 57.917132 ], [ -6.646674, 57.917156 ], [ -6.647218, 57.917703 ], [ -6.647128, 57.917728 ], [ -6.647228, 57.917981 ], [ -6.647115, 57.918084 ], [ -6.647448, 57.918243 ], [ -6.647796, 57.919166 ], [ -6.647534, 57.919234 ], [ -6.647319, 57.919071 ], [ -6.647046, 57.919117 ], [ -6.646789, 57.919486 ], [ -6.646839, 57.919934 ], [ -6.64657, 57.919948 ], [ -6.646395, 57.919707 ], [ -6.645887, 57.919564 ], [ -6.645519, 57.919209 ], [ -6.645376, 57.919344 ], [ -6.645452, 57.919467 ], [ -6.645135, 57.919376 ], [ -6.64517, 57.919577 ], [ -6.644968, 57.919454 ], [ -6.644962, 57.919539 ], [ -6.644312, 57.91941 ], [ -6.644172, 57.919442 ], [ -6.64418, 57.919568 ], [ -6.643912, 57.919591 ], [ -6.64388, 57.919732 ], [ -6.644012, 57.919907 ], [ -6.644003, 57.92029 ], [ -6.644213, 57.920543 ], [ -6.644591, 57.920587 ], [ -6.644698, 57.920763 ], [ -6.645105, 57.920901 ], [ -6.645209, 57.921055 ], [ -6.645504, 57.921049 ], [ -6.645622, 57.921242 ], [ -6.64574, 57.921107 ], [ -6.64608, 57.921059 ], [ -6.646511, 57.921187 ], [ -6.646548, 57.921604 ], [ -6.646309, 57.921851 ], [ -6.646467, 57.922093 ], [ -6.646597, 57.922115 ], [ -6.646493, 57.922227 ], [ -6.646612, 57.922299 ], [ -6.646649, 57.922774 ], [ -6.647153, 57.923538 ], [ -6.647127, 57.923598 ], [ -6.64683, 57.92346 ], [ -6.646599, 57.9235 ], [ -6.646598, 57.923689 ], [ -6.646919, 57.923817 ], [ -6.646658, 57.924087 ], [ -6.645961, 57.923924 ], [ -6.645607, 57.924063 ], [ -6.645103, 57.92409 ], [ -6.645, 57.924472 ], [ -6.644737, 57.9244 ], [ -6.644541, 57.924646 ], [ -6.644259, 57.924359 ], [ -6.644093, 57.924388 ], [ -6.644028, 57.924534 ], [ -6.64385, 57.924338 ], [ -6.643527, 57.924323 ], [ -6.643297, 57.924179 ], [ -6.643205, 57.92425 ], [ -6.643214, 57.924056 ], [ -6.642886, 57.923748 ], [ -6.642764, 57.923717 ], [ -6.642591, 57.923818 ], [ -6.642089, 57.9234 ], [ -6.641947, 57.923414 ], [ -6.641062, 57.922907 ], [ -6.640439, 57.922273 ], [ -6.640257, 57.922176 ], [ -6.640152, 57.922216 ], [ -6.639706, 57.9219 ], [ -6.639566, 57.921995 ], [ -6.639297, 57.922004 ], [ -6.639223, 57.922151 ], [ -6.639062, 57.922152 ], [ -6.638896, 57.921974 ], [ -6.639147, 57.92196 ], [ -6.639204, 57.921877 ], [ -6.638894, 57.921632 ], [ -6.639022, 57.921578 ], [ -6.638875, 57.921485 ], [ -6.638636, 57.921538 ], [ -6.63838, 57.921386 ], [ -6.638261, 57.921642 ], [ -6.638649, 57.92183 ], [ -6.638692, 57.921968 ], [ -6.638472, 57.921904 ], [ -6.638371, 57.921966 ], [ -6.637993, 57.921926 ], [ -6.637725, 57.922138 ], [ -6.63664, 57.921787 ], [ -6.636428, 57.921781 ], [ -6.636454, 57.92192 ], [ -6.636362, 57.921923 ], [ -6.636214, 57.921694 ], [ -6.635744, 57.921397 ], [ -6.635006, 57.921437 ], [ -6.63485, 57.921344 ], [ -6.634124, 57.92155 ], [ -6.633656, 57.921914 ], [ -6.633732, 57.921718 ], [ -6.633549, 57.921607 ], [ -6.633371, 57.921609 ], [ -6.632727, 57.921858 ], [ -6.632131, 57.921889 ], [ -6.63222, 57.922187 ], [ -6.631965, 57.922695 ], [ -6.632291, 57.923061 ], [ -6.632592, 57.923167 ], [ -6.632624, 57.923283 ], [ -6.63317, 57.92365 ], [ -6.632967, 57.923716 ], [ -6.632817, 57.923928 ], [ -6.63252, 57.924703 ], [ -6.632926, 57.925493 ], [ -6.632911, 57.925989 ], [ -6.633128, 57.926008 ], [ -6.633385, 57.926169 ], [ -6.633759, 57.926578 ], [ -6.633805, 57.926869 ], [ -6.634187, 57.92721 ], [ -6.633968, 57.927214 ], [ -6.634349, 57.927942 ], [ -6.633891, 57.927927 ], [ -6.633889, 57.928044 ], [ -6.633773, 57.928058 ], [ -6.633054, 57.92721 ], [ -6.632377, 57.926809 ], [ -6.632086, 57.926388 ], [ -6.6317, 57.926078 ], [ -6.631495, 57.925604 ], [ -6.630424, 57.924775 ], [ -6.63001, 57.924314 ], [ -6.629653, 57.924174 ], [ -6.629494, 57.923986 ], [ -6.629333, 57.924114 ], [ -6.62877, 57.924076 ], [ -6.628516, 57.923878 ], [ -6.627443, 57.924079 ], [ -6.627219, 57.923979 ], [ -6.627269, 57.923582 ], [ -6.62766, 57.923271 ], [ -6.627503, 57.922971 ], [ -6.627283, 57.922835 ], [ -6.627284, 57.92267 ], [ -6.627667, 57.922272 ], [ -6.627803, 57.922281 ], [ -6.627887, 57.92208 ], [ -6.627565, 57.921812 ], [ -6.6273, 57.921786 ], [ -6.62749, 57.920835 ], [ -6.627342, 57.920602 ], [ -6.627445, 57.920486 ], [ -6.62781, 57.920364 ], [ -6.627816, 57.920153 ], [ -6.627559, 57.91973 ], [ -6.626829, 57.919312 ], [ -6.626618, 57.919311 ], [ -6.62659, 57.919428 ], [ -6.626267, 57.919409 ], [ -6.626428, 57.91961 ], [ -6.626279, 57.919701 ], [ -6.626306, 57.919848 ], [ -6.626061, 57.919974 ], [ -6.625596, 57.919775 ], [ -6.625541, 57.919485 ], [ -6.625219, 57.919146 ], [ -6.624962, 57.919056 ], [ -6.625012, 57.918982 ], [ -6.624658, 57.918667 ], [ -6.624732, 57.918322 ], [ -6.624611, 57.918232 ], [ -6.62444, 57.918284 ], [ -6.624453, 57.918184 ], [ -6.624245, 57.918084 ], [ -6.624343, 57.917599 ], [ -6.624127, 57.917036 ], [ -6.623869, 57.916865 ], [ -6.623199, 57.916849 ], [ -6.623204, 57.916957 ], [ -6.622878, 57.916919 ], [ -6.622578, 57.917016 ], [ -6.622287, 57.916788 ], [ -6.621791, 57.91668 ], [ -6.621301, 57.916743 ], [ -6.621058, 57.916631 ], [ -6.620405, 57.916744 ], [ -6.6198, 57.916708 ], [ -6.619682, 57.916514 ], [ -6.619229, 57.916472 ], [ -6.619109, 57.916265 ], [ -6.618201, 57.916038 ], [ -6.618108, 57.915641 ], [ -6.61749, 57.915501 ], [ -6.617032, 57.915617 ], [ -6.617066, 57.915688 ], [ -6.616812, 57.915877 ], [ -6.616509, 57.91596 ], [ -6.616294, 57.915797 ], [ -6.615916, 57.915815 ], [ -6.61611, 57.916204 ], [ -6.617093, 57.916289 ], [ -6.61708, 57.916384 ], [ -6.617346, 57.916482 ], [ -6.616939, 57.916736 ], [ -6.616706, 57.916767 ], [ -6.616731, 57.916892 ], [ -6.617034, 57.917078 ], [ -6.616421, 57.917245 ], [ -6.61605, 57.916853 ], [ -6.615748, 57.916743 ], [ -6.615286, 57.916697 ], [ -6.614603, 57.91638 ], [ -6.614508, 57.916105 ], [ -6.614798, 57.915923 ], [ -6.614762, 57.915709 ], [ -6.613781, 57.915443 ], [ -6.613792, 57.915263 ], [ -6.613444, 57.915253 ], [ -6.613253, 57.915345 ], [ -6.613328, 57.915405 ], [ -6.613044, 57.915425 ], [ -6.613133, 57.915597 ], [ -6.612393, 57.915624 ], [ -6.611596, 57.916067 ], [ -6.611504, 57.916401 ], [ -6.610952, 57.916774 ], [ -6.610581, 57.916778 ], [ -6.610496, 57.916642 ], [ -6.610209, 57.916517 ], [ -6.610855, 57.915887 ], [ -6.610755, 57.915697 ], [ -6.610314, 57.915623 ], [ -6.609874, 57.915819 ], [ -6.609607, 57.915842 ], [ -6.609175, 57.916164 ], [ -6.609094, 57.916387 ], [ -6.609237, 57.916512 ], [ -6.608921, 57.916492 ], [ -6.609044, 57.916722 ], [ -6.609193, 57.916829 ], [ -6.60944, 57.916847 ], [ -6.609485, 57.916935 ], [ -6.609172, 57.916996 ], [ -6.609017, 57.917235 ], [ -6.608672, 57.917248 ], [ -6.608487, 57.916796 ], [ -6.607825, 57.916114 ], [ -6.607734, 57.916131 ], [ -6.607917, 57.916569 ], [ -6.607335, 57.917036 ], [ -6.607356, 57.917336 ], [ -6.606974, 57.916995 ], [ -6.606659, 57.917042 ], [ -6.606344, 57.917287 ], [ -6.606479, 57.917543 ], [ -6.606388, 57.917956 ], [ -6.606695, 57.918242 ], [ -6.607161, 57.918247 ], [ -6.606993, 57.918523 ], [ -6.607185, 57.918768 ], [ -6.607641, 57.918828 ], [ -6.607905, 57.918778 ], [ -6.608014, 57.918711 ], [ -6.607974, 57.918523 ], [ -6.608978, 57.918379 ], [ -6.609746, 57.919165 ], [ -6.609794, 57.919406 ], [ -6.610314, 57.919509 ], [ -6.610394, 57.91947 ], [ -6.610724, 57.919669 ], [ -6.610966, 57.91971 ], [ -6.611478, 57.920078 ], [ -6.612301, 57.920367 ], [ -6.612975, 57.920878 ], [ -6.612915, 57.921334 ], [ -6.613094, 57.921472 ], [ -6.612895, 57.921636 ], [ -6.612579, 57.921608 ], [ -6.612542, 57.921847 ], [ -6.612629, 57.922001 ], [ -6.613017, 57.922122 ], [ -6.61285, 57.92234 ], [ -6.613012, 57.922545 ], [ -6.612319, 57.922939 ], [ -6.61214, 57.92326 ], [ -6.612002, 57.923301 ], [ -6.612037, 57.923579 ], [ -6.612803, 57.924014 ], [ -6.613013, 57.923998 ], [ -6.613042, 57.924163 ], [ -6.61283, 57.924351 ], [ -6.612848, 57.924692 ], [ -6.612958, 57.92476 ], [ -6.61278, 57.924951 ], [ -6.612855, 57.925011 ], [ -6.612683, 57.925049 ], [ -6.61239, 57.925734 ], [ -6.612543, 57.926066 ], [ -6.61299, 57.926193 ], [ -6.613165, 57.926569 ], [ -6.613523, 57.926786 ], [ -6.613656, 57.9271 ], [ -6.614133, 57.927258 ], [ -6.614442, 57.927625 ], [ -6.614447, 57.927921 ], [ -6.614709, 57.928051 ], [ -6.615633, 57.928206 ], [ -6.615931, 57.928551 ], [ -6.616976, 57.928792 ], [ -6.617289, 57.92905 ], [ -6.617291, 57.929203 ], [ -6.618019, 57.929801 ], [ -6.618793, 57.930295 ], [ -6.619392, 57.93048 ], [ -6.619629, 57.930881 ], [ -6.619946, 57.931108 ], [ -6.620861, 57.931317 ], [ -6.621285, 57.931329 ], [ -6.621926, 57.931121 ], [ -6.622424, 57.931314 ], [ -6.622642, 57.931562 ], [ -6.623874, 57.93226 ], [ -6.624127, 57.932588 ], [ -6.624644, 57.932726 ], [ -6.625424, 57.933399 ], [ -6.625999, 57.933662 ], [ -6.62629, 57.933952 ], [ -6.626415, 57.9342 ], [ -6.626314, 57.934334 ], [ -6.626514, 57.934574 ], [ -6.626329, 57.934841 ], [ -6.62662, 57.935132 ], [ -6.626344, 57.935552 ], [ -6.626048, 57.935481 ], [ -6.625875, 57.935326 ], [ -6.625402, 57.935262 ], [ -6.625099, 57.935075 ], [ -6.624726, 57.934936 ], [ -6.624183, 57.934857 ], [ -6.623944, 57.934713 ], [ -6.623315, 57.93514 ], [ -6.623576, 57.935661 ], [ -6.623436, 57.935756 ], [ -6.622899, 57.935848 ], [ -6.622858, 57.936187 ], [ -6.623314, 57.936449 ], [ -6.623306, 57.936782 ], [ -6.624465, 57.937963 ], [ -6.624551, 57.938239 ], [ -6.624798, 57.93832 ], [ -6.624895, 57.938874 ], [ -6.624278, 57.938874 ], [ -6.624625, 57.939536 ], [ -6.624824, 57.939637 ], [ -6.624996, 57.940049 ], [ -6.625442, 57.940293 ], [ -6.626281, 57.941032 ], [ -6.626846, 57.942063 ], [ -6.627306, 57.942357 ], [ -6.627407, 57.942682 ], [ -6.627587, 57.942697 ], [ -6.627962, 57.943115 ], [ -6.627889, 57.943204 ], [ -6.628173, 57.943567 ], [ -6.628044, 57.943882 ], [ -6.628236, 57.944189 ], [ -6.62918, 57.944816 ], [ -6.629061, 57.945009 ], [ -6.628833, 57.944883 ], [ -6.6287, 57.944901 ], [ -6.628802, 57.945163 ], [ -6.628499, 57.945048 ], [ -6.628707, 57.945476 ], [ -6.629062, 57.945675 ], [ -6.629891, 57.945869 ], [ -6.630113, 57.946347 ], [ -6.630472, 57.946505 ], [ -6.630557, 57.946641 ], [ -6.630639, 57.94662 ], [ -6.631247, 57.947201 ], [ -6.631269, 57.947438 ], [ -6.631817, 57.948277 ], [ -6.632355, 57.948577 ], [ -6.632587, 57.948537 ], [ -6.632927, 57.948812 ], [ -6.633315, 57.948938 ], [ -6.634397, 57.949847 ], [ -6.634579, 57.949881 ], [ -6.636321, 57.951184 ], [ -6.636851, 57.951426 ], [ -6.637683, 57.952034 ], [ -6.637836, 57.952037 ], [ -6.638388, 57.952319 ], [ -6.639188, 57.952941 ], [ -6.639298, 57.95327 ], [ -6.639814, 57.953665 ], [ -6.64014, 57.954157 ], [ -6.640457, 57.954366 ], [ -6.640523, 57.954629 ], [ -6.642494, 57.95587 ], [ -6.642466, 57.955979 ], [ -6.642636, 57.956116 ], [ -6.642368, 57.956333 ], [ -6.642457, 57.956631 ], [ -6.643048, 57.957212 ], [ -6.643035, 57.957433 ], [ -6.643383, 57.95823 ], [ -6.643844, 57.958978 ], [ -6.644097, 57.959099 ], [ -6.644527, 57.959551 ], [ -6.644719, 57.960052 ], [ -6.645422, 57.960903 ], [ -6.645383, 57.961453 ], [ -6.645234, 57.96167 ], [ -6.645751, 57.962591 ], [ -6.645939, 57.962674 ], [ -6.645865, 57.962758 ], [ -6.64611, 57.963271 ], [ -6.645753, 57.963522 ], [ -6.645932, 57.963664 ], [ -6.645685, 57.963718 ], [ -6.645757, 57.963877 ], [ -6.646247, 57.964008 ], [ -6.646307, 57.964077 ], [ -6.646094, 57.96413 ], [ -6.645516, 57.963783 ], [ -6.64555, 57.96326 ], [ -6.644406, 57.963122 ], [ -6.643341, 57.962409 ], [ -6.642789, 57.962326 ], [ -6.642377, 57.962481 ], [ -6.641755, 57.962252 ], [ -6.641133, 57.961501 ], [ -6.640633, 57.961168 ], [ -6.640337, 57.960774 ], [ -6.639751, 57.960306 ], [ -6.639023, 57.96004 ], [ -6.638005, 57.959825 ], [ -6.637346, 57.959107 ], [ -6.637233, 57.959084 ], [ -6.637117, 57.95917 ], [ -6.636756, 57.959124 ], [ -6.636349, 57.958856 ], [ -6.636176, 57.958633 ], [ -6.636195, 57.958322 ], [ -6.635708, 57.957957 ], [ -6.635363, 57.957777 ], [ -6.634939, 57.957702 ], [ -6.634393, 57.957344 ], [ -6.633264, 57.956918 ], [ -6.632865, 57.956586 ], [ -6.632666, 57.956225 ], [ -6.631708, 57.955423 ], [ -6.631349, 57.954932 ], [ -6.631149, 57.954895 ], [ -6.630603, 57.954137 ], [ -6.629973, 57.953714 ], [ -6.628913, 57.953231 ], [ -6.628638, 57.953007 ], [ -6.627651, 57.952697 ], [ -6.627348, 57.952713 ], [ -6.626657, 57.952536 ], [ -6.625751, 57.952528 ], [ -6.625737, 57.952421 ], [ -6.624924, 57.952216 ], [ -6.624716, 57.951846 ], [ -6.624546, 57.951844 ], [ -6.624428, 57.951713 ], [ -6.624388, 57.951471 ], [ -6.623775, 57.951175 ], [ -6.623005, 57.951045 ], [ -6.622691, 57.950378 ], [ -6.622208, 57.95031 ], [ -6.622024, 57.95019 ], [ -6.62179, 57.949956 ], [ -6.621826, 57.949838 ], [ -6.621326, 57.949631 ], [ -6.621212, 57.949276 ], [ -6.620163, 57.948815 ], [ -6.620212, 57.948736 ], [ -6.619926, 57.948549 ], [ -6.61957, 57.948413 ], [ -6.619259, 57.948429 ], [ -6.61933, 57.948323 ], [ -6.619076, 57.948193 ], [ -6.618148, 57.947948 ], [ -6.617729, 57.947977 ], [ -6.617132, 57.948138 ], [ -6.617126, 57.948219 ], [ -6.616617, 57.948278 ], [ -6.616497, 57.948462 ], [ -6.61608, 57.948509 ], [ -6.615157, 57.948889 ], [ -6.614512, 57.948944 ], [ -6.614032, 57.949087 ], [ -6.613693, 57.949414 ], [ -6.613328, 57.950255 ], [ -6.613359, 57.950564 ], [ -6.613093, 57.950799 ], [ -6.613203, 57.950997 ], [ -6.612485, 57.951001 ], [ -6.612244, 57.9511 ], [ -6.612014, 57.950474 ], [ -6.611101, 57.950044 ], [ -6.610757, 57.950128 ], [ -6.610127, 57.949836 ], [ -6.609855, 57.949891 ], [ -6.609608, 57.949815 ], [ -6.60911, 57.949862 ], [ -6.609441, 57.949501 ], [ -6.610161, 57.949376 ], [ -6.610528, 57.949143 ], [ -6.610661, 57.948724 ], [ -6.611003, 57.948622 ], [ -6.611194, 57.948394 ], [ -6.61145, 57.948282 ], [ -6.611578, 57.947967 ], [ -6.61147, 57.947323 ], [ -6.611756, 57.946912 ], [ -6.611798, 57.946582 ], [ -6.612578, 57.946464 ], [ -6.612512, 57.946345 ], [ -6.613172, 57.946083 ], [ -6.613179, 57.945943 ], [ -6.612959, 57.945744 ], [ -6.61321, 57.945591 ], [ -6.613385, 57.945306 ], [ -6.613445, 57.944859 ], [ -6.613292, 57.944783 ], [ -6.61354, 57.944608 ], [ -6.613739, 57.944119 ], [ -6.613111, 57.943899 ], [ -6.612942, 57.943703 ], [ -6.613071, 57.943658 ], [ -6.61302, 57.943525 ], [ -6.612842, 57.943653 ], [ -6.612563, 57.94306 ], [ -6.612205, 57.943303 ], [ -6.612093, 57.943289 ], [ -6.611477, 57.942969 ], [ -6.611217, 57.942988 ], [ -6.611108, 57.942857 ], [ -6.610921, 57.94285 ], [ -6.610912, 57.942716 ], [ -6.61068, 57.942688 ], [ -6.610373, 57.942344 ], [ -6.610585, 57.942017 ], [ -6.610906, 57.941879 ], [ -6.610584, 57.941743 ], [ -6.610624, 57.94153 ], [ -6.61042, 57.941326 ], [ -6.610151, 57.941268 ], [ -6.610067, 57.941078 ], [ -6.610231, 57.940968 ], [ -6.611012, 57.940998 ], [ -6.611149, 57.940746 ], [ -6.61054, 57.940485 ], [ -6.610771, 57.940045 ], [ -6.610672, 57.939729 ], [ -6.610457, 57.939701 ], [ -6.610304, 57.9395 ], [ -6.610087, 57.939521 ], [ -6.609885, 57.939663 ], [ -6.609573, 57.93954 ], [ -6.609808, 57.939261 ], [ -6.609765, 57.938926 ], [ -6.60931, 57.938677 ], [ -6.609223, 57.938527 ], [ -6.608762, 57.938359 ], [ -6.60818, 57.938371 ], [ -6.60812, 57.938297 ], [ -6.607815, 57.938295 ], [ -6.60754, 57.938192 ], [ -6.607576, 57.937948 ], [ -6.607448, 57.937935 ], [ -6.607629, 57.937173 ], [ -6.607477, 57.937106 ], [ -6.607029, 57.937114 ], [ -6.606928, 57.936919 ], [ -6.606608, 57.936859 ], [ -6.606437, 57.936915 ], [ -6.606277, 57.936849 ], [ -6.606271, 57.936741 ], [ -6.606058, 57.936991 ], [ -6.605744, 57.936719 ], [ -6.6057, 57.936307 ], [ -6.605452, 57.936154 ], [ -6.605395, 57.935972 ], [ -6.605007, 57.935851 ], [ -6.604829, 57.935849 ], [ -6.604732, 57.935947 ], [ -6.604086, 57.93579 ], [ -6.603795, 57.935634 ], [ -6.603898, 57.935514 ], [ -6.60377, 57.935505 ], [ -6.603827, 57.935354 ], [ -6.603502, 57.935191 ], [ -6.603266, 57.934939 ], [ -6.603143, 57.934637 ], [ -6.603236, 57.93444 ], [ -6.602926, 57.933737 ], [ -6.602804, 57.933705 ], [ -6.602819, 57.932702 ], [ -6.603018, 57.931943 ], [ -6.602752, 57.93198 ], [ -6.602514, 57.931773 ], [ -6.602554, 57.931493 ], [ -6.602721, 57.931477 ], [ -6.602732, 57.931234 ], [ -6.602571, 57.931101 ], [ -6.602371, 57.931184 ], [ -6.602301, 57.931106 ], [ -6.602029, 57.930693 ], [ -6.602111, 57.930609 ], [ -6.601951, 57.930282 ], [ -6.601459, 57.929945 ], [ -6.60089, 57.92979 ], [ -6.600787, 57.929578 ], [ -6.60035, 57.929733 ], [ -6.599721, 57.928978 ], [ -6.599382, 57.928905 ], [ -6.599147, 57.928724 ], [ -6.599055, 57.928399 ], [ -6.597995, 57.927781 ], [ -6.597598, 57.927719 ], [ -6.596999, 57.927201 ], [ -6.59673, 57.927148 ], [ -6.596875, 57.927093 ], [ -6.596824, 57.926956 ], [ -6.596498, 57.926585 ], [ -6.596092, 57.926519 ], [ -6.595671, 57.926669 ], [ -6.595151, 57.926562 ], [ -6.595279, 57.926445 ], [ -6.595153, 57.926315 ], [ -6.595032, 57.926364 ], [ -6.59443, 57.925887 ], [ -6.594073, 57.925805 ], [ -6.59393, 57.925612 ], [ -6.59378, 57.925564 ], [ -6.593638, 57.925646 ], [ -6.593676, 57.925082 ], [ -6.593921, 57.924682 ], [ -6.593705, 57.924451 ], [ -6.593734, 57.924279 ], [ -6.593931, 57.924164 ], [ -6.594269, 57.924166 ], [ -6.594357, 57.923794 ], [ -6.594431, 57.923714 ], [ -6.59472, 57.923726 ], [ -6.594892, 57.923419 ], [ -6.595406, 57.923342 ], [ -6.595855, 57.92355 ], [ -6.596401, 57.923589 ], [ -6.597205, 57.923528 ], [ -6.597306, 57.923327 ], [ -6.596907, 57.923251 ], [ -6.596876, 57.92314 ], [ -6.595865, 57.922435 ], [ -6.595476, 57.922372 ], [ -6.595214, 57.922238 ], [ -6.594916, 57.922222 ], [ -6.594703, 57.922535 ], [ -6.594555, 57.922572 ], [ -6.594383, 57.922349 ], [ -6.594015, 57.92225 ], [ -6.594214, 57.922216 ], [ -6.594213, 57.922139 ], [ -6.593841, 57.921941 ], [ -6.593404, 57.921962 ], [ -6.593179, 57.922055 ], [ -6.592868, 57.921999 ], [ -6.592612, 57.921586 ], [ -6.592965, 57.921568 ], [ -6.593045, 57.921467 ], [ -6.592787, 57.921175 ], [ -6.592615, 57.921145 ], [ -6.592375, 57.92145 ], [ -6.592233, 57.921334 ], [ -6.592033, 57.921355 ], [ -6.591834, 57.921191 ], [ -6.591428, 57.921314 ], [ -6.591046, 57.921238 ], [ -6.590993, 57.921087 ], [ -6.590721, 57.920944 ], [ -6.590369, 57.920902 ], [ -6.590333, 57.920953 ], [ -6.589941, 57.920859 ], [ -6.589698, 57.92094 ], [ -6.589475, 57.921182 ], [ -6.589591, 57.920764 ], [ -6.589744, 57.920705 ], [ -6.589704, 57.920589 ], [ -6.589934, 57.920405 ], [ -6.589725, 57.920229 ], [ -6.589383, 57.920263 ], [ -6.589541, 57.920046 ], [ -6.589496, 57.919958 ], [ -6.58927, 57.919971 ], [ -6.589292, 57.919421 ], [ -6.589442, 57.919272 ], [ -6.589618, 57.9186 ], [ -6.589341, 57.918147 ], [ -6.589172, 57.918018 ], [ -6.589011, 57.918082 ], [ -6.58893, 57.917977 ], [ -6.588719, 57.918043 ], [ -6.588611, 57.917926 ], [ -6.588466, 57.917918 ], [ -6.587887, 57.916756 ], [ -6.587634, 57.916495 ], [ -6.587459, 57.916452 ], [ -6.587191, 57.91605 ], [ -6.586965, 57.915957 ], [ -6.586583, 57.916007 ], [ -6.586193, 57.915931 ], [ -6.585811, 57.915953 ], [ -6.586074, 57.915729 ], [ -6.585904, 57.915519 ], [ -6.585701, 57.915459 ], [ -6.58521, 57.915382 ], [ -6.584624, 57.915489 ], [ -6.584396, 57.915425 ], [ -6.584819, 57.915167 ], [ -6.584677, 57.915113 ], [ -6.584852, 57.915031 ], [ -6.584861, 57.9149 ], [ -6.584708, 57.914564 ], [ -6.584335, 57.914555 ], [ -6.583342, 57.914847 ], [ -6.583354, 57.914941 ], [ -6.583085, 57.91509 ], [ -6.583094, 57.915423 ], [ -6.582986, 57.915435 ], [ -6.582583, 57.915126 ], [ -6.582353, 57.914784 ], [ -6.582003, 57.914751 ], [ -6.581393, 57.915138 ], [ -6.58092, 57.915204 ], [ -6.580858, 57.915319 ], [ -6.581037, 57.915393 ], [ -6.581099, 57.915684 ], [ -6.580851, 57.915661 ], [ -6.580738, 57.915436 ], [ -6.58045, 57.915428 ], [ -6.579808, 57.915568 ], [ -6.579807, 57.915685 ], [ -6.580093, 57.915679 ], [ -6.579627, 57.915935 ], [ -6.579694, 57.916063 ], [ -6.579156, 57.916149 ], [ -6.578823, 57.916323 ], [ -6.577828, 57.916607 ], [ -6.577772, 57.916298 ], [ -6.577595, 57.916305 ], [ -6.577393, 57.916177 ], [ -6.577061, 57.916221 ], [ -6.576615, 57.916439 ], [ -6.576278, 57.916447 ], [ -6.57595, 57.916126 ], [ -6.575986, 57.915886 ], [ -6.576752, 57.915724 ], [ -6.577787, 57.915223 ], [ -6.577741, 57.91486 ], [ -6.578155, 57.914531 ], [ -6.578094, 57.914447 ], [ -6.577912, 57.914481 ], [ -6.577921, 57.914152 ], [ -6.577772, 57.914041 ], [ -6.577903, 57.913946 ], [ -6.578122, 57.914006 ], [ -6.578106, 57.913948 ], [ -6.57845, 57.913859 ], [ -6.578532, 57.91364 ], [ -6.578378, 57.913497 ], [ -6.578115, 57.913556 ], [ -6.578082, 57.91336 ], [ -6.578116, 57.913228 ], [ -6.5784, 57.913204 ], [ -6.578637, 57.913007 ], [ -6.578686, 57.912663 ], [ -6.578277, 57.912372 ], [ -6.578114, 57.912486 ], [ -6.578068, 57.912321 ], [ -6.57795, 57.912528 ], [ -6.577685, 57.912564 ], [ -6.577716, 57.912212 ], [ -6.577491, 57.911906 ], [ -6.576934, 57.912047 ], [ -6.577488, 57.911748 ], [ -6.577494, 57.911132 ], [ -6.577615, 57.911092 ], [ -6.577466, 57.910917 ], [ -6.577121, 57.910858 ], [ -6.577193, 57.910698 ], [ -6.577069, 57.910648 ], [ -6.577075, 57.9105 ], [ -6.576987, 57.910485 ], [ -6.57692, 57.910609 ], [ -6.576581, 57.91067 ], [ -6.576615, 57.9108 ], [ -6.576386, 57.910794 ], [ -6.576387, 57.911001 ], [ -6.576309, 57.910856 ], [ -6.575986, 57.910768 ], [ -6.575724, 57.911102 ], [ -6.575441, 57.911134 ], [ -6.575431, 57.911454 ], [ -6.575043, 57.911261 ], [ -6.574612, 57.911326 ], [ -6.574702, 57.911102 ], [ -6.574433, 57.91118 ], [ -6.57439, 57.911046 ], [ -6.574287, 57.911162 ], [ -6.573734, 57.911002 ], [ -6.573662, 57.910699 ], [ -6.57341, 57.91065 ], [ -6.573528, 57.910392 ], [ -6.57346, 57.910243 ], [ -6.572556, 57.910379 ], [ -6.572788, 57.910209 ], [ -6.572787, 57.910002 ], [ -6.572958, 57.910014 ], [ -6.572693, 57.909929 ], [ -6.572225, 57.909501 ], [ -6.572041, 57.909584 ], [ -6.57185, 57.909546 ], [ -6.571713, 57.909663 ], [ -6.571942, 57.909736 ], [ -6.571947, 57.909844 ], [ -6.571208, 57.909875 ], [ -6.570417, 57.910232 ], [ -6.570533, 57.910412 ], [ -6.570789, 57.910439 ], [ -6.571119, 57.910836 ], [ -6.571622, 57.910804 ], [ -6.571414, 57.910897 ], [ -6.571348, 57.911372 ], [ -6.571433, 57.911513 ], [ -6.571758, 57.911546 ], [ -6.571619, 57.911843 ], [ -6.57196, 57.912065 ], [ -6.571777, 57.912152 ], [ -6.571286, 57.91195 ], [ -6.570987, 57.912122 ], [ -6.570815, 57.912295 ], [ -6.570901, 57.912575 ], [ -6.57064, 57.91258 ], [ -6.570679, 57.912822 ], [ -6.570802, 57.912862 ], [ -6.570563, 57.912911 ], [ -6.570593, 57.913009 ], [ -6.570046, 57.913096 ], [ -6.569727, 57.913045 ], [ -6.569225, 57.913081 ], [ -6.569075, 57.913302 ], [ -6.568727, 57.913288 ], [ -6.568711, 57.913365 ], [ -6.568907, 57.913511 ], [ -6.569356, 57.913647 ], [ -6.570898, 57.913812 ], [ -6.570122, 57.914222 ], [ -6.569727, 57.914241 ], [ -6.569707, 57.91448 ], [ -6.569513, 57.914555 ], [ -6.569555, 57.914683 ], [ -6.569832, 57.914997 ], [ -6.570134, 57.915112 ], [ -6.570468, 57.915883 ], [ -6.570787, 57.915997 ], [ -6.571094, 57.916418 ], [ -6.571829, 57.916684 ], [ -6.572067, 57.916954 ], [ -6.571743, 57.916997 ], [ -6.571782, 57.917104 ], [ -6.572512, 57.917199 ], [ -6.57254, 57.917283 ], [ -6.573001, 57.917455 ], [ -6.57314, 57.917684 ], [ -6.573048, 57.917823 ], [ -6.572662, 57.917908 ], [ -6.572619, 57.918036 ], [ -6.57221, 57.918213 ], [ -6.572451, 57.918316 ], [ -6.572305, 57.918362 ], [ -6.572372, 57.918486 ], [ -6.573059, 57.918843 ], [ -6.573264, 57.918858 ], [ -6.573468, 57.919067 ], [ -6.57382, 57.919171 ], [ -6.573928, 57.919423 ], [ -6.574047, 57.9195 ], [ -6.574276, 57.919501 ], [ -6.574336, 57.919773 ], [ -6.574432, 57.919864 ], [ -6.574748, 57.919893 ], [ -6.57499, 57.920194 ], [ -6.574655, 57.920355 ], [ -6.574362, 57.920181 ], [ -6.574462, 57.920362 ], [ -6.574231, 57.920541 ], [ -6.574418, 57.920687 ], [ -6.573925, 57.920795 ], [ -6.574023, 57.921169 ], [ -6.573578, 57.921185 ], [ -6.573587, 57.92199 ], [ -6.57379, 57.922253 ], [ -6.574034, 57.92357 ], [ -6.573886, 57.923738 ], [ -6.573591, 57.923816 ], [ -6.573339, 57.924288 ], [ -6.573375, 57.924435 ], [ -6.573067, 57.924478 ], [ -6.573012, 57.924642 ], [ -6.572673, 57.924631 ], [ -6.572192, 57.924239 ], [ -6.571365, 57.923918 ], [ -6.571272, 57.923791 ], [ -6.570767, 57.923738 ], [ -6.57024, 57.923316 ], [ -6.569887, 57.923203 ], [ -6.569691, 57.92325 ], [ -6.569271, 57.923207 ], [ -6.56876, 57.922843 ], [ -6.568437, 57.923035 ], [ -6.568501, 57.923136 ], [ -6.568208, 57.923353 ], [ -6.56823, 57.923532 ], [ -6.568004, 57.923477 ], [ -6.568336, 57.923897 ], [ -6.568213, 57.923929 ], [ -6.5675, 57.923639 ], [ -6.566619, 57.922961 ], [ -6.566232, 57.922174 ], [ -6.567122, 57.921931 ], [ -6.56716, 57.92183 ], [ -6.566822, 57.921564 ], [ -6.566031, 57.921322 ], [ -6.565712, 57.92141 ], [ -6.56549, 57.921189 ], [ -6.565594, 57.920947 ], [ -6.566058, 57.920809 ], [ -6.566475, 57.920564 ], [ -6.56677, 57.919762 ], [ -6.567203, 57.919846 ], [ -6.56733, 57.920444 ], [ -6.567505, 57.920622 ], [ -6.568041, 57.920584 ], [ -6.569017, 57.92068 ], [ -6.569717, 57.921068 ], [ -6.569857, 57.921369 ], [ -6.570182, 57.92147 ], [ -6.57051, 57.921318 ], [ -6.570503, 57.921067 ], [ -6.570256, 57.920918 ], [ -6.570392, 57.920792 ], [ -6.57019, 57.920669 ], [ -6.570456, 57.920299 ], [ -6.570232, 57.919934 ], [ -6.569964, 57.91989 ], [ -6.569345, 57.919939 ], [ -6.569208, 57.919859 ], [ -6.569161, 57.919618 ], [ -6.569583, 57.919283 ], [ -6.569579, 57.919117 ], [ -6.569787, 57.919091 ], [ -6.569707, 57.919 ], [ -6.569176, 57.918942 ], [ -6.569034, 57.918754 ], [ -6.568858, 57.918698 ], [ -6.568988, 57.918594 ], [ -6.568849, 57.918235 ], [ -6.568332, 57.918087 ], [ -6.568188, 57.917948 ], [ -6.567785, 57.917904 ], [ -6.567712, 57.917732 ], [ -6.56727, 57.917774 ], [ -6.567359, 57.917546 ], [ -6.566941, 57.917579 ], [ -6.56681, 57.917813 ], [ -6.566611, 57.917645 ], [ -6.566503, 57.917262 ], [ -6.566251, 57.917141 ], [ -6.566225, 57.9168 ], [ -6.565978, 57.916791 ], [ -6.565961, 57.916585 ], [ -6.566254, 57.916435 ], [ -6.566268, 57.916281 ], [ -6.566147, 57.916254 ], [ -6.565888, 57.915818 ], [ -6.565992, 57.915639 ], [ -6.565727, 57.915478 ], [ -6.565839, 57.915429 ], [ -6.565707, 57.915389 ], [ -6.56591, 57.91526 ], [ -6.565586, 57.915168 ], [ -6.565568, 57.915029 ], [ -6.565244, 57.91487 ], [ -6.565049, 57.914868 ], [ -6.565103, 57.914821 ], [ -6.564183, 57.914832 ], [ -6.564093, 57.914525 ], [ -6.563856, 57.914857 ], [ -6.563472, 57.914691 ], [ -6.563691, 57.914953 ], [ -6.563404, 57.91482 ], [ -6.562758, 57.914789 ], [ -6.562526, 57.914698 ], [ -6.562173, 57.914778 ], [ -6.562079, 57.914899 ], [ -6.56237, 57.915262 ], [ -6.562874, 57.915437 ], [ -6.563358, 57.915725 ], [ -6.562864, 57.915891 ], [ -6.562655, 57.915845 ], [ -6.562609, 57.916143 ], [ -6.562806, 57.916433 ], [ -6.563101, 57.916562 ], [ -6.56329, 57.916784 ], [ -6.563086, 57.916904 ], [ -6.563696, 57.917318 ], [ -6.563819, 57.917818 ], [ -6.564796, 57.918727 ], [ -6.564358, 57.918734 ], [ -6.564354, 57.918968 ], [ -6.564772, 57.919137 ], [ -6.565271, 57.919137 ], [ -6.565737, 57.919543 ], [ -6.566279, 57.919555 ], [ -6.566303, 57.91968 ], [ -6.566038, 57.919784 ], [ -6.565267, 57.919704 ], [ -6.564924, 57.919532 ], [ -6.564451, 57.91967 ], [ -6.564272, 57.91992 ], [ -6.564086, 57.919922 ], [ -6.563063, 57.919185 ], [ -6.56284, 57.918559 ], [ -6.561902, 57.918031 ], [ -6.561557, 57.917112 ], [ -6.561234, 57.916764 ], [ -6.561052, 57.916797 ], [ -6.561008, 57.916979 ], [ -6.560725, 57.916949 ], [ -6.560092, 57.916558 ], [ -6.559269, 57.9158 ], [ -6.558844, 57.915645 ], [ -6.55868, 57.915484 ], [ -6.558275, 57.915355 ], [ -6.558006, 57.915369 ], [ -6.557688, 57.915196 ], [ -6.557413, 57.915354 ], [ -6.55737, 57.915617 ], [ -6.557547, 57.916411 ], [ -6.557226, 57.916144 ], [ -6.556883, 57.915976 ], [ -6.556814, 57.916028 ], [ -6.556862, 57.916143 ], [ -6.557449, 57.916509 ], [ -6.557269, 57.916484 ], [ -6.557241, 57.916534 ], [ -6.557529, 57.91687 ], [ -6.557206, 57.917057 ], [ -6.556492, 57.916755 ], [ -6.556502, 57.916835 ], [ -6.556218, 57.916728 ], [ -6.555409, 57.916749 ], [ -6.555113, 57.916881 ], [ -6.554872, 57.916777 ], [ -6.554378, 57.916808 ], [ -6.554285, 57.916748 ], [ -6.554474, 57.916638 ], [ -6.554388, 57.916493 ], [ -6.554178, 57.9165 ], [ -6.553786, 57.916078 ], [ -6.553479, 57.91599 ], [ -6.553224, 57.915775 ], [ -6.552999, 57.915666 ], [ -6.552209, 57.915699 ], [ -6.552123, 57.915891 ], [ -6.552214, 57.916342 ], [ -6.55205, 57.916716 ], [ -6.55181, 57.916824 ], [ -6.552367, 57.917613 ], [ -6.552286, 57.917841 ], [ -6.552436, 57.918222 ], [ -6.552162, 57.918394 ], [ -6.551821, 57.918177 ], [ -6.551311, 57.918353 ], [ -6.551104, 57.918185 ], [ -6.550642, 57.918075 ], [ -6.550434, 57.917899 ], [ -6.549924, 57.917944 ], [ -6.549678, 57.917867 ], [ -6.549626, 57.91759 ], [ -6.549313, 57.91739 ], [ -6.549365, 57.917199 ], [ -6.549078, 57.916998 ], [ -6.548735, 57.916826 ], [ -6.54829, 57.916785 ], [ -6.547831, 57.916634 ], [ -6.547424, 57.916617 ], [ -6.546986, 57.916295 ], [ -6.546245, 57.916385 ], [ -6.546307, 57.91627 ], [ -6.546192, 57.916229 ], [ -6.545757, 57.916402 ], [ -6.545082, 57.916881 ], [ -6.545178, 57.917098 ], [ -6.544704, 57.916759 ], [ -6.54452, 57.916842 ], [ -6.544341, 57.916763 ], [ -6.54422, 57.916475 ], [ -6.543737, 57.916196 ], [ -6.543272, 57.916397 ], [ -6.543256, 57.916474 ], [ -6.542365, 57.916443 ], [ -6.541912, 57.916536 ], [ -6.541675, 57.916396 ], [ -6.541257, 57.916501 ], [ -6.541422, 57.916603 ], [ -6.541317, 57.916642 ], [ -6.541097, 57.916574 ], [ -6.540979, 57.916641 ], [ -6.540353, 57.916502 ], [ -6.540217, 57.916695 ], [ -6.540457, 57.916727 ], [ -6.539644, 57.916981 ], [ -6.539391, 57.917381 ], [ -6.540063, 57.917416 ], [ -6.539111, 57.917706 ], [ -6.538909, 57.917848 ], [ -6.538998, 57.918016 ], [ -6.538647, 57.918047 ], [ -6.538427, 57.91818 ], [ -6.538503, 57.918582 ], [ -6.538188, 57.918697 ], [ -6.538195, 57.918823 ], [ -6.537852, 57.918979 ], [ -6.537976, 57.919092 ], [ -6.538368, 57.919118 ], [ -6.538577, 57.919371 ], [ -6.538851, 57.919393 ], [ -6.538862, 57.919483 ], [ -6.538499, 57.919617 ], [ -6.538476, 57.919973 ], [ -6.538327, 57.920001 ], [ -6.538208, 57.919924 ], [ -6.538151, 57.920007 ], [ -6.537977, 57.919968 ], [ -6.537747, 57.920089 ], [ -6.538075, 57.920347 ], [ -6.537407, 57.920802 ], [ -6.537804, 57.921139 ], [ -6.537702, 57.921201 ], [ -6.538007, 57.921474 ], [ -6.537869, 57.921524 ], [ -6.537682, 57.92145 ], [ -6.537417, 57.921553 ], [ -6.537396, 57.921725 ], [ -6.537422, 57.921796 ], [ -6.538057, 57.92194 ], [ -6.537202, 57.922132 ], [ -6.537195, 57.922339 ], [ -6.536946, 57.922447 ], [ -6.537309, 57.922641 ], [ -6.537076, 57.922739 ], [ -6.537102, 57.923143 ], [ -6.537598, 57.923454 ], [ -6.537598, 57.923656 ], [ -6.53798, 57.923741 ], [ -6.538068, 57.9239 ], [ -6.537839, 57.924093 ], [ -6.538034, 57.92423 ], [ -6.537961, 57.92452 ], [ -6.538288, 57.925106 ], [ -6.53878, 57.925183 ], [ -6.539063, 57.925421 ], [ -6.538786, 57.925637 ], [ -6.538937, 57.925956 ], [ -6.538745, 57.926048 ], [ -6.53862, 57.926327 ], [ -6.53869, 57.926482 ], [ -6.538482, 57.926507 ], [ -6.538488, 57.926619 ], [ -6.538826, 57.927088 ], [ -6.539066, 57.927246 ], [ -6.538829, 57.927579 ], [ -6.539359, 57.927762 ], [ -6.539778, 57.928399 ], [ -6.540132, 57.928661 ], [ -6.540073, 57.928726 ], [ -6.539711, 57.928604 ], [ -6.539531, 57.928849 ], [ -6.539837, 57.929202 ], [ -6.539454, 57.929647 ], [ -6.539159, 57.929388 ], [ -6.538767, 57.929564 ], [ -6.539145, 57.929676 ], [ -6.539075, 57.930057 ], [ -6.539477, 57.930029 ], [ -6.53959, 57.930317 ], [ -6.539781, 57.930297 ], [ -6.540026, 57.930756 ], [ -6.53998, 57.930996 ], [ -6.539766, 57.931039 ], [ -6.539765, 57.9313 ], [ -6.539986, 57.931378 ], [ -6.54008, 57.931586 ], [ -6.540413, 57.931749 ], [ -6.541213, 57.931855 ], [ -6.54183, 57.932252 ], [ -6.5419, 57.932406 ], [ -6.542825, 57.932567 ], [ -6.543044, 57.932766 ], [ -6.54312, 57.932965 ], [ -6.542946, 57.933322 ], [ -6.543187, 57.933624 ], [ -6.543644, 57.933693 ], [ -6.543809, 57.933993 ], [ -6.544129, 57.934116 ], [ -6.544205, 57.934451 ], [ -6.544506, 57.934692 ], [ -6.544409, 57.93533 ], [ -6.545068, 57.935522 ], [ -6.545139, 57.935749 ], [ -6.545349, 57.935809 ], [ -6.545529, 57.936027 ], [ -6.545214, 57.936609 ], [ -6.54531, 57.936772 ], [ -6.545834, 57.937167 ], [ -6.546283, 57.937174 ], [ -6.546409, 57.937435 ], [ -6.547542, 57.937898 ], [ -6.547818, 57.938144 ], [ -6.548154, 57.938726 ], [ -6.548956, 57.939115 ], [ -6.549241, 57.939361 ], [ -6.549719, 57.940131 ], [ -6.549413, 57.940254 ], [ -6.549326, 57.940631 ], [ -6.54916, 57.940655 ], [ -6.549096, 57.940756 ], [ -6.54944, 57.941265 ], [ -6.549456, 57.941463 ], [ -6.549313, 57.941535 ], [ -6.54939, 57.941672 ], [ -6.549226, 57.941844 ], [ -6.548958, 57.941863 ], [ -6.548919, 57.941959 ], [ -6.548678, 57.941927 ], [ -6.548423, 57.942116 ], [ -6.548474, 57.942253 ], [ -6.548378, 57.942293 ], [ -6.547909, 57.942332 ], [ -6.547378, 57.942144 ], [ -6.547214, 57.942267 ], [ -6.547389, 57.942495 ], [ -6.547039, 57.942939 ], [ -6.547146, 57.943182 ], [ -6.547565, 57.943487 ], [ -6.547558, 57.943968 ], [ -6.547005, 57.944141 ], [ -6.546397, 57.943812 ], [ -6.546115, 57.943854 ], [ -6.545471, 57.944443 ], [ -6.545069, 57.944678 ], [ -6.544913, 57.944976 ], [ -6.545225, 57.945244 ], [ -6.545703, 57.945276 ], [ -6.545979, 57.94612 ], [ -6.547204, 57.947646 ], [ -6.547278, 57.948358 ], [ -6.547616, 57.949025 ], [ -6.547872, 57.949178 ], [ -6.548227, 57.949907 ], [ -6.548258, 57.950284 ], [ -6.548747, 57.950869 ], [ -6.548792, 57.951425 ], [ -6.549766, 57.952973 ], [ -6.550111, 57.954153 ], [ -6.550428, 57.954624 ], [ -6.550261, 57.954939 ], [ -6.550237, 57.955479 ], [ -6.549624, 57.955982 ], [ -6.54934, 57.956078 ], [ -6.549232, 57.956428 ], [ -6.548943, 57.956555 ], [ -6.548821, 57.956726 ], [ -6.548748, 57.957349 ], [ -6.549136, 57.958073 ], [ -6.549037, 57.958158 ], [ -6.548879, 57.958118 ], [ -6.548834, 57.958291 ], [ -6.548552, 57.958404 ], [ -6.548464, 57.958578 ], [ -6.548108, 57.958573 ], [ -6.547872, 57.958379 ], [ -6.547473, 57.958367 ], [ -6.547333, 57.958268 ], [ -6.547262, 57.958104 ], [ -6.547411, 57.958018 ], [ -6.547259, 57.957939 ], [ -6.547109, 57.957368 ], [ -6.546508, 57.956962 ], [ -6.546418, 57.956385 ], [ -6.54597, 57.955727 ], [ -6.545978, 57.954719 ], [ -6.545842, 57.954513 ], [ -6.545842, 57.953982 ], [ -6.545563, 57.953848 ], [ -6.545708, 57.953326 ], [ -6.545419, 57.952176 ], [ -6.545169, 57.951474 ], [ -6.544652, 57.950998 ], [ -6.54433, 57.950061 ], [ -6.543981, 57.949839 ], [ -6.543856, 57.949259 ], [ -6.543958, 57.949125 ], [ -6.543702, 57.948774 ], [ -6.543581, 57.947888 ], [ -6.542702, 57.947223 ], [ -6.542334, 57.946521 ], [ -6.541984, 57.946367 ], [ -6.541527, 57.946424 ], [ -6.541204, 57.946282 ], [ -6.540811, 57.946247 ], [ -6.540547, 57.946301 ], [ -6.540345, 57.946246 ], [ -6.540097, 57.945886 ], [ -6.540041, 57.945182 ], [ -6.540808, 57.944354 ], [ -6.540529, 57.943757 ], [ -6.540702, 57.943521 ], [ -6.540595, 57.943345 ], [ -6.540699, 57.943027 ], [ -6.540616, 57.942373 ], [ -6.540145, 57.942125 ], [ -6.539451, 57.94192 ], [ -6.539137, 57.941841 ], [ -6.538683, 57.941867 ], [ -6.538225, 57.941586 ], [ -6.538184, 57.940859 ], [ -6.537882, 57.940276 ], [ -6.537588, 57.940026 ], [ -6.536756, 57.940137 ], [ -6.53638, 57.940703 ], [ -6.536224, 57.940808 ], [ -6.535982, 57.940771 ], [ -6.535819, 57.940885 ], [ -6.53601, 57.941126 ], [ -6.535833, 57.941132 ], [ -6.53583, 57.941236 ], [ -6.536078, 57.941398 ], [ -6.536352, 57.941356 ], [ -6.536468, 57.941469 ], [ -6.536136, 57.941719 ], [ -6.536117, 57.942102 ], [ -6.535932, 57.942109 ], [ -6.53561, 57.942305 ], [ -6.535115, 57.942075 ], [ -6.53469, 57.942117 ], [ -6.534175, 57.941996 ], [ -6.534098, 57.941783 ], [ -6.533964, 57.941797 ], [ -6.533998, 57.941261 ], [ -6.533848, 57.94101 ], [ -6.533564, 57.940903 ], [ -6.533273, 57.940945 ], [ -6.533346, 57.940717 ], [ -6.533109, 57.940514 ], [ -6.532905, 57.94058 ], [ -6.532575, 57.940511 ], [ -6.532233, 57.940141 ], [ -6.531901, 57.940063 ], [ -6.531938, 57.939684 ], [ -6.531672, 57.939653 ], [ -6.531593, 57.939498 ], [ -6.531209, 57.939404 ], [ -6.531153, 57.939222 ], [ -6.530542, 57.939239 ], [ -6.529434, 57.938604 ], [ -6.529113, 57.938539 ], [ -6.52859, 57.938751 ], [ -6.528113, 57.938791 ], [ -6.527913, 57.938946 ], [ -6.527891, 57.939172 ], [ -6.528074, 57.939485 ], [ -6.527944, 57.939525 ], [ -6.527336, 57.938926 ], [ -6.52694, 57.93894 ], [ -6.526707, 57.938773 ], [ -6.526628, 57.938349 ], [ -6.526258, 57.93816 ], [ -6.526204, 57.937869 ], [ -6.526024, 57.937781 ], [ -6.526237, 57.937661 ], [ -6.526027, 57.937332 ], [ -6.5259, 57.936729 ], [ -6.525701, 57.936561 ], [ -6.525261, 57.936558 ], [ -6.525204, 57.935971 ], [ -6.525622, 57.935803 ], [ -6.526119, 57.936056 ], [ -6.526442, 57.935864 ], [ -6.527017, 57.936401 ], [ -6.527557, 57.936395 ], [ -6.527727, 57.936871 ], [ -6.527843, 57.93692 ], [ -6.528213, 57.936768 ], [ -6.528494, 57.936852 ], [ -6.528533, 57.936756 ], [ -6.528955, 57.936615 ], [ -6.529512, 57.936542 ], [ -6.529716, 57.936345 ], [ -6.529623, 57.936349 ], [ -6.52958, 57.936076 ], [ -6.529259, 57.935876 ], [ -6.528595, 57.935711 ], [ -6.528322, 57.935488 ], [ -6.528277, 57.935201 ], [ -6.528397, 57.935147 ], [ -6.528181, 57.93511 ], [ -6.528094, 57.934955 ], [ -6.528332, 57.93496 ], [ -6.528483, 57.934685 ], [ -6.528916, 57.934701 ], [ -6.529006, 57.934608 ], [ -6.528925, 57.934435 ], [ -6.52856, 57.934426 ], [ -6.528553, 57.934098 ], [ -6.528248, 57.933965 ], [ -6.528106, 57.933777 ], [ -6.52759, 57.93371 ], [ -6.527539, 57.933972 ], [ -6.527117, 57.93378 ], [ -6.527077, 57.933926 ], [ -6.527465, 57.934119 ], [ -6.527497, 57.934244 ], [ -6.526963, 57.934564 ], [ -6.52649, 57.935242 ], [ -6.526222, 57.93526 ], [ -6.526044, 57.935055 ], [ -6.525237, 57.934554 ], [ -6.525198, 57.934915 ], [ -6.524967, 57.934963 ], [ -6.524892, 57.93417 ], [ -6.524182, 57.933966 ], [ -6.523821, 57.933381 ], [ -6.523798, 57.933269 ], [ -6.524082, 57.933106 ], [ -6.523843, 57.932755 ], [ -6.523871, 57.932439 ], [ -6.524021, 57.932357 ], [ -6.523907, 57.932119 ], [ -6.524078, 57.932068 ], [ -6.523888, 57.931638 ], [ -6.523738, 57.931585 ], [ -6.523821, 57.931168 ], [ -6.52354, 57.930616 ], [ -6.523137, 57.93037 ], [ -6.522838, 57.930281 ], [ -6.522476, 57.93029 ], [ -6.522304, 57.929932 ], [ -6.522498, 57.929929 ], [ -6.522273, 57.929757 ], [ -6.522251, 57.929515 ], [ -6.522088, 57.929359 ], [ -6.521792, 57.929289 ], [ -6.522241, 57.929102 ], [ -6.522251, 57.928976 ], [ -6.522126, 57.928859 ], [ -6.521969, 57.928882 ], [ -6.52176, 57.928638 ], [ -6.521344, 57.928554 ], [ -6.521127, 57.92858 ], [ -6.520727, 57.928149 ], [ -6.520187, 57.927957 ], [ -6.520064, 57.927655 ], [ -6.519674, 57.927507 ], [ -6.519251, 57.927171 ], [ -6.519276, 57.926968 ], [ -6.518909, 57.927071 ], [ -6.518876, 57.927149 ], [ -6.517767, 57.927202 ], [ -6.517612, 57.927315 ], [ -6.517075, 57.927411 ], [ -6.516626, 57.927607 ], [ -6.516534, 57.92788 ], [ -6.516202, 57.927928 ], [ -6.516111, 57.928219 ], [ -6.515905, 57.928392 ], [ -6.514345, 57.928421 ], [ -6.513145, 57.928626 ], [ -6.512414, 57.9292 ], [ -6.512453, 57.929311 ], [ -6.512715, 57.929378 ], [ -6.512673, 57.929443 ], [ -6.512094, 57.929819 ], [ -6.511733, 57.930236 ], [ -6.511585, 57.930269 ], [ -6.510912, 57.930099 ], [ -6.509812, 57.930624 ], [ -6.509619, 57.93091 ], [ -6.509135, 57.931228 ], [ -6.509126, 57.931494 ], [ -6.508856, 57.931562 ], [ -6.508578, 57.931837 ], [ -6.508578, 57.932107 ], [ -6.508354, 57.932142 ], [ -6.508082, 57.932066 ], [ -6.50797, 57.932182 ], [ -6.508224, 57.932524 ], [ -6.508296, 57.93289 ], [ -6.508282, 57.933048 ], [ -6.508097, 57.933127 ], [ -6.50816, 57.933628 ], [ -6.507977, 57.93372 ], [ -6.508024, 57.933822 ], [ -6.507419, 57.933857 ], [ -6.507019, 57.934033 ], [ -6.506935, 57.934643 ], [ -6.506516, 57.934469 ], [ -6.506188, 57.934625 ], [ -6.506166, 57.93512 ], [ -6.505912, 57.935183 ], [ -6.505633, 57.935112 ], [ -6.505773, 57.935624 ], [ -6.505435, 57.935222 ], [ -6.505131, 57.935089 ], [ -6.504942, 57.935065 ], [ -6.504391, 57.935188 ], [ -6.504489, 57.935499 ], [ -6.505116, 57.935643 ], [ -6.505507, 57.935998 ], [ -6.50529, 57.936024 ], [ -6.504586, 57.935869 ], [ -6.504423, 57.936117 ], [ -6.503731, 57.936133 ], [ -6.503551, 57.93618 ], [ -6.503578, 57.936323 ], [ -6.503353, 57.936214 ], [ -6.502887, 57.936343 ], [ -6.503471, 57.936551 ], [ -6.503249, 57.93687 ], [ -6.50327, 57.937035 ], [ -6.503388, 57.937035 ], [ -6.503333, 57.937537 ], [ -6.503222, 57.937666 ], [ -6.502999, 57.937643 ], [ -6.50335, 57.938278 ], [ -6.503621, 57.938349 ], [ -6.503704, 57.938472 ], [ -6.503146, 57.938407 ], [ -6.502994, 57.93848 ], [ -6.502892, 57.938739 ], [ -6.503097, 57.939092 ], [ -6.502622, 57.939221 ], [ -6.502375, 57.939405 ], [ -6.502542, 57.940195 ], [ -6.501809, 57.940424 ], [ -6.501296, 57.940509 ], [ -6.500801, 57.940473 ], [ -6.500122, 57.940119 ], [ -6.499835, 57.940053 ], [ -6.498752, 57.940047 ], [ -6.498354, 57.940115 ], [ -6.498107, 57.940033 ], [ -6.497822, 57.940048 ], [ -6.4972, 57.940214 ], [ -6.49695, 57.940443 ], [ -6.496799, 57.940323 ], [ -6.496714, 57.940389 ], [ -6.496415, 57.940359 ], [ -6.495579, 57.939894 ], [ -6.495108, 57.93978 ], [ -6.494645, 57.939864 ], [ -6.494945, 57.939156 ], [ -6.49481, 57.938891 ], [ -6.494425, 57.938783 ], [ -6.493939, 57.938819 ], [ -6.493232, 57.938646 ], [ -6.492578, 57.938147 ], [ -6.491907, 57.937987 ], [ -6.491616, 57.938028 ], [ -6.490826, 57.937931 ], [ -6.489704, 57.938092 ], [ -6.489045, 57.937688 ], [ -6.487801, 57.937813 ], [ -6.486599, 57.937603 ], [ -6.485986, 57.937836 ], [ -6.484263, 57.937785 ], [ -6.483781, 57.937514 ], [ -6.482801, 57.937319 ], [ -6.482639, 57.937375 ], [ -6.482685, 57.937535 ], [ -6.482455, 57.937934 ], [ -6.482028, 57.938098 ], [ -6.48249, 57.938347 ], [ -6.481906, 57.938206 ], [ -6.481904, 57.93826 ], [ -6.481929, 57.938596 ], [ -6.482293, 57.938871 ], [ -6.482284, 57.939065 ], [ -6.482439, 57.939158 ], [ -6.482763, 57.939178 ], [ -6.48233, 57.939364 ], [ -6.482481, 57.939696 ], [ -6.482377, 57.93988 ], [ -6.48164, 57.939937 ], [ -6.479842, 57.939349 ], [ -6.479181, 57.938594 ], [ -6.478652, 57.938424 ], [ -6.478461, 57.938179 ], [ -6.477994, 57.938029 ], [ -6.476487, 57.93801 ], [ -6.476417, 57.937923 ], [ -6.475794, 57.93781 ], [ -6.475606, 57.937655 ], [ -6.475091, 57.937668 ], [ -6.474898, 57.93754 ], [ -6.474516, 57.937594 ], [ -6.474044, 57.937476 ], [ -6.473799, 57.937543 ], [ -6.473924, 57.937727 ], [ -6.473218, 57.937626 ], [ -6.472557, 57.937411 ], [ -6.471779, 57.937484 ], [ -6.47168, 57.937568 ], [ -6.471762, 57.937687 ], [ -6.471346, 57.937805 ], [ -6.471373, 57.938227 ], [ -6.471253, 57.938352 ], [ -6.470763, 57.938761 ], [ -6.470594, 57.938695 ], [ -6.470452, 57.938907 ], [ -6.470221, 57.938955 ], [ -6.470202, 57.939073 ], [ -6.470424, 57.939299 ], [ -6.470152, 57.939353 ], [ -6.469531, 57.939326 ], [ -6.469097, 57.93957 ], [ -6.469264, 57.939897 ], [ -6.469214, 57.940241 ], [ -6.469483, 57.940362 ], [ -6.469242, 57.940393 ], [ -6.468597, 57.940852 ], [ -6.468666, 57.941069 ], [ -6.468256, 57.94076 ], [ -6.467758, 57.940908 ], [ -6.467648, 57.94111 ], [ -6.467217, 57.941381 ], [ -6.467081, 57.941921 ], [ -6.467439, 57.942008 ], [ -6.467978, 57.941926 ], [ -6.467446, 57.94234 ], [ -6.467824, 57.942929 ], [ -6.467684, 57.942961 ], [ -6.467284, 57.943825 ], [ -6.467204, 57.945146 ], [ -6.467654, 57.946794 ], [ -6.467849, 57.947003 ], [ -6.46783, 57.947255 ], [ -6.467994, 57.947348 ], [ -6.467748, 57.94755 ], [ -6.467812, 57.948061 ], [ -6.468303, 57.948133 ], [ -6.467819, 57.948186 ], [ -6.467518, 57.948687 ], [ -6.468168, 57.949357 ], [ -6.468352, 57.949746 ], [ -6.468063, 57.949603 ], [ -6.467505, 57.949735 ], [ -6.467054, 57.950053 ], [ -6.466879, 57.950419 ], [ -6.467033, 57.950908 ], [ -6.46684, 57.951054 ], [ -6.466862, 57.951296 ], [ -6.467193, 57.951644 ], [ -6.467202, 57.951788 ], [ -6.467451, 57.951954 ], [ -6.467391, 57.952352 ], [ -6.467004, 57.952708 ], [ -6.466864, 57.953149 ], [ -6.466193, 57.953874 ], [ -6.466209, 57.954408 ], [ -6.466536, 57.95473 ], [ -6.466628, 57.955122 ], [ -6.467059, 57.955192 ], [ -6.467246, 57.955402 ], [ -6.467732, 57.95543 ], [ -6.467221, 57.955672 ], [ -6.467271, 57.955801 ], [ -6.466611, 57.956144 ], [ -6.466719, 57.956261 ], [ -6.467011, 57.9563 ], [ -6.467293, 57.956457 ], [ -6.46653, 57.95719 ], [ -6.466755, 57.957569 ], [ -6.466465, 57.957759 ], [ -6.466392, 57.958391 ], [ -6.466708, 57.958551 ], [ -6.466441, 57.958924 ], [ -6.466266, 57.958944 ], [ -6.466258, 57.959083 ], [ -6.466357, 57.959264 ], [ -6.466676, 57.959379 ], [ -6.466324, 57.959472 ], [ -6.466248, 57.959682 ], [ -6.466449, 57.959801 ], [ -6.46674, 57.959827 ], [ -6.466776, 57.959915 ], [ -6.466947, 57.959927 ], [ -6.467186, 57.960081 ], [ -6.467448, 57.960418 ], [ -6.46729, 57.960504 ], [ -6.467306, 57.960634 ], [ -6.467933, 57.960706 ], [ -6.468223, 57.960867 ], [ -6.468366, 57.961334 ], [ -6.467622, 57.96181 ], [ -6.466899, 57.961988 ], [ -6.466488, 57.961944 ], [ -6.465839, 57.96163 ], [ -6.465517, 57.961286 ], [ -6.464824, 57.961221 ], [ -6.464526, 57.961339 ], [ -6.464164, 57.961154 ], [ -6.463982, 57.961115 ], [ -6.463948, 57.961184 ], [ -6.463497, 57.960894 ], [ -6.461992, 57.960628 ], [ -6.461863, 57.960479 ], [ -6.461001, 57.960555 ], [ -6.460903, 57.960374 ], [ -6.460737, 57.960334 ], [ -6.46036, 57.960433 ], [ -6.460329, 57.960524 ], [ -6.460745, 57.960537 ], [ -6.460819, 57.960588 ], [ -6.460693, 57.960732 ], [ -6.459599, 57.961044 ], [ -6.45946, 57.961225 ], [ -6.458376, 57.961627 ], [ -6.458362, 57.961785 ], [ -6.457842, 57.961952 ], [ -6.457723, 57.962154 ], [ -6.457388, 57.962251 ], [ -6.457158, 57.962443 ], [ -6.457137, 57.962957 ], [ -6.456567, 57.962932 ], [ -6.456223, 57.963088 ], [ -6.456207, 57.9633 ], [ -6.455787, 57.96326 ], [ -6.455531, 57.963719 ], [ -6.455205, 57.963749 ], [ -6.454973, 57.963649 ], [ -6.454624, 57.963639 ], [ -6.453992, 57.963791 ], [ -6.453189, 57.963734 ], [ -6.452565, 57.963949 ], [ -6.45227, 57.963964 ], [ -6.452054, 57.964061 ], [ -6.451904, 57.964287 ], [ -6.451323, 57.96424 ], [ -6.450994, 57.964386 ], [ -6.451199, 57.964537 ], [ -6.451108, 57.964891 ], [ -6.450868, 57.965007 ], [ -6.450814, 57.96518 ], [ -6.449801, 57.965544 ], [ -6.44921, 57.965488 ], [ -6.448894, 57.96567 ], [ -6.449015, 57.965755 ], [ -6.449075, 57.966172 ], [ -6.449564, 57.966568 ], [ -6.449989, 57.96801 ], [ -6.450089, 57.968137 ], [ -6.450609, 57.968236 ], [ -6.45047, 57.96834 ], [ -6.450667, 57.968495 ], [ -6.450578, 57.968736 ], [ -6.45087, 57.968834 ], [ -6.450693, 57.968844 ], [ -6.450644, 57.968927 ], [ -6.451191, 57.969106 ], [ -6.451464, 57.969119 ], [ -6.451423, 57.969269 ], [ -6.452904, 57.969136 ], [ -6.453244, 57.969349 ], [ -6.453529, 57.969325 ], [ -6.453968, 57.969588 ], [ -6.454224, 57.969881 ], [ -6.454133, 57.969965 ], [ -6.454316, 57.96994 ], [ -6.454587, 57.970893 ], [ -6.45442, 57.971052 ], [ -6.454123, 57.971094 ], [ -6.453895, 57.971222 ], [ -6.453948, 57.971401 ], [ -6.453505, 57.971385 ], [ -6.453293, 57.971514 ], [ -6.453093, 57.971877 ], [ -6.452796, 57.971945 ], [ -6.452803, 57.972067 ], [ -6.452481, 57.972267 ], [ -6.45212, 57.972293 ], [ -6.452034, 57.972552 ], [ -6.451774, 57.972575 ], [ -6.451715, 57.972775 ], [ -6.451531, 57.972795 ], [ -6.451155, 57.972628 ], [ -6.450745, 57.973011 ], [ -6.45036, 57.973178 ], [ -6.45057, 57.973777 ], [ -6.450335, 57.973929 ], [ -6.45065, 57.97408 ], [ -6.45071, 57.974227 ], [ -6.450566, 57.974564 ], [ -6.450699, 57.975095 ], [ -6.450256, 57.975272 ], [ -6.449366, 57.976143 ], [ -6.449327, 57.976285 ], [ -6.449545, 57.97643 ], [ -6.449629, 57.976837 ], [ -6.449828, 57.977005 ], [ -6.449774, 57.977119 ], [ -6.449672, 57.977114 ], [ -6.449608, 57.977894 ], [ -6.449341, 57.977926 ], [ -6.449343, 57.978074 ], [ -6.449235, 57.978092 ], [ -6.449003, 57.977929 ], [ -6.449027, 57.978598 ], [ -6.448768, 57.978351 ], [ -6.448576, 57.978447 ], [ -6.448378, 57.978351 ], [ -6.448427, 57.978678 ], [ -6.448528, 57.978872 ], [ -6.448922, 57.978984 ], [ -6.449824, 57.979699 ], [ -6.450015, 57.980007 ], [ -6.450417, 57.980245 ], [ -6.450744, 57.98022 ], [ -6.451875, 57.981084 ], [ -6.452146, 57.981151 ], [ -6.452291, 57.981362 ], [ -6.452738, 57.981557 ], [ -6.453364, 57.982097 ], [ -6.453883, 57.982799 ], [ -6.454192, 57.9829 ], [ -6.454601, 57.983327 ], [ -6.455172, 57.983563 ], [ -6.455606, 57.984128 ], [ -6.455684, 57.984076 ], [ -6.456137, 57.984451 ], [ -6.456102, 57.984574 ], [ -6.456721, 57.984853 ], [ -6.457372, 57.984983 ], [ -6.457568, 57.985403 ], [ -6.457302, 57.985575 ], [ -6.457236, 57.985932 ], [ -6.456829, 57.985996 ], [ -6.456759, 57.986178 ], [ -6.455113, 57.986223 ], [ -6.454877, 57.986505 ], [ -6.454434, 57.986476 ], [ -6.454639, 57.986837 ], [ -6.454524, 57.987138 ], [ -6.454652, 57.98735 ], [ -6.454328, 57.987667 ], [ -6.454606, 57.988134 ], [ -6.454628, 57.988313 ], [ -6.454486, 57.988462 ], [ -6.454693, 57.988971 ], [ -6.454606, 57.989087 ], [ -6.454217, 57.989231 ], [ -6.453967, 57.98919 ], [ -6.453779, 57.989044 ], [ -6.453657, 57.989147 ], [ -6.453366, 57.988987 ], [ -6.453322, 57.989181 ], [ -6.453127, 57.989175 ], [ -6.452871, 57.989022 ], [ -6.45263, 57.989066 ], [ -6.452588, 57.988928 ], [ -6.452286, 57.988813 ], [ -6.452003, 57.988854 ], [ -6.451967, 57.98918 ], [ -6.451243, 57.988737 ], [ -6.451104, 57.988778 ], [ -6.451309, 57.988991 ], [ -6.45118, 57.989252 ], [ -6.451585, 57.989719 ], [ -6.452064, 57.989887 ], [ -6.452476, 57.989868 ], [ -6.452492, 57.989791 ], [ -6.452924, 57.989789 ], [ -6.453091, 57.989702 ], [ -6.453692, 57.989906 ], [ -6.454346, 57.989928 ], [ -6.45455, 57.990132 ], [ -6.455722, 57.990437 ], [ -6.455606, 57.990725 ], [ -6.455251, 57.99094 ], [ -6.454819, 57.990937 ], [ -6.454878, 57.99107 ], [ -6.454507, 57.991083 ], [ -6.45458, 57.991197 ], [ -6.454891, 57.99111 ], [ -6.455485, 57.991732 ], [ -6.455501, 57.992064 ], [ -6.455007, 57.992104 ], [ -6.455121, 57.992203 ], [ -6.454856, 57.992257 ], [ -6.454857, 57.992604 ], [ -6.455059, 57.992862 ], [ -6.454981, 57.992915 ], [ -6.455199, 57.993379 ], [ -6.456018, 57.993764 ], [ -6.456247, 57.994174 ], [ -6.456449, 57.994171 ], [ -6.456653, 57.993971 ], [ -6.456979, 57.993937 ], [ -6.457429, 57.99442 ], [ -6.457759, 57.994552 ], [ -6.458007, 57.994778 ], [ -6.458534, 57.99466 ], [ -6.458994, 57.994675 ], [ -6.45926, 57.994707 ], [ -6.459762, 57.994995 ], [ -6.460417, 57.995021 ], [ -6.460649, 57.995184 ], [ -6.46099, 57.995271 ], [ -6.461219, 57.995479 ], [ -6.461098, 57.995528 ], [ -6.461305, 57.995759 ], [ -6.461402, 57.996264 ], [ -6.461533, 57.9963 ], [ -6.46161, 57.996234 ], [ -6.462229, 57.996581 ], [ -6.462605, 57.996608 ], [ -6.46353, 57.996895 ], [ -6.463881, 57.99686 ], [ -6.464034, 57.997062 ], [ -6.464395, 57.996968 ], [ -6.464669, 57.997197 ], [ -6.465401, 57.997504 ], [ -6.465908, 57.997832 ], [ -6.466587, 57.998451 ], [ -6.467453, 57.998808 ], [ -6.467609, 57.998834 ], [ -6.467726, 57.998753 ], [ -6.467976, 57.998857 ], [ -6.467993, 57.998995 ], [ -6.469219, 57.999456 ], [ -6.469454, 57.999637 ], [ -6.469666, 57.999643 ], [ -6.470106, 57.999838 ], [ -6.470484, 57.999821 ], [ -6.471266, 58.00031 ], [ -6.471521, 58.000661 ], [ -6.472233, 58.000798 ], [ -6.472418, 58.000724 ], [ -6.474824, 58.001264 ], [ -6.475959, 58.001332 ], [ -6.476619, 58.001196 ], [ -6.477581, 58.001167 ], [ -6.478522, 58.000967 ], [ -6.479253, 58.001256 ], [ -6.479623, 58.001306 ], [ -6.479844, 58.001245 ], [ -6.480302, 58.001381 ], [ -6.481249, 58.001438 ], [ -6.481919, 58.001378 ], [ -6.482044, 58.001428 ], [ -6.483304, 58.001145 ], [ -6.483818, 58.001122 ], [ -6.484337, 58.001342 ], [ -6.484229, 58.001692 ], [ -6.484493, 58.001706 ], [ -6.484546, 58.001861 ], [ -6.484964, 58.002085 ], [ -6.485269, 58.002083 ], [ -6.485758, 58.001935 ], [ -6.486337, 58.001618 ], [ -6.486518, 58.001306 ], [ -6.486861, 58.001176 ], [ -6.488519, 58.000916 ], [ -6.48907, 58.000991 ], [ -6.489439, 58.001162 ], [ -6.490058, 58.001235 ], [ -6.490891, 58.001187 ], [ -6.491169, 58.001312 ], [ -6.49162, 58.001332 ], [ -6.492112, 58.001202 ], [ -6.492634, 58.001242 ], [ -6.493095, 58.000997 ], [ -6.493691, 58.00116 ], [ -6.494011, 58.001081 ], [ -6.494347, 58.001119 ], [ -6.496226, 58.00098 ], [ -6.49641, 58.001163 ], [ -6.497105, 58.001296 ], [ -6.498226, 58.001188 ], [ -6.4992, 58.001253 ], [ -6.499565, 58.001127 ], [ -6.499858, 58.001432 ], [ -6.500322, 58.00155 ], [ -6.501412, 58.001597 ], [ -6.501872, 58.001351 ], [ -6.502194, 58.001282 ], [ -6.50219, 58.001187 ], [ -6.502544, 58.001175 ], [ -6.502954, 58.000859 ], [ -6.503193, 58.000805 ], [ -6.503354, 58.000269 ], [ -6.503554, 58.000114 ], [ -6.50357, 57.999965 ], [ -6.503794, 57.999934 ], [ -6.503772, 57.999692 ], [ -6.503632, 57.999585 ], [ -6.504495, 57.999779 ], [ -6.504801, 57.999521 ], [ -6.50532, 57.999471 ], [ -6.506033, 57.999081 ], [ -6.506323, 57.998756 ], [ -6.506562, 57.998703 ], [ -6.506964, 57.998266 ], [ -6.507508, 57.998148 ], [ -6.507831, 57.997889 ], [ -6.507635, 57.998215 ], [ -6.507763, 57.998426 ], [ -6.508795, 57.998884 ], [ -6.509013, 57.999134 ], [ -6.509877, 57.999673 ], [ -6.510077, 58.000116 ], [ -6.510903, 58.000284 ], [ -6.51125, 58.000286 ], [ -6.511602, 58.000188 ], [ -6.511911, 58.000222 ], [ -6.512272, 58.000123 ], [ -6.512795, 57.999844 ], [ -6.5127, 57.999492 ], [ -6.513667, 57.999435 ], [ -6.514311, 57.999035 ], [ -6.514629, 57.999068 ], [ -6.514885, 57.999351 ], [ -6.515079, 57.999412 ], [ -6.515585, 57.999399 ], [ -6.515823, 57.999273 ], [ -6.515404, 57.998907 ], [ -6.51561, 57.998588 ], [ -6.516146, 57.998542 ], [ -6.51663, 57.998687 ], [ -6.516894, 57.998565 ], [ -6.517229, 57.998603 ], [ -6.517618, 57.998395 ], [ -6.517788, 57.998529 ], [ -6.518153, 57.99834 ], [ -6.518619, 57.998835 ], [ -6.519021, 57.99884 ], [ -6.519304, 57.998731 ], [ -6.519688, 57.998825 ], [ -6.520383, 57.998823 ], [ -6.520735, 57.998927 ], [ -6.520927, 57.999172 ], [ -6.521366, 57.999296 ], [ -6.52199, 57.999144 ], [ -6.522521, 57.998575 ], [ -6.522702, 57.998808 ], [ -6.522531, 57.998935 ], [ -6.522603, 57.999167 ], [ -6.523124, 57.999539 ], [ -6.524052, 57.999506 ], [ -6.524726, 57.999811 ], [ -6.524858, 58.000058 ], [ -6.525127, 58.000174 ], [ -6.52654, 57.999962 ], [ -6.526685, 57.999831 ], [ -6.528035, 57.999459 ], [ -6.529343, 57.999754 ], [ -6.530813, 57.999854 ], [ -6.531859, 57.999556 ], [ -6.532184, 57.999311 ], [ -6.532459, 57.999274 ], [ -6.532678, 57.999536 ], [ -6.533817, 58.000165 ], [ -6.534581, 58.000044 ], [ -6.534761, 57.999866 ], [ -6.535017, 57.999875 ], [ -6.535177, 58.000067 ], [ -6.535865, 58.000155 ], [ -6.537194, 58.000013 ], [ -6.537498, 58.000074 ], [ -6.538533, 58.000618 ], [ -6.539477, 58.000444 ], [ -6.539744, 58.000484 ], [ -6.540149, 58.000335 ], [ -6.540751, 58.000277 ], [ -6.541394, 58.00034 ], [ -6.541523, 58.000484 ], [ -6.542149, 58.00061 ], [ -6.54341, 58.000672 ], [ -6.544681, 58.000542 ], [ -6.54484, 58.00059 ], [ -6.545502, 58.000467 ], [ -6.545409, 58.000605 ], [ -6.545543, 58.001127 ], [ -6.545429, 58.00123 ], [ -6.545793, 58.001293 ], [ -6.545688, 58.001468 ], [ -6.545769, 58.001766 ], [ -6.546183, 58.001963 ], [ -6.546187, 58.002057 ], [ -6.545923, 58.002184 ], [ -6.546003, 58.002275 ], [ -6.547426, 58.002746 ], [ -6.547782, 58.003016 ], [ -6.548101, 58.003126 ], [ -6.549411, 58.003363 ], [ -6.549917, 58.003349 ], [ -6.551119, 58.003675 ], [ -6.552918, 58.003633 ], [ -6.553522, 58.003449 ], [ -6.554719, 58.003271 ], [ -6.555219, 58.003074 ], [ -6.555721, 58.003092 ], [ -6.556583, 58.003344 ], [ -6.556899, 58.003364 ], [ -6.557198, 58.003313 ], [ -6.557414, 58.00308 ], [ -6.558552, 58.003107 ], [ -6.558794, 58.003206 ], [ -6.559856, 58.002903 ], [ -6.560642, 58.002551 ], [ -6.561759, 58.002277 ], [ -6.562302, 58.002019 ], [ -6.56265, 58.001957 ], [ -6.563027, 58.00166 ], [ -6.564329, 58.001775 ], [ -6.565095, 58.001671 ], [ -6.565765, 58.001476 ], [ -6.565757, 58.001279 ], [ -6.565881, 58.001189 ], [ -6.566187, 58.001596 ], [ -6.566647, 58.001548 ], [ -6.567286, 58.001777 ], [ -6.569352, 58.001972 ], [ -6.570211, 58.002265 ], [ -6.570749, 58.002295 ], [ -6.570514, 58.002448 ], [ -6.571018, 58.002609 ], [ -6.571351, 58.002899 ], [ -6.572151, 58.003126 ], [ -6.572252, 58.003253 ], [ -6.575407, 58.003148 ], [ -6.57641, 58.003377 ], [ -6.577027, 58.003297 ], [ -6.577418, 58.003373 ], [ -6.577509, 58.003491 ], [ -6.578422, 58.003539 ], [ -6.579254, 58.003486 ], [ -6.579922, 58.00335 ], [ -6.580109, 58.003418 ], [ -6.579307, 58.003761 ], [ -6.57992, 58.003795 ], [ -6.593699, 58.002154 ], [ -6.60217, 58.010889 ], [ -6.595141, 58.019289 ], [ -6.599556, 58.027128 ], [ -6.620873, 58.047205 ], [ -6.621334, 58.046984 ], [ -6.621857, 58.046961 ], [ -6.621855, 58.047213 ], [ -6.622453, 58.047443 ], [ -6.622342, 58.047897 ], [ -6.622728, 58.047797 ], [ -6.623022, 58.047836 ], [ -6.622915, 58.047997 ], [ -6.623643, 58.048052 ], [ -6.624725, 58.048543 ], [ -6.625149, 58.048483 ], [ -6.62549, 58.048227 ], [ -6.626051, 58.048306 ], [ -6.626498, 58.04815 ], [ -6.626803, 58.047824 ], [ -6.627122, 58.047795 ], [ -6.627685, 58.047432 ], [ -6.628134, 58.047295 ], [ -6.628496, 58.047335 ], [ -6.628182, 58.047927 ], [ -6.627144, 58.04823 ], [ -6.625939, 58.049079 ], [ -6.625031, 58.0494 ], [ -6.624913, 58.0498 ], [ -6.624628, 58.049891 ], [ -6.624818, 58.050118 ], [ -6.624419, 58.050178 ], [ -6.624435, 58.050236 ], [ -6.624889, 58.050269 ], [ -6.624986, 58.050494 ], [ -6.625242, 58.050571 ], [ -6.625317, 58.050892 ], [ -6.625868, 58.05102 ], [ -6.626022, 58.051158 ], [ -6.626484, 58.051317 ], [ -6.627014, 58.051289 ], [ -6.627232, 58.051461 ], [ -6.627791, 58.051458 ], [ -6.627554, 58.051917 ], [ -6.626883, 58.051914 ], [ -6.626798, 58.052039 ], [ -6.627085, 58.05223 ], [ -6.628278, 58.052205 ], [ -6.628626, 58.052269 ], [ -6.628599, 58.052517 ], [ -6.628899, 58.052803 ], [ -6.629253, 58.052916 ], [ -6.62965, 58.053495 ], [ -6.629503, 58.053537 ], [ -6.629114, 58.053479 ], [ -6.628874, 58.053069 ], [ -6.628367, 58.052827 ], [ -6.628024, 58.052799 ], [ -6.627831, 58.05268 ], [ -6.627736, 58.052733 ], [ -6.627819, 58.052851 ], [ -6.628379, 58.053051 ], [ -6.628439, 58.053251 ], [ -6.628769, 58.053505 ], [ -6.629033, 58.053509 ], [ -6.629352, 58.053744 ], [ -6.62953, 58.053747 ], [ -6.629707, 58.05361 ], [ -6.630434, 58.053781 ], [ -6.630826, 58.053997 ], [ -6.630922, 58.054213 ], [ -6.631936, 58.054374 ], [ -6.632833, 58.054746 ], [ -6.6334, 58.054676 ], [ -6.633882, 58.054726 ], [ -6.634097, 58.054619 ], [ -6.634992, 58.054915 ], [ -6.635602, 58.054974 ], [ -6.636596, 58.054915 ], [ -6.637044, 58.05471 ], [ -6.637755, 58.05476 ], [ -6.63804, 58.054669 ], [ -6.638103, 58.054568 ], [ -6.63868, 58.054439 ], [ -6.638829, 58.054339 ], [ -6.639725, 58.054185 ], [ -6.640157, 58.054178 ], [ -6.640247, 58.05435 ], [ -6.640129, 58.054489 ], [ -6.639672, 58.054627 ], [ -6.63968, 58.05469 ], [ -6.64029, 58.054614 ], [ -6.640325, 58.054365 ], [ -6.640532, 58.054191 ], [ -6.640297, 58.054015 ], [ -6.640358, 58.053901 ], [ -6.640585, 58.05382 ], [ -6.641085, 58.053879 ], [ -6.640981, 58.054125 ], [ -6.641246, 58.054466 ], [ -6.641622, 58.054489 ], [ -6.641587, 58.054674 ], [ -6.641407, 58.054789 ], [ -6.641442, 58.054927 ], [ -6.64182, 58.054837 ], [ -6.642473, 58.054961 ], [ -6.642952, 58.0548 ], [ -6.643464, 58.054759 ], [ -6.64298, 58.054493 ], [ -6.643413, 58.05436 ], [ -6.64326, 58.054294 ], [ -6.643278, 58.054176 ], [ -6.643547, 58.05422 ], [ -6.643846, 58.054106 ], [ -6.644489, 58.054222 ], [ -6.644268, 58.054352 ], [ -6.64459, 58.054542 ], [ -6.644786, 58.054548 ], [ -6.644822, 58.054628 ], [ -6.644699, 58.054727 ], [ -6.644214, 58.054655 ], [ -6.643969, 58.054722 ], [ -6.643698, 58.054989 ], [ -6.643816, 58.055115 ], [ -6.644355, 58.055149 ], [ -6.644477, 58.055041 ], [ -6.644897, 58.055012 ], [ -6.645183, 58.055321 ], [ -6.646352, 58.055368 ], [ -6.646406, 58.055524 ], [ -6.64741, 58.055482 ] ] ], [ [ [ -6.620938, 57.909003 ], [ -6.620836, 57.909061 ], [ -6.620925, 57.909228 ], [ -6.621561, 57.909637 ], [ -6.622868, 57.909819 ], [ -6.62305, 57.909524 ], [ -6.623291, 57.90943 ], [ -6.623125, 57.909121 ], [ -6.623394, 57.90885 ], [ -6.622943, 57.908494 ], [ -6.62291, 57.908104 ], [ -6.622588, 57.907967 ], [ -6.62252, 57.907767 ], [ -6.622199, 57.907635 ], [ -6.622084, 57.907468 ], [ -6.621407, 57.907389 ], [ -6.621393, 57.907219 ], [ -6.621143, 57.906985 ], [ -6.620498, 57.906694 ], [ -6.62028, 57.906711 ], [ -6.620235, 57.906559 ], [ -6.619605, 57.906389 ], [ -6.619142, 57.906401 ], [ -6.619002, 57.906492 ], [ -6.618839, 57.906934 ], [ -6.619118, 57.907203 ], [ -6.619022, 57.90731 ], [ -6.619266, 57.907562 ], [ -6.619193, 57.907654 ], [ -6.619722, 57.90822 ], [ -6.620217, 57.908391 ], [ -6.620387, 57.908591 ], [ -6.620665, 57.908649 ], [ -6.620502, 57.90883 ], [ -6.620584, 57.908944 ], [ -6.620938, 57.909003 ] ] ], [ [ [ -6.600455, 57.92686 ], [ -6.600716, 57.92672 ], [ -6.600902, 57.926129 ], [ -6.600732, 57.926054 ], [ -6.600627, 57.925824 ], [ -6.600211, 57.925745 ], [ -6.600047, 57.925589 ], [ -6.599976, 57.925168 ], [ -6.599823, 57.92503 ], [ -6.599384, 57.924902 ], [ -6.599215, 57.925034 ], [ -6.598861, 57.924975 ], [ -6.598578, 57.92481 ], [ -6.598503, 57.924885 ], [ -6.598337, 57.924846 ], [ -6.598301, 57.924757 ], [ -6.598069, 57.924729 ], [ -6.597989, 57.924503 ], [ -6.597734, 57.92449 ], [ -6.597605, 57.924404 ], [ -6.59722, 57.924369 ], [ -6.597211, 57.924567 ], [ -6.596939, 57.924424 ], [ -6.596408, 57.924632 ], [ -6.596153, 57.924552 ], [ -6.596179, 57.924497 ], [ -6.595628, 57.924485 ], [ -6.595781, 57.924686 ], [ -6.596154, 57.924763 ], [ -6.596284, 57.92492 ], [ -6.596929, 57.925198 ], [ -6.59748, 57.925281 ], [ -6.59764, 57.925474 ], [ -6.597715, 57.925399 ], [ -6.597846, 57.92543 ], [ -6.598139, 57.925676 ], [ -6.598143, 57.925901 ], [ -6.597993, 57.925987 ], [ -6.598525, 57.926377 ], [ -6.598986, 57.926545 ], [ -6.599302, 57.926506 ], [ -6.599825, 57.926757 ], [ -6.600455, 57.92686 ] ] ], [ [ [ -6.627525, 57.913561 ], [ -6.627844, 57.913617 ], [ -6.628067, 57.913452 ], [ -6.628466, 57.913585 ], [ -6.628527, 57.913471 ], [ -6.628952, 57.913424 ], [ -6.628998, 57.913256 ], [ -6.62917, 57.913276 ], [ -6.629486, 57.913112 ], [ -6.629306, 57.913087 ], [ -6.62938, 57.913008 ], [ -6.629707, 57.912924 ], [ -6.62979, 57.912777 ], [ -6.629666, 57.912669 ], [ -6.629871, 57.912621 ], [ -6.629775, 57.91253 ], [ -6.629531, 57.912539 ], [ -6.62954, 57.912476 ], [ -6.629317, 57.912457 ], [ -6.629207, 57.912259 ], [ -6.629061, 57.912237 ], [ -6.629288, 57.912229 ], [ -6.629204, 57.912164 ], [ -6.629008, 57.912091 ], [ -6.628817, 57.912115 ], [ -6.627987, 57.91184 ], [ -6.627675, 57.91191 ], [ -6.627667, 57.911978 ], [ -6.627119, 57.911921 ], [ -6.626899, 57.911988 ], [ -6.627071, 57.912269 ], [ -6.626909, 57.912455 ], [ -6.627118, 57.912834 ], [ -6.626991, 57.91296 ], [ -6.627232, 57.913059 ], [ -6.626997, 57.913072 ], [ -6.627169, 57.913098 ], [ -6.627325, 57.913326 ], [ -6.627515, 57.913359 ], [ -6.627525, 57.913561 ] ] ], [ [ [ -6.628304, 57.916461 ], [ -6.628449, 57.916604 ], [ -6.628946, 57.916658 ], [ -6.629221, 57.916886 ], [ -6.62951, 57.916902 ], [ -6.629504, 57.917114 ], [ -6.629296, 57.91727 ], [ -6.629435, 57.917305 ], [ -6.629696, 57.917228 ], [ -6.629807, 57.917103 ], [ -6.629758, 57.91692 ], [ -6.63025, 57.91674 ], [ -6.6305, 57.916448 ], [ -6.630373, 57.916255 ], [ -6.63028, 57.916317 ], [ -6.629978, 57.916071 ], [ -6.629774, 57.916133 ], [ -6.629709, 57.916086 ], [ -6.629497, 57.91621 ], [ -6.629012, 57.916187 ], [ -6.62909, 57.916068 ], [ -6.628933, 57.915965 ], [ -6.628357, 57.915888 ], [ -6.628333, 57.915965 ], [ -6.628056, 57.916047 ], [ -6.628151, 57.916259 ], [ -6.628367, 57.916359 ], [ -6.628304, 57.916461 ] ] ], [ [ [ -6.611504, 57.914424 ], [ -6.610985, 57.914663 ], [ -6.611006, 57.915153 ], [ -6.611233, 57.915405 ], [ -6.611481, 57.915369 ], [ -6.611638, 57.915206 ], [ -6.611804, 57.915182 ], [ -6.612132, 57.914509 ], [ -6.61184, 57.914407 ], [ -6.611504, 57.914424 ] ] ], [ [ [ -6.563269, 57.912693 ], [ -6.562827, 57.912938 ], [ -6.562845, 57.913216 ], [ -6.563432, 57.913249 ], [ -6.563406, 57.913439 ], [ -6.563714, 57.91354 ], [ -6.563882, 57.913462 ], [ -6.563788, 57.913322 ], [ -6.564016, 57.913255 ], [ -6.564038, 57.913029 ], [ -6.563763, 57.912792 ], [ -6.563269, 57.912693 ] ] ], [ [ [ -6.554854, 57.914502 ], [ -6.554702, 57.914566 ], [ -6.554828, 57.914629 ], [ -6.555167, 57.914504 ], [ -6.555342, 57.914282 ], [ -6.555214, 57.914008 ], [ -6.555336, 57.913972 ], [ -6.555086, 57.913729 ], [ -6.554776, 57.913686 ], [ -6.554598, 57.913881 ], [ -6.554758, 57.914015 ], [ -6.554523, 57.914091 ], [ -6.554597, 57.914205 ], [ -6.554372, 57.914236 ], [ -6.554247, 57.914447 ], [ -6.55447, 57.914543 ], [ -6.554578, 57.914521 ], [ -6.554612, 57.914326 ], [ -6.554854, 57.914502 ] ] ], [ [ [ -6.658469, 57.914528 ], [ -6.658697, 57.914466 ], [ -6.658417, 57.913932 ], [ -6.657905, 57.91383 ], [ -6.657432, 57.913896 ], [ -6.657518, 57.914172 ], [ -6.657802, 57.914341 ], [ -6.658469, 57.914528 ] ] ], [ [ [ -6.58341, 57.91412 ], [ -6.583847, 57.914105 ], [ -6.584045, 57.913936 ], [ -6.584024, 57.91377 ], [ -6.583711, 57.913439 ], [ -6.583293, 57.913868 ], [ -6.58341, 57.91412 ] ] ], [ [ [ -6.52796, 57.933224 ], [ -6.527964, 57.933453 ], [ -6.528178, 57.933612 ], [ -6.528592, 57.933674 ], [ -6.528721, 57.933426 ], [ -6.528521, 57.933182 ], [ -6.52796, 57.933224 ] ] ], [ [ [ -6.554661, 57.915116 ], [ -6.554682, 57.915282 ], [ -6.555078, 57.915335 ], [ -6.55529, 57.915273 ], [ -6.555228, 57.914853 ], [ -6.554938, 57.914827 ], [ -6.554661, 57.915116 ] ] ], [ [ [ -6.606439, 57.915386 ], [ -6.606168, 57.91558 ], [ -6.606263, 57.91573 ], [ -6.606461, 57.915759 ], [ -6.606734, 57.915713 ], [ -6.607025, 57.915477 ], [ -6.606957, 57.915408 ], [ -6.606439, 57.915386 ] ] ], [ [ [ -6.646748, 57.91597 ], [ -6.646822, 57.916148 ], [ -6.647141, 57.916262 ], [ -6.647498, 57.91628 ], [ -6.647637, 57.916176 ], [ -6.647555, 57.916067 ], [ -6.647092, 57.915949 ], [ -6.646748, 57.91597 ] ] ], [ [ [ -6.555117, 57.915509 ], [ -6.554847, 57.915644 ], [ -6.555215, 57.915816 ], [ -6.555446, 57.915704 ], [ -6.555117, 57.915509 ] ] ], [ [ [ -6.450184, 57.987709 ], [ -6.450253, 57.987994 ], [ -6.45045, 57.988077 ], [ -6.450514, 57.987908 ], [ -6.450184, 57.987709 ] ] ] ] } },
{ "type": "Feature", "properties": { "NAME": "30.  Harris - Uig hills" }, "geometry": { "type": "MultiPolygon", "coordinates": [ [ [ [ -6.924271, 58.166344 ], [ -6.939317, 58.176405 ], [ -6.971253, 58.169877 ], [ -7.00846, 58.152493 ], [ -7.025491, 58.153475 ], [ -7.054412, 58.148614 ], [ -7.060069, 58.131454 ], [ -7.072969, 58.115871 ], [ -7.09259, 58.109588 ], [ -7.102929, 58.095283 ], [ -7.102908, 58.09475 ], [ -7.102471, 58.094542 ], [ -7.103, 58.094382 ], [ -7.102792, 58.094233 ], [ -7.103981, 58.09423 ], [ -7.104004, 58.094157 ], [ -7.103824, 58.094146 ], [ -7.10413, 58.093967 ], [ -7.104228, 58.093698 ], [ -7.104446, 58.093622 ], [ -7.104274, 58.093251 ], [ -7.103895, 58.093217 ], [ -7.104024, 58.092748 ], [ -7.103718, 58.092576 ], [ -7.103603, 58.092598 ], [ -7.103593, 58.092468 ], [ -7.102963, 58.092102 ], [ -7.102892, 58.091907 ], [ -7.102168, 58.091653 ], [ -7.101607, 58.091594 ], [ -7.101656, 58.091462 ], [ -7.102118, 58.091484 ], [ -7.102529, 58.091391 ], [ -7.10249, 58.091118 ], [ -7.102987, 58.090612 ], [ -7.102903, 58.090377 ], [ -7.102683, 58.090211 ], [ -7.102428, 58.09027 ], [ -7.102435, 58.090077 ], [ -7.102228, 58.089941 ], [ -7.101408, 58.090023 ], [ -7.101383, 58.089966 ], [ -7.102135, 58.089823 ], [ -7.10185, 58.08961 ], [ -7.101378, 58.089516 ], [ -7.100147, 58.089462 ], [ -7.100406, 58.089195 ], [ -7.100672, 58.089095 ], [ -7.101237, 58.089067 ], [ -7.101753, 58.089168 ], [ -7.101883, 58.089127 ], [ -7.101822, 58.089062 ], [ -7.102313, 58.088988 ], [ -7.102524, 58.088863 ], [ -7.102572, 58.088546 ], [ -7.10225, 58.08819 ], [ -7.100984, 58.088187 ], [ -7.100991, 58.088124 ], [ -7.102337, 58.088088 ], [ -7.102287, 58.087919 ], [ -7.101877, 58.087665 ], [ -7.102462, 58.087538 ], [ -7.102587, 58.087281 ], [ -7.102016, 58.08739 ], [ -7.102001, 58.087345 ], [ -7.102514, 58.086951 ], [ -7.102961, 58.086929 ], [ -7.103291, 58.086799 ], [ -7.103268, 58.086579 ], [ -7.102851, 58.086519 ], [ -7.1031, 58.086473 ], [ -7.10304, 58.086233 ], [ -7.102663, 58.08627 ], [ -7.10262, 58.086205 ], [ -7.101812, 58.086197 ], [ -7.101766, 58.086113 ], [ -7.102939, 58.08612 ], [ -7.103098, 58.085929 ], [ -7.10343, 58.085812 ], [ -7.103558, 58.085465 ], [ -7.103451, 58.085366 ], [ -7.102639, 58.085507 ], [ -7.1022, 58.085466 ], [ -7.102609, 58.085242 ], [ -7.103306, 58.085241 ], [ -7.103495, 58.085022 ], [ -7.103917, 58.084942 ], [ -7.104156, 58.084658 ], [ -7.103773, 58.084471 ], [ -7.104118, 58.084327 ], [ -7.103752, 58.084144 ], [ -7.103714, 58.083763 ], [ -7.103402, 58.083897 ], [ -7.1031, 58.083923 ], [ -7.103716, 58.083718 ], [ -7.103726, 58.083551 ], [ -7.103605, 58.083479 ], [ -7.103043, 58.083646 ], [ -7.102871, 58.08345 ], [ -7.103045, 58.083358 ], [ -7.102838, 58.083222 ], [ -7.10308, 58.083073 ], [ -7.10315, 58.083147 ], [ -7.103511, 58.083056 ], [ -7.103713, 58.083106 ], [ -7.104185, 58.08284 ], [ -7.104322, 58.082492 ], [ -7.104221, 58.082258 ], [ -7.103986, 58.082101 ], [ -7.103815, 58.082157 ], [ -7.103706, 58.082459 ], [ -7.103411, 58.082295 ], [ -7.103304, 58.082083 ], [ -7.103402, 58.081702 ], [ -7.10311, 58.08156 ], [ -7.103332, 58.081448 ], [ -7.103156, 58.08123 ], [ -7.102689, 58.081411 ], [ -7.102588, 58.081239 ], [ -7.101703, 58.080924 ], [ -7.101119, 58.080291 ], [ -7.1007, 58.080029 ], [ -7.100679, 58.079885 ], [ -7.100827, 58.07979 ], [ -7.100774, 58.079535 ], [ -7.100654, 58.079531 ], [ -7.100763, 58.079459 ], [ -7.100692, 58.079323 ], [ -7.100205, 58.079302 ], [ -7.100311, 58.079149 ], [ -7.100753, 58.078978 ], [ -7.100506, 58.078498 ], [ -7.10067, 58.078217 ], [ -7.100314, 58.077511 ], [ -7.100197, 58.077525 ], [ -7.100314, 58.077453 ], [ -7.100186, 58.077152 ], [ -7.099329, 58.077038 ], [ -7.098831, 58.077053 ], [ -7.098826, 58.076905 ], [ -7.098991, 58.076872 ], [ -7.098829, 58.076743 ], [ -7.098994, 58.076714 ], [ -7.099016, 58.076511 ], [ -7.098851, 58.076486 ], [ -7.09908, 58.076418 ], [ -7.099545, 58.075455 ], [ -7.099657, 58.07541 ], [ -7.099757, 58.075455 ], [ -7.099938, 58.075354 ], [ -7.099836, 58.075001 ], [ -7.100031, 58.074818 ], [ -7.101101, 58.075235 ], [ -7.101697, 58.075247 ], [ -7.102018, 58.075176 ], [ -7.10294, 58.074558 ], [ -7.103063, 58.073576 ], [ -7.102668, 58.07325 ], [ -7.102496, 58.072875 ], [ -7.101233, 58.072948 ], [ -7.100784, 58.072723 ], [ -7.100447, 58.072979 ], [ -7.100329, 58.072507 ], [ -7.099483, 58.072645 ], [ -7.098809, 58.072627 ], [ -7.098693, 58.072528 ], [ -7.098462, 58.072515 ], [ -7.10043, 58.072202 ], [ -7.100548, 58.071963 ], [ -7.100237, 58.071089 ], [ -7.100363, 58.070787 ], [ -7.100283, 58.070701 ], [ -7.10016, 58.070791 ], [ -7.100129, 58.070518 ], [ -7.100348, 58.069965 ], [ -7.09991, 58.069757 ], [ -7.099821, 58.069545 ], [ -7.099657, 58.069529 ], [ -7.099601, 58.069437 ], [ -7.098712, 58.06927 ], [ -7.098322, 58.069097 ], [ -7.097889, 58.069042 ], [ -7.097002, 58.06919 ], [ -7.096887, 58.069276 ], [ -7.09676, 58.069159 ], [ -7.096507, 58.069291 ], [ -7.095902, 58.069216 ], [ -7.09534, 58.069324 ], [ -7.094838, 58.069907 ], [ -7.095225, 58.070238 ], [ -7.095189, 58.070406 ], [ -7.09507, 58.070406 ], [ -7.094969, 58.070113 ], [ -7.094621, 58.069938 ], [ -7.094256, 58.070232 ], [ -7.094567, 58.069792 ], [ -7.094263, 58.06957 ], [ -7.093785, 58.069432 ], [ -7.0934, 58.069533 ], [ -7.093131, 58.069962 ], [ -7.092832, 58.069479 ], [ -7.092015, 58.069341 ], [ -7.092107, 58.069094 ], [ -7.091846, 58.068812 ], [ -7.09132, 58.068874 ], [ -7.091445, 58.06904 ], [ -7.091144, 58.068894 ], [ -7.090526, 58.068842 ], [ -7.090194, 58.068662 ], [ -7.089558, 58.068544 ], [ -7.087619, 58.06846 ], [ -7.087445, 58.068494 ], [ -7.087502, 58.068591 ], [ -7.087231, 58.068602 ], [ -7.087091, 58.068513 ], [ -7.086584, 58.06847 ], [ -7.08617, 58.068599 ], [ -7.084717, 58.068356 ], [ -7.083636, 58.068332 ], [ -7.082349, 58.068415 ], [ -7.080237, 58.06831 ], [ -7.07937, 58.068242 ], [ -7.078346, 58.068031 ], [ -7.077677, 58.068098 ], [ -7.077351, 58.067895 ], [ -7.077214, 58.06795 ], [ -7.077158, 58.067652 ], [ -7.077293, 58.067551 ], [ -7.078832, 58.067206 ], [ -7.08191, 58.06706 ], [ -7.082433, 58.067102 ], [ -7.082779, 58.067264 ], [ -7.083708, 58.067227 ], [ -7.08404, 58.067061 ], [ -7.084103, 58.067139 ], [ -7.084648, 58.067032 ], [ -7.084813, 58.066764 ], [ -7.085362, 58.066742 ], [ -7.085634, 58.066327 ], [ -7.085803, 58.066446 ], [ -7.086123, 58.066424 ], [ -7.086237, 58.066568 ], [ -7.08706, 58.066386 ], [ -7.087693, 58.06642 ], [ -7.088122, 58.066097 ], [ -7.088186, 58.065891 ], [ -7.088827, 58.065443 ], [ -7.08835, 58.065251 ], [ -7.088666, 58.06509 ], [ -7.088424, 58.064942 ], [ -7.088714, 58.064831 ], [ -7.088502, 58.064417 ], [ -7.088019, 58.064301 ], [ -7.087766, 58.064374 ], [ -7.087668, 58.064518 ], [ -7.08772, 58.064943 ], [ -7.086017, 58.064849 ], [ -7.085893, 58.064989 ], [ -7.08573, 58.064978 ], [ -7.085522, 58.064887 ], [ -7.085637, 58.064266 ], [ -7.085493, 58.06415 ], [ -7.085073, 58.064298 ], [ -7.085098, 58.064773 ], [ -7.084899, 58.064804 ], [ -7.08469, 58.064709 ], [ -7.084651, 58.064553 ], [ -7.084572, 58.064597 ], [ -7.084544, 58.064998 ], [ -7.084281, 58.064874 ], [ -7.084112, 58.064885 ], [ -7.084081, 58.065021 ], [ -7.083932, 58.06505 ], [ -7.082859, 58.064904 ], [ -7.08304, 58.064806 ], [ -7.082744, 58.064692 ], [ -7.082741, 58.064319 ], [ -7.082956, 58.064216 ], [ -7.082938, 58.063969 ], [ -7.083201, 58.063554 ], [ -7.08307, 58.063465 ], [ -7.08319, 58.063298 ], [ -7.083064, 58.063006 ], [ -7.083221, 58.062919 ], [ -7.082924, 58.062742 ], [ -7.082921, 58.062602 ], [ -7.082579, 58.062638 ], [ -7.081618, 58.062987 ], [ -7.080885, 58.063084 ], [ -7.079881, 58.063903 ], [ -7.079134, 58.064675 ], [ -7.078384, 58.06466 ], [ -7.077691, 58.06444 ], [ -7.077253, 58.064583 ], [ -7.07673, 58.064546 ], [ -7.076342, 58.064746 ], [ -7.076284, 58.064573 ], [ -7.076399, 58.064429 ], [ -7.076526, 58.064428 ], [ -7.076491, 58.064362 ], [ -7.077103, 58.064068 ], [ -7.07718, 58.063893 ], [ -7.077366, 58.063886 ], [ -7.077301, 58.063727 ], [ -7.076965, 58.063632 ], [ -7.077113, 58.063482 ], [ -7.07688, 58.063271 ], [ -7.077097, 58.063186 ], [ -7.077028, 58.063004 ], [ -7.076538, 58.062961 ], [ -7.076199, 58.063019 ], [ -7.076081, 58.063267 ], [ -7.07624, 58.063427 ], [ -7.076051, 58.063592 ], [ -7.075803, 58.063643 ], [ -7.075285, 58.063461 ], [ -7.074935, 58.063448 ], [ -7.074723, 58.063564 ], [ -7.074528, 58.063505 ], [ -7.074424, 58.063432 ], [ -7.074511, 58.06315 ], [ -7.074157, 58.062872 ], [ -7.073933, 58.063263 ], [ -7.073687, 58.063381 ], [ -7.0733, 58.063405 ], [ -7.07302, 58.062814 ], [ -7.072383, 58.062394 ], [ -7.072441, 58.061842 ], [ -7.072138, 58.061864 ], [ -7.071795, 58.062075 ], [ -7.071652, 58.062036 ], [ -7.072034, 58.061728 ], [ -7.072261, 58.06171 ], [ -7.072517, 58.061421 ], [ -7.072906, 58.060875 ], [ -7.072806, 58.060708 ], [ -7.07248, 58.060622 ], [ -7.0723, 58.060669 ], [ -7.072307, 58.061079 ], [ -7.072224, 58.060852 ], [ -7.072072, 58.0608 ], [ -7.072053, 58.060909 ], [ -7.071833, 58.060972 ], [ -7.071645, 58.06084 ], [ -7.071392, 58.06103 ], [ -7.071191, 58.060813 ], [ -7.070467, 58.060554 ], [ -7.070395, 58.060408 ], [ -7.070089, 58.060465 ], [ -7.069723, 58.061056 ], [ -7.070034, 58.061273 ], [ -7.069761, 58.061383 ], [ -7.069588, 58.061898 ], [ -7.068814, 58.061947 ], [ -7.068694, 58.061817 ], [ -7.068737, 58.061284 ], [ -7.068536, 58.060703 ], [ -7.068585, 58.060269 ], [ -7.067841, 58.060173 ], [ -7.067438, 58.060261 ], [ -7.067739, 58.060055 ], [ -7.066719, 58.059979 ], [ -7.066447, 58.060039 ], [ -7.066393, 58.060136 ], [ -7.066016, 58.060052 ], [ -7.065527, 58.060197 ], [ -7.065232, 58.060749 ], [ -7.06565, 58.060822 ], [ -7.065091, 58.061132 ], [ -7.064653, 58.061154 ], [ -7.064499, 58.060963 ], [ -7.064672, 58.060929 ], [ -7.064409, 58.060809 ], [ -7.064123, 58.061009 ], [ -7.063903, 58.060892 ], [ -7.063873, 58.061042 ], [ -7.063701, 58.060963 ], [ -7.063675, 58.061022 ], [ -7.063402, 58.060831 ], [ -7.06279, 58.060765 ], [ -7.062257, 58.061079 ], [ -7.062165, 58.061263 ], [ -7.062386, 58.061686 ], [ -7.062258, 58.06174 ], [ -7.062154, 58.061663 ], [ -7.062039, 58.061695 ], [ -7.061892, 58.061854 ], [ -7.061992, 58.062084 ], [ -7.061734, 58.062296 ], [ -7.061929, 58.062352 ], [ -7.061811, 58.062599 ], [ -7.062005, 58.062529 ], [ -7.062122, 58.062821 ], [ -7.062482, 58.062964 ], [ -7.062112, 58.063285 ], [ -7.062126, 58.064044 ], [ -7.062379, 58.064273 ], [ -7.062371, 58.064633 ], [ -7.062693, 58.064867 ], [ -7.063529, 58.06496 ], [ -7.065303, 58.065492 ], [ -7.066907, 58.065851 ], [ -7.068376, 58.065856 ], [ -7.069213, 58.06607 ], [ -7.069692, 58.066451 ], [ -7.069505, 58.066746 ], [ -7.069109, 58.066708 ], [ -7.068742, 58.066817 ], [ -7.068436, 58.066811 ], [ -7.067104, 58.066518 ], [ -7.066989, 58.066428 ], [ -7.067124, 58.066364 ], [ -7.066958, 58.066326 ], [ -7.066276, 58.066371 ], [ -7.06571, 58.066268 ], [ -7.064217, 58.066516 ], [ -7.064459, 58.066664 ], [ -7.063776, 58.067056 ], [ -7.063611, 58.067391 ], [ -7.062708, 58.067665 ], [ -7.061369, 58.068282 ], [ -7.061165, 58.068338 ], [ -7.060518, 58.068328 ], [ -7.060153, 58.068505 ], [ -7.059646, 58.068466 ], [ -7.058949, 58.06822 ], [ -7.05844, 58.068163 ], [ -7.05847, 58.068315 ], [ -7.057933, 58.068296 ], [ -7.057748, 58.068371 ], [ -7.057724, 58.068502 ], [ -7.057466, 58.068472 ], [ -7.057393, 58.06856 ], [ -7.056915, 58.068543 ], [ -7.056655, 58.068621 ], [ -7.056447, 58.068715 ], [ -7.05618, 58.069045 ], [ -7.055999, 58.069025 ], [ -7.054542, 58.06983 ], [ -7.054358, 58.069846 ], [ -7.054449, 58.070248 ], [ -7.054409, 58.07033 ], [ -7.054171, 58.070389 ], [ -7.054113, 58.070576 ], [ -7.053644, 58.07068 ], [ -7.053032, 58.070497 ], [ -7.052816, 58.07029 ], [ -7.053016, 58.070143 ], [ -7.05308, 58.069875 ], [ -7.052825, 58.069696 ], [ -7.052111, 58.06963 ], [ -7.051336, 58.06967 ], [ -7.051227, 58.0698 ], [ -7.051355, 58.069925 ], [ -7.05097, 58.07026 ], [ -7.050917, 58.07055 ], [ -7.050666, 58.070632 ], [ -7.050401, 58.07062 ], [ -7.049758, 58.070879 ], [ -7.049868, 58.070997 ], [ -7.049665, 58.071117 ], [ -7.04987, 58.07137 ], [ -7.049616, 58.071497 ], [ -7.049638, 58.07159 ], [ -7.049326, 58.071724 ], [ -7.048754, 58.071824 ], [ -7.047436, 58.072411 ], [ -7.047087, 58.072461 ], [ -7.046987, 58.072357 ], [ -7.045761, 58.071974 ], [ -7.044233, 58.071976 ], [ -7.043655, 58.072085 ], [ -7.043155, 58.072037 ], [ -7.042527, 58.072278 ], [ -7.04218, 58.072283 ], [ -7.042032, 58.072441 ], [ -7.041311, 58.072686 ], [ -7.040606, 58.072799 ], [ -7.040443, 58.072968 ], [ -7.040089, 58.072986 ], [ -7.040017, 58.073084 ], [ -7.038843, 58.073427 ], [ -7.038788, 58.073573 ], [ -7.038262, 58.073877 ], [ -7.03691, 58.074466 ], [ -7.036147, 58.075135 ], [ -7.03526, 58.076372 ], [ -7.034961, 58.076599 ], [ -7.034836, 58.077099 ], [ -7.034434, 58.077593 ], [ -7.034458, 58.07773 ], [ -7.034217, 58.077884 ], [ -7.034105, 58.078293 ], [ -7.034122, 58.079377 ], [ -7.033998, 58.079643 ], [ -7.034072, 58.079869 ], [ -7.033597, 58.08041 ], [ -7.033747, 58.080935 ], [ -7.033662, 58.081113 ], [ -7.033042, 58.08099 ], [ -7.032858, 58.08119 ], [ -7.032058, 58.08106 ], [ -7.031257, 58.081461 ], [ -7.030463, 58.081555 ], [ -7.028663, 58.080956 ], [ -7.028483, 58.080824 ], [ -7.028483, 58.080639 ], [ -7.028936, 58.080122 ], [ -7.028368, 58.079825 ], [ -7.02808, 58.079769 ], [ -7.028345, 58.079484 ], [ -7.028153, 58.079447 ], [ -7.028161, 58.079379 ], [ -7.028596, 58.078975 ], [ -7.02886, 58.078375 ], [ -7.028464, 58.077977 ], [ -7.028236, 58.077504 ], [ -7.028402, 58.076454 ], [ -7.028689, 58.075962 ], [ -7.02877, 58.075509 ], [ -7.029002, 58.075229 ], [ -7.028488, 58.074049 ], [ -7.02849, 58.073581 ], [ -7.028172, 58.073314 ], [ -7.027583, 58.073234 ], [ -7.026873, 58.072952 ], [ -7.025787, 58.072837 ], [ -7.024408, 58.072815 ], [ -7.02399, 58.072738 ], [ -7.023689, 58.072228 ], [ -7.023356, 58.072097 ], [ -7.023749, 58.071573 ], [ -7.023339, 58.071189 ], [ -7.022418, 58.071041 ], [ -7.021398, 58.071212 ], [ -7.020506, 58.071062 ], [ -7.021338, 58.070967 ], [ -7.021756, 58.070739 ], [ -7.023548, 58.070506 ], [ -7.024229, 58.070276 ], [ -7.025007, 58.070133 ], [ -7.0253, 58.069987 ], [ -7.028245, 58.06974 ], [ -7.030627, 58.069047 ], [ -7.03183, 58.068433 ], [ -7.033363, 58.067378 ], [ -7.033622, 58.066927 ], [ -7.035314, 58.06587 ], [ -7.035426, 58.065879 ], [ -7.035463, 58.066017 ], [ -7.035679, 58.065869 ], [ -7.035867, 58.065875 ], [ -7.036493, 58.066044 ], [ -7.036689, 58.066225 ], [ -7.036891, 58.066271 ], [ -7.036218, 58.06668 ], [ -7.036301, 58.066785 ], [ -7.03681, 58.066782 ], [ -7.037016, 58.066981 ], [ -7.036954, 58.067083 ], [ -7.036403, 58.067149 ], [ -7.036475, 58.067295 ], [ -7.036978, 58.067374 ], [ -7.037106, 58.067256 ], [ -7.037644, 58.06764 ], [ -7.037572, 58.067728 ], [ -7.037806, 58.067823 ], [ -7.038136, 58.067755 ], [ -7.038579, 58.067828 ], [ -7.039356, 58.067437 ], [ -7.039499, 58.06749 ], [ -7.039791, 58.06715 ], [ -7.03953, 58.066805 ], [ -7.039617, 58.066581 ], [ -7.039177, 58.06641 ], [ -7.038888, 58.066048 ], [ -7.039367, 58.065714 ], [ -7.041449, 58.06537 ], [ -7.042137, 58.065374 ], [ -7.043094, 58.065175 ], [ -7.044259, 58.064773 ], [ -7.045829, 58.064409 ], [ -7.045994, 58.064313 ], [ -7.046677, 58.064344 ], [ -7.047318, 58.06413 ], [ -7.047929, 58.064074 ], [ -7.049869, 58.064226 ], [ -7.051756, 58.063881 ], [ -7.0529, 58.063507 ], [ -7.054529, 58.062543 ], [ -7.054934, 58.062108 ], [ -7.055229, 58.061971 ], [ -7.055462, 58.061705 ], [ -7.055739, 58.061617 ], [ -7.055772, 58.061436 ], [ -7.056147, 58.061327 ], [ -7.056902, 58.060905 ], [ -7.056764, 58.060825 ], [ -7.056828, 58.060679 ], [ -7.056706, 58.060477 ], [ -7.057045, 58.06027 ], [ -7.056916, 58.05992 ], [ -7.057098, 58.059831 ], [ -7.056824, 58.059689 ], [ -7.057315, 58.059382 ], [ -7.057175, 58.059235 ], [ -7.057187, 58.059023 ], [ -7.057614, 58.058916 ], [ -7.057546, 58.058738 ], [ -7.058318, 58.058015 ], [ -7.058221, 58.05769 ], [ -7.058031, 58.057549 ], [ -7.057429, 58.057492 ], [ -7.057315, 58.056926 ], [ -7.057631, 58.056702 ], [ -7.05743, 58.05666 ], [ -7.057487, 58.056586 ], [ -7.058199, 58.0564 ], [ -7.058199, 58.056216 ], [ -7.058574, 58.055994 ], [ -7.058503, 58.055907 ], [ -7.059136, 58.055526 ], [ -7.059208, 58.055253 ], [ -7.059027, 58.054815 ], [ -7.058449, 58.05469 ], [ -7.058554, 58.054533 ], [ -7.058173, 58.054422 ], [ -7.058219, 58.054146 ], [ -7.057817, 58.054 ], [ -7.057692, 58.05378 ], [ -7.057197, 58.053516 ], [ -7.057211, 58.05338 ], [ -7.056698, 58.053351 ], [ -7.056425, 58.05352 ], [ -7.055832, 58.053588 ], [ -7.05535, 58.05354 ], [ -7.055084, 58.053636 ], [ -7.054887, 58.053446 ], [ -7.054362, 58.053453 ], [ -7.053908, 58.053548 ], [ -7.053692, 58.05352 ], [ -7.053939, 58.053407 ], [ -7.053505, 58.053456 ], [ -7.053005, 58.053341 ], [ -7.05242, 58.053346 ], [ -7.05103, 58.053653 ], [ -7.05013, 58.054013 ], [ -7.04932, 58.054045 ], [ -7.047733, 58.054401 ], [ -7.046817, 58.054347 ], [ -7.046641, 58.054422 ], [ -7.046767, 58.054471 ], [ -7.046271, 58.054567 ], [ -7.046013, 58.054725 ], [ -7.045281, 58.054827 ], [ -7.044702, 58.054755 ], [ -7.043935, 58.054309 ], [ -7.043699, 58.05426 ], [ -7.042199, 58.054333 ], [ -7.040674, 58.054294 ], [ -7.040315, 58.054457 ], [ -7.038414, 58.054937 ], [ -7.037742, 58.055346 ], [ -7.035855, 58.056226 ], [ -7.034339, 58.05643 ], [ -7.033863, 58.056422 ], [ -7.033095, 58.056637 ], [ -7.032313, 58.056686 ], [ -7.030831, 58.056407 ], [ -7.029699, 58.056385 ], [ -7.029505, 58.056271 ], [ -7.028327, 58.056461 ], [ -7.027362, 58.056423 ], [ -7.026615, 58.056057 ], [ -7.025546, 58.05582 ], [ -7.02417, 58.054907 ], [ -7.023547, 58.054577 ], [ -7.023041, 58.054421 ], [ -7.022216, 58.054346 ], [ -7.021575, 58.054376 ], [ -7.02102, 58.054654 ], [ -7.020619, 58.054755 ], [ -7.020795, 58.054078 ], [ -7.021882, 58.053302 ], [ -7.023115, 58.052713 ], [ -7.023712, 58.052015 ], [ -7.024044, 58.05184 ], [ -7.024265, 58.051899 ], [ -7.024754, 58.051821 ], [ -7.024937, 58.051854 ], [ -7.02506, 58.052002 ], [ -7.025744, 58.051921 ], [ -7.026216, 58.051956 ], [ -7.027801, 58.052308 ], [ -7.028383, 58.052285 ], [ -7.028917, 58.05216 ], [ -7.029071, 58.051924 ], [ -7.029497, 58.051935 ], [ -7.029614, 58.051804 ], [ -7.029305, 58.051717 ], [ -7.029403, 58.051448 ], [ -7.029181, 58.051259 ], [ -7.029273, 58.051071 ], [ -7.030194, 58.050562 ], [ -7.030664, 58.050705 ], [ -7.030822, 58.050622 ], [ -7.031119, 58.050683 ], [ -7.032332, 58.050621 ], [ -7.033181, 58.050803 ], [ -7.035813, 58.050276 ], [ -7.036435, 58.050472 ], [ -7.036862, 58.05037 ], [ -7.037336, 58.050544 ], [ -7.037425, 58.050874 ], [ -7.038017, 58.051098 ], [ -7.040376, 58.051103 ], [ -7.040719, 58.051004 ], [ -7.041064, 58.051103 ], [ -7.041449, 58.051065 ], [ -7.041708, 58.051221 ], [ -7.042039, 58.05128 ], [ -7.042653, 58.051179 ], [ -7.04442, 58.051379 ], [ -7.045999, 58.051325 ], [ -7.046489, 58.051247 ], [ -7.046966, 58.051021 ], [ -7.047324, 58.050971 ], [ -7.047343, 58.050745 ], [ -7.04764, 58.050743 ], [ -7.048296, 58.050343 ], [ -7.048486, 58.050367 ], [ -7.048445, 58.050261 ], [ -7.048093, 58.050171 ], [ -7.048033, 58.049863 ], [ -7.04788, 58.049802 ], [ -7.047941, 58.049633 ], [ -7.048221, 58.049631 ], [ -7.048045, 58.049525 ], [ -7.048085, 58.049389 ], [ -7.048843, 58.049053 ], [ -7.048757, 58.048926 ], [ -7.049183, 58.048814 ], [ -7.049297, 58.048661 ], [ -7.04967, 58.04848 ], [ -7.049729, 58.048293 ], [ -7.051484, 58.047387 ], [ -7.052417, 58.047264 ], [ -7.053039, 58.047343 ], [ -7.053208, 58.047458 ], [ -7.053807, 58.047375 ], [ -7.053616, 58.047163 ], [ -7.053919, 58.047025 ], [ -7.055848, 58.047047 ], [ -7.055993, 58.046951 ], [ -7.056392, 58.04712 ], [ -7.057181, 58.04712 ], [ -7.059459, 58.046907 ], [ -7.060662, 58.046716 ], [ -7.06129, 58.046479 ], [ -7.061323, 58.046347 ], [ -7.062109, 58.046329 ], [ -7.06211, 58.046154 ], [ -7.062649, 58.045948 ], [ -7.062776, 58.045768 ], [ -7.06316, 58.045545 ], [ -7.063142, 58.045357 ], [ -7.062829, 58.045122 ], [ -7.062143, 58.044952 ], [ -7.061441, 58.044966 ], [ -7.061291, 58.044927 ], [ -7.061324, 58.044858 ], [ -7.062196, 58.044846 ], [ -7.06288, 58.044648 ], [ -7.06294, 58.04447 ], [ -7.063919, 58.044372 ], [ -7.064247, 58.044292 ], [ -7.064434, 58.044113 ], [ -7.06414, 58.0439 ], [ -7.064276, 58.043724 ], [ -7.063716, 58.043661 ], [ -7.063591, 58.043378 ], [ -7.06296, 58.043353 ], [ -7.063098, 58.043128 ], [ -7.062745, 58.043092 ], [ -7.062465, 58.043157 ], [ -7.062869, 58.042952 ], [ -7.062975, 58.042683 ], [ -7.062436, 58.042232 ], [ -7.061293, 58.042129 ], [ -7.060374, 58.041869 ], [ -7.059625, 58.041853 ], [ -7.059553, 58.041699 ], [ -7.060274, 58.04176 ], [ -7.060591, 58.041666 ], [ -7.06097, 58.041705 ], [ -7.061509, 58.041495 ], [ -7.061773, 58.041084 ], [ -7.061095, 58.040733 ], [ -7.060648, 58.040688 ], [ -7.058958, 58.040925 ], [ -7.059103, 58.040678 ], [ -7.058723, 58.040576 ], [ -7.058464, 58.040721 ], [ -7.057492, 58.040926 ], [ -7.05714, 58.041197 ], [ -7.056755, 58.041171 ], [ -7.056896, 58.041031 ], [ -7.056515, 58.040916 ], [ -7.056227, 58.041035 ], [ -7.0561, 58.040982 ], [ -7.055719, 58.041046 ], [ -7.055622, 58.04114 ], [ -7.055244, 58.041106 ], [ -7.054984, 58.041188 ], [ -7.054403, 58.041216 ], [ -7.054251, 58.041402 ], [ -7.054422, 58.041471 ], [ -7.054354, 58.041532 ], [ -7.05494, 58.041716 ], [ -7.055602, 58.041595 ], [ -7.055986, 58.041674 ], [ -7.056414, 58.041639 ], [ -7.055741, 58.041977 ], [ -7.054989, 58.04206 ], [ -7.054998, 58.042186 ], [ -7.05468, 58.042154 ], [ -7.054713, 58.042026 ], [ -7.05453, 58.041993 ], [ -7.054741, 58.041926 ], [ -7.054534, 58.041782 ], [ -7.054171, 58.041733 ], [ -7.053803, 58.041829 ], [ -7.053444, 58.041816 ], [ -7.053155, 58.041688 ], [ -7.053604, 58.041742 ], [ -7.053946, 58.041586 ], [ -7.053747, 58.041314 ], [ -7.0539, 58.04102 ], [ -7.05361, 58.040946 ], [ -7.053564, 58.040682 ], [ -7.052929, 58.040334 ], [ -7.052851, 58.040076 ], [ -7.053025, 58.039993 ], [ -7.052915, 58.039813 ], [ -7.05302, 58.039719 ], [ -7.052876, 58.03954 ], [ -7.052045, 58.03906 ], [ -7.052008, 58.038855 ], [ -7.052169, 58.038677 ], [ -7.052018, 58.038625 ], [ -7.052102, 58.038563 ], [ -7.051963, 58.038357 ], [ -7.052098, 58.038293 ], [ -7.051899, 58.038148 ], [ -7.051769, 58.038189 ], [ -7.051417, 58.03756 ], [ -7.051455, 58.037289 ], [ -7.050994, 58.036907 ], [ -7.050557, 58.036812 ], [ -7.05086, 58.036557 ], [ -7.050473, 58.036518 ], [ -7.0499, 58.036604 ], [ -7.049876, 58.036497 ], [ -7.050089, 58.03638 ], [ -7.049894, 58.036082 ], [ -7.05012, 58.036001 ], [ -7.050169, 58.035806 ], [ -7.049823, 58.035761 ], [ -7.049592, 58.035451 ], [ -7.049908, 58.035281 ], [ -7.049328, 58.035137 ], [ -7.04817, 58.035228 ], [ -7.048657, 58.034866 ], [ -7.048461, 58.034709 ], [ -7.048034, 58.034748 ], [ -7.047594, 58.03499 ], [ -7.047602, 58.03535 ], [ -7.047425, 58.035479 ], [ -7.046494, 58.03561 ], [ -7.046465, 58.035706 ], [ -7.046114, 58.035864 ], [ -7.045567, 58.036614 ], [ -7.045078, 58.036939 ], [ -7.04508, 58.03707 ], [ -7.044929, 58.03708 ], [ -7.043845, 58.037937 ], [ -7.043588, 58.038038 ], [ -7.042396, 58.037824 ], [ -7.041615, 58.037522 ], [ -7.041082, 58.037413 ], [ -7.04089, 58.03725 ], [ -7.040794, 58.036691 ], [ -7.041012, 58.036493 ], [ -7.040871, 58.036396 ], [ -7.040861, 58.036203 ], [ -7.041296, 58.035861 ], [ -7.041014, 58.035666 ], [ -7.041166, 58.035543 ], [ -7.040763, 58.035509 ], [ -7.041021, 58.035292 ], [ -7.040542, 58.035023 ], [ -7.040442, 58.034856 ], [ -7.04044, 58.034546 ], [ -7.040647, 58.034448 ], [ -7.040511, 58.034323 ], [ -7.040059, 58.034246 ], [ -7.040078, 58.033957 ], [ -7.03983, 58.033886 ], [ -7.039299, 58.033912 ], [ -7.038884, 58.033852 ], [ -7.03895, 58.033777 ], [ -7.038614, 58.033804 ], [ -7.037843, 58.034172 ], [ -7.037686, 58.034016 ], [ -7.037468, 58.034277 ], [ -7.037008, 58.034201 ], [ -7.036996, 58.03448 ], [ -7.036412, 58.034607 ], [ -7.036339, 58.034812 ], [ -7.036138, 58.034649 ], [ -7.03596, 58.034773 ], [ -7.035566, 58.034744 ], [ -7.035424, 58.034817 ], [ -7.034823, 58.034647 ], [ -7.034159, 58.034867 ], [ -7.034109, 58.035058 ], [ -7.033981, 58.035054 ], [ -7.033745, 58.035239 ], [ -7.033197, 58.035386 ], [ -7.032474, 58.03609 ], [ -7.031033, 58.035738 ], [ -7.030544, 58.03546 ], [ -7.029967, 58.035577 ], [ -7.02994, 58.035502 ], [ -7.029688, 58.035525 ], [ -7.029592, 58.035624 ], [ -7.028788, 58.035759 ], [ -7.02692, 58.035923 ], [ -7.025904, 58.036248 ], [ -7.024374, 58.036577 ], [ -7.023289, 58.036944 ], [ -7.021661, 58.037728 ], [ -7.020156, 58.038309 ], [ -7.019368, 58.038736 ], [ -7.018342, 58.039038 ], [ -7.017844, 58.039543 ], [ -7.016631, 58.040086 ], [ -7.015608, 58.04077 ], [ -7.015187, 58.040737 ], [ -7.015055, 58.040819 ], [ -7.014479, 58.040585 ], [ -7.013928, 58.040526 ], [ -7.010733, 58.040485 ], [ -7.009104, 58.040604 ], [ -7.007023, 58.040951 ], [ -7.00429, 58.041783 ], [ -7.001444, 58.042849 ], [ -6.997372, 58.043999 ], [ -6.997064, 58.044159 ], [ -6.996525, 58.044131 ], [ -6.994688, 58.044523 ], [ -6.992626, 58.04464 ], [ -6.991296, 58.044953 ], [ -6.990693, 58.045008 ], [ -6.990612, 58.045101 ], [ -6.989682, 58.0453 ], [ -6.988542, 58.045461 ], [ -6.987847, 58.045466 ], [ -6.987055, 58.045691 ], [ -6.985748, 58.045926 ], [ -6.985409, 58.046052 ], [ -6.984839, 58.046646 ], [ -6.984413, 58.04682 ], [ -6.983818, 58.04687 ], [ -6.983184, 58.047066 ], [ -6.982167, 58.0472 ], [ -6.981499, 58.047393 ], [ -6.981419, 58.047612 ], [ -6.981588, 58.047853 ], [ -6.981464, 58.047997 ], [ -6.98133, 58.047764 ], [ -6.980254, 58.047716 ], [ -6.978746, 58.047856 ], [ -6.978144, 58.047795 ], [ -6.977301, 58.048016 ], [ -6.976092, 58.047861 ], [ -6.974667, 58.047931 ], [ -6.974508, 58.048063 ], [ -6.97294, 58.048016 ], [ -6.972466, 58.048084 ], [ -6.970225, 58.048136 ], [ -6.968175, 58.048464 ], [ -6.967807, 58.048442 ], [ -6.965617, 58.048681 ], [ -6.963697, 58.049206 ], [ -6.962908, 58.049331 ], [ -6.960898, 58.0494 ], [ -6.958641, 58.049641 ], [ -6.958251, 58.049643 ], [ -6.955873, 58.049318 ], [ -6.953157, 58.049311 ], [ -6.952312, 58.049214 ], [ -6.951221, 58.049238 ], [ -6.949089, 58.049465 ], [ -6.947716, 58.049478 ], [ -6.946325, 58.049667 ], [ -6.945198, 58.049954 ], [ -6.944199, 58.049934 ], [ -6.943814, 58.049855 ], [ -6.942387, 58.050144 ], [ -6.941062, 58.050196 ], [ -6.938994, 58.050398 ], [ -6.938276, 58.050669 ], [ -6.936729, 58.050954 ], [ -6.935113, 58.051106 ], [ -6.932888, 58.051526 ], [ -6.929999, 58.0518 ], [ -6.929823, 58.051753 ], [ -6.928958, 58.051818 ], [ -6.926541, 58.052379 ], [ -6.924892, 58.052236 ], [ -6.92344, 58.052288 ], [ -6.920016, 58.05287 ], [ -6.918616, 58.052808 ], [ -6.917201, 58.053074 ], [ -6.916405, 58.053145 ], [ -6.915045, 58.053126 ], [ -6.913779, 58.053238 ], [ -6.912327, 58.053109 ], [ -6.912041, 58.052819 ], [ -6.911653, 58.052834 ], [ -6.911353, 58.052747 ], [ -6.911272, 58.052651 ], [ -6.91137, 58.052503 ], [ -6.910352, 58.052012 ], [ -6.90984, 58.05187 ], [ -6.90929, 58.05132 ], [ -6.908945, 58.051221 ], [ -6.907699, 58.05049 ], [ -6.907105, 58.049807 ], [ -6.906779, 58.049595 ], [ -6.906871, 58.049398 ], [ -6.906663, 58.049123 ], [ -6.90684, 58.049111 ], [ -6.906871, 58.049029 ], [ -6.907328, 58.049268 ], [ -6.908062, 58.049487 ], [ -6.909032, 58.049566 ], [ -6.909853, 58.04949 ], [ -6.910511, 58.04959 ], [ -6.911054, 58.050208 ], [ -6.911687, 58.050431 ], [ -6.911954, 58.050704 ], [ -6.913029, 58.050622 ], [ -6.913959, 58.05122 ], [ -6.914947, 58.051366 ], [ -6.915503, 58.05134 ], [ -6.916058, 58.051427 ], [ -6.916405, 58.051355 ], [ -6.916597, 58.051518 ], [ -6.917017, 58.051489 ], [ -6.91729, 58.051564 ], [ -6.918054, 58.051502 ], [ -6.918146, 58.051557 ], [ -6.91861, 58.051409 ], [ -6.91935, 58.051484 ], [ -6.919738, 58.051406 ], [ -6.920545, 58.051415 ], [ -6.920836, 58.051314 ], [ -6.920938, 58.051188 ], [ -6.921109, 58.051447 ], [ -6.922347, 58.051314 ], [ -6.923534, 58.050881 ], [ -6.924805, 58.050625 ], [ -6.925149, 58.050652 ], [ -6.926062, 58.050446 ], [ -6.927806, 58.050234 ], [ -6.928935, 58.049992 ], [ -6.930967, 58.049774 ], [ -6.931717, 58.04974 ], [ -6.932373, 58.049818 ], [ -6.933611, 58.049752 ], [ -6.93562, 58.049499 ], [ -6.936241, 58.049506 ], [ -6.93667, 58.049296 ], [ -6.93716, 58.049344 ], [ -6.937753, 58.049218 ], [ -6.938102, 58.049281 ], [ -6.938857, 58.04922 ], [ -6.939231, 58.048859 ], [ -6.939798, 58.048725 ], [ -6.940397, 58.048701 ], [ -6.942061, 58.048097 ], [ -6.94289, 58.047898 ], [ -6.943939, 58.047812 ], [ -6.947443, 58.047325 ], [ -6.948578, 58.047002 ], [ -6.950303, 58.046718 ], [ -6.951239, 58.046188 ], [ -6.952268, 58.045837 ], [ -6.953357, 58.045313 ], [ -6.954421, 58.045213 ], [ -6.957338, 58.045203 ], [ -6.958292, 58.045049 ], [ -6.959152, 58.044709 ], [ -6.95969, 58.04467 ], [ -6.961527, 58.043969 ], [ -6.962606, 58.043742 ], [ -6.964083, 58.043199 ], [ -6.964499, 58.042769 ], [ -6.964686, 58.042163 ], [ -6.964948, 58.042099 ], [ -6.964923, 58.041852 ], [ -6.965479, 58.041336 ], [ -6.965541, 58.04105 ], [ -6.965404, 58.040615 ], [ -6.965627, 58.040205 ], [ -6.966223, 58.04016 ], [ -6.966378, 58.039938 ], [ -6.966638, 58.039973 ], [ -6.966645, 58.040206 ], [ -6.967113, 58.040404 ], [ -6.96747, 58.040714 ], [ -6.96811, 58.040801 ], [ -6.968469, 58.040944 ], [ -6.969036, 58.040931 ], [ -6.969505, 58.041133 ], [ -6.969813, 58.041094 ], [ -6.969936, 58.041368 ], [ -6.970304, 58.041206 ], [ -6.971151, 58.041078 ], [ -6.971822, 58.041268 ], [ -6.972876, 58.041159 ], [ -6.973217, 58.04129 ], [ -6.973421, 58.041475 ], [ -6.973947, 58.041355 ], [ -6.975333, 58.041445 ], [ -6.975872, 58.041289 ], [ -6.976023, 58.041463 ], [ -6.976713, 58.041665 ], [ -6.977037, 58.041986 ], [ -6.97836, 58.042348 ], [ -6.979145, 58.042254 ], [ -6.980407, 58.042303 ], [ -6.980817, 58.042202 ], [ -6.981168, 58.042287 ], [ -6.981819, 58.042207 ], [ -6.982223, 58.042309 ], [ -6.982635, 58.04222 ], [ -6.982651, 58.042157 ], [ -6.982938, 58.042141 ], [ -6.983467, 58.042287 ], [ -6.984236, 58.042324 ], [ -6.985309, 58.042232 ], [ -6.985763, 58.042269 ], [ -6.985932, 58.042078 ], [ -6.986233, 58.042106 ], [ -6.987173, 58.041979 ], [ -6.987454, 58.042108 ], [ -6.988438, 58.041984 ], [ -6.988675, 58.041862 ], [ -6.989392, 58.041888 ], [ -6.989829, 58.041677 ], [ -6.989993, 58.041396 ], [ -6.990927, 58.041405 ], [ -6.991552, 58.041142 ], [ -6.992632, 58.041221 ], [ -6.993255, 58.041003 ], [ -6.994194, 58.040988 ], [ -6.994522, 58.040782 ], [ -6.994532, 58.040494 ], [ -6.994758, 58.040287 ], [ -6.994731, 58.040094 ], [ -6.994458, 58.039966 ], [ -6.994932, 58.039533 ], [ -6.994446, 58.038781 ], [ -6.995594, 58.039597 ], [ -6.995878, 58.039622 ], [ -6.996402, 58.039489 ], [ -6.996397, 58.03939 ], [ -6.996718, 58.039319 ], [ -6.99699, 58.039146 ], [ -6.997086, 58.038859 ], [ -6.997253, 58.038781 ], [ -6.997187, 58.038675 ], [ -6.9979, 58.038737 ], [ -6.997992, 58.038608 ], [ -6.998419, 58.038564 ], [ -6.998643, 58.038649 ], [ -6.998905, 58.038585 ], [ -6.999127, 58.038235 ], [ -6.999119, 58.038113 ], [ -6.998934, 58.038004 ], [ -6.999146, 58.037519 ], [ -6.999378, 58.037419 ], [ -7.000133, 58.037421 ], [ -7.001297, 58.03774 ], [ -7.002277, 58.037647 ], [ -7.003241, 58.037384 ], [ -7.003712, 58.037114 ], [ -7.00439, 58.036988 ], [ -7.004364, 58.036922 ], [ -7.004757, 58.036704 ], [ -7.00487, 58.03642 ], [ -7.007049, 58.035201 ], [ -7.008108, 58.034831 ], [ -7.0094, 58.034609 ], [ -7.009803, 58.034341 ], [ -7.010264, 58.034606 ], [ -7.011249, 58.034675 ], [ -7.011823, 58.034959 ], [ -7.013163, 58.034717 ], [ -7.013862, 58.034832 ], [ -7.014174, 58.034726 ], [ -7.014356, 58.034751 ], [ -7.014883, 58.034518 ], [ -7.015373, 58.034022 ], [ -7.015727, 58.033945 ], [ -7.015711, 58.033833 ], [ -7.016343, 58.033503 ], [ -7.016694, 58.033358 ], [ -7.017724, 58.033187 ], [ -7.01826, 58.032959 ], [ -7.01852, 58.032638 ], [ -7.019645, 58.032194 ], [ -7.021539, 58.032038 ], [ -7.023554, 58.031769 ], [ -7.024646, 58.031456 ], [ -7.02668, 58.031321 ], [ -7.027087, 58.031386 ], [ -7.027317, 58.031328 ], [ -7.028645, 58.031545 ], [ -7.029005, 58.031517 ], [ -7.029723, 58.031071 ], [ -7.030693, 58.030672 ], [ -7.03145, 58.030084 ], [ -7.033821, 58.028978 ], [ -7.034161, 58.028681 ], [ -7.034231, 58.028337 ], [ -7.034846, 58.02771 ], [ -7.03482, 58.027526 ], [ -7.035021, 58.027568 ], [ -7.035352, 58.027325 ], [ -7.035462, 58.027384 ], [ -7.036622, 58.027072 ], [ -7.037312, 58.026496 ], [ -7.037772, 58.026631 ], [ -7.039149, 58.026108 ], [ -7.039065, 58.026355 ], [ -7.039849, 58.026206 ], [ -7.040586, 58.025898 ], [ -7.04112, 58.025778 ], [ -7.041638, 58.025722 ], [ -7.041903, 58.025801 ], [ -7.042893, 58.025843 ], [ -7.044029, 58.025541 ], [ -7.044982, 58.024847 ], [ -7.045256, 58.024381 ], [ -7.045122, 58.024211 ], [ -7.045175, 58.02411 ], [ -7.045278, 58.024119 ], [ -7.04528, 58.023832 ], [ -7.045506, 58.023809 ], [ -7.045351, 58.023613 ], [ -7.045941, 58.023468 ], [ -7.046239, 58.023299 ], [ -7.046579, 58.023002 ], [ -7.046814, 58.022929 ], [ -7.046759, 58.02272 ], [ -7.047126, 58.022737 ], [ -7.047739, 58.022452 ], [ -7.047979, 58.022469 ], [ -7.048312, 58.022069 ], [ -7.048235, 58.021879 ], [ -7.048823, 58.02172 ], [ -7.048736, 58.021647 ], [ -7.048857, 58.021422 ], [ -7.049161, 58.021172 ], [ -7.049187, 58.020995 ], [ -7.049394, 58.020906 ], [ -7.049272, 58.020879 ], [ -7.049486, 58.020776 ], [ -7.04929, 58.020708 ], [ -7.04975, 58.020424 ], [ -7.050071, 58.019817 ], [ -7.049747, 58.019619 ], [ -7.049862, 58.019596 ], [ -7.049773, 58.019442 ], [ -7.049993, 58.019501 ], [ -7.050095, 58.019447 ], [ -7.05022, 58.019069 ], [ -7.050065, 58.018931 ], [ -7.050813, 58.018348 ], [ -7.050686, 58.018106 ], [ -7.050756, 58.018 ], [ -7.051036, 58.01806 ], [ -7.051021, 58.017895 ], [ -7.051535, 58.017757 ], [ -7.051625, 58.017614 ], [ -7.051488, 58.017543 ], [ -7.051747, 58.017456 ], [ -7.051346, 58.017198 ], [ -7.051588, 58.017233 ], [ -7.051784, 58.017059 ], [ -7.052074, 58.01703 ], [ -7.052216, 58.016695 ], [ -7.052559, 58.016425 ], [ -7.052802, 58.015984 ], [ -7.052376, 58.015429 ], [ -7.052328, 58.015026 ], [ -7.052537, 58.015009 ], [ -7.052285, 58.014367 ], [ -7.052013, 58.014243 ], [ -7.052429, 58.013884 ], [ -7.052912, 58.01364 ], [ -7.053356, 58.013784 ], [ -7.053554, 58.013507 ], [ -7.052853, 58.013103 ], [ -7.052608, 58.01251 ], [ -7.052268, 58.012262 ], [ -7.052261, 58.011736 ], [ -7.051696, 58.010616 ], [ -7.051276, 58.01052 ], [ -7.050584, 58.010786 ], [ -7.05045, 58.010796 ], [ -7.0503, 58.010692 ], [ -7.05088, 58.010478 ], [ -7.051407, 58.009831 ], [ -7.051817, 58.009612 ], [ -7.052516, 58.009459 ], [ -7.053445, 58.009498 ], [ -7.053842, 58.009608 ], [ -7.053942, 58.009838 ], [ -7.054103, 58.009895 ], [ -7.054263, 58.009826 ], [ -7.054247, 58.009538 ], [ -7.054507, 58.009334 ], [ -7.055044, 58.00912 ], [ -7.055496, 58.009201 ], [ -7.055608, 58.008971 ], [ -7.056062, 58.008827 ], [ -7.058579, 58.008583 ], [ -7.059531, 58.008666 ], [ -7.059849, 58.008757 ], [ -7.060753, 58.009392 ], [ -7.061119, 58.010002 ], [ -7.061443, 58.010138 ], [ -7.061925, 58.010546 ], [ -7.062753, 58.010891 ], [ -7.063711, 58.011428 ], [ -7.064241, 58.011997 ], [ -7.064319, 58.012371 ], [ -7.064994, 58.013424 ], [ -7.064959, 58.013538 ], [ -7.065403, 58.013862 ], [ -7.065697, 58.014498 ], [ -7.065907, 58.014602 ], [ -7.068266, 58.01516 ], [ -7.069143, 58.015607 ], [ -7.069266, 58.015813 ], [ -7.068965, 58.016023 ], [ -7.069007, 58.016143 ], [ -7.069461, 58.016296 ], [ -7.070061, 58.016762 ], [ -7.070314, 58.017108 ], [ -7.070139, 58.017128 ], [ -7.070299, 58.017544 ], [ -7.071555, 58.017967 ], [ -7.071856, 58.017937 ], [ -7.073008, 58.018228 ], [ -7.073145, 58.018124 ], [ -7.074009, 58.018296 ], [ -7.074709, 58.018511 ], [ -7.075065, 58.01869 ], [ -7.075001, 58.018837 ], [ -7.075116, 58.018927 ], [ -7.075345, 58.018868 ], [ -7.075531, 58.019045 ], [ -7.075817, 58.018907 ], [ -7.076105, 58.019085 ], [ -7.077584, 58.019354 ], [ -7.07856, 58.019297 ], [ -7.079351, 58.019378 ], [ -7.07985, 58.01925 ], [ -7.080075, 58.019282 ], [ -7.081326, 58.019672 ], [ -7.081628, 58.019948 ], [ -7.081461, 58.020207 ], [ -7.081734, 58.020335 ], [ -7.082096, 58.020375 ], [ -7.082084, 58.02047 ], [ -7.082343, 58.020563 ], [ -7.082411, 58.020209 ], [ -7.083296, 58.019692 ], [ -7.084273, 58.019289 ], [ -7.084863, 58.019148 ], [ -7.084956, 58.018911 ], [ -7.085359, 58.018881 ], [ -7.085273, 58.018754 ], [ -7.08563, 58.018339 ], [ -7.085647, 58.018042 ], [ -7.085323, 58.017974 ], [ -7.085131, 58.017815 ], [ -7.084914, 58.016645 ], [ -7.085079, 58.016373 ], [ -7.085841, 58.015771 ], [ -7.085959, 58.015586 ], [ -7.085935, 58.015241 ], [ -7.087217, 58.014182 ], [ -7.088551, 58.01331 ], [ -7.090571, 58.01232 ], [ -7.09128, 58.011878 ], [ -7.091928, 58.011375 ], [ -7.09213, 58.011065 ], [ -7.092194, 58.010559 ], [ -7.091929, 58.009953 ], [ -7.091759, 58.008997 ], [ -7.091161, 58.008364 ], [ -7.090216, 58.007683 ], [ -7.090161, 58.007536 ], [ -7.090276, 58.007446 ], [ -7.089887, 58.006859 ], [ -7.090202, 58.006689 ], [ -7.090018, 58.006588 ], [ -7.090212, 58.006405 ], [ -7.09005, 58.006101 ], [ -7.089918, 58.006066 ], [ -7.089693, 58.006147 ], [ -7.089862, 58.005969 ], [ -7.089636, 58.00569 ], [ -7.089152, 58.005804 ], [ -7.089022, 58.00572 ], [ -7.089208, 58.0056 ], [ -7.089611, 58.005511 ], [ -7.089748, 58.005169 ], [ -7.089492, 58.005152 ], [ -7.089927, 58.004936 ], [ -7.089989, 58.00466 ], [ -7.089823, 58.004149 ], [ -7.090104, 58.003976 ], [ -7.090256, 58.003614 ], [ -7.090086, 58.003436 ], [ -7.08963, 58.003621 ], [ -7.089357, 58.003493 ], [ -7.089314, 58.003306 ], [ -7.089824, 58.003286 ], [ -7.075362, 58.000846 ], [ -7.053258, 57.994892 ], [ -7.040724, 57.993748 ], [ -7.022127, 57.988301 ], [ -7.011233, 57.979062 ], [ -6.957878, 57.981066 ], [ -6.941884, 57.967963 ], [ -6.925944, 57.964908 ], [ -6.832701, 57.940829 ], [ -6.825026, 57.943658 ], [ -6.818365, 57.948049 ], [ -6.813922, 57.949965 ], [ -6.805403, 57.951539 ], [ -6.789766, 57.949097 ], [ -6.758177, 57.965246 ], [ -6.772963, 57.982114 ], [ -6.779556, 57.98177 ], [ -6.78957, 57.984389 ], [ -6.786948, 57.990155 ], [ -6.801465, 57.994179 ], [ -6.813839, 57.996894 ], [ -6.816641, 58.001697 ], [ -6.795771, 58.012028 ], [ -6.787803, 58.015821 ], [ -6.771374, 58.032858 ], [ -6.769843, 58.041559 ], [ -6.760864, 58.050967 ], [ -6.748778, 58.062335 ], [ -6.736039, 58.068879 ], [ -6.727397, 58.070772 ], [ -6.714339, 58.076004 ], [ -6.681248, 58.075445 ], [ -6.667425, 58.084132 ], [ -6.665876, 58.085688 ], [ -6.666451, 58.086524 ], [ -6.632959, 58.102098 ], [ -6.621442, 58.104805 ], [ -6.602776, 58.114828 ], [ -6.546895, 58.119835 ], [ -6.52662, 58.13334 ], [ -6.535865, 58.141289 ], [ -6.518132, 58.149416 ], [ -6.545143, 58.15474 ], [ -6.562627, 58.158385 ], [ -6.572545, 58.159889 ], [ -6.585461, 58.159493 ], [ -6.598482, 58.160951 ], [ -6.599149, 58.165067 ], [ -6.602303, 58.165442 ], [ -6.604597, 58.167504 ], [ -6.609703, 58.171457 ], [ -6.65183, 58.171785 ], [ -6.658637, 58.168537 ], [ -6.668259, 58.168755 ], [ -6.680544, 58.166162 ], [ -6.70877, 58.157911 ], [ -6.739349, 58.155705 ], [ -6.76367, 58.147655 ], [ -6.794574, 58.138498 ], [ -6.842544, 58.113975 ], [ -6.857486, 58.090913 ], [ -6.861219, 58.090556 ], [ -6.872664, 58.094329 ], [ -6.879854, 58.10962 ], [ -6.882059, 58.113891 ], [ -6.914067, 58.134582 ], [ -6.936377, 58.147429 ], [ -6.924271, 58.166344 ] ] ], [ [ [ -7.132894, 58.038063 ], [ -7.133453, 58.038234 ], [ -7.133643, 58.038195 ], [ -7.13388, 58.037956 ], [ -7.134372, 58.037783 ], [ -7.134437, 58.037641 ], [ -7.134637, 58.037619 ], [ -7.13458, 58.03781 ], [ -7.134909, 58.037797 ], [ -7.134909, 58.037622 ], [ -7.135249, 58.037801 ], [ -7.135444, 58.037802 ], [ -7.136771, 58.037182 ], [ -7.137348, 58.036529 ], [ -7.137345, 58.036331 ], [ -7.137553, 58.036363 ], [ -7.137884, 58.036718 ], [ -7.138323, 58.036705 ], [ -7.138778, 58.036327 ], [ -7.138444, 58.036012 ], [ -7.138551, 58.035931 ], [ -7.138757, 58.035945 ], [ -7.138989, 58.036206 ], [ -7.139466, 58.036277 ], [ -7.139667, 58.036201 ], [ -7.140054, 58.036235 ], [ -7.14068, 58.03611 ], [ -7.140511, 58.035879 ], [ -7.140806, 58.035804 ], [ -7.141123, 58.035472 ], [ -7.142226, 58.035355 ], [ -7.14288, 58.035185 ], [ -7.143113, 58.035211 ], [ -7.143288, 58.035015 ], [ -7.143693, 58.035057 ], [ -7.144533, 58.034942 ], [ -7.145671, 58.035251 ], [ -7.146919, 58.035259 ], [ -7.147026, 58.035349 ], [ -7.14773, 58.035352 ], [ -7.148193, 58.035442 ], [ -7.148209, 58.035612 ], [ -7.148482, 58.035623 ], [ -7.148366, 58.035938 ], [ -7.148898, 58.03598 ], [ -7.149091, 58.035846 ], [ -7.149622, 58.035766 ], [ -7.150852, 58.035239 ], [ -7.15075, 58.035473 ], [ -7.150882, 58.035625 ], [ -7.151649, 58.035351 ], [ -7.151788, 58.035435 ], [ -7.151963, 58.035415 ], [ -7.151987, 58.035283 ], [ -7.15162, 58.035271 ], [ -7.15198, 58.035176 ], [ -7.151855, 58.035077 ], [ -7.152157, 58.034993 ], [ -7.152669, 58.035265 ], [ -7.15416, 58.035353 ], [ -7.153728, 58.035244 ], [ -7.154062, 58.034911 ], [ -7.153792, 58.034625 ], [ -7.153765, 58.034442 ], [ -7.152097, 58.03446 ], [ -7.151739, 58.034744 ], [ -7.151392, 58.034808 ], [ -7.151875, 58.034217 ], [ -7.151631, 58.034231 ], [ -7.151422, 58.034424 ], [ -7.150983, 58.034379 ], [ -7.151495, 58.034165 ], [ -7.150973, 58.034132 ], [ -7.150966, 58.034029 ], [ -7.151086, 58.033916 ], [ -7.151504, 58.033818 ], [ -7.152127, 58.033847 ], [ -7.153155, 58.033742 ], [ -7.153052, 58.033611 ], [ -7.153193, 58.033475 ], [ -7.15317, 58.033193 ], [ -7.153357, 58.03314 ], [ -7.153766, 58.033214 ], [ -7.153927, 58.032973 ], [ -7.154322, 58.032831 ], [ -7.154393, 58.032563 ], [ -7.15472, 58.032653 ], [ -7.154527, 58.033021 ], [ -7.154144, 58.033185 ], [ -7.154194, 58.033475 ], [ -7.154581, 58.033455 ], [ -7.154877, 58.03333 ], [ -7.154897, 58.033231 ], [ -7.155137, 58.033306 ], [ -7.155035, 58.033189 ], [ -7.155237, 58.033181 ], [ -7.155351, 58.033086 ], [ -7.15563, 58.032373 ], [ -7.155435, 58.032021 ], [ -7.155517, 58.031887 ], [ -7.156045, 58.03196 ], [ -7.156076, 58.033174 ], [ -7.156392, 58.033251 ], [ -7.156412, 58.033448 ], [ -7.157206, 58.033537 ], [ -7.157405, 58.033453 ], [ -7.157581, 58.033491 ], [ -7.157708, 58.033436 ], [ -7.157559, 58.033343 ], [ -7.157899, 58.033289 ], [ -7.158159, 58.033094 ], [ -7.158315, 58.03329 ], [ -7.159278, 58.033264 ], [ -7.159288, 58.03298 ], [ -7.159508, 58.032917 ], [ -7.159758, 58.033002 ], [ -7.160065, 58.032841 ], [ -7.160189, 58.032935 ], [ -7.160815, 58.033044 ], [ -7.161438, 58.032947 ], [ -7.161541, 58.033073 ], [ -7.161861, 58.03306 ], [ -7.161899, 58.032856 ], [ -7.162258, 58.032932 ], [ -7.16233, 58.033019 ], [ -7.162581, 58.032936 ], [ -7.162949, 58.03249 ], [ -7.163017, 58.031493 ], [ -7.163265, 58.031568 ], [ -7.163288, 58.031432 ], [ -7.163159, 58.031361 ], [ -7.163341, 58.031155 ], [ -7.163195, 58.030905 ], [ -7.164154, 58.030906 ], [ -7.164501, 58.030555 ], [ -7.164701, 58.030763 ], [ -7.165077, 58.030549 ], [ -7.165048, 58.030465 ], [ -7.164791, 58.030386 ], [ -7.165139, 58.030389 ], [ -7.165173, 58.030505 ], [ -7.1654, 58.03055 ], [ -7.165284, 58.030397 ], [ -7.165782, 58.030323 ], [ -7.165264, 58.030195 ], [ -7.165528, 58.030086 ], [ -7.16538, 58.029943 ], [ -7.165869, 58.029928 ], [ -7.165879, 58.029815 ], [ -7.166349, 58.029841 ], [ -7.166457, 58.029769 ], [ -7.166626, 58.029879 ], [ -7.166827, 58.029862 ], [ -7.167106, 58.029972 ], [ -7.167391, 58.029893 ], [ -7.169412, 58.029793 ], [ -7.169597, 58.029551 ], [ -7.169483, 58.029286 ], [ -7.169727, 58.029393 ], [ -7.170049, 58.029213 ], [ -7.170638, 58.029356 ], [ -7.171403, 58.029253 ], [ -7.1714, 58.029172 ], [ -7.170803, 58.029151 ], [ -7.171161, 58.028988 ], [ -7.171105, 58.028896 ], [ -7.170307, 58.028946 ], [ -7.17051, 58.028767 ], [ -7.170074, 58.028511 ], [ -7.170242, 58.028499 ], [ -7.170373, 58.028584 ], [ -7.170986, 58.028595 ], [ -7.171474, 58.028512 ], [ -7.171366, 58.028471 ], [ -7.171045, 58.028538 ], [ -7.171511, 58.028299 ], [ -7.171069, 58.028115 ], [ -7.170794, 58.028265 ], [ -7.170446, 58.028324 ], [ -7.170351, 58.02831 ], [ -7.170373, 58.028111 ], [ -7.170047, 58.028143 ], [ -7.170599, 58.027918 ], [ -7.170651, 58.027808 ], [ -7.169411, 58.027908 ], [ -7.169163, 58.028071 ], [ -7.168851, 58.027908 ], [ -7.169165, 58.027913 ], [ -7.169281, 58.027773 ], [ -7.170053, 58.027603 ], [ -7.170367, 58.027365 ], [ -7.169996, 58.02738 ], [ -7.169678, 58.027532 ], [ -7.169617, 58.0274 ], [ -7.169878, 58.027272 ], [ -7.170533, 58.027228 ], [ -7.170546, 58.027142 ], [ -7.170299, 58.027012 ], [ -7.169694, 58.027109 ], [ -7.169395, 58.027215 ], [ -7.168783, 58.027731 ], [ -7.168672, 58.027726 ], [ -7.168507, 58.027606 ], [ -7.168586, 58.02737 ], [ -7.169048, 58.027099 ], [ -7.169179, 58.026779 ], [ -7.168515, 58.026702 ], [ -7.169135, 58.026529 ], [ -7.168501, 58.026307 ], [ -7.168248, 58.02638 ], [ -7.168183, 58.026572 ], [ -7.16786, 58.026513 ], [ -7.167261, 58.026587 ], [ -7.166938, 58.026524 ], [ -7.166558, 58.026184 ], [ -7.16677, 58.02595 ], [ -7.166768, 58.025761 ], [ -7.165191, 58.025236 ], [ -7.164578, 58.024573 ], [ -7.164459, 58.023925 ], [ -7.164652, 58.023616 ], [ -7.164608, 58.02337 ], [ -7.164444, 58.023291 ], [ -7.164632, 58.023068 ], [ -7.164094, 58.023396 ], [ -7.164105, 58.023292 ], [ -7.164374, 58.022984 ], [ -7.164313, 58.022856 ], [ -7.165171, 58.022043 ], [ -7.1656, 58.020968 ], [ -7.16528, 58.020806 ], [ -7.164754, 58.020921 ], [ -7.165573, 58.0206 ], [ -7.165424, 58.020449 ], [ -7.165754, 58.020386 ], [ -7.165776, 58.020245 ], [ -7.165515, 58.020085 ], [ -7.165054, 58.02018 ], [ -7.164877, 58.020129 ], [ -7.164773, 58.020057 ], [ -7.164926, 58.019938 ], [ -7.164655, 58.019886 ], [ -7.164478, 58.019655 ], [ -7.164279, 58.01969 ], [ -7.164143, 58.019565 ], [ -7.164355, 58.019449 ], [ -7.164178, 58.01928 ], [ -7.163884, 58.019418 ], [ -7.163643, 58.019333 ], [ -7.163565, 58.019202 ], [ -7.163218, 58.019207 ], [ -7.163249, 58.019367 ], [ -7.162954, 58.019379 ], [ -7.162373, 58.018116 ], [ -7.161936, 58.017549 ], [ -7.161399, 58.017531 ], [ -7.161043, 58.017356 ], [ -7.160534, 58.017296 ], [ -7.159908, 58.017303 ], [ -7.15959, 58.01751 ], [ -7.159372, 58.017177 ], [ -7.158823, 58.017132 ], [ -7.158501, 58.01719 ], [ -7.158329, 58.017642 ], [ -7.157999, 58.017592 ], [ -7.157864, 58.017238 ], [ -7.157961, 58.017149 ], [ -7.157658, 58.016931 ], [ -7.157618, 58.016362 ], [ -7.157745, 58.01624 ], [ -7.157695, 58.015778 ], [ -7.157963, 58.01552 ], [ -7.158062, 58.01485 ], [ -7.158099, 58.014286 ], [ -7.157929, 58.013933 ], [ -7.157966, 58.013837 ], [ -7.158161, 58.013897 ], [ -7.158277, 58.013816 ], [ -7.158275, 58.013685 ], [ -7.157977, 58.013616 ], [ -7.157875, 58.013378 ], [ -7.158118, 58.013476 ], [ -7.158252, 58.013412 ], [ -7.158021, 58.012863 ], [ -7.157756, 58.012847 ], [ -7.157744, 58.013063 ], [ -7.15743, 58.012649 ], [ -7.15665, 58.012231 ], [ -7.155526, 58.012024 ], [ -7.155198, 58.012038 ], [ -7.155218, 58.011767 ], [ -7.154877, 58.011754 ], [ -7.154731, 58.011562 ], [ -7.154231, 58.011272 ], [ -7.15266, 58.010719 ], [ -7.152241, 58.010345 ], [ -7.151373, 58.009966 ], [ -7.152444, 58.009518 ], [ -7.152965, 58.00919 ], [ -7.15341, 58.009163 ], [ -7.153345, 58.009067 ], [ -7.153538, 58.008933 ], [ -7.153429, 58.008879 ], [ -7.152914, 58.008954 ], [ -7.152539, 58.008762 ], [ -7.151896, 58.008887 ], [ -7.151169, 58.008548 ], [ -7.150233, 58.008762 ], [ -7.15006, 58.008854 ], [ -7.150079, 58.009047 ], [ -7.149891, 58.009207 ], [ -7.150222, 58.00945 ], [ -7.149867, 58.009397 ], [ -7.149726, 58.009479 ], [ -7.149325, 58.009167 ], [ -7.148903, 58.009175 ], [ -7.148865, 58.009267 ], [ -7.148517, 58.009384 ], [ -7.148594, 58.009566 ], [ -7.14839, 58.009561 ], [ -7.14815, 58.009773 ], [ -7.147521, 58.010055 ], [ -7.147187, 58.010091 ], [ -7.146973, 58.010198 ], [ -7.146858, 58.010338 ], [ -7.146949, 58.010676 ], [ -7.146645, 58.010864 ], [ -7.146473, 58.010786 ], [ -7.146256, 58.010808 ], [ -7.14629, 58.010631 ], [ -7.146045, 58.010753 ], [ -7.145906, 58.010732 ], [ -7.146271, 58.010545 ], [ -7.146409, 58.010284 ], [ -7.146092, 58.010198 ], [ -7.146247, 58.01016 ], [ -7.146125, 58.010075 ], [ -7.145588, 58.010232 ], [ -7.145521, 58.010181 ], [ -7.145003, 58.010467 ], [ -7.144926, 58.010695 ], [ -7.144565, 58.010719 ], [ -7.144324, 58.010873 ], [ -7.144201, 58.010725 ], [ -7.143721, 58.010978 ], [ -7.143784, 58.011241 ], [ -7.143978, 58.011233 ], [ -7.144081, 58.011364 ], [ -7.143642, 58.011611 ], [ -7.143365, 58.011631 ], [ -7.14333, 58.01121 ], [ -7.143171, 58.011108 ], [ -7.14332, 58.011021 ], [ -7.143242, 58.010894 ], [ -7.143391, 58.010753 ], [ -7.143003, 58.01053 ], [ -7.142869, 58.010536 ], [ -7.142672, 58.010701 ], [ -7.142946, 58.011077 ], [ -7.14288, 58.011147 ], [ -7.142582, 58.010957 ], [ -7.142558, 58.010796 ], [ -7.14224, 58.010701 ], [ -7.141675, 58.011133 ], [ -7.141536, 58.011112 ], [ -7.141707, 58.011006 ], [ -7.141615, 58.010834 ], [ -7.140757, 58.011121 ], [ -7.140308, 58.011472 ], [ -7.140252, 58.011317 ], [ -7.140489, 58.011024 ], [ -7.140397, 58.010793 ], [ -7.140159, 58.010673 ], [ -7.139874, 58.010693 ], [ -7.1398, 58.010593 ], [ -7.139379, 58.010731 ], [ -7.139361, 58.010957 ], [ -7.139078, 58.010757 ], [ -7.139126, 58.010678 ], [ -7.138856, 58.010334 ], [ -7.138481, 58.010205 ], [ -7.137391, 58.010344 ], [ -7.136593, 58.010925 ], [ -7.136189, 58.010707 ], [ -7.136059, 58.01087 ], [ -7.135667, 58.010674 ], [ -7.135287, 58.010861 ], [ -7.134975, 58.010815 ], [ -7.134225, 58.011201 ], [ -7.133409, 58.011477 ], [ -7.13322, 58.0117 ], [ -7.132905, 58.011686 ], [ -7.132823, 58.011532 ], [ -7.132541, 58.011395 ], [ -7.133619, 58.011054 ], [ -7.133437, 58.010846 ], [ -7.133112, 58.011003 ], [ -7.132943, 58.010834 ], [ -7.13322, 58.010809 ], [ -7.133555, 58.010665 ], [ -7.133589, 58.010489 ], [ -7.133299, 58.010419 ], [ -7.133559, 58.010103 ], [ -7.133452, 58.009945 ], [ -7.133649, 58.009906 ], [ -7.133707, 58.009714 ], [ -7.133384, 58.009714 ], [ -7.133176, 58.009853 ], [ -7.132475, 58.009755 ], [ -7.132241, 58.009837 ], [ -7.132241, 58.010012 ], [ -7.131851, 58.010014 ], [ -7.131436, 58.010135 ], [ -7.131317, 58.010014 ], [ -7.131591, 58.009858 ], [ -7.131636, 58.009636 ], [ -7.131351, 58.009427 ], [ -7.131322, 58.009222 ], [ -7.130859, 58.008948 ], [ -7.130704, 58.009112 ], [ -7.13059, 58.008963 ], [ -7.130393, 58.009012 ], [ -7.130349, 58.009112 ], [ -7.13015, 58.008972 ], [ -7.130044, 58.009116 ], [ -7.130126, 58.009216 ], [ -7.129768, 58.009437 ], [ -7.129633, 58.00974 ], [ -7.12946, 58.009652 ], [ -7.129419, 58.009424 ], [ -7.128867, 58.00942 ], [ -7.128802, 58.009499 ], [ -7.128617, 58.009448 ], [ -7.128322, 58.009577 ], [ -7.128792, 58.009193 ], [ -7.128606, 58.009138 ], [ -7.128872, 58.008979 ], [ -7.128781, 58.008942 ], [ -7.12837, 58.008967 ], [ -7.128249, 58.00913 ], [ -7.128055, 58.009075 ], [ -7.127642, 58.009154 ], [ -7.127558, 58.009333 ], [ -7.127758, 58.009253 ], [ -7.127932, 58.009282 ], [ -7.1274, 58.009533 ], [ -7.127161, 58.009462 ], [ -7.124606, 58.00938 ], [ -7.123839, 58.009168 ], [ -7.123213, 58.008762 ], [ -7.123039, 58.008494 ], [ -7.122456, 58.008216 ], [ -7.122439, 58.008154 ], [ -7.122846, 58.008093 ], [ -7.123155, 58.007945 ], [ -7.123262, 58.007743 ], [ -7.12322, 58.007686 ], [ -7.122932, 58.007689 ], [ -7.123034, 58.007577 ], [ -7.122815, 58.00723 ], [ -7.122504, 58.007364 ], [ -7.122311, 58.007615 ], [ -7.122199, 58.007606 ], [ -7.122339, 58.00716 ], [ -7.122315, 58.006994 ], [ -7.122097, 58.006949 ], [ -7.122141, 58.00661 ], [ -7.121888, 58.00644 ], [ -7.121755, 58.006454 ], [ -7.12167, 58.006867 ], [ -7.121526, 58.006576 ], [ -7.121236, 58.006741 ], [ -7.121098, 58.006719 ], [ -7.121301, 58.006482 ], [ -7.121174, 58.005947 ], [ -7.12029, 58.005992 ], [ -7.120011, 58.006115 ], [ -7.119796, 58.006034 ], [ -7.119844, 58.005834 ], [ -7.120415, 58.005919 ], [ -7.120712, 58.005862 ], [ -7.120652, 58.005738 ], [ -7.120429, 58.005662 ], [ -7.120691, 58.005597 ], [ -7.120648, 58.005473 ], [ -7.120415, 58.005384 ], [ -7.120669, 58.005382 ], [ -7.120715, 58.005228 ], [ -7.12087, 58.005307 ], [ -7.12102, 58.005229 ], [ -7.120874, 58.004744 ], [ -7.120444, 58.004226 ], [ -7.120336, 58.004361 ], [ -7.119994, 58.004393 ], [ -7.119724, 58.004525 ], [ -7.119674, 58.004824 ], [ -7.119528, 58.004929 ], [ -7.118883, 58.004982 ], [ -7.118338, 58.004374 ], [ -7.117929, 58.004116 ], [ -7.118029, 58.003991 ], [ -7.117612, 58.003328 ], [ -7.116851, 58.003098 ], [ -7.117104, 58.003092 ], [ -7.116772, 58.002966 ], [ -7.116652, 58.003012 ], [ -7.116292, 58.002864 ], [ -7.115976, 58.002967 ], [ -7.116109, 58.003065 ], [ -7.116072, 58.003458 ], [ -7.115892, 58.003506 ], [ -7.11566, 58.00307 ], [ -7.115193, 58.002886 ], [ -7.115091, 58.003057 ], [ -7.115284, 58.003107 ], [ -7.115046, 58.003157 ], [ -7.114617, 58.002711 ], [ -7.113939, 58.002829 ], [ -7.113762, 58.003128 ], [ -7.11355, 58.002948 ], [ -7.113507, 58.003066 ], [ -7.113332, 58.003024 ], [ -7.112672, 58.00315 ], [ -7.112327, 58.003051 ], [ -7.112032, 58.003063 ], [ -7.111646, 58.003209 ], [ -7.111614, 58.003161 ], [ -7.111025, 58.003252 ], [ -7.110755, 58.00348 ], [ -7.110978, 58.003634 ], [ -7.110848, 58.003757 ], [ -7.11095, 58.004051 ], [ -7.110473, 58.003951 ], [ -7.110365, 58.003768 ], [ -7.110173, 58.003813 ], [ -7.110143, 58.003649 ], [ -7.109593, 58.003845 ], [ -7.109042, 58.004186 ], [ -7.10863, 58.004138 ], [ -7.108673, 58.00399 ], [ -7.108516, 58.003958 ], [ -7.108145, 58.004232 ], [ -7.107833, 58.004229 ], [ -7.107674, 58.00453 ], [ -7.106823, 58.004705 ], [ -7.10646, 58.004623 ], [ -7.106381, 58.004686 ], [ -7.106489, 58.004835 ], [ -7.106187, 58.004985 ], [ -7.10609, 58.004721 ], [ -7.106184, 58.004625 ], [ -7.10598, 58.004336 ], [ -7.105846, 58.004439 ], [ -7.10553, 58.004448 ], [ -7.105596, 58.004753 ], [ -7.105507, 58.004771 ], [ -7.105167, 58.004597 ], [ -7.105019, 58.004582 ], [ -7.104974, 58.004644 ], [ -7.104771, 58.004505 ], [ -7.10351, 58.004426 ], [ -7.103172, 58.004468 ], [ -7.102807, 58.004674 ], [ -7.103062, 58.005172 ], [ -7.102605, 58.005279 ], [ -7.10108, 58.005352 ], [ -7.10058, 58.005558 ], [ -7.100586, 58.005847 ], [ -7.100364, 58.006185 ], [ -7.10051, 58.006648 ], [ -7.100417, 58.006696 ], [ -7.100896, 58.007204 ], [ -7.099614, 58.00846 ], [ -7.099299, 58.009088 ], [ -7.099104, 58.009176 ], [ -7.099027, 58.009358 ], [ -7.099354, 58.009439 ], [ -7.099646, 58.009667 ], [ -7.099848, 58.010442 ], [ -7.099507, 58.011249 ], [ -7.099163, 58.011394 ], [ -7.099386, 58.01153 ], [ -7.099173, 58.011916 ], [ -7.099394, 58.012111 ], [ -7.099608, 58.012134 ], [ -7.099829, 58.012047 ], [ -7.099749, 58.012006 ], [ -7.100147, 58.011984 ], [ -7.100074, 58.012038 ], [ -7.100197, 58.01208 ], [ -7.100506, 58.012077 ], [ -7.101941, 58.012354 ], [ -7.102719, 58.012718 ], [ -7.102711, 58.012984 ], [ -7.102547, 58.013144 ], [ -7.102788, 58.013229 ], [ -7.102605, 58.013254 ], [ -7.102584, 58.013345 ], [ -7.103096, 58.013783 ], [ -7.10333, 58.014291 ], [ -7.10317, 58.01454 ], [ -7.103319, 58.014872 ], [ -7.103183, 58.015107 ], [ -7.103301, 58.015394 ], [ -7.103073, 58.015583 ], [ -7.103251, 58.015815 ], [ -7.103035, 58.016147 ], [ -7.103451, 58.017161 ], [ -7.103085, 58.017747 ], [ -7.102738, 58.018107 ], [ -7.102537, 58.018178 ], [ -7.102438, 58.018614 ], [ -7.102885, 58.019015 ], [ -7.103027, 58.019 ], [ -7.103364, 58.019225 ], [ -7.103386, 58.019138 ], [ -7.103739, 58.019178 ], [ -7.103619, 58.019286 ], [ -7.103882, 58.019825 ], [ -7.103808, 58.020134 ], [ -7.104222, 58.020301 ], [ -7.104022, 58.020444 ], [ -7.104179, 58.020474 ], [ -7.104178, 58.020587 ], [ -7.10453, 58.02086 ], [ -7.104818, 58.021389 ], [ -7.104785, 58.021696 ], [ -7.104987, 58.021859 ], [ -7.105256, 58.021902 ], [ -7.104892, 58.022029 ], [ -7.104956, 58.022296 ], [ -7.104726, 58.022526 ], [ -7.10475, 58.022813 ], [ -7.104905, 58.022946 ], [ -7.104896, 58.02336 ], [ -7.105545, 58.024756 ], [ -7.105733, 58.024888 ], [ -7.105998, 58.025615 ], [ -7.106061, 58.025698 ], [ -7.106521, 58.025594 ], [ -7.106563, 58.025709 ], [ -7.106284, 58.025779 ], [ -7.106416, 58.026107 ], [ -7.106101, 58.026691 ], [ -7.106151, 58.026864 ], [ -7.106324, 58.027127 ], [ -7.106579, 58.027184 ], [ -7.106755, 58.027353 ], [ -7.106547, 58.027559 ], [ -7.106675, 58.027563 ], [ -7.107246, 58.027936 ], [ -7.107375, 58.028245 ], [ -7.107559, 58.028287 ], [ -7.107431, 58.028459 ], [ -7.1075, 58.028767 ], [ -7.108008, 58.028998 ], [ -7.108028, 58.029137 ], [ -7.108319, 58.029157 ], [ -7.109111, 58.029597 ], [ -7.110301, 58.030444 ], [ -7.110883, 58.030538 ], [ -7.111344, 58.030501 ], [ -7.111361, 58.030559 ], [ -7.110529, 58.030615 ], [ -7.11042, 58.030683 ], [ -7.110554, 58.030907 ], [ -7.11083, 58.031062 ], [ -7.11141, 58.031079 ], [ -7.111556, 58.031271 ], [ -7.112328, 58.031393 ], [ -7.112459, 58.031482 ], [ -7.112527, 58.031304 ], [ -7.112756, 58.031542 ], [ -7.113734, 58.031854 ], [ -7.114004, 58.031726 ], [ -7.11374, 58.031602 ], [ -7.114041, 58.031572 ], [ -7.114261, 58.03145 ], [ -7.114055, 58.031369 ], [ -7.114119, 58.031285 ], [ -7.114458, 58.031226 ], [ -7.114492, 58.030987 ], [ -7.114183, 58.030842 ], [ -7.114239, 58.030758 ], [ -7.114634, 58.030679 ], [ -7.114755, 58.031048 ], [ -7.11492, 58.031077 ], [ -7.115026, 58.031221 ], [ -7.115208, 58.030953 ], [ -7.115434, 58.031169 ], [ -7.115384, 58.031652 ], [ -7.115658, 58.031965 ], [ -7.115811, 58.031968 ], [ -7.115696, 58.031815 ], [ -7.115748, 58.031647 ], [ -7.116001, 58.031637 ], [ -7.116237, 58.03151 ], [ -7.116629, 58.031638 ], [ -7.116553, 58.031875 ], [ -7.116729, 58.032219 ], [ -7.117305, 58.032569 ], [ -7.117458, 58.032568 ], [ -7.117427, 58.032416 ], [ -7.117637, 58.032218 ], [ -7.117957, 58.032682 ], [ -7.118457, 58.032676 ], [ -7.118647, 58.032466 ], [ -7.118906, 58.032793 ], [ -7.118822, 58.032917 ], [ -7.119115, 58.033009 ], [ -7.119643, 58.033019 ], [ -7.12034, 58.033296 ], [ -7.121033, 58.033314 ], [ -7.121309, 58.033047 ], [ -7.121364, 58.033197 ], [ -7.121681, 58.033338 ], [ -7.122892, 58.033437 ], [ -7.123624, 58.033282 ], [ -7.123714, 58.0329 ], [ -7.124457, 58.032528 ], [ -7.124542, 58.032408 ], [ -7.124882, 58.032475 ], [ -7.124946, 58.032621 ], [ -7.125316, 58.032602 ], [ -7.125575, 58.032753 ], [ -7.125338, 58.032875 ], [ -7.125333, 58.033015 ], [ -7.125554, 58.03337 ], [ -7.126094, 58.033411 ], [ -7.126246, 58.033585 ], [ -7.126139, 58.033729 ], [ -7.126497, 58.033859 ], [ -7.126819, 58.033796 ], [ -7.126999, 58.034279 ], [ -7.127159, 58.034331 ], [ -7.127314, 58.03423 ], [ -7.127882, 58.034405 ], [ -7.127578, 58.034476 ], [ -7.127606, 58.034669 ], [ -7.127381, 58.034637 ], [ -7.127284, 58.034493 ], [ -7.126833, 58.034636 ], [ -7.126404, 58.035216 ], [ -7.126223, 58.035201 ], [ -7.126231, 58.035903 ], [ -7.126414, 58.036408 ], [ -7.126263, 58.036482 ], [ -7.126461, 58.036559 ], [ -7.126412, 58.036867 ], [ -7.126684, 58.03705 ], [ -7.126439, 58.03706 ], [ -7.126439, 58.037118 ], [ -7.126699, 58.037153 ], [ -7.126718, 58.037228 ], [ -7.126578, 58.037256 ], [ -7.127358, 58.037549 ], [ -7.127537, 58.037497 ], [ -7.127739, 58.037542 ], [ -7.127781, 58.037428 ], [ -7.128019, 58.037662 ], [ -7.128133, 58.037571 ], [ -7.12773, 58.037309 ], [ -7.127783, 58.03714 ], [ -7.128022, 58.037153 ], [ -7.128015, 58.037045 ], [ -7.12839, 58.036999 ], [ -7.128958, 58.037354 ], [ -7.128923, 58.037463 ], [ -7.129349, 58.037536 ], [ -7.129456, 58.037275 ], [ -7.129683, 58.0375 ], [ -7.129625, 58.037565 ], [ -7.129788, 58.03764 ], [ -7.130319, 58.037438 ], [ -7.130532, 58.037151 ], [ -7.130636, 58.037164 ], [ -7.130601, 58.037332 ], [ -7.13039, 58.037633 ], [ -7.130926, 58.037648 ], [ -7.130775, 58.037834 ], [ -7.131181, 58.037772 ], [ -7.13081, 58.037958 ], [ -7.131186, 58.038042 ], [ -7.131323, 58.038225 ], [ -7.132024, 58.038206 ], [ -7.131879, 58.037964 ], [ -7.132016, 58.037734 ], [ -7.132133, 58.037725 ], [ -7.132132, 58.037954 ], [ -7.132276, 58.038007 ], [ -7.132684, 58.038013 ], [ -7.132747, 58.037862 ], [ -7.132874, 58.037866 ], [ -7.132894, 58.038063 ] ] ], [ [ [ -7.128052, 58.08663 ], [ -7.128584, 58.086608 ], [ -7.12901, 58.086375 ], [ -7.130264, 58.086122 ], [ -7.131013, 58.086132 ], [ -7.131353, 58.086254 ], [ -7.1316, 58.086253 ], [ -7.131458, 58.08633 ], [ -7.13322, 58.086417 ], [ -7.134102, 58.08617 ], [ -7.134109, 58.086097 ], [ -7.133808, 58.086073 ], [ -7.134442, 58.085877 ], [ -7.13507, 58.085343 ], [ -7.134317, 58.085243 ], [ -7.134072, 58.085374 ], [ -7.133901, 58.085188 ], [ -7.133251, 58.085214 ], [ -7.132648, 58.085153 ], [ -7.132716, 58.085096 ], [ -7.133297, 58.085059 ], [ -7.133908, 58.085116 ], [ -7.134229, 58.08499 ], [ -7.134288, 58.085046 ], [ -7.134811, 58.085021 ], [ -7.134964, 58.084844 ], [ -7.134942, 58.084278 ], [ -7.135432, 58.085023 ], [ -7.135644, 58.085082 ], [ -7.13624, 58.08503 ], [ -7.138716, 58.083882 ], [ -7.138999, 58.08361 ], [ -7.138755, 58.083327 ], [ -7.138869, 58.083237 ], [ -7.138827, 58.082942 ], [ -7.139018, 58.082795 ], [ -7.136955, 58.08304 ], [ -7.134661, 58.083443 ], [ -7.134474, 58.083622 ], [ -7.134164, 58.083535 ], [ -7.134134, 58.083442 ], [ -7.133174, 58.083562 ], [ -7.132808, 58.083496 ], [ -7.132566, 58.083055 ], [ -7.132304, 58.08312 ], [ -7.132004, 58.082633 ], [ -7.131735, 58.082531 ], [ -7.131231, 58.082453 ], [ -7.130856, 58.082558 ], [ -7.130688, 58.08269 ], [ -7.1308, 58.082407 ], [ -7.130456, 58.08238 ], [ -7.130208, 58.082485 ], [ -7.129942, 58.082469 ], [ -7.130391, 58.082342 ], [ -7.130979, 58.081761 ], [ -7.131306, 58.081676 ], [ -7.131388, 58.081533 ], [ -7.131263, 58.081259 ], [ -7.131076, 58.081258 ], [ -7.130665, 58.081468 ], [ -7.130438, 58.081837 ], [ -7.130453, 58.081233 ], [ -7.130724, 58.081114 ], [ -7.130767, 58.080883 ], [ -7.130435, 58.080636 ], [ -7.129914, 58.080913 ], [ -7.129782, 58.080824 ], [ -7.129769, 58.080438 ], [ -7.129371, 58.080323 ], [ -7.128704, 58.080292 ], [ -7.128763, 58.080177 ], [ -7.128638, 58.080015 ], [ -7.129564, 58.079897 ], [ -7.129971, 58.079656 ], [ -7.130413, 58.079602 ], [ -7.130274, 58.079522 ], [ -7.130694, 58.079366 ], [ -7.131661, 58.079187 ], [ -7.132064, 58.078919 ], [ -7.132693, 58.078799 ], [ -7.131956, 58.078698 ], [ -7.130738, 58.078846 ], [ -7.132167, 58.07851 ], [ -7.133383, 58.078402 ], [ -7.133999, 58.078197 ], [ -7.134705, 58.078151 ], [ -7.134962, 58.077929 ], [ -7.13423, 58.077207 ], [ -7.134312, 58.076952 ], [ -7.133258, 58.076356 ], [ -7.13294, 58.076036 ], [ -7.133692, 58.076122 ], [ -7.13514, 58.076865 ], [ -7.135556, 58.076866 ], [ -7.135866, 58.076655 ], [ -7.135577, 58.076186 ], [ -7.135784, 58.075556 ], [ -7.136015, 58.075448 ], [ -7.135924, 58.075231 ], [ -7.134449, 58.074544 ], [ -7.133957, 58.074483 ], [ -7.132915, 58.074561 ], [ -7.132717, 58.074956 ], [ -7.132217, 58.074724 ], [ -7.131741, 58.074725 ], [ -7.131793, 58.075439 ], [ -7.131603, 58.075356 ], [ -7.131472, 58.075096 ], [ -7.131239, 58.075011 ], [ -7.131168, 58.074875 ], [ -7.130868, 58.074792 ], [ -7.129481, 58.074947 ], [ -7.130159, 58.074767 ], [ -7.130466, 58.074417 ], [ -7.130096, 58.074504 ], [ -7.130397, 58.074294 ], [ -7.129525, 58.073488 ], [ -7.129111, 58.073325 ], [ -7.128132, 58.073247 ], [ -7.127798, 58.073283 ], [ -7.126711, 58.073876 ], [ -7.126723, 58.073722 ], [ -7.127334, 58.073306 ], [ -7.12736, 58.073134 ], [ -7.12701, 58.073063 ], [ -7.126606, 58.073084 ], [ -7.126249, 58.07326 ], [ -7.126136, 58.073184 ], [ -7.125823, 58.073192 ], [ -7.125037, 58.073336 ], [ -7.12476, 58.073653 ], [ -7.12459, 58.07424 ], [ -7.124201, 58.073959 ], [ -7.124261, 58.073844 ], [ -7.124104, 58.073576 ], [ -7.12374, 58.073645 ], [ -7.123014, 58.073615 ], [ -7.121885, 58.073791 ], [ -7.121761, 58.07376 ], [ -7.122317, 58.073549 ], [ -7.122299, 58.073428 ], [ -7.121645, 58.073545 ], [ -7.121826, 58.073443 ], [ -7.121316, 58.073378 ], [ -7.121232, 58.073503 ], [ -7.121507, 58.073645 ], [ -7.12153, 58.073747 ], [ -7.12107, 58.0735 ], [ -7.12064, 58.073405 ], [ -7.118883, 58.073292 ], [ -7.11831, 58.073436 ], [ -7.118342, 58.073543 ], [ -7.118729, 58.073577 ], [ -7.118221, 58.073827 ], [ -7.117718, 58.074459 ], [ -7.118076, 58.074827 ], [ -7.118279, 58.074877 ], [ -7.118127, 58.074942 ], [ -7.118312, 58.074934 ], [ -7.11849, 58.075224 ], [ -7.118358, 58.07549 ], [ -7.118504, 58.075912 ], [ -7.117974, 58.076243 ], [ -7.118306, 58.076545 ], [ -7.118789, 58.076481 ], [ -7.118839, 58.076532 ], [ -7.118454, 58.076633 ], [ -7.117795, 58.077011 ], [ -7.117745, 58.077193 ], [ -7.117605, 58.077167 ], [ -7.117232, 58.07729 ], [ -7.117341, 58.077335 ], [ -7.117222, 58.077398 ], [ -7.117265, 58.077811 ], [ -7.117709, 58.078009 ], [ -7.118124, 58.078532 ], [ -7.118185, 58.078781 ], [ -7.118731, 58.078858 ], [ -7.118234, 58.078883 ], [ -7.118102, 58.078974 ], [ -7.118297, 58.079209 ], [ -7.118474, 58.079197 ], [ -7.118742, 58.079582 ], [ -7.118956, 58.079537 ], [ -7.118671, 58.080152 ], [ -7.119313, 58.08013 ], [ -7.118671, 58.080273 ], [ -7.11846, 58.080516 ], [ -7.119055, 58.080816 ], [ -7.119343, 58.080755 ], [ -7.119612, 58.080793 ], [ -7.118922, 58.080956 ], [ -7.11936, 58.081046 ], [ -7.119422, 58.081125 ], [ -7.118741, 58.081058 ], [ -7.118552, 58.08116 ], [ -7.11873, 58.081391 ], [ -7.119036, 58.081392 ], [ -7.119108, 58.081664 ], [ -7.118975, 58.081683 ], [ -7.118955, 58.081958 ], [ -7.119044, 58.082044 ], [ -7.1195, 58.082143 ], [ -7.119541, 58.082254 ], [ -7.119506, 58.082359 ], [ -7.119044, 58.082395 ], [ -7.119053, 58.082516 ], [ -7.119343, 58.082527 ], [ -7.119443, 58.082631 ], [ -7.119112, 58.083225 ], [ -7.119139, 58.083413 ], [ -7.119562, 58.083755 ], [ -7.121075, 58.08436 ], [ -7.121102, 58.084485 ], [ -7.122206, 58.084486 ], [ -7.122229, 58.084588 ], [ -7.121566, 58.084817 ], [ -7.12146, 58.08497 ], [ -7.122327, 58.085444 ], [ -7.121943, 58.085373 ], [ -7.121591, 58.085527 ], [ -7.121546, 58.085745 ], [ -7.122287, 58.085877 ], [ -7.123179, 58.085639 ], [ -7.124437, 58.085588 ], [ -7.125397, 58.085234 ], [ -7.125757, 58.085197 ], [ -7.125855, 58.085405 ], [ -7.125736, 58.085643 ], [ -7.124804, 58.085893 ], [ -7.124446, 58.086186 ], [ -7.124249, 58.08623 ], [ -7.123953, 58.086183 ], [ -7.123873, 58.086389 ], [ -7.125491, 58.086535 ], [ -7.125962, 58.086449 ], [ -7.126836, 58.086557 ], [ -7.127285, 58.086494 ], [ -7.128052, 58.08663 ] ] ], [ [ [ -7.141153, 58.040986 ], [ -7.140935, 58.041004 ], [ -7.140926, 58.041175 ], [ -7.142136, 58.041329 ], [ -7.142607, 58.041125 ], [ -7.142558, 58.040965 ], [ -7.143173, 58.040873 ], [ -7.143309, 58.040525 ], [ -7.143443, 58.040511 ], [ -7.14331, 58.040471 ], [ -7.143264, 58.040271 ], [ -7.143379, 58.040185 ], [ -7.143521, 58.040224 ], [ -7.14359, 58.039767 ], [ -7.143781, 58.039795 ], [ -7.143957, 58.040193 ], [ -7.144076, 58.040017 ], [ -7.144223, 58.040155 ], [ -7.144589, 58.04028 ], [ -7.144784, 58.040106 ], [ -7.145327, 58.040219 ], [ -7.145198, 58.040264 ], [ -7.145195, 58.040422 ], [ -7.14552, 58.040499 ], [ -7.145364, 58.040712 ], [ -7.145732, 58.040733 ], [ -7.145882, 58.040597 ], [ -7.146296, 58.040764 ], [ -7.146595, 58.040779 ], [ -7.146685, 58.040582 ], [ -7.14703, 58.040501 ], [ -7.147048, 58.040684 ], [ -7.14723, 58.04065 ], [ -7.14748, 58.0405 ], [ -7.147486, 58.040248 ], [ -7.147749, 58.040075 ], [ -7.147684, 58.039858 ], [ -7.147879, 58.039679 ], [ -7.147903, 58.039376 ], [ -7.148263, 58.039168 ], [ -7.148043, 58.038642 ], [ -7.148096, 58.038599 ], [ -7.148644, 58.039103 ], [ -7.149354, 58.038674 ], [ -7.149161, 58.038687 ], [ -7.149228, 58.038387 ], [ -7.149654, 58.03805 ], [ -7.149388, 58.037967 ], [ -7.148107, 58.038261 ], [ -7.14815, 58.03844 ], [ -7.147877, 58.038311 ], [ -7.147953, 58.038133 ], [ -7.148638, 58.038064 ], [ -7.150082, 58.037723 ], [ -7.150283, 58.03753 ], [ -7.150236, 58.037145 ], [ -7.149696, 58.037045 ], [ -7.149578, 58.03687 ], [ -7.149317, 58.036831 ], [ -7.149553, 58.036997 ], [ -7.148696, 58.03705 ], [ -7.14796, 58.037008 ], [ -7.147664, 58.037074 ], [ -7.147617, 58.037215 ], [ -7.147109, 58.037164 ], [ -7.146981, 58.037038 ], [ -7.146913, 58.037158 ], [ -7.146241, 58.037145 ], [ -7.146153, 58.037063 ], [ -7.146237, 58.036938 ], [ -7.146044, 58.036833 ], [ -7.145923, 58.036883 ], [ -7.145695, 58.036825 ], [ -7.14517, 58.03695 ], [ -7.144976, 58.037075 ], [ -7.144964, 58.037408 ], [ -7.142893, 58.037928 ], [ -7.142913, 58.038067 ], [ -7.142756, 58.037979 ], [ -7.142062, 58.038223 ], [ -7.142153, 58.038624 ], [ -7.142616, 58.039006 ], [ -7.142417, 58.039099 ], [ -7.142348, 58.039035 ], [ -7.142086, 58.039041 ], [ -7.14207, 58.039109 ], [ -7.140995, 58.039179 ], [ -7.140959, 58.039226 ], [ -7.141529, 58.039293 ], [ -7.141118, 58.039444 ], [ -7.141127, 58.039624 ], [ -7.140783, 58.039714 ], [ -7.141218, 58.039728 ], [ -7.141146, 58.039938 ], [ -7.141257, 58.039997 ], [ -7.141436, 58.039944 ], [ -7.142383, 58.040045 ], [ -7.142691, 58.039943 ], [ -7.142145, 58.040213 ], [ -7.14203, 58.040415 ], [ -7.14175, 58.04048 ], [ -7.141715, 58.04041 ], [ -7.141564, 58.040425 ], [ -7.141481, 58.04055 ], [ -7.141288, 58.040567 ], [ -7.141294, 58.040665 ], [ -7.141128, 58.040695 ], [ -7.14124, 58.040762 ], [ -7.141112, 58.040821 ], [ -7.141153, 58.040986 ] ] ], [ [ [ -7.093076, 58.026273 ], [ -7.09351, 58.026283 ], [ -7.093528, 58.026413 ], [ -7.093973, 58.02644 ], [ -7.093999, 58.026565 ], [ -7.094247, 58.026514 ], [ -7.094023, 58.026253 ], [ -7.09443, 58.026075 ], [ -7.094403, 58.025473 ], [ -7.094686, 58.025431 ], [ -7.094894, 58.025229 ], [ -7.094821, 58.025128 ], [ -7.094969, 58.024983 ], [ -7.094912, 58.024522 ], [ -7.095022, 58.024337 ], [ -7.094819, 58.024103 ], [ -7.095345, 58.023992 ], [ -7.09524, 58.023609 ], [ -7.094836, 58.023216 ], [ -7.094587, 58.023194 ], [ -7.093761, 58.022633 ], [ -7.093463, 58.022564 ], [ -7.093274, 58.022604 ], [ -7.09226, 58.022334 ], [ -7.090748, 58.022192 ], [ -7.090648, 58.022268 ], [ -7.090798, 58.022482 ], [ -7.090578, 58.022784 ], [ -7.089697, 58.023327 ], [ -7.089477, 58.023809 ], [ -7.089265, 58.023929 ], [ -7.089254, 58.024447 ], [ -7.089863, 58.024967 ], [ -7.089846, 58.025089 ], [ -7.09033, 58.025155 ], [ -7.090531, 58.025314 ], [ -7.091816, 58.025226 ], [ -7.091844, 58.025486 ], [ -7.09206, 58.025455 ], [ -7.092123, 58.025299 ], [ -7.092644, 58.025382 ], [ -7.092632, 58.025481 ], [ -7.092883, 58.025453 ], [ -7.093304, 58.02603 ], [ -7.093262, 58.026212 ], [ -7.093076, 58.026273 ] ] ], [ [ [ -7.095558, 58.065853 ], [ -7.095577, 58.06605 ], [ -7.095821, 58.066094 ], [ -7.095889, 58.066393 ], [ -7.096067, 58.066444 ], [ -7.096598, 58.066063 ], [ -7.096643, 58.065728 ], [ -7.096773, 58.065682 ], [ -7.096861, 58.064932 ], [ -7.096764, 58.065026 ], [ -7.096361, 58.065118 ], [ -7.096629, 58.064739 ], [ -7.096475, 58.064372 ], [ -7.096365, 58.064372 ], [ -7.096191, 58.064581 ], [ -7.095843, 58.064581 ], [ -7.095562, 58.064755 ], [ -7.095746, 58.0645 ], [ -7.095759, 58.064234 ], [ -7.095315, 58.063496 ], [ -7.095077, 58.063379 ], [ -7.095103, 58.063855 ], [ -7.094851, 58.063694 ], [ -7.09469, 58.0634 ], [ -7.094878, 58.063176 ], [ -7.094756, 58.063032 ], [ -7.094587, 58.062976 ], [ -7.094183, 58.063064 ], [ -7.094098, 58.063599 ], [ -7.093995, 58.063648 ], [ -7.094134, 58.064029 ], [ -7.093684, 58.063728 ], [ -7.093701, 58.063849 ], [ -7.093554, 58.063832 ], [ -7.093487, 58.063898 ], [ -7.093269, 58.063911 ], [ -7.093168, 58.063802 ], [ -7.092836, 58.063915 ], [ -7.092654, 58.063886 ], [ -7.09239, 58.063703 ], [ -7.092515, 58.063626 ], [ -7.092442, 58.063535 ], [ -7.092049, 58.063573 ], [ -7.092126, 58.063399 ], [ -7.091978, 58.063193 ], [ -7.091806, 58.063236 ], [ -7.091929, 58.063506 ], [ -7.091735, 58.063392 ], [ -7.091549, 58.063404 ], [ -7.091484, 58.063303 ], [ -7.09118, 58.063315 ], [ -7.091309, 58.063504 ], [ -7.091224, 58.063619 ], [ -7.091136, 58.063421 ], [ -7.090709, 58.063406 ], [ -7.090617, 58.063707 ], [ -7.090314, 58.063728 ], [ -7.090327, 58.063817 ], [ -7.09013, 58.063807 ], [ -7.090195, 58.064142 ], [ -7.090582, 58.064536 ], [ -7.091135, 58.064779 ], [ -7.091605, 58.064625 ], [ -7.091262, 58.06508 ], [ -7.091377, 58.065287 ], [ -7.091827, 58.065287 ], [ -7.092113, 58.065626 ], [ -7.092357, 58.065612 ], [ -7.092492, 58.06549 ], [ -7.092855, 58.065412 ], [ -7.092824, 58.065616 ], [ -7.09305, 58.065886 ], [ -7.093564, 58.065802 ], [ -7.09389, 58.065645 ], [ -7.093896, 58.066167 ], [ -7.094005, 58.066095 ], [ -7.094121, 58.066198 ], [ -7.094372, 58.066111 ], [ -7.094087, 58.065723 ], [ -7.094303, 58.065862 ], [ -7.09447, 58.065842 ], [ -7.0945, 58.065998 ], [ -7.09471, 58.066039 ], [ -7.094855, 58.066043 ], [ -7.095067, 58.065805 ], [ -7.095251, 58.065847 ], [ -7.09539, 58.065751 ], [ -7.095558, 58.065853 ] ] ], [ [ [ -7.150427, 58.040052 ], [ -7.150414, 58.039963 ], [ -7.150737, 58.040026 ], [ -7.152017, 58.039848 ], [ -7.152342, 58.039867 ], [ -7.153165, 58.039685 ], [ -7.152986, 58.039211 ], [ -7.152551, 58.039017 ], [ -7.152764, 58.038788 ], [ -7.152588, 58.03857 ], [ -7.152405, 58.038537 ], [ -7.15227, 58.038304 ], [ -7.151747, 58.038267 ], [ -7.151566, 58.038364 ], [ -7.150828, 58.038421 ], [ -7.150163, 58.038754 ], [ -7.149447, 58.038787 ], [ -7.14924, 58.039003 ], [ -7.149284, 58.039127 ], [ -7.148727, 58.039267 ], [ -7.148901, 58.039471 ], [ -7.148796, 58.039511 ], [ -7.1491, 58.039616 ], [ -7.149044, 58.039758 ], [ -7.149171, 58.039937 ], [ -7.149406, 58.039914 ], [ -7.150427, 58.040052 ] ] ], [ [ [ -7.065839, 58.027943 ], [ -7.065711, 58.028119 ], [ -7.065923, 58.028417 ], [ -7.065894, 58.028931 ], [ -7.066295, 58.029189 ], [ -7.066748, 58.029693 ], [ -7.067295, 58.029896 ], [ -7.067356, 58.029795 ], [ -7.066923, 58.029187 ], [ -7.06689, 58.028774 ], [ -7.067002, 58.028369 ], [ -7.067604, 58.028192 ], [ -7.067679, 58.028 ], [ -7.066994, 58.02778 ], [ -7.066712, 58.027765 ], [ -7.066417, 58.027772 ], [ -7.06631, 58.027916 ], [ -7.065839, 58.027943 ] ] ], [ [ [ -7.134204, 58.082215 ], [ -7.134043, 58.082753 ], [ -7.13423, 58.082871 ], [ -7.134869, 58.082589 ], [ -7.135132, 58.082173 ], [ -7.135592, 58.082186 ], [ -7.136317, 58.081968 ], [ -7.136065, 58.081875 ], [ -7.136588, 58.081435 ], [ -7.136285, 58.081335 ], [ -7.135449, 58.081486 ], [ -7.134938, 58.081713 ], [ -7.134204, 58.082215 ] ] ], [ [ [ -7.126618, 58.008575 ], [ -7.126991, 58.00869 ], [ -7.127982, 58.008628 ], [ -7.128032, 58.008446 ], [ -7.128184, 58.008498 ], [ -7.128231, 58.008352 ], [ -7.128435, 58.008357 ], [ -7.128491, 58.008279 ], [ -7.12827, 58.007739 ], [ -7.127402, 58.007774 ], [ -7.12687, 58.008317 ], [ -7.126556, 58.008433 ], [ -7.126618, 58.008575 ] ] ], [ [ [ -7.158232, 58.014384 ], [ -7.1583, 58.014858 ], [ -7.15819, 58.014975 ], [ -7.15836, 58.015153 ], [ -7.158311, 58.015407 ], [ -7.158807, 58.015261 ], [ -7.159399, 58.014422 ], [ -7.159321, 58.014237 ], [ -7.158725, 58.013869 ], [ -7.158232, 58.014384 ] ] ], [ [ [ -7.166314, 58.025087 ], [ -7.166176, 58.025304 ], [ -7.16626, 58.025359 ], [ -7.167042, 58.025602 ], [ -7.167135, 58.025895 ], [ -7.166921, 58.026115 ], [ -7.166967, 58.026257 ], [ -7.167293, 58.02605 ], [ -7.16719, 58.025393 ], [ -7.166733, 58.025052 ], [ -7.165489, 58.02454 ], [ -7.165364, 58.024023 ], [ -7.164871, 58.024484 ], [ -7.165185, 58.024957 ], [ -7.165413, 58.024773 ], [ -7.166314, 58.025087 ] ] ], [ [ [ -7.095104, 58.026102 ], [ -7.095683, 58.026299 ], [ -7.095413, 58.02667 ], [ -7.095801, 58.026708 ], [ -7.096488, 58.026415 ], [ -7.09642, 58.026238 ], [ -7.096695, 58.026083 ], [ -7.096761, 58.025892 ], [ -7.095927, 58.025691 ], [ -7.095555, 58.025702 ], [ -7.095239, 58.025746 ], [ -7.095229, 58.025854 ], [ -7.095463, 58.025885 ], [ -7.095104, 58.026102 ] ] ], [ [ [ -7.110861, 58.002575 ], [ -7.111075, 58.002588 ], [ -7.111184, 58.002701 ], [ -7.111594, 58.002545 ], [ -7.111949, 58.00254 ], [ -7.112183, 58.0024 ], [ -7.112006, 58.001993 ], [ -7.1118, 58.002033 ], [ -7.111412, 58.001927 ], [ -7.110917, 58.001956 ], [ -7.110491, 58.001825 ], [ -7.110379, 58.002171 ], [ -7.110698, 58.002208 ], [ -7.110861, 58.002575 ] ] ], [ [ [ -7.118874, 58.073229 ], [ -7.119976, 58.073095 ], [ -7.119673, 58.072994 ], [ -7.119039, 58.072957 ], [ -7.119091, 58.072842 ], [ -7.119391, 58.072808 ], [ -7.119544, 58.072572 ], [ -7.119113, 58.072522 ], [ -7.118154, 58.072588 ], [ -7.118105, 58.07272 ], [ -7.117975, 58.072698 ], [ -7.117813, 58.072813 ], [ -7.118173, 58.073077 ], [ -7.118874, 58.073229 ] ] ], [ [ [ -7.167145, 58.030596 ], [ -7.167933, 58.030474 ], [ -7.168596, 58.030253 ], [ -7.169196, 58.030296 ], [ -7.169174, 58.030198 ], [ -7.169639, 58.030076 ], [ -7.16956, 58.029994 ], [ -7.169123, 58.029908 ], [ -7.168381, 58.029934 ], [ -7.168303, 58.03004 ], [ -7.167378, 58.030096 ], [ -7.167287, 58.029996 ], [ -7.167112, 58.030134 ], [ -7.167252, 58.03034 ], [ -7.167145, 58.030596 ] ] ], [ [ [ -7.069204, 58.029609 ], [ -7.069618, 58.029597 ], [ -7.070375, 58.029314 ], [ -7.070447, 58.029042 ], [ -7.070314, 58.028822 ], [ -7.069882, 58.028767 ], [ -7.06959, 58.02886 ], [ -7.069548, 58.028983 ], [ -7.06933, 58.028884 ], [ -7.069073, 58.029042 ], [ -7.069208, 58.029154 ], [ -7.069141, 58.02922 ], [ -7.069, 58.029185 ], [ -7.068974, 58.029298 ], [ -7.069204, 58.029609 ] ] ], [ [ [ -7.135823, 58.077392 ], [ -7.136542, 58.077757 ], [ -7.137112, 58.077586 ], [ -7.137009, 58.077401 ], [ -7.136582, 58.077144 ], [ -7.136194, 58.077227 ], [ -7.136596, 58.077067 ], [ -7.136457, 58.076928 ], [ -7.135788, 58.076942 ], [ -7.135712, 58.076886 ], [ -7.135345, 58.076991 ], [ -7.135823, 58.077392 ] ] ], [ [ [ -7.15224, 58.010277 ], [ -7.152776, 58.010233 ], [ -7.152638, 58.009978 ], [ -7.153073, 58.009762 ], [ -7.153117, 58.009598 ], [ -7.153563, 58.009517 ], [ -7.153547, 58.00941 ], [ -7.153105, 58.009518 ], [ -7.152747, 58.009501 ], [ -7.151515, 58.009951 ], [ -7.15224, 58.010277 ] ] ], [ [ [ -7.17139, 58.026171 ], [ -7.171447, 58.026273 ], [ -7.170893, 58.026372 ], [ -7.170331, 58.026592 ], [ -7.170039, 58.026856 ], [ -7.170734, 58.02686 ], [ -7.171278, 58.026689 ], [ -7.171462, 58.026492 ], [ -7.171894, 58.026434 ], [ -7.171941, 58.026347 ], [ -7.17172, 58.026167 ], [ -7.17139, 58.026171 ] ] ], [ [ [ -7.076181, 58.061761 ], [ -7.076047, 58.062013 ], [ -7.076125, 58.062082 ], [ -7.07651, 58.062044 ], [ -7.076674, 58.061826 ], [ -7.076989, 58.061652 ], [ -7.077146, 58.061385 ], [ -7.077027, 58.061205 ], [ -7.077156, 58.061155 ], [ -7.077094, 58.060959 ], [ -7.076741, 58.060982 ], [ -7.076181, 58.061761 ] ] ], [ [ [ -7.126219, 58.087172 ], [ -7.126636, 58.08706 ], [ -7.126582, 58.086981 ], [ -7.125842, 58.086737 ], [ -7.125149, 58.086697 ], [ -7.124699, 58.08676 ], [ -7.125029, 58.08681 ], [ -7.124992, 58.086906 ], [ -7.125318, 58.086987 ], [ -7.124713, 58.087151 ], [ -7.126219, 58.087172 ] ] ], [ [ [ -7.059611, 58.055224 ], [ -7.060221, 58.055038 ], [ -7.060266, 58.054937 ], [ -7.06047, 58.054879 ], [ -7.060265, 58.054631 ], [ -7.059881, 58.054552 ], [ -7.059753, 58.054368 ], [ -7.059345, 58.054488 ], [ -7.059407, 58.054863 ], [ -7.059265, 58.054999 ], [ -7.059574, 58.055081 ], [ -7.059611, 58.055224 ] ] ], [ [ [ -7.101349, 58.077681 ], [ -7.101226, 58.077947 ], [ -7.101361, 58.078414 ], [ -7.101652, 58.078609 ], [ -7.10214, 58.078284 ], [ -7.102187, 58.078138 ], [ -7.101809, 58.077748 ], [ -7.101349, 58.077681 ] ] ], [ [ [ -7.15171, 58.051774 ], [ -7.151953, 58.051989 ], [ -7.151894, 58.052162 ], [ -7.152393, 58.052151 ], [ -7.15276, 58.052051 ], [ -7.152652, 58.052006 ], [ -7.152848, 58.051953 ], [ -7.152854, 58.051822 ], [ -7.153324, 58.051609 ], [ -7.152995, 58.051506 ], [ -7.152607, 58.051576 ], [ -7.152598, 58.051693 ], [ -7.152298, 58.051615 ], [ -7.151865, 58.051615 ], [ -7.15171, 58.051774 ] ] ], [ [ [ -7.088638, 58.02619 ], [ -7.089031, 58.026746 ], [ -7.089247, 58.026773 ], [ -7.089589, 58.026557 ], [ -7.089433, 58.026357 ], [ -7.089643, 58.026281 ], [ -7.08933, 58.026167 ], [ -7.089626, 58.02616 ], [ -7.089353, 58.026036 ], [ -7.089526, 58.02588 ], [ -7.089273, 58.025886 ], [ -7.088638, 58.02619 ] ] ], [ [ [ -7.167466, 58.022615 ], [ -7.167262, 58.022668 ], [ -7.167256, 58.023388 ], [ -7.167299, 58.023508 ], [ -7.167655, 58.02357 ], [ -7.167481, 58.023361 ], [ -7.167632, 58.023351 ], [ -7.167938, 58.022771 ], [ -7.16787, 58.022648 ], [ -7.167466, 58.022615 ] ] ], [ [ [ -7.160217, 58.013633 ], [ -7.160186, 58.014066 ], [ -7.160326, 58.014151 ], [ -7.160649, 58.01416 ], [ -7.161003, 58.013853 ], [ -7.160935, 58.01373 ], [ -7.160601, 58.013591 ], [ -7.160849, 58.013549 ], [ -7.160845, 58.013459 ], [ -7.160313, 58.013413 ], [ -7.160222, 58.013494 ], [ -7.160383, 58.01355 ], [ -7.160217, 58.013633 ] ] ], [ [ [ -7.102383, 58.080874 ], [ -7.10297, 58.080698 ], [ -7.102959, 58.080446 ], [ -7.102671, 58.080273 ], [ -7.102393, 58.080289 ], [ -7.102038, 58.080537 ], [ -7.102094, 58.080872 ], [ -7.102383, 58.080874 ] ] ], [ [ [ -7.167685, 58.024478 ], [ -7.167866, 58.024556 ], [ -7.167677, 58.024775 ], [ -7.16782, 58.024945 ], [ -7.167749, 58.025271 ], [ -7.16807, 58.02538 ], [ -7.168122, 58.025157 ], [ -7.168301, 58.025042 ], [ -7.168115, 58.024766 ], [ -7.168316, 58.024565 ], [ -7.168114, 58.024514 ], [ -7.168112, 58.024438 ], [ -7.167685, 58.024478 ] ] ], [ [ [ -7.128285, 58.038452 ], [ -7.128461, 58.038377 ], [ -7.128279, 58.038002 ], [ -7.128169, 58.037939 ], [ -7.127651, 58.038054 ], [ -7.127757, 58.038437 ], [ -7.128285, 58.038452 ] ] ], [ [ [ -7.168073, 58.023882 ], [ -7.168278, 58.023945 ], [ -7.168002, 58.023988 ], [ -7.167693, 58.024356 ], [ -7.168259, 58.0244 ], [ -7.168556, 58.024172 ], [ -7.168514, 58.023994 ], [ -7.168399, 58.023963 ], [ -7.168514, 58.023877 ], [ -7.168073, 58.023882 ] ] ], [ [ [ -7.121229, 58.005328 ], [ -7.121365, 58.005273 ], [ -7.121224, 58.005113 ], [ -7.121403, 58.005002 ], [ -7.121282, 58.004867 ], [ -7.121533, 58.004844 ], [ -7.121444, 58.004582 ], [ -7.121326, 58.004528 ], [ -7.121102, 58.00456 ], [ -7.121139, 58.004702 ], [ -7.120824, 58.004391 ], [ -7.120789, 58.0045 ], [ -7.121229, 58.005328 ] ] ], [ [ [ -7.139323, 58.010166 ], [ -7.139327, 58.010661 ], [ -7.140054, 58.010294 ], [ -7.140005, 58.010076 ], [ -7.139323, 58.010166 ] ] ], [ [ [ -7.168396, 58.031328 ], [ -7.168688, 58.031122 ], [ -7.168634, 58.031039 ], [ -7.16825, 58.031023 ], [ -7.167614, 58.031144 ], [ -7.167466, 58.031289 ], [ -7.167999, 58.031339 ], [ -7.168396, 58.031328 ] ] ], [ [ [ -7.169501, 58.055082 ], [ -7.169712, 58.055132 ], [ -7.16966, 58.05495 ], [ -7.17034, 58.054783 ], [ -7.170167, 58.0547 ], [ -7.169668, 58.054652 ], [ -7.169413, 58.054766 ], [ -7.169428, 58.054815 ], [ -7.169593, 58.054781 ], [ -7.169501, 58.055082 ] ] ], [ [ [ -7.100525, 58.075897 ], [ -7.1011, 58.07582 ], [ -7.100974, 58.075537 ], [ -7.100563, 58.075571 ], [ -7.100525, 58.075897 ] ] ], [ [ [ -7.131037, 58.039186 ], [ -7.131536, 58.039297 ], [ -7.131575, 58.039038 ], [ -7.131265, 58.039065 ], [ -7.130765, 58.03895 ], [ -7.130768, 58.039148 ], [ -7.131042, 58.039105 ], [ -7.131037, 58.039186 ] ] ], [ [ [ -7.158049, 58.016529 ], [ -7.158045, 58.016794 ], [ -7.158151, 58.01688 ], [ -7.158192, 58.016577 ], [ -7.158049, 58.016529 ] ] ] ] } },
{ "type": "Feature", "properties": { "NAME": "41.  Hoy" }, "geometry": { "type": "MultiPolygon", "coordinates": [ [ [ [ -3.307502, 58.807904 ], [ -3.290841, 58.813204 ], [ -3.274414, 58.814886 ], [ -3.245018, 58.814728 ], [ -3.247796, 58.831351 ], [ -3.239876, 58.855471 ], [ -3.272464, 58.884054 ], [ -3.300279, 58.886444 ], [ -3.307657, 58.882472 ], [ -3.321595, 58.88205 ], [ -3.375595, 58.863955 ], [ -3.375464, 58.863607 ], [ -3.375743, 58.863195 ], [ -3.376082, 58.863007 ], [ -3.376403, 58.862362 ], [ -3.37647, 58.861862 ], [ -3.376734, 58.861756 ], [ -3.377107, 58.861317 ], [ -3.377115, 58.86107 ], [ -3.377611, 58.860916 ], [ -3.377785, 58.860932 ], [ -3.378174, 58.860461 ], [ -3.37834, 58.859844 ], [ -3.378742, 58.859691 ], [ -3.378375, 58.859408 ], [ -3.378501, 58.859312 ], [ -3.378528, 58.858683 ], [ -3.378196, 58.85861 ], [ -3.378408, 58.8585 ], [ -3.378147, 58.858481 ], [ -3.378574, 58.858306 ], [ -3.378696, 58.858327 ], [ -3.378745, 58.858245 ], [ -3.378544, 58.858207 ], [ -3.378291, 58.85794 ], [ -3.377982, 58.857153 ], [ -3.378872, 58.856425 ], [ -3.378482, 58.85642 ], [ -3.378344, 58.856224 ], [ -3.377731, 58.856065 ], [ -3.377543, 58.855936 ], [ -3.377753, 58.85575 ], [ -3.37743, 58.855471 ], [ -3.377627, 58.854768 ], [ -3.377454, 58.854545 ], [ -3.377118, 58.854392 ], [ -3.376243, 58.854405 ], [ -3.376063, 58.854237 ], [ -3.375501, 58.854054 ], [ -3.375478, 58.853246 ], [ -3.375649, 58.85297 ], [ -3.37562, 58.852687 ], [ -3.37592, 58.85237 ], [ -3.376007, 58.851736 ], [ -3.376201, 58.85159 ], [ -3.376243, 58.851352 ], [ -3.375951, 58.850973 ], [ -3.375959, 58.85073 ], [ -3.375679, 58.850446 ], [ -3.375071, 58.850187 ], [ -3.374809, 58.850154 ], [ -3.374596, 58.850242 ], [ -3.374477, 58.85009 ], [ -3.37432, 58.850061 ], [ -3.374132, 58.85013 ], [ -3.373861, 58.85007 ], [ -3.373656, 58.850126 ], [ -3.373569, 58.849907 ], [ -3.373859, 58.849576 ], [ -3.373939, 58.849176 ], [ -3.374522, 58.849026 ], [ -3.374427, 58.848807 ], [ -3.374617, 58.848576 ], [ -3.374594, 58.848212 ], [ -3.374841, 58.848115 ], [ -3.374903, 58.847697 ], [ -3.375208, 58.847321 ], [ -3.37524, 58.847033 ], [ -3.374945, 58.846807 ], [ -3.374997, 58.846366 ], [ -3.375157, 58.846244 ], [ -3.374936, 58.845923 ], [ -3.374952, 58.845671 ], [ -3.375097, 58.845597 ], [ -3.375042, 58.845302 ], [ -3.374464, 58.845384 ], [ -3.375156, 58.845121 ], [ -3.375195, 58.845031 ], [ -3.374945, 58.845042 ], [ -3.37495, 58.844948 ], [ -3.374793, 58.844923 ], [ -3.374884, 58.844818 ], [ -3.374613, 58.844556 ], [ -3.373629, 58.844414 ], [ -3.373805, 58.844268 ], [ -3.373944, 58.844276 ], [ -3.373939, 58.844164 ], [ -3.374152, 58.844063 ], [ -3.373852, 58.843927 ], [ -3.373199, 58.843857 ], [ -3.37303, 58.843747 ], [ -3.37338, 58.843608 ], [ -3.373457, 58.843365 ], [ -3.373327, 58.843353 ], [ -3.372662, 58.842767 ], [ -3.372632, 58.842669 ], [ -3.372855, 58.84259 ], [ -3.372928, 58.842463 ], [ -3.372495, 58.84227 ], [ -3.372029, 58.842307 ], [ -3.371928, 58.842169 ], [ -3.371229, 58.842239 ], [ -3.371269, 58.84214 ], [ -3.371888, 58.842016 ], [ -3.371866, 58.841909 ], [ -3.37085, 58.842059 ], [ -3.370958, 58.841963 ], [ -3.37212, 58.841758 ], [ -3.3721, 58.841682 ], [ -3.370903, 58.841214 ], [ -3.370133, 58.84102 ], [ -3.369399, 58.840655 ], [ -3.36899, 58.840606 ], [ -3.368987, 58.84052 ], [ -3.369318, 58.840351 ], [ -3.368894, 58.840364 ], [ -3.368946, 58.840148 ], [ -3.368764, 58.840141 ], [ -3.368752, 58.840065 ], [ -3.368907, 58.840041 ], [ -3.368956, 58.839744 ], [ -3.369288, 58.839601 ], [ -3.36928, 58.838945 ], [ -3.369488, 58.838746 ], [ -3.369291, 58.838581 ], [ -3.36942, 58.8381 ], [ -3.369569, 58.837936 ], [ -3.369934, 58.83795 ], [ -3.36992, 58.837816 ], [ -3.370232, 58.837826 ], [ -3.370359, 58.837753 ], [ -3.369894, 58.837605 ], [ -3.369886, 58.837417 ], [ -3.370056, 58.837316 ], [ -3.369991, 58.837209 ], [ -3.369207, 58.836674 ], [ -3.368962, 58.836371 ], [ -3.367711, 58.836294 ], [ -3.367506, 58.836157 ], [ -3.367169, 58.836161 ], [ -3.36713, 58.836067 ], [ -3.366697, 58.836063 ], [ -3.366545, 58.836159 ], [ -3.36643, 58.836101 ], [ -3.36631, 58.836143 ], [ -3.366202, 58.836036 ], [ -3.36588, 58.836206 ], [ -3.36518, 58.83602 ], [ -3.365172, 58.835823 ], [ -3.364807, 58.835575 ], [ -3.364747, 58.835374 ], [ -3.364847, 58.835287 ], [ -3.364554, 58.835308 ], [ -3.364246, 58.835186 ], [ -3.364477, 58.835125 ], [ -3.364356, 58.834902 ], [ -3.364207, 58.834858 ], [ -3.36409, 58.834976 ], [ -3.363673, 58.834707 ], [ -3.36399, 58.834187 ], [ -3.363377, 58.834234 ], [ -3.363405, 58.834068 ], [ -3.36295, 58.83396 ], [ -3.362511, 58.833363 ], [ -3.361598, 58.833274 ], [ -3.361128, 58.833436 ], [ -3.360826, 58.833255 ], [ -3.360156, 58.833172 ], [ -3.359547, 58.832887 ], [ -3.359464, 58.832748 ], [ -3.359185, 58.832693 ], [ -3.358987, 58.832506 ], [ -3.358684, 58.832514 ], [ -3.358511, 58.832309 ], [ -3.358168, 58.832178 ], [ -3.358022, 58.831991 ], [ -3.357376, 58.831634 ], [ -3.356586, 58.83158 ], [ -3.356592, 58.831508 ], [ -3.356024, 58.831599 ], [ -3.356054, 58.831491 ], [ -3.355815, 58.831359 ], [ -3.355197, 58.831271 ], [ -3.355397, 58.831071 ], [ -3.35528, 58.830956 ], [ -3.355371, 58.830847 ], [ -3.355129, 58.830867 ], [ -3.354943, 58.830762 ], [ -3.354862, 58.830255 ], [ -3.355131, 58.830023 ], [ -3.355147, 58.829771 ], [ -3.354329, 58.82947 ], [ -3.353949, 58.829483 ], [ -3.353905, 58.829686 ], [ -3.353672, 58.829715 ], [ -3.353306, 58.829643 ], [ -3.353257, 58.829288 ], [ -3.353133, 58.829227 ], [ -3.352784, 58.829145 ], [ -3.352008, 58.829247 ], [ -3.351849, 58.829164 ], [ -3.351941, 58.829064 ], [ -3.351675, 58.828914 ], [ -3.351405, 58.828872 ], [ -3.351622, 58.828672 ], [ -3.350797, 58.828613 ], [ -3.351122, 58.828502 ], [ -3.35176, 58.827984 ], [ -3.351922, 58.82769 ], [ -3.351841, 58.827623 ], [ -3.349985, 58.826888 ], [ -3.349347, 58.8265 ], [ -3.348998, 58.826441 ], [ -3.348232, 58.826121 ], [ -3.347957, 58.826173 ], [ -3.347283, 58.825758 ], [ -3.346746, 58.825777 ], [ -3.346692, 58.825486 ], [ -3.34655, 58.825406 ], [ -3.345965, 58.825273 ], [ -3.345307, 58.82528 ], [ -3.344996, 58.825086 ], [ -3.344579, 58.825032 ], [ -3.343189, 58.82448 ], [ -3.342167, 58.824473 ], [ -3.343197, 58.824242 ], [ -3.343095, 58.824059 ], [ -3.342703, 58.823996 ], [ -3.343237, 58.823927 ], [ -3.343186, 58.823735 ], [ -3.343467, 58.823386 ], [ -3.343274, 58.823321 ], [ -3.34301, 58.822771 ], [ -3.342835, 58.822728 ], [ -3.342893, 58.822656 ], [ -3.34241, 58.822486 ], [ -3.342337, 58.822374 ], [ -3.34255, 58.822295 ], [ -3.342068, 58.82213 ], [ -3.341575, 58.821708 ], [ -3.340729, 58.821546 ], [ -3.340801, 58.821402 ], [ -3.340585, 58.8214 ], [ -3.340039, 58.821163 ], [ -3.339857, 58.821174 ], [ -3.339531, 58.821024 ], [ -3.339071, 58.820993 ], [ -3.338441, 58.820591 ], [ -3.338122, 58.820621 ], [ -3.337622, 58.820469 ], [ -3.336554, 58.820395 ], [ -3.335802, 58.82021 ], [ -3.335116, 58.819934 ], [ -3.334053, 58.819761 ], [ -3.333456, 58.819538 ], [ -3.333153, 58.819303 ], [ -3.332628, 58.819178 ], [ -3.331984, 58.819306 ], [ -3.33173, 58.819448 ], [ -3.332367, 58.818916 ], [ -3.332082, 58.818923 ], [ -3.331246, 58.819251 ], [ -3.331394, 58.819047 ], [ -3.331986, 58.818691 ], [ -3.331893, 58.818503 ], [ -3.331675, 58.818483 ], [ -3.331506, 58.818359 ], [ -3.331662, 58.818142 ], [ -3.331586, 58.817968 ], [ -3.331039, 58.81791 ], [ -3.331075, 58.81773 ], [ -3.330036, 58.817283 ], [ -3.328434, 58.817497 ], [ -3.329008, 58.817343 ], [ -3.329006, 58.817285 ], [ -3.328319, 58.817211 ], [ -3.328367, 58.816649 ], [ -3.329288, 58.81606 ], [ -3.32991, 58.815802 ], [ -3.330221, 58.815768 ], [ -3.33146, 58.815131 ], [ -3.332248, 58.814458 ], [ -3.332548, 58.814365 ], [ -3.332739, 58.81439 ], [ -3.333822, 58.813948 ], [ -3.334149, 58.813693 ], [ -3.334376, 58.813295 ], [ -3.334302, 58.812721 ], [ -3.33457, 58.812462 ], [ -3.333791, 58.812255 ], [ -3.332636, 58.812384 ], [ -3.331848, 58.812369 ], [ -3.332907, 58.812224 ], [ -3.333684, 58.811946 ], [ -3.333522, 58.811773 ], [ -3.333216, 58.811708 ], [ -3.333003, 58.811562 ], [ -3.332391, 58.811632 ], [ -3.33121, 58.811985 ], [ -3.33137, 58.811862 ], [ -3.332071, 58.811639 ], [ -3.332158, 58.811441 ], [ -3.332467, 58.811357 ], [ -3.332269, 58.811166 ], [ -3.331683, 58.811235 ], [ -3.331713, 58.8111 ], [ -3.331367, 58.811117 ], [ -3.330621, 58.811304 ], [ -3.33065, 58.811394 ], [ -3.331019, 58.811525 ], [ -3.330769, 58.811559 ], [ -3.329885, 58.811289 ], [ -3.331778, 58.810776 ], [ -3.331695, 58.810651 ], [ -3.331504, 58.81063 ], [ -3.329581, 58.811036 ], [ -3.329527, 58.810996 ], [ -3.331699, 58.810525 ], [ -3.33072, 58.810284 ], [ -3.330487, 58.809846 ], [ -3.329862, 58.809973 ], [ -3.329589, 58.810116 ], [ -3.328374, 58.810267 ], [ -3.32829, 58.810098 ], [ -3.327855, 58.810048 ], [ -3.32752, 58.809881 ], [ -3.32639, 58.810005 ], [ -3.326894, 58.809811 ], [ -3.326847, 58.809722 ], [ -3.326204, 58.809647 ], [ -3.326408, 58.809569 ], [ -3.326217, 58.809104 ], [ -3.326757, 58.808955 ], [ -3.326546, 58.808867 ], [ -3.326078, 58.808849 ], [ -3.326913, 58.808742 ], [ -3.326967, 58.808548 ], [ -3.326929, 58.808472 ], [ -3.326001, 58.808424 ], [ -3.326856, 58.808361 ], [ -3.327882, 58.808031 ], [ -3.328348, 58.807991 ], [ -3.328431, 58.807909 ], [ -3.328118, 58.807647 ], [ -3.327403, 58.807498 ], [ -3.326574, 58.807555 ], [ -3.326165, 58.807506 ], [ -3.325838, 58.807329 ], [ -3.325859, 58.807195 ], [ -3.326408, 58.80683 ], [ -3.326379, 58.806767 ], [ -3.324502, 58.80702 ], [ -3.3245, 58.806961 ], [ -3.32503, 58.80679 ], [ -3.32606, 58.806568 ], [ -3.325665, 58.80642 ], [ -3.324971, 58.805915 ], [ -3.324449, 58.805857 ], [ -3.323296, 58.80604 ], [ -3.322806, 58.805529 ], [ -3.307502, 58.807904 ] ] ] ] } },
{ "type": "Feature", "properties": { "NAME": "42.  Ronas Hill & North Roe" }, "geometry": { "type": "MultiPolygon", "coordinates": [ [ [ [ -1.434934, 60.596061 ], [ -1.434785, 60.59619 ], [ -1.435049, 60.596268 ], [ -1.435258, 60.596798 ], [ -1.436035, 60.596752 ], [ -1.436878, 60.596563 ], [ -1.437556, 60.595924 ], [ -1.437782, 60.595534 ], [ -1.438394, 60.595496 ], [ -1.438569, 60.595389 ], [ -1.438849, 60.595049 ], [ -1.438676, 60.594501 ], [ -1.439407, 60.593907 ], [ -1.440326, 60.593556 ], [ -1.441025, 60.593783 ], [ -1.441483, 60.5937 ], [ -1.441818, 60.593347 ], [ -1.441788, 60.592974 ], [ -1.44202, 60.592732 ], [ -1.44154, 60.592493 ], [ -1.441276, 60.592456 ], [ -1.441296, 60.592352 ], [ -1.442006, 60.591951 ], [ -1.442376, 60.591154 ], [ -1.442968, 60.590707 ], [ -1.443214, 60.590197 ], [ -1.44347, 60.590157 ], [ -1.443247, 60.590367 ], [ -1.443393, 60.590413 ], [ -1.443754, 60.590096 ], [ -1.443813, 60.589835 ], [ -1.444503, 60.589564 ], [ -1.444536, 60.589205 ], [ -1.444768, 60.589009 ], [ -1.444659, 60.588959 ], [ -1.444702, 60.58856 ], [ -1.444871, 60.588331 ], [ -1.445239, 60.588158 ], [ -1.445309, 60.58779 ], [ -1.445012, 60.587533 ], [ -1.444484, 60.587454 ], [ -1.444313, 60.587328 ], [ -1.444365, 60.586947 ], [ -1.444229, 60.586897 ], [ -1.444477, 60.585219 ], [ -1.444186, 60.585132 ], [ -1.444157, 60.584733 ], [ -1.443857, 60.584642 ], [ -1.443588, 60.584358 ], [ -1.443169, 60.58432 ], [ -1.443059, 60.584373 ], [ -1.443045, 60.584652 ], [ -1.442517, 60.58456 ], [ -1.441933, 60.584566 ], [ -1.441738, 60.584736 ], [ -1.441327, 60.584775 ], [ -1.44127, 60.584887 ], [ -1.440933, 60.584885 ], [ -1.440657, 60.58501 ], [ -1.44022, 60.584914 ], [ -1.439999, 60.58503 ], [ -1.439919, 60.584912 ], [ -1.439635, 60.584979 ], [ -1.439016, 60.584913 ], [ -1.437945, 60.584581 ], [ -1.438188, 60.584205 ], [ -1.437904, 60.584276 ], [ -1.437717, 60.584531 ], [ -1.436782, 60.584257 ], [ -1.435996, 60.583828 ], [ -1.436001, 60.583518 ], [ -1.436392, 60.583066 ], [ -1.436417, 60.582698 ], [ -1.435932, 60.58279 ], [ -1.435728, 60.582955 ], [ -1.435445, 60.582972 ], [ -1.43481, 60.582777 ], [ -1.433818, 60.582094 ], [ -1.434074, 60.582073 ], [ -1.433721, 60.581888 ], [ -1.433688, 60.581663 ], [ -1.434371, 60.58123 ], [ -1.434453, 60.58075 ], [ -1.435506, 60.579992 ], [ -1.435612, 60.579673 ], [ -1.435477, 60.57957 ], [ -1.434439, 60.579453 ], [ -1.432887, 60.578948 ], [ -1.432654, 60.5787 ], [ -1.432355, 60.578591 ], [ -1.432358, 60.577927 ], [ -1.433369, 60.577989 ], [ -1.433708, 60.577915 ], [ -1.43406, 60.577656 ], [ -1.434252, 60.577621 ], [ -1.43448, 60.577622 ], [ -1.434868, 60.577848 ], [ -1.43516, 60.577831 ], [ -1.435537, 60.577693 ], [ -1.435902, 60.577695 ], [ -1.436168, 60.577588 ], [ -1.436386, 60.577113 ], [ -1.43611, 60.576731 ], [ -1.43628, 60.576395 ], [ -1.435825, 60.57633 ], [ -1.435829, 60.576137 ], [ -1.435593, 60.576028 ], [ -1.435699, 60.575741 ], [ -1.435286, 60.575861 ], [ -1.434946, 60.575487 ], [ -1.435016, 60.575141 ], [ -1.434517, 60.574991 ], [ -1.434256, 60.574752 ], [ -1.434591, 60.574381 ], [ -1.434547, 60.57377 ], [ -1.43525, 60.573243 ], [ -1.436327, 60.573212 ], [ -1.436588, 60.573379 ], [ -1.436872, 60.573335 ], [ -1.43703, 60.573152 ], [ -1.436993, 60.572667 ], [ -1.437176, 60.572614 ], [ -1.438089, 60.572568 ], [ -1.438424, 60.572718 ], [ -1.439245, 60.572739 ], [ -1.440517, 60.57301 ], [ -1.440817, 60.573101 ], [ -1.440758, 60.573307 ], [ -1.440909, 60.573577 ], [ -1.441283, 60.573574 ], [ -1.441314, 60.573332 ], [ -1.441685, 60.573019 ], [ -1.441743, 60.572808 ], [ -1.442268, 60.572501 ], [ -1.444898, 60.572372 ], [ -1.445461, 60.571989 ], [ -1.446308, 60.572068 ], [ -1.446838, 60.571994 ], [ -1.447186, 60.571906 ], [ -1.447483, 60.571615 ], [ -1.447785, 60.571567 ], [ -1.448213, 60.571592 ], [ -1.448589, 60.572015 ], [ -1.448753, 60.572016 ], [ -1.448856, 60.571877 ], [ -1.448983, 60.571931 ], [ -1.449558, 60.571916 ], [ -1.449659, 60.571849 ], [ -1.449868, 60.571931 ], [ -1.450042, 60.5719 ], [ -1.450193, 60.571586 ], [ -1.450031, 60.571419 ], [ -1.449705, 60.571333 ], [ -1.450893, 60.571172 ], [ -1.451015, 60.570966 ], [ -1.450943, 60.570916 ], [ -1.450759, 60.571014 ], [ -1.450584, 60.570596 ], [ -1.450086, 60.570369 ], [ -1.450143, 60.570226 ], [ -1.45054, 60.569963 ], [ -1.45163, 60.569671 ], [ -1.453533, 60.568817 ], [ -1.454164, 60.568173 ], [ -1.454411, 60.567541 ], [ -1.456225, 60.565981 ], [ -1.457426, 60.565106 ], [ -1.459143, 60.564364 ], [ -1.459312, 60.564131 ], [ -1.459521, 60.564123 ], [ -1.459918, 60.563882 ], [ -1.461036, 60.563554 ], [ -1.461636, 60.56309 ], [ -1.462335, 60.562765 ], [ -1.465809, 60.561665 ], [ -1.467773, 60.561467 ], [ -1.468282, 60.561532 ], [ -1.468642, 60.561318 ], [ -1.469191, 60.561185 ], [ -1.471284, 60.560906 ], [ -1.472528, 60.560651 ], [ -1.47265, 60.560463 ], [ -1.472944, 60.560329 ], [ -1.473252, 60.559877 ], [ -1.473746, 60.559771 ], [ -1.474161, 60.559476 ], [ -1.474654, 60.559469 ], [ -1.47491, 60.559381 ], [ -1.475568, 60.558768 ], [ -1.475589, 60.558602 ], [ -1.475433, 60.558611 ], [ -1.475129, 60.55882 ], [ -1.474976, 60.558685 ], [ -1.475128, 60.558326 ], [ -1.474644, 60.558369 ], [ -1.474119, 60.558722 ], [ -1.473268, 60.558898 ], [ -1.472987, 60.558794 ], [ -1.472972, 60.558605 ], [ -1.472193, 60.558854 ], [ -1.471638, 60.558721 ], [ -1.47096, 60.558413 ], [ -1.470504, 60.557828 ], [ -1.470232, 60.556619 ], [ -1.470509, 60.555274 ], [ -1.470719, 60.554754 ], [ -1.471897, 60.55347 ], [ -1.472488, 60.553019 ], [ -1.473961, 60.552172 ], [ -1.475586, 60.551419 ], [ -1.477321, 60.550721 ], [ -1.478099, 60.550518 ], [ -1.481363, 60.549345 ], [ -1.4833, 60.548496 ], [ -1.48479, 60.548209 ], [ -1.487005, 60.548205 ], [ -1.488994, 60.548073 ], [ -1.490089, 60.547584 ], [ -1.490994, 60.547295 ], [ -1.492308, 60.546577 ], [ -1.493161, 60.546248 ], [ -1.493353, 60.54624 ], [ -1.493705, 60.546439 ], [ -1.493997, 60.54644 ], [ -1.494244, 60.546338 ], [ -1.49469, 60.546384 ], [ -1.494908, 60.546452 ], [ -1.494942, 60.546596 ], [ -1.495305, 60.546692 ], [ -1.495458, 60.546872 ], [ -1.495678, 60.546774 ], [ -1.495627, 60.546549 ], [ -1.495383, 60.546405 ], [ -1.495723, 60.546222 ], [ -1.495829, 60.545832 ], [ -1.49542, 60.545767 ], [ -1.494551, 60.545971 ], [ -1.494462, 60.545845 ], [ -1.494108, 60.545745 ], [ -1.493886, 60.545367 ], [ -1.493684, 60.545424 ], [ -1.49343, 60.545347 ], [ -1.493326, 60.545023 ], [ -1.492918, 60.544887 ], [ -1.492862, 60.54442 ], [ -1.493133, 60.543959 ], [ -1.492918, 60.543724 ], [ -1.493273, 60.543187 ], [ -1.493716, 60.542794 ], [ -1.493965, 60.542629 ], [ -1.494349, 60.542576 ], [ -1.494608, 60.542285 ], [ -1.495501, 60.541759 ], [ -1.496505, 60.541606 ], [ -1.497343, 60.541681 ], [ -1.497272, 60.541555 ], [ -1.496285, 60.541133 ], [ -1.496042, 60.540935 ], [ -1.496226, 60.540841 ], [ -1.496949, 60.541217 ], [ -1.497359, 60.541232 ], [ -1.497416, 60.541043 ], [ -1.49729, 60.540944 ], [ -1.497537, 60.540882 ], [ -1.497623, 60.540654 ], [ -1.496997, 60.540472 ], [ -1.497284, 60.540194 ], [ -1.497085, 60.540095 ], [ -1.497069, 60.539929 ], [ -1.496671, 60.539734 ], [ -1.496882, 60.539663 ], [ -1.496795, 60.539416 ], [ -1.497051, 60.53935 ], [ -1.496872, 60.539138 ], [ -1.49669, 60.539106 ], [ -1.496398, 60.538548 ], [ -1.496454, 60.53849 ], [ -1.496634, 60.538589 ], [ -1.496755, 60.538464 ], [ -1.496386, 60.538144 ], [ -1.495833, 60.53794 ], [ -1.495687, 60.537971 ], [ -1.495682, 60.537737 ], [ -1.495994, 60.537581 ], [ -1.496037, 60.537734 ], [ -1.496156, 60.537726 ], [ -1.496517, 60.537318 ], [ -1.497009, 60.537343 ], [ -1.497208, 60.537447 ], [ -1.497233, 60.537613 ], [ -1.497583, 60.537951 ], [ -1.497696, 60.538275 ], [ -1.497994, 60.53846 ], [ -1.498014, 60.538375 ], [ -1.498168, 60.538429 ], [ -1.498232, 60.538375 ], [ -1.497954, 60.538127 ], [ -1.498236, 60.538115 ], [ -1.498253, 60.537648 ], [ -1.497669, 60.537062 ], [ -1.497529, 60.536703 ], [ -1.497403, 60.536617 ], [ -1.497444, 60.536886 ], [ -1.497303, 60.53659 ], [ -1.497095, 60.536526 ], [ -1.496924, 60.536925 ], [ -1.496616, 60.536852 ], [ -1.496295, 60.536954 ], [ -1.495861, 60.536737 ], [ -1.495781, 60.536045 ], [ -1.495304, 60.536254 ], [ -1.494904, 60.536172 ], [ -1.494018, 60.534535 ], [ -1.494068, 60.534283 ], [ -1.494231, 60.534338 ], [ -1.494152, 60.534136 ], [ -1.493331, 60.533603 ], [ -1.493231, 60.533611 ], [ -1.493408, 60.533962 ], [ -1.493164, 60.533836 ], [ -1.492918, 60.533839 ], [ -1.492882, 60.533242 ], [ -1.492512, 60.532967 ], [ -1.492357, 60.532966 ], [ -1.492365, 60.533042 ], [ -1.492023, 60.532781 ], [ -1.491068, 60.532692 ], [ -1.490826, 60.532462 ], [ -1.490534, 60.532483 ], [ -1.490495, 60.532649 ], [ -1.490306, 60.532447 ], [ -1.49015, 60.532549 ], [ -1.489816, 60.532359 ], [ -1.489484, 60.532578 ], [ -1.48933, 60.532555 ], [ -1.489289, 60.532268 ], [ -1.489436, 60.532196 ], [ -1.48909, 60.532155 ], [ -1.489013, 60.531831 ], [ -1.488414, 60.531699 ], [ -1.488234, 60.531577 ], [ -1.487858, 60.531692 ], [ -1.487625, 60.532068 ], [ -1.48707, 60.532026 ], [ -1.486694, 60.53219 ], [ -1.485813, 60.532012 ], [ -1.484616, 60.531612 ], [ -1.483452, 60.531049 ], [ -1.48327, 60.53091 ], [ -1.483247, 60.530637 ], [ -1.482965, 60.530609 ], [ -1.482816, 60.530788 ], [ -1.482784, 60.530532 ], [ -1.482565, 60.530554 ], [ -1.482527, 60.530666 ], [ -1.482391, 60.530593 ], [ -1.482191, 60.530611 ], [ -1.482204, 60.530314 ], [ -1.48158, 60.530034 ], [ -1.481239, 60.52975 ], [ -1.481169, 60.529529 ], [ -1.480687, 60.529496 ], [ -1.48062, 60.529137 ], [ -1.480175, 60.529059 ], [ -1.480414, 60.528938 ], [ -1.480388, 60.52883 ], [ -1.480031, 60.528932 ], [ -1.480014, 60.528887 ], [ -1.48017, 60.528767 ], [ -1.480071, 60.528726 ], [ -1.479859, 60.528878 ], [ -1.479778, 60.528797 ], [ -1.47979, 60.528631 ], [ -1.479435, 60.528607 ], [ -1.479324, 60.528162 ], [ -1.479109, 60.527946 ], [ -1.478971, 60.528035 ], [ -1.478798, 60.528021 ], [ -1.47837, 60.527453 ], [ -1.47787, 60.527371 ], [ -1.47802, 60.527124 ], [ -1.47772, 60.527047 ], [ -1.477625, 60.526746 ], [ -1.477443, 60.52674 ], [ -1.477163, 60.526578 ], [ -1.477103, 60.526371 ], [ -1.476886, 60.526249 ], [ -1.477087, 60.526178 ], [ -1.476362, 60.525955 ], [ -1.476375, 60.525708 ], [ -1.476149, 60.525613 ], [ -1.476287, 60.525542 ], [ -1.47594, 60.525002 ], [ -1.475277, 60.524896 ], [ -1.474377, 60.523689 ], [ -1.473559, 60.522999 ], [ -1.473512, 60.522528 ], [ -1.47327, 60.52228 ], [ -1.470641, 60.520388 ], [ -1.469955, 60.520022 ], [ -1.467944, 60.518245 ], [ -1.46696, 60.517191 ], [ -1.464268, 60.515317 ], [ -1.460291, 60.513537 ], [ -1.456759, 60.511834 ], [ -1.45588, 60.51162 ], [ -1.455394, 60.511277 ], [ -1.453451, 60.510928 ], [ -1.452823, 60.510929 ], [ -1.451801, 60.510494 ], [ -1.450602, 60.510368 ], [ -1.449627, 60.50983 ], [ -1.448818, 60.509795 ], [ -1.448388, 60.509874 ], [ -1.447564, 60.509628 ], [ -1.447254, 60.509632 ], [ -1.44692, 60.509478 ], [ -1.445991, 60.509496 ], [ -1.445083, 60.50938 ], [ -1.444307, 60.509462 ], [ -1.444077, 60.509627 ], [ -1.442342, 60.509948 ], [ -1.439258, 60.510325 ], [ -1.437775, 60.510755 ], [ -1.435695, 60.511518 ], [ -1.435038, 60.511623 ], [ -1.434597, 60.511832 ], [ -1.432782, 60.512049 ], [ -1.431682, 60.512435 ], [ -1.430998, 60.512486 ], [ -1.430485, 60.512695 ], [ -1.429773, 60.51279 ], [ -1.428958, 60.513029 ], [ -1.427991, 60.51316 ], [ -1.427338, 60.513022 ], [ -1.425936, 60.512487 ], [ -1.424519, 60.51231 ], [ -1.422735, 60.512253 ], [ -1.422124, 60.512295 ], [ -1.421125, 60.512179 ], [ -1.419575, 60.512248 ], [ -1.418076, 60.512067 ], [ -1.417802, 60.512124 ], [ -1.416156, 60.512 ], [ -1.414372, 60.511983 ], [ -1.410524, 60.511777 ], [ -1.408117, 60.511973 ], [ -1.407349, 60.512132 ], [ -1.406583, 60.512191 ], [ -1.404103, 60.512889 ], [ -1.403738, 60.512928 ], [ -1.401291, 60.51381 ], [ -1.400857, 60.514118 ], [ -1.400455, 60.514211 ], [ -1.399059, 60.514842 ], [ -1.398091, 60.514999 ], [ -1.397732, 60.515177 ], [ -1.397405, 60.515082 ], [ -1.398392, 60.518164 ], [ -1.397601, 60.519215 ], [ -1.39758, 60.520346 ], [ -1.398104, 60.523294 ], [ -1.39924, 60.524439 ], [ -1.399529, 60.529666 ], [ -1.390582, 60.533716 ], [ -1.376624, 60.558073 ], [ -1.375496, 60.56689 ], [ -1.356538, 60.575177 ], [ -1.38476, 60.587122 ], [ -1.432502, 60.596515 ], [ -1.43399, 60.596259 ], [ -1.434467, 60.596095 ], [ -1.434725, 60.595907 ], [ -1.434934, 60.596061 ] ] ], [ [ [ -1.478895, 60.565089 ], [ -1.479095, 60.565076 ], [ -1.479245, 60.56487 ], [ -1.478948, 60.564626 ], [ -1.478854, 60.564208 ], [ -1.478582, 60.564082 ], [ -1.478504, 60.563839 ], [ -1.478185, 60.563874 ], [ -1.478076, 60.563788 ], [ -1.477776, 60.563764 ], [ -1.476998, 60.563914 ], [ -1.476784, 60.563648 ], [ -1.476464, 60.563678 ], [ -1.476074, 60.563547 ], [ -1.476067, 60.564005 ], [ -1.476692, 60.564258 ], [ -1.476565, 60.564738 ], [ -1.477039, 60.564763 ], [ -1.477174, 60.564884 ], [ -1.477531, 60.564818 ], [ -1.477874, 60.565004 ], [ -1.478714, 60.56498 ], [ -1.478895, 60.565089 ] ] ], [ [ [ -1.458871, 60.570854 ], [ -1.459143, 60.570954 ], [ -1.459195, 60.571084 ], [ -1.45902, 60.571196 ], [ -1.45938, 60.57148 ], [ -1.459745, 60.571513 ], [ -1.460241, 60.571299 ], [ -1.460308, 60.571098 ], [ -1.459983, 60.570899 ], [ -1.460023, 60.570666 ], [ -1.459824, 60.570588 ], [ -1.459673, 60.570368 ], [ -1.459298, 60.570425 ], [ -1.458846, 60.570697 ], [ -1.4585, 60.570641 ], [ -1.458506, 60.570336 ], [ -1.458053, 60.570132 ], [ -1.458111, 60.569953 ], [ -1.457895, 60.569737 ], [ -1.456295, 60.569955 ], [ -1.456432, 60.569996 ], [ -1.456382, 60.570224 ], [ -1.456994, 60.570191 ], [ -1.456926, 60.570402 ], [ -1.457034, 60.570528 ], [ -1.45757, 60.57066 ], [ -1.458284, 60.57104 ], [ -1.458359, 60.570892 ], [ -1.458871, 60.570854 ] ] ], [ [ [ -1.491344, 60.551099 ], [ -1.491404, 60.551364 ], [ -1.491603, 60.551472 ], [ -1.491878, 60.551352 ], [ -1.492287, 60.550855 ], [ -1.492363, 60.550672 ], [ -1.492202, 60.550447 ], [ -1.49191, 60.550468 ], [ -1.49183, 60.550364 ], [ -1.491692, 60.5504 ], [ -1.49133, 60.550241 ], [ -1.491147, 60.550276 ], [ -1.491063, 60.550406 ], [ -1.490875, 60.550217 ], [ -1.49053, 60.550144 ], [ -1.490472, 60.550319 ], [ -1.490817, 60.55041 ], [ -1.490675, 60.550733 ], [ -1.490917, 60.551021 ], [ -1.491043, 60.551142 ], [ -1.491344, 60.551099 ] ] ], [ [ [ -1.498247, 60.547453 ], [ -1.498376, 60.54735 ], [ -1.498248, 60.546797 ], [ -1.498022, 60.54668 ], [ -1.498134, 60.546487 ], [ -1.497962, 60.546397 ], [ -1.497579, 60.546427 ], [ -1.497331, 60.546524 ], [ -1.49731, 60.546758 ], [ -1.497435, 60.546893 ], [ -1.497618, 60.546876 ], [ -1.497894, 60.547258 ], [ -1.498176, 60.547313 ], [ -1.498247, 60.547453 ] ] ], [ [ [ -1.496915, 60.546357 ], [ -1.497373, 60.546165 ], [ -1.497451, 60.545883 ], [ -1.496959, 60.545877 ], [ -1.496766, 60.545975 ], [ -1.496648, 60.545911 ], [ -1.496165, 60.545932 ], [ -1.496178, 60.546251 ], [ -1.496915, 60.546357 ] ] ], [ [ [ -1.442274, 60.592832 ], [ -1.442026, 60.593437 ], [ -1.442132, 60.59364 ], [ -1.442535, 60.59357 ], [ -1.442703, 60.593386 ], [ -1.442696, 60.593216 ], [ -1.442372, 60.592981 ], [ -1.442465, 60.592878 ], [ -1.442274, 60.592832 ] ] ], [ [ [ -1.435998, 60.580007 ], [ -1.435649, 60.580136 ], [ -1.43578, 60.580523 ], [ -1.435991, 60.580438 ], [ -1.436013, 60.580236 ], [ -1.436234, 60.580116 ], [ -1.435998, 60.580007 ] ] ] ] } },
{ "type": "Feature", "properties": { "NAME": "18. Kinlochhourn - Knoydart - Morar" }, "geometry": { "type": "MultiPolygon", "coordinates": [ [ [ [ -5.412473, 57.2078 ], [ -5.449111, 57.205895 ], [ -5.468326, 57.202869 ], [ -5.480113, 57.192564 ], [ -5.474197, 57.170996 ], [ -5.49664, 57.169376 ], [ -5.523236, 57.18349 ], [ -5.557359, 57.180399 ], [ -5.572096, 57.181397 ], [ -5.590934, 57.187575 ], [ -5.609091, 57.189861 ], [ -5.607928, 57.185091 ], [ -5.620716, 57.16881 ], [ -5.608946, 57.164033 ], [ -5.611757, 57.152793 ], [ -5.535403, 57.128612 ], [ -5.552166, 57.112534 ], [ -5.564687, 57.095341 ], [ -5.564925, 57.095316 ], [ -5.565433, 57.09545 ], [ -5.566021, 57.095465 ], [ -5.566347, 57.09559 ], [ -5.566519, 57.095833 ], [ -5.567223, 57.096028 ], [ -5.567335, 57.09616 ], [ -5.567919, 57.0964 ], [ -5.568136, 57.096681 ], [ -5.568284, 57.096677 ], [ -5.568652, 57.096977 ], [ -5.568746, 57.097351 ], [ -5.569149, 57.097461 ], [ -5.569845, 57.098129 ], [ -5.57139, 57.100023 ], [ -5.571566, 57.100651 ], [ -5.5714, 57.10116 ], [ -5.571089, 57.101362 ], [ -5.570907, 57.101704 ], [ -5.571008, 57.101724 ], [ -5.570886, 57.102172 ], [ -5.571151, 57.102605 ], [ -5.571111, 57.102957 ], [ -5.571316, 57.103036 ], [ -5.572068, 57.102952 ], [ -5.572898, 57.103167 ], [ -5.574551, 57.103083 ], [ -5.574939, 57.103252 ], [ -5.576036, 57.104097 ], [ -5.576525, 57.104713 ], [ -5.577165, 57.10527 ], [ -5.57744, 57.105806 ], [ -5.578156, 57.106554 ], [ -5.578329, 57.107482 ], [ -5.578129, 57.107553 ], [ -5.578051, 57.107685 ], [ -5.578097, 57.10808 ], [ -5.578552, 57.108426 ], [ -5.578914, 57.108582 ], [ -5.580172, 57.108861 ], [ -5.580438, 57.109047 ], [ -5.580584, 57.109537 ], [ -5.580804, 57.109508 ], [ -5.581344, 57.109794 ], [ -5.582203, 57.109967 ], [ -5.582749, 57.11023 ], [ -5.583979, 57.110303 ], [ -5.584389, 57.11044 ], [ -5.584698, 57.110903 ], [ -5.58601, 57.111567 ], [ -5.586694, 57.112828 ], [ -5.58775, 57.113845 ], [ -5.587965, 57.114266 ], [ -5.587874, 57.11447 ], [ -5.587611, 57.114627 ], [ -5.588397, 57.114973 ], [ -5.588718, 57.115215 ], [ -5.588741, 57.115453 ], [ -5.588508, 57.115698 ], [ -5.588532, 57.115854 ], [ -5.589043, 57.116442 ], [ -5.589429, 57.116669 ], [ -5.589698, 57.117066 ], [ -5.590263, 57.117261 ], [ -5.590367, 57.117568 ], [ -5.590771, 57.117813 ], [ -5.591272, 57.118468 ], [ -5.591667, 57.11879 ], [ -5.591856, 57.119292 ], [ -5.592093, 57.119348 ], [ -5.592527, 57.119313 ], [ -5.59391, 57.119593 ], [ -5.595651, 57.11957 ], [ -5.598232, 57.119177 ], [ -5.600727, 57.119586 ], [ -5.601523, 57.119617 ], [ -5.602059, 57.119772 ], [ -5.602828, 57.119777 ], [ -5.603676, 57.119924 ], [ -5.604049, 57.119926 ], [ -5.60461, 57.119753 ], [ -5.605182, 57.119858 ], [ -5.607088, 57.119911 ], [ -5.609301, 57.119897 ], [ -5.60988, 57.119812 ], [ -5.610163, 57.119917 ], [ -5.610997, 57.119906 ], [ -5.611972, 57.120161 ], [ -5.612269, 57.120328 ], [ -5.612529, 57.12037 ], [ -5.612546, 57.120455 ], [ -5.613891, 57.120519 ], [ -5.614755, 57.120818 ], [ -5.615224, 57.1208 ], [ -5.615539, 57.120899 ], [ -5.616618, 57.12094 ], [ -5.618291, 57.121152 ], [ -5.620724, 57.121181 ], [ -5.621886, 57.121408 ], [ -5.622096, 57.121352 ], [ -5.622544, 57.121461 ], [ -5.623779, 57.12209 ], [ -5.625686, 57.122404 ], [ -5.626165, 57.122403 ], [ -5.626769, 57.122237 ], [ -5.626948, 57.122295 ], [ -5.627054, 57.122164 ], [ -5.626886, 57.122508 ], [ -5.626981, 57.122542 ], [ -5.62787, 57.122255 ], [ -5.628462, 57.122224 ], [ -5.630451, 57.122702 ], [ -5.631366, 57.122765 ], [ -5.632308, 57.122931 ], [ -5.63437, 57.12297 ], [ -5.635504, 57.123162 ], [ -5.636084, 57.123343 ], [ -5.637395, 57.124065 ], [ -5.638764, 57.124632 ], [ -5.639727, 57.125264 ], [ -5.639947, 57.12582 ], [ -5.640137, 57.12599 ], [ -5.640488, 57.126105 ], [ -5.640824, 57.12641 ], [ -5.641605, 57.126855 ], [ -5.64259, 57.127231 ], [ -5.643326, 57.127403 ], [ -5.644582, 57.12756 ], [ -5.644905, 57.127735 ], [ -5.645907, 57.127759 ], [ -5.647131, 57.127593 ], [ -5.648452, 57.127663 ], [ -5.652493, 57.127069 ], [ -5.653076, 57.127034 ], [ -5.653691, 57.127151 ], [ -5.653954, 57.127134 ], [ -5.654701, 57.126743 ], [ -5.655367, 57.12654 ], [ -5.655388, 57.126418 ], [ -5.656036, 57.12603 ], [ -5.656603, 57.125834 ], [ -5.657334, 57.126037 ], [ -5.657417, 57.12621 ], [ -5.658051, 57.126439 ], [ -5.658418, 57.126212 ], [ -5.658582, 57.125866 ], [ -5.65919, 57.125331 ], [ -5.659532, 57.125281 ], [ -5.660266, 57.125426 ], [ -5.660712, 57.12526 ], [ -5.66079, 57.125132 ], [ -5.660699, 57.12504 ], [ -5.660971, 57.124699 ], [ -5.661703, 57.12408 ], [ -5.663432, 57.12309 ], [ -5.664881, 57.122872 ], [ -5.667445, 57.122892 ], [ -5.668645, 57.122735 ], [ -5.66889, 57.122539 ], [ -5.669763, 57.122509 ], [ -5.671338, 57.121807 ], [ -5.672497, 57.121408 ], [ -5.674035, 57.120505 ], [ -5.675676, 57.119881 ], [ -5.676383, 57.119681 ], [ -5.677295, 57.119541 ], [ -5.677743, 57.11956 ], [ -5.678723, 57.119356 ], [ -5.681084, 57.119088 ], [ -5.681844, 57.118913 ], [ -5.684197, 57.118808 ], [ -5.684746, 57.11885 ], [ -5.685746, 57.11901 ], [ -5.686689, 57.119355 ], [ -5.688948, 57.119554 ], [ -5.689305, 57.119732 ], [ -5.690375, 57.119934 ], [ -5.692056, 57.120056 ], [ -5.693376, 57.120615 ], [ -5.693927, 57.120589 ], [ -5.694137, 57.120457 ], [ -5.69456, 57.120467 ], [ -5.695048, 57.120309 ], [ -5.695673, 57.120277 ], [ -5.695913, 57.120612 ], [ -5.696335, 57.120532 ], [ -5.696644, 57.120649 ], [ -5.697181, 57.120399 ], [ -5.697613, 57.120341 ], [ -5.697917, 57.120157 ], [ -5.698989, 57.119964 ], [ -5.699412, 57.119735 ], [ -5.700982, 57.119397 ], [ -5.702516, 57.119207 ], [ -5.705253, 57.119302 ], [ -5.707526, 57.119136 ], [ -5.708182, 57.11917 ], [ -5.710532, 57.119038 ], [ -5.71117, 57.118974 ], [ -5.712562, 57.1186 ], [ -5.713629, 57.118523 ], [ -5.714681, 57.118627 ], [ -5.71497, 57.118627 ], [ -5.715201, 57.11854 ], [ -5.715694, 57.118592 ], [ -5.716369, 57.11824 ], [ -5.716852, 57.118189 ], [ -5.717323, 57.118279 ], [ -5.717711, 57.118191 ], [ -5.719017, 57.118521 ], [ -5.719292, 57.118459 ], [ -5.719863, 57.118469 ], [ -5.720363, 57.118103 ], [ -5.72079, 57.118072 ], [ -5.721775, 57.11825 ], [ -5.722067, 57.118201 ], [ -5.721968, 57.117912 ], [ -5.721702, 57.117857 ], [ -5.72176, 57.117693 ], [ -5.721473, 57.117468 ], [ -5.72207, 57.11732 ], [ -5.721872, 57.116912 ], [ -5.722111, 57.116909 ], [ -5.722256, 57.116793 ], [ -5.722027, 57.116732 ], [ -5.722083, 57.116546 ], [ -5.721867, 57.116211 ], [ -5.72207, 57.115432 ], [ -5.722494, 57.115127 ], [ -5.723243, 57.1151 ], [ -5.723463, 57.115152 ], [ -5.723899, 57.115049 ], [ -5.724198, 57.115067 ], [ -5.724595, 57.114817 ], [ -5.724486, 57.11456 ], [ -5.724608, 57.114457 ], [ -5.72419, 57.114159 ], [ -5.723566, 57.113292 ], [ -5.723476, 57.112315 ], [ -5.723586, 57.11201 ], [ -5.723934, 57.111861 ], [ -5.724151, 57.111638 ], [ -5.724502, 57.111511 ], [ -5.724779, 57.111548 ], [ -5.725163, 57.111348 ], [ -5.725352, 57.11109 ], [ -5.725378, 57.110694 ], [ -5.726019, 57.110162 ], [ -5.726007, 57.109138 ], [ -5.726703, 57.108744 ], [ -5.726968, 57.10875 ], [ -5.726655, 57.108022 ], [ -5.726282, 57.107767 ], [ -5.726722, 57.10762 ], [ -5.726482, 57.107289 ], [ -5.726736, 57.107188 ], [ -5.726919, 57.106953 ], [ -5.726944, 57.10679 ], [ -5.726799, 57.106741 ], [ -5.72676, 57.106521 ], [ -5.726848, 57.105997 ], [ -5.727439, 57.104973 ], [ -5.728468, 57.104039 ], [ -5.72917, 57.103618 ], [ -5.729824, 57.103063 ], [ -5.730289, 57.102838 ], [ -5.730405, 57.102677 ], [ -5.729985, 57.102528 ], [ -5.729913, 57.102143 ], [ -5.729203, 57.10149 ], [ -5.728925, 57.10135 ], [ -5.725534, 57.101388 ], [ -5.725606, 57.101202 ], [ -5.725958, 57.101225 ], [ -5.708277, 57.092974 ], [ -5.685226, 57.064193 ], [ -5.68457, 57.048701 ], [ -5.658331, 57.034057 ], [ -5.641244, 57.028111 ], [ -5.682369, 57.016614 ], [ -5.682027, 57.015483 ], [ -5.681355, 57.014105 ], [ -5.680763, 57.013448 ], [ -5.680674, 57.013051 ], [ -5.679722, 57.011505 ], [ -5.67972, 57.011316 ], [ -5.678702, 57.009939 ], [ -5.678406, 57.009863 ], [ -5.677433, 57.008934 ], [ -5.676996, 57.008762 ], [ -5.676458, 57.008324 ], [ -5.676191, 57.007792 ], [ -5.675888, 57.00764 ], [ -5.675411, 57.007069 ], [ -5.675036, 57.006941 ], [ -5.674837, 57.006596 ], [ -5.674118, 57.005988 ], [ -5.673241, 57.005029 ], [ -5.671871, 57.004256 ], [ -5.671516, 57.003911 ], [ -5.671483, 57.003746 ], [ -5.671107, 57.003775 ], [ -5.670217, 57.003275 ], [ -5.669913, 57.002609 ], [ -5.669624, 57.002443 ], [ -5.669639, 57.002177 ], [ -5.668951, 57.001213 ], [ -5.668517, 57.000897 ], [ -5.667825, 57.000652 ], [ -5.667374, 57.000252 ], [ -5.667057, 56.999632 ], [ -5.666184, 56.998965 ], [ -5.665862, 56.998957 ], [ -5.665574, 56.998709 ], [ -5.665303, 56.998047 ], [ -5.665011, 56.998011 ], [ -5.664226, 56.997058 ], [ -5.664019, 56.996628 ], [ -5.66323, 56.996143 ], [ -5.662883, 56.995547 ], [ -5.662578, 56.99538 ], [ -5.662662, 56.995225 ], [ -5.662448, 56.994894 ], [ -5.661021, 56.99445 ], [ -5.661045, 56.994283 ], [ -5.660842, 56.994056 ], [ -5.66, 56.993873 ], [ -5.65993, 56.993992 ], [ -5.660212, 56.994515 ], [ -5.65973, 56.994479 ], [ -5.65926, 56.994048 ], [ -5.65832, 56.993617 ], [ -5.656985, 56.993197 ], [ -5.656048, 56.993045 ], [ -5.655521, 56.992881 ], [ -5.655339, 56.992872 ], [ -5.655095, 56.992987 ], [ -5.654296, 56.992898 ], [ -5.654232, 56.992999 ], [ -5.65391, 56.993076 ], [ -5.653667, 56.993034 ], [ -5.65146, 56.993292 ], [ -5.650022, 56.992821 ], [ -5.648435, 56.992845 ], [ -5.648019, 56.992799 ], [ -5.647533, 56.992633 ], [ -5.646036, 56.992735 ], [ -5.645461, 56.992923 ], [ -5.643996, 56.992849 ], [ -5.643412, 56.992681 ], [ -5.643251, 56.992726 ], [ -5.64195, 56.992468 ], [ -5.641334, 56.992238 ], [ -5.641289, 56.992033 ], [ -5.641521, 56.991792 ], [ -5.641409, 56.991742 ], [ -5.640946, 56.991805 ], [ -5.640874, 56.992 ], [ -5.64059, 56.991959 ], [ -5.639992, 56.992075 ], [ -5.639514, 56.992067 ], [ -5.639262, 56.991845 ], [ -5.638338, 56.991575 ], [ -5.637831, 56.991275 ], [ -5.637312, 56.990854 ], [ -5.63753, 56.990731 ], [ -5.637322, 56.990364 ], [ -5.637066, 56.990362 ], [ -5.636815, 56.990653 ], [ -5.636255, 56.990656 ], [ -5.635707, 56.990528 ], [ -5.635208, 56.990138 ], [ -5.6345, 56.989974 ], [ -5.634445, 56.989746 ], [ -5.634031, 56.989812 ], [ -5.63484, 56.989407 ], [ -5.635044, 56.989387 ], [ -5.636401, 56.989541 ], [ -5.637257, 56.989786 ], [ -5.63742, 56.989772 ], [ -5.637606, 56.98965 ], [ -5.637624, 56.989415 ], [ -5.636787, 56.988855 ], [ -5.636414, 56.988493 ], [ -5.636164, 56.988464 ], [ -5.635945, 56.988579 ], [ -5.635648, 56.988493 ], [ -5.635543, 56.988343 ], [ -5.635105, 56.988405 ], [ -5.635013, 56.988561 ], [ -5.635121, 56.988657 ], [ -5.63466, 56.988661 ], [ -5.634232, 56.987981 ], [ -5.634051, 56.987906 ], [ -5.633735, 56.987955 ], [ -5.633093, 56.987282 ], [ -5.631518, 56.987179 ], [ -5.630329, 56.987393 ], [ -5.629942, 56.98731 ], [ -5.629509, 56.987089 ], [ -5.629024, 56.987013 ], [ -5.628702, 56.98709 ], [ -5.628069, 56.987023 ], [ -5.627297, 56.987207 ], [ -5.626107, 56.987161 ], [ -5.625392, 56.987348 ], [ -5.62503, 56.987268 ], [ -5.624457, 56.986961 ], [ -5.623979, 56.986876 ], [ -5.623538, 56.986404 ], [ -5.62342, 56.986124 ], [ -5.622956, 56.986178 ], [ -5.622808, 56.986097 ], [ -5.622687, 56.985696 ], [ -5.622205, 56.985826 ], [ -5.622133, 56.985676 ], [ -5.621744, 56.985651 ], [ -5.62081, 56.984181 ], [ -5.619661, 56.982861 ], [ -5.619234, 56.982788 ], [ -5.618386, 56.982781 ], [ -5.61753, 56.98237 ], [ -5.616857, 56.9823 ], [ -5.617271, 56.982661 ], [ -5.617247, 56.983016 ], [ -5.615055, 56.97944 ], [ -5.61544, 56.978902 ], [ -5.615381, 56.978805 ], [ -5.615153, 56.978569 ], [ -5.614884, 56.978936 ], [ -5.614678, 56.978933 ], [ -5.61452, 56.978497 ], [ -5.614078, 56.978438 ], [ -5.613947, 56.978356 ], [ -5.614132, 56.978229 ], [ -5.614935, 56.978274 ], [ -5.614862, 56.978029 ], [ -5.614419, 56.977884 ], [ -5.614409, 56.977687 ], [ -5.614612, 56.977406 ], [ -5.614824, 56.977391 ], [ -5.614724, 56.977543 ], [ -5.614804, 56.977608 ], [ -5.61547, 56.977602 ], [ -5.615489, 56.977705 ], [ -5.615794, 56.977714 ], [ -5.616739, 56.976936 ], [ -5.618483, 56.976746 ], [ -5.619308, 56.976767 ], [ -5.620799, 56.975928 ], [ -5.621355, 56.975894 ], [ -5.621533, 56.975688 ], [ -5.62209, 56.975558 ], [ -5.62438, 56.975422 ], [ -5.625844, 56.975023 ], [ -5.62714, 56.974878 ], [ -5.627979, 56.975031 ], [ -5.629776, 56.975198 ], [ -5.630572, 56.975154 ], [ -5.631809, 56.975308 ], [ -5.632637, 56.975327 ], [ -5.633756, 56.975183 ], [ -5.634922, 56.974732 ], [ -5.635194, 56.974507 ], [ -5.635197, 56.974179 ], [ -5.6344, 56.973363 ], [ -5.634111, 56.972313 ], [ -5.633319, 56.971833 ], [ -5.632977, 56.971253 ], [ -5.633114, 56.970559 ], [ -5.633393, 56.970216 ], [ -5.633884, 56.96998 ], [ -5.634787, 56.969889 ], [ -5.635768, 56.970126 ], [ -5.63659, 56.97045 ], [ -5.636811, 56.970677 ], [ -5.637261, 56.971612 ], [ -5.637813, 56.972152 ], [ -5.638161, 56.972347 ], [ -5.639345, 56.972676 ], [ -5.640191, 56.973023 ], [ -5.641047, 56.973866 ], [ -5.641922, 56.974413 ], [ -5.643309, 56.974689 ], [ -5.644391, 56.975086 ], [ -5.645331, 56.975085 ], [ -5.64686, 56.974888 ], [ -5.647082, 56.974925 ], [ -5.64755, 56.9751 ], [ -5.648856, 56.97592 ], [ -5.650873, 56.97603 ], [ -5.652735, 56.976949 ], [ -5.653861, 56.977152 ], [ -5.654515, 56.977434 ], [ -5.655201, 56.977512 ], [ -5.656049, 56.97812 ], [ -5.65624, 56.978091 ], [ -5.655969, 56.977706 ], [ -5.656154, 56.977412 ], [ -5.657254, 56.976756 ], [ -5.658726, 56.976124 ], [ -5.65966, 56.975999 ], [ -5.660303, 56.976138 ], [ -5.661343, 56.976096 ], [ -5.661902, 56.97594 ], [ -5.662501, 56.976169 ], [ -5.662624, 56.976332 ], [ -5.662908, 56.976288 ], [ -5.663331, 56.976662 ], [ -5.66375, 56.976569 ], [ -5.664022, 56.976736 ], [ -5.664526, 56.97651 ], [ -5.665382, 56.976418 ], [ -5.666166, 56.97644 ], [ -5.667019, 56.976747 ], [ -5.667252, 56.976686 ], [ -5.667986, 56.976863 ], [ -5.669474, 56.976927 ], [ -5.670234, 56.97721 ], [ -5.670749, 56.977168 ], [ -5.672976, 56.977795 ], [ -5.672977, 56.97806 ], [ -5.673155, 56.978109 ], [ -5.67367, 56.97857 ], [ -5.674587, 56.978606 ], [ -5.674827, 56.978703 ], [ -5.674955, 56.978663 ], [ -5.675281, 56.978968 ], [ -5.675967, 56.978912 ], [ -5.676571, 56.979198 ], [ -5.681694, 56.975452 ], [ -5.69812, 56.968304 ], [ -5.707607, 56.96041 ], [ -5.739425, 56.944074 ], [ -5.747232, 56.935086 ], [ -5.752279, 56.930044 ], [ -5.754792, 56.923884 ], [ -5.75223, 56.917393 ], [ -5.732222, 56.914642 ], [ -5.66595, 56.893487 ], [ -5.652875, 56.893105 ], [ -5.642344, 56.900099 ], [ -5.564051, 56.893296 ], [ -5.537531, 56.884921 ], [ -5.48974, 56.881318 ], [ -5.44686, 56.879939 ], [ -5.410879, 56.873982 ], [ -5.406571, 56.871512 ], [ -5.37033, 56.892589 ], [ -5.30798, 56.875512 ], [ -5.266977, 56.887441 ], [ -5.243373, 56.887869 ], [ -5.227925, 56.87749 ], [ -5.204184, 56.8747 ], [ -5.169385, 56.874068 ], [ -5.13392, 56.875912 ], [ -5.103275, 56.880319 ], [ -5.09547, 56.889768 ], [ -5.107685, 56.901996 ], [ -5.141634, 56.906663 ], [ -5.151009, 56.91889 ], [ -5.174501, 56.970235 ], [ -5.256974, 56.973159 ], [ -5.282655, 56.97201 ], [ -5.308075, 56.966014 ], [ -5.354052, 56.96983 ], [ -5.348265, 56.980272 ], [ -5.321038, 56.97317 ], [ -5.280341, 56.979824 ], [ -5.22849, 56.98539 ], [ -5.208793, 56.98513 ], [ -5.164957, 56.983964 ], [ -5.135864, 56.979941 ], [ -5.111633, 56.983547 ], [ -5.067337, 56.97926 ], [ -5.060269, 56.975917 ], [ -4.970111, 56.970288 ], [ -4.962409, 56.976367 ], [ -4.937746, 56.980587 ], [ -4.921911, 56.996372 ], [ -4.934439, 57.018245 ], [ -4.96462, 57.02933 ], [ -4.973756, 57.03672 ], [ -4.988298, 57.035326 ], [ -5.000452, 57.036747 ], [ -5.029945, 57.028236 ], [ -5.043504, 57.03898 ], [ -5.071109, 57.045022 ], [ -5.099462, 57.043848 ], [ -5.120636, 57.046653 ], [ -5.137338, 57.043951 ], [ -5.149963, 57.036406 ], [ -5.188088, 57.031346 ], [ -5.213495, 57.030932 ], [ -5.230948, 57.03272 ], [ -5.231855, 57.057916 ], [ -5.244137, 57.06365 ], [ -5.275393, 57.063813 ], [ -5.306703, 57.070992 ], [ -5.324152, 57.077847 ], [ -5.363548, 57.08272 ], [ -5.377488, 57.098218 ], [ -5.391302, 57.105266 ], [ -5.398258, 57.108005 ], [ -5.389639, 57.112292 ], [ -5.366959, 57.10412 ], [ -5.360532, 57.091241 ], [ -5.339027, 57.080898 ], [ -5.321517, 57.081434 ], [ -5.30273, 57.079314 ], [ -5.289795, 57.081227 ], [ -5.286996, 57.11169 ], [ -5.263254, 57.113095 ], [ -5.259041, 57.108423 ], [ -5.262794, 57.079651 ], [ -5.249063, 57.076939 ], [ -5.226761, 57.070594 ], [ -5.205149, 57.068646 ], [ -5.18773, 57.073274 ], [ -5.126741, 57.082636 ], [ -5.126973, 57.08753 ], [ -5.132002, 57.103511 ], [ -5.136961, 57.106502 ], [ -5.13645, 57.110195 ], [ -5.129612, 57.113219 ], [ -5.138968, 57.116696 ], [ -5.146751, 57.12799 ], [ -5.151696, 57.135744 ], [ -5.153849, 57.145346 ], [ -5.179597, 57.151015 ], [ -5.263694, 57.151808 ], [ -5.322266, 57.161641 ], [ -5.369117, 57.169999 ], [ -5.412473, 57.2078 ] ] ], [ [ [ -5.583515, 57.115504 ], [ -5.583909, 57.115564 ], [ -5.58419, 57.11548 ], [ -5.584522, 57.115488 ], [ -5.584786, 57.115233 ], [ -5.585137, 57.115098 ], [ -5.585279, 57.114779 ], [ -5.585587, 57.114631 ], [ -5.585557, 57.114488 ], [ -5.585201, 57.114219 ], [ -5.583877, 57.114032 ], [ -5.583559, 57.114248 ], [ -5.58351, 57.114681 ], [ -5.582867, 57.115127 ], [ -5.582632, 57.115169 ], [ -5.582726, 57.115292 ], [ -5.582999, 57.115294 ], [ -5.582997, 57.115437 ], [ -5.583203, 57.115355 ], [ -5.583515, 57.115504 ] ] ], [ [ [ -5.635641, 56.987149 ], [ -5.635892, 56.987277 ], [ -5.636299, 56.987062 ], [ -5.636265, 56.986875 ], [ -5.636574, 56.986587 ], [ -5.636549, 56.986075 ], [ -5.636329, 56.985852 ], [ -5.635835, 56.98602 ], [ -5.635487, 56.985994 ], [ -5.635639, 56.985868 ], [ -5.635163, 56.985877 ], [ -5.634605, 56.986321 ], [ -5.634463, 56.986307 ], [ -5.634228, 56.986507 ], [ -5.634029, 56.986499 ], [ -5.633659, 56.986757 ], [ -5.63378, 56.986898 ], [ -5.635105, 56.987142 ], [ -5.635641, 56.987149 ] ] ] ] } },
{ "type": "Feature", "properties": { "NAME": "13. Moidart - Ardgour" }, "geometry": { "type": "MultiPolygon", "coordinates": [ [ [ [ -5.490393, 56.87637 ], [ -5.495645, 56.87609 ], [ -5.507368, 56.875095 ], [ -5.514469, 56.872993 ], [ -5.517424, 56.873004 ], [ -5.520486, 56.874155 ], [ -5.523423, 56.873976 ], [ -5.529697, 56.87418 ], [ -5.533781, 56.873205 ], [ -5.537657, 56.873762 ], [ -5.54437, 56.873095 ], [ -5.549479, 56.871999 ], [ -5.553094, 56.872455 ], [ -5.553052, 56.872516 ], [ -5.55565, 56.874773 ], [ -5.558692, 56.876071 ], [ -5.559215, 56.876218 ], [ -5.560312, 56.876785 ], [ -5.560497, 56.877004 ], [ -5.560931, 56.877077 ], [ -5.56091, 56.877208 ], [ -5.561528, 56.877231 ], [ -5.563272, 56.877784 ], [ -5.563652, 56.877804 ], [ -5.564274, 56.878137 ], [ -5.566151, 56.877931 ], [ -5.567017, 56.877964 ], [ -5.567243, 56.878097 ], [ -5.567862, 56.878044 ], [ -5.568797, 56.878129 ], [ -5.5694, 56.878076 ], [ -5.570344, 56.877559 ], [ -5.570612, 56.877524 ], [ -5.570821, 56.877397 ], [ -5.572296, 56.877112 ], [ -5.573488, 56.876093 ], [ -5.573866, 56.876182 ], [ -5.573938, 56.875991 ], [ -5.574324, 56.875822 ], [ -5.574723, 56.875874 ], [ -5.575295, 56.875678 ], [ -5.575788, 56.875672 ], [ -5.576734, 56.875187 ], [ -5.577155, 56.875202 ], [ -5.577787, 56.875381 ], [ -5.579002, 56.875463 ], [ -5.579172, 56.875521 ], [ -5.579065, 56.875695 ], [ -5.579791, 56.875728 ], [ -5.581301, 56.876319 ], [ -5.581466, 56.876508 ], [ -5.581918, 56.876598 ], [ -5.58248, 56.876892 ], [ -5.582549, 56.877097 ], [ -5.583184, 56.877124 ], [ -5.583681, 56.877 ], [ -5.58462, 56.877294 ], [ -5.584623, 56.877487 ], [ -5.584797, 56.877594 ], [ -5.585415, 56.877531 ], [ -5.585802, 56.877633 ], [ -5.585961, 56.877835 ], [ -5.586164, 56.877892 ], [ -5.586535, 56.877827 ], [ -5.587121, 56.877945 ], [ -5.58727, 56.878045 ], [ -5.587837, 56.878051 ], [ -5.588107, 56.878209 ], [ -5.588315, 56.878145 ], [ -5.589216, 56.878299 ], [ -5.589518, 56.878452 ], [ -5.590091, 56.878516 ], [ -5.590898, 56.878884 ], [ -5.591181, 56.878845 ], [ -5.591419, 56.878667 ], [ -5.591747, 56.878577 ], [ -5.592925, 56.878534 ], [ -5.593299, 56.878757 ], [ -5.593305, 56.878554 ], [ -5.59372, 56.878524 ], [ -5.594404, 56.878545 ], [ -5.595296, 56.87869 ], [ -5.595888, 56.878871 ], [ -5.598632, 56.879228 ], [ -5.601691, 56.878933 ], [ -5.602424, 56.878961 ], [ -5.603179, 56.879038 ], [ -5.603386, 56.87923 ], [ -5.603217, 56.879599 ], [ -5.603415, 56.879445 ], [ -5.604247, 56.87956 ], [ -5.60438, 56.879399 ], [ -5.604646, 56.879355 ], [ -5.604939, 56.879581 ], [ -5.605432, 56.879418 ], [ -5.605595, 56.879485 ], [ -5.605661, 56.879659 ], [ -5.606024, 56.87968 ], [ -5.60616, 56.879559 ], [ -5.607264, 56.879253 ], [ -5.60746, 56.879076 ], [ -5.608827, 56.878695 ], [ -5.60976, 56.878578 ], [ -5.60995, 56.878667 ], [ -5.610364, 56.878705 ], [ -5.610593, 56.87921 ], [ -5.610878, 56.879094 ], [ -5.611389, 56.87903 ], [ -5.612353, 56.879065 ], [ -5.612777, 56.879376 ], [ -5.613268, 56.879272 ], [ -5.613659, 56.879418 ], [ -5.613931, 56.879428 ], [ -5.613857, 56.879592 ], [ -5.61431, 56.879525 ], [ -5.616285, 56.880075 ], [ -5.616606, 56.880254 ], [ -5.616559, 56.880364 ], [ -5.616695, 56.880409 ], [ -5.617341, 56.880382 ], [ -5.617509, 56.880507 ], [ -5.617436, 56.880604 ], [ -5.618115, 56.880494 ], [ -5.61824, 56.880517 ], [ -5.618258, 56.880616 ], [ -5.618744, 56.880548 ], [ -5.61877, 56.88047 ], [ -5.618956, 56.880447 ], [ -5.621295, 56.880433 ], [ -5.621823, 56.880548 ], [ -5.622092, 56.881116 ], [ -5.622303, 56.881096 ], [ -5.62243, 56.880958 ], [ -5.622592, 56.880939 ], [ -5.622718, 56.880711 ], [ -5.623115, 56.880664 ], [ -5.623552, 56.880844 ], [ -5.623598, 56.881153 ], [ -5.623735, 56.881212 ], [ -5.623838, 56.881088 ], [ -5.624864, 56.881004 ], [ -5.625162, 56.881108 ], [ -5.6254, 56.881366 ], [ -5.625862, 56.881636 ], [ -5.62611, 56.881485 ], [ -5.626213, 56.881279 ], [ -5.6265, 56.88119 ], [ -5.626643, 56.88097 ], [ -5.627845, 56.880922 ], [ -5.629115, 56.881065 ], [ -5.629439, 56.881185 ], [ -5.629681, 56.88165 ], [ -5.63017, 56.881609 ], [ -5.630496, 56.881834 ], [ -5.630998, 56.881936 ], [ -5.631118, 56.882072 ], [ -5.630835, 56.882368 ], [ -5.631336, 56.882704 ], [ -5.645617, 56.879702 ], [ -5.653655, 56.874805 ], [ -5.660248, 56.869373 ], [ -5.691766, 56.859505 ], [ -5.691451, 56.853162 ], [ -5.704904, 56.844932 ], [ -5.725707, 56.839274 ], [ -5.750412, 56.838057 ], [ -5.757758, 56.838597 ], [ -5.773059, 56.835376 ], [ -5.780829, 56.831524 ], [ -5.797001, 56.818198 ], [ -5.792253, 56.800346 ], [ -5.776115, 56.798457 ], [ -5.755374, 56.800891 ], [ -5.74189, 56.799679 ], [ -5.727053, 56.800451 ], [ -5.726912, 56.80062 ], [ -5.726687, 56.80047 ], [ -5.711539, 56.801255 ], [ -5.669752, 56.79028 ], [ -5.675748, 56.772432 ], [ -5.617556, 56.763766 ], [ -5.559754, 56.777415 ], [ -5.519554, 56.788642 ], [ -5.491315, 56.799994 ], [ -5.452241, 56.788049 ], [ -5.481991, 56.764863 ], [ -5.520879, 56.748812 ], [ -5.510906, 56.733251 ], [ -5.501122, 56.730391 ], [ -5.498082, 56.723816 ], [ -5.508099, 56.715992 ], [ -5.517672, 56.713719 ], [ -5.530218, 56.706634 ], [ -5.524715, 56.69573 ], [ -5.489047, 56.69733 ], [ -5.46909, 56.694069 ], [ -5.445298, 56.695834 ], [ -5.418858, 56.699798 ], [ -5.365868, 56.693248 ], [ -5.332165, 56.70693 ], [ -5.293987, 56.729236 ], [ -5.27727, 56.740399 ], [ -5.264921, 56.750845 ], [ -5.291853, 56.775736 ], [ -5.246871, 56.784529 ], [ -5.216602, 56.791314 ], [ -5.211112, 56.795509 ], [ -5.223677, 56.813601 ], [ -5.284906, 56.815722 ], [ -5.322099, 56.812046 ], [ -5.346132, 56.827224 ], [ -5.361344, 56.835731 ], [ -5.435566, 56.855571 ], [ -5.482222, 56.867341 ], [ -5.490393, 56.87637 ] ] ] ] } },
{ "type": "Feature", "properties": { "NAME": "21.  South Uist hills" }, "geometry": { "type": "MultiPolygon", "coordinates": [ [ [ [ -7.257098, 57.325905 ], [ -7.25729, 57.325779 ], [ -7.257839, 57.325794 ], [ -7.257972, 57.325652 ], [ -7.259473, 57.325652 ], [ -7.261263, 57.325354 ], [ -7.26142, 57.325263 ], [ -7.261923, 57.32521 ], [ -7.262306, 57.325295 ], [ -7.264251, 57.324369 ], [ -7.265363, 57.324121 ], [ -7.265918, 57.32381 ], [ -7.266473, 57.323705 ], [ -7.267814, 57.323564 ], [ -7.268184, 57.323686 ], [ -7.268955, 57.323731 ], [ -7.26929, 57.323663 ], [ -7.269256, 57.323805 ], [ -7.269734, 57.323798 ], [ -7.269934, 57.323726 ], [ -7.269687, 57.323659 ], [ -7.270051, 57.323566 ], [ -7.270385, 57.323595 ], [ -7.270818, 57.32346 ], [ -7.270912, 57.323515 ], [ -7.271562, 57.323128 ], [ -7.27187, 57.323071 ], [ -7.271972, 57.323129 ], [ -7.304385, 57.317429 ], [ -7.310601, 57.316595 ], [ -7.311385, 57.314796 ], [ -7.307504, 57.313573 ], [ -7.311089, 57.313574 ], [ -7.315021, 57.313079 ], [ -7.315165, 57.312047 ], [ -7.323214, 57.31016 ], [ -7.329327, 57.31342 ], [ -7.329293, 57.310755 ], [ -7.331987, 57.309978 ], [ -7.33613, 57.31154 ], [ -7.339181, 57.312885 ], [ -7.34355, 57.312985 ], [ -7.346651, 57.310306 ], [ -7.355384, 57.298981 ], [ -7.34665, 57.26316 ], [ -7.330833, 57.249833 ], [ -7.324515, 57.237722 ], [ -7.314811, 57.234991 ], [ -7.308666, 57.229768 ], [ -7.309095, 57.229861 ], [ -7.30957, 57.229701 ], [ -7.309682, 57.229728 ], [ -7.3097, 57.229628 ], [ -7.309935, 57.229641 ], [ -7.309818, 57.229524 ], [ -7.310251, 57.229537 ], [ -7.310513, 57.22945 ], [ -7.311053, 57.229053 ], [ -7.311413, 57.229308 ], [ -7.31117, 57.229408 ], [ -7.311297, 57.229479 ], [ -7.311199, 57.229551 ], [ -7.311755, 57.229955 ], [ -7.311875, 57.229864 ], [ -7.312021, 57.229957 ], [ -7.312413, 57.229855 ], [ -7.312709, 57.229896 ], [ -7.312649, 57.229768 ], [ -7.313371, 57.229477 ], [ -7.313322, 57.229313 ], [ -7.313506, 57.22921 ], [ -7.313824, 57.229345 ], [ -7.313929, 57.229552 ], [ -7.31434, 57.229814 ], [ -7.314532, 57.22959 ], [ -7.314695, 57.229574 ], [ -7.314687, 57.229462 ], [ -7.315211, 57.229637 ], [ -7.315414, 57.229552 ], [ -7.315615, 57.229566 ], [ -7.315634, 57.229412 ], [ -7.315749, 57.229399 ], [ -7.316407, 57.22965 ], [ -7.31695, 57.229505 ], [ -7.31763, 57.229728 ], [ -7.317641, 57.229863 ], [ -7.317908, 57.229874 ], [ -7.318235, 57.229666 ], [ -7.31887, 57.229586 ], [ -7.318777, 57.229459 ], [ -7.319084, 57.229455 ], [ -7.319135, 57.229295 ], [ -7.319296, 57.229315 ], [ -7.319543, 57.229075 ], [ -7.319692, 57.229074 ], [ -7.319575, 57.228836 ], [ -7.319646, 57.228698 ], [ -7.318873, 57.228168 ], [ -7.318683, 57.228235 ], [ -7.318595, 57.228139 ], [ -7.317519, 57.227983 ], [ -7.316971, 57.227808 ], [ -7.317521, 57.227825 ], [ -7.318017, 57.227984 ], [ -7.318599, 57.228049 ], [ -7.319303, 57.228046 ], [ -7.319672, 57.227959 ], [ -7.319908, 57.228039 ], [ -7.320657, 57.22771 ], [ -7.321523, 57.227736 ], [ -7.321921, 57.227904 ], [ -7.322284, 57.227717 ], [ -7.322088, 57.22751 ], [ -7.322851, 57.22768 ], [ -7.323668, 57.227591 ], [ -7.323867, 57.227366 ], [ -7.324328, 57.227284 ], [ -7.324526, 57.227334 ], [ -7.324703, 57.227236 ], [ -7.324697, 57.227138 ], [ -7.324523, 57.227141 ], [ -7.324601, 57.226876 ], [ -7.324729, 57.226727 ], [ -7.324911, 57.226719 ], [ -7.324783, 57.226414 ], [ -7.324929, 57.22639 ], [ -7.324691, 57.226234 ], [ -7.324755, 57.226046 ], [ -7.324209, 57.225768 ], [ -7.323681, 57.225615 ], [ -7.323508, 57.225622 ], [ -7.323429, 57.225765 ], [ -7.323146, 57.225876 ], [ -7.322676, 57.22555 ], [ -7.322541, 57.225187 ], [ -7.322237, 57.225154 ], [ -7.321261, 57.224827 ], [ -7.320198, 57.224701 ], [ -7.319761, 57.224895 ], [ -7.319512, 57.224897 ], [ -7.31912, 57.224589 ], [ -7.319042, 57.224399 ], [ -7.318825, 57.22439 ], [ -7.318708, 57.224211 ], [ -7.318379, 57.224171 ], [ -7.317885, 57.223854 ], [ -7.317944, 57.223627 ], [ -7.318353, 57.223529 ], [ -7.318317, 57.223341 ], [ -7.318649, 57.223332 ], [ -7.337975, 57.217908 ], [ -7.351876, 57.195695 ], [ -7.338766, 57.189969 ], [ -7.328064, 57.181453 ], [ -7.283287, 57.156608 ], [ -7.280467, 57.150139 ], [ -7.28023, 57.1502 ], [ -7.279384, 57.150019 ], [ -7.278442, 57.150091 ], [ -7.277805, 57.15032 ], [ -7.277406, 57.15031 ], [ -7.276995, 57.150449 ], [ -7.276221, 57.150301 ], [ -7.275848, 57.150407 ], [ -7.275627, 57.150259 ], [ -7.275194, 57.150183 ], [ -7.274987, 57.150065 ], [ -7.273738, 57.149839 ], [ -7.271974, 57.150008 ], [ -7.272039, 57.149942 ], [ -7.271754, 57.149864 ], [ -7.271397, 57.149857 ], [ -7.271211, 57.149941 ], [ -7.270918, 57.149805 ], [ -7.270386, 57.149787 ], [ -7.270387, 57.149854 ], [ -7.269509, 57.149909 ], [ -7.269072, 57.15004 ], [ -7.268644, 57.150288 ], [ -7.268519, 57.150225 ], [ -7.268619, 57.150113 ], [ -7.268575, 57.149859 ], [ -7.268389, 57.14983 ], [ -7.268392, 57.14974 ], [ -7.266979, 57.150106 ], [ -7.266993, 57.150204 ], [ -7.267231, 57.15019 ], [ -7.266825, 57.150594 ], [ -7.266975, 57.150713 ], [ -7.267425, 57.150681 ], [ -7.267059, 57.15084 ], [ -7.267124, 57.15095 ], [ -7.26691, 57.151476 ], [ -7.265904, 57.151505 ], [ -7.264284, 57.151119 ], [ -7.263962, 57.151128 ], [ -7.263871, 57.151303 ], [ -7.263721, 57.15135 ], [ -7.263899, 57.151441 ], [ -7.263893, 57.151572 ], [ -7.264279, 57.151727 ], [ -7.262701, 57.151802 ], [ -7.262371, 57.152104 ], [ -7.261765, 57.152152 ], [ -7.261506, 57.152248 ], [ -7.261423, 57.152423 ], [ -7.259713, 57.152562 ], [ -7.259604, 57.152787 ], [ -7.259131, 57.152834 ], [ -7.259125, 57.153028 ], [ -7.258936, 57.152919 ], [ -7.258566, 57.152997 ], [ -7.258008, 57.152625 ], [ -7.257822, 57.152601 ], [ -7.257059, 57.152764 ], [ -7.256464, 57.153059 ], [ -7.256856, 57.153312 ], [ -7.256736, 57.15369 ], [ -7.256035, 57.153886 ], [ -7.256091, 57.154167 ], [ -7.255816, 57.15462 ], [ -7.255813, 57.155003 ], [ -7.255628, 57.155334 ], [ -7.255725, 57.155609 ], [ -7.255596, 57.156096 ], [ -7.255734, 57.15614 ], [ -7.255834, 57.156491 ], [ -7.256151, 57.15668 ], [ -7.256133, 57.157077 ], [ -7.256586, 57.157526 ], [ -7.256792, 57.15758 ], [ -7.256719, 57.157646 ], [ -7.257126, 57.15766 ], [ -7.256918, 57.157827 ], [ -7.257158, 57.157884 ], [ -7.257115, 57.157989 ], [ -7.258001, 57.158276 ], [ -7.257013, 57.158201 ], [ -7.256822, 57.158317 ], [ -7.256542, 57.158265 ], [ -7.256236, 57.158445 ], [ -7.25634, 57.158652 ], [ -7.2562, 57.158595 ], [ -7.256162, 57.158736 ], [ -7.255393, 57.159097 ], [ -7.255367, 57.159264 ], [ -7.255101, 57.159077 ], [ -7.254723, 57.159044 ], [ -7.254521, 57.159138 ], [ -7.254559, 57.159226 ], [ -7.254084, 57.159381 ], [ -7.254168, 57.159099 ], [ -7.25392, 57.158987 ], [ -7.253773, 57.159003 ], [ -7.25357, 57.159263 ], [ -7.252943, 57.159393 ], [ -7.253129, 57.159714 ], [ -7.252833, 57.159609 ], [ -7.252845, 57.159869 ], [ -7.252575, 57.159597 ], [ -7.252288, 57.159564 ], [ -7.252268, 57.159304 ], [ -7.251834, 57.159165 ], [ -7.251707, 57.159202 ], [ -7.251199, 57.159592 ], [ -7.250994, 57.160073 ], [ -7.251226, 57.160419 ], [ -7.25102, 57.16031 ], [ -7.250847, 57.160318 ], [ -7.250318, 57.160753 ], [ -7.250431, 57.160943 ], [ -7.249934, 57.161409 ], [ -7.249885, 57.161591 ], [ -7.250045, 57.161841 ], [ -7.249806, 57.162085 ], [ -7.249824, 57.162502 ], [ -7.249234, 57.162604 ], [ -7.248614, 57.162553 ], [ -7.248099, 57.162597 ], [ -7.247839, 57.162694 ], [ -7.247666, 57.162993 ], [ -7.247252, 57.162934 ], [ -7.247013, 57.16271 ], [ -7.246395, 57.162673 ], [ -7.245645, 57.162984 ], [ -7.245428, 57.162916 ], [ -7.245068, 57.162949 ], [ -7.244842, 57.163103 ], [ -7.244866, 57.163511 ], [ -7.244657, 57.163785 ], [ -7.244787, 57.163942 ], [ -7.245163, 57.163791 ], [ -7.245291, 57.163817 ], [ -7.245152, 57.164062 ], [ -7.245359, 57.164179 ], [ -7.245164, 57.164268 ], [ -7.245377, 57.164426 ], [ -7.245378, 57.164547 ], [ -7.245688, 57.164516 ], [ -7.245591, 57.164763 ], [ -7.246079, 57.164995 ], [ -7.246365, 57.165027 ], [ -7.246801, 57.164888 ], [ -7.248011, 57.164741 ], [ -7.247686, 57.165058 ], [ -7.247888, 57.165135 ], [ -7.247616, 57.165785 ], [ -7.247672, 57.166003 ], [ -7.24832, 57.166075 ], [ -7.248738, 57.165931 ], [ -7.248725, 57.166076 ], [ -7.24886, 57.166088 ], [ -7.249144, 57.166337 ], [ -7.249812, 57.166381 ], [ -7.249938, 57.166448 ], [ -7.249671, 57.166432 ], [ -7.248935, 57.16662 ], [ -7.248586, 57.166608 ], [ -7.248137, 57.166771 ], [ -7.248057, 57.166968 ], [ -7.247867, 57.166854 ], [ -7.247122, 57.167092 ], [ -7.247376, 57.167244 ], [ -7.247664, 57.167232 ], [ -7.247508, 57.167414 ], [ -7.247558, 57.167655 ], [ -7.247963, 57.168052 ], [ -7.247973, 57.16824 ], [ -7.247841, 57.168241 ], [ -7.247828, 57.168971 ], [ -7.248199, 57.168959 ], [ -7.248215, 57.169071 ], [ -7.248593, 57.169343 ], [ -7.249213, 57.169272 ], [ -7.24939, 57.169413 ], [ -7.249474, 57.169711 ], [ -7.249268, 57.169833 ], [ -7.248822, 57.169905 ], [ -7.248224, 57.169777 ], [ -7.247943, 57.169605 ], [ -7.247939, 57.169695 ], [ -7.247512, 57.169717 ], [ -7.246969, 57.169861 ], [ -7.247002, 57.169973 ], [ -7.2465, 57.170115 ], [ -7.246735, 57.170371 ], [ -7.246668, 57.170481 ], [ -7.246904, 57.170629 ], [ -7.246629, 57.170731 ], [ -7.246679, 57.170791 ], [ -7.24625, 57.171034 ], [ -7.246497, 57.171083 ], [ -7.246513, 57.171608 ], [ -7.246921, 57.171681 ], [ -7.247357, 57.171541 ], [ -7.247425, 57.171669 ], [ -7.247805, 57.171725 ], [ -7.247838, 57.171778 ], [ -7.247622, 57.171832 ], [ -7.248056, 57.171975 ], [ -7.248124, 57.172103 ], [ -7.248553, 57.172031 ], [ -7.248603, 57.172205 ], [ -7.249038, 57.17224 ], [ -7.249344, 57.172412 ], [ -7.249596, 57.172433 ], [ -7.249649, 57.172575 ], [ -7.249922, 57.172743 ], [ -7.249735, 57.173354 ], [ -7.249835, 57.173534 ], [ -7.249429, 57.17388 ], [ -7.249678, 57.173946 ], [ -7.249682, 57.174089 ], [ -7.249863, 57.174194 ], [ -7.250556, 57.174467 ], [ -7.249159, 57.174197 ], [ -7.248878, 57.174258 ], [ -7.248803, 57.174432 ], [ -7.249154, 57.174688 ], [ -7.249555, 57.17477 ], [ -7.249412, 57.175041 ], [ -7.249571, 57.175403 ], [ -7.249517, 57.175608 ], [ -7.24976, 57.175742 ], [ -7.249664, 57.175885 ], [ -7.249995, 57.176465 ], [ -7.250536, 57.176659 ], [ -7.250498, 57.176912 ], [ -7.250707, 57.177219 ], [ -7.250645, 57.17777 ], [ -7.250946, 57.177964 ], [ -7.251012, 57.178434 ], [ -7.251378, 57.178792 ], [ -7.250509, 57.178563 ], [ -7.250534, 57.178855 ], [ -7.250279, 57.179279 ], [ -7.250471, 57.179465 ], [ -7.25023, 57.179574 ], [ -7.250214, 57.179808 ], [ -7.25048, 57.180054 ], [ -7.250236, 57.180257 ], [ -7.250175, 57.180818 ], [ -7.25037, 57.181314 ], [ -7.250568, 57.181427 ], [ -7.250626, 57.181717 ], [ -7.250533, 57.181703 ], [ -7.250585, 57.181777 ], [ -7.250296, 57.181731 ], [ -7.250367, 57.181881 ], [ -7.250018, 57.182161 ], [ -7.250109, 57.182683 ], [ -7.250369, 57.183113 ], [ -7.250655, 57.183259 ], [ -7.250706, 57.18368 ], [ -7.251174, 57.183822 ], [ -7.25106, 57.183953 ], [ -7.251156, 57.184106 ], [ -7.25187, 57.184346 ], [ -7.252064, 57.184486 ], [ -7.252442, 57.184525 ], [ -7.252462, 57.184663 ], [ -7.252905, 57.184924 ], [ -7.253824, 57.185038 ], [ -7.254392, 57.185239 ], [ -7.25503, 57.185356 ], [ -7.255181, 57.185426 ], [ -7.25515, 57.185558 ], [ -7.255478, 57.185594 ], [ -7.255959, 57.185772 ], [ -7.255983, 57.186059 ], [ -7.256236, 57.186206 ], [ -7.256991, 57.186444 ], [ -7.25755, 57.186528 ], [ -7.257589, 57.186801 ], [ -7.258023, 57.187174 ], [ -7.257929, 57.187273 ], [ -7.258215, 57.187589 ], [ -7.257772, 57.18768 ], [ -7.257229, 57.18759 ], [ -7.256928, 57.187747 ], [ -7.256969, 57.187862 ], [ -7.256602, 57.187783 ], [ -7.256251, 57.188054 ], [ -7.256468, 57.188185 ], [ -7.256466, 57.188288 ], [ -7.256892, 57.188423 ], [ -7.256778, 57.188612 ], [ -7.256944, 57.188673 ], [ -7.256848, 57.188758 ], [ -7.257151, 57.188844 ], [ -7.257094, 57.189031 ], [ -7.257305, 57.189171 ], [ -7.257193, 57.189256 ], [ -7.257515, 57.189486 ], [ -7.257431, 57.189651 ], [ -7.257845, 57.189935 ], [ -7.257967, 57.190326 ], [ -7.258206, 57.190496 ], [ -7.258438, 57.190491 ], [ -7.258637, 57.19073 ], [ -7.258994, 57.19085 ], [ -7.258612, 57.191136 ], [ -7.259393, 57.191324 ], [ -7.259444, 57.191448 ], [ -7.259675, 57.191496 ], [ -7.259603, 57.191634 ], [ -7.259934, 57.191859 ], [ -7.26075, 57.191946 ], [ -7.261622, 57.19231 ], [ -7.261769, 57.192524 ], [ -7.261057, 57.192644 ], [ -7.261567, 57.192794 ], [ -7.261511, 57.192868 ], [ -7.262074, 57.192804 ], [ -7.262521, 57.192565 ], [ -7.262749, 57.192541 ], [ -7.263101, 57.192563 ], [ -7.263352, 57.192701 ], [ -7.263831, 57.192806 ], [ -7.2636, 57.193046 ], [ -7.263629, 57.193418 ], [ -7.26334, 57.193601 ], [ -7.263365, 57.19378 ], [ -7.263519, 57.193814 ], [ -7.263396, 57.193878 ], [ -7.263581, 57.194014 ], [ -7.263534, 57.194088 ], [ -7.264073, 57.194439 ], [ -7.264353, 57.19449 ], [ -7.264335, 57.194072 ], [ -7.264846, 57.194168 ], [ -7.265078, 57.193933 ], [ -7.265867, 57.193594 ], [ -7.266408, 57.193031 ], [ -7.266272, 57.192834 ], [ -7.266552, 57.192706 ], [ -7.266453, 57.192885 ], [ -7.267012, 57.193375 ], [ -7.266579, 57.193361 ], [ -7.266405, 57.193765 ], [ -7.266713, 57.19395 ], [ -7.266399, 57.194017 ], [ -7.266467, 57.194144 ], [ -7.266201, 57.194255 ], [ -7.265509, 57.194977 ], [ -7.265565, 57.195195 ], [ -7.265361, 57.195275 ], [ -7.265392, 57.195377 ], [ -7.265261, 57.19545 ], [ -7.265305, 57.195696 ], [ -7.264986, 57.195732 ], [ -7.265156, 57.195819 ], [ -7.264962, 57.196025 ], [ -7.265157, 57.196116 ], [ -7.265132, 57.19623 ], [ -7.264966, 57.196574 ], [ -7.264841, 57.196453 ], [ -7.264558, 57.196794 ], [ -7.264794, 57.197 ], [ -7.265148, 57.196956 ], [ -7.265141, 57.197165 ], [ -7.264704, 57.197584 ], [ -7.264895, 57.19776 ], [ -7.264471, 57.197756 ], [ -7.264211, 57.197965 ], [ -7.264171, 57.198385 ], [ -7.264428, 57.198617 ], [ -7.263985, 57.198879 ], [ -7.264162, 57.199132 ], [ -7.264539, 57.199278 ], [ -7.264423, 57.199567 ], [ -7.264478, 57.199893 ], [ -7.264289, 57.200022 ], [ -7.264626, 57.200584 ], [ -7.264038, 57.200762 ], [ -7.26415, 57.201256 ], [ -7.263938, 57.201283 ], [ -7.26418, 57.201521 ], [ -7.264019, 57.201617 ], [ -7.264507, 57.201723 ], [ -7.264483, 57.201845 ], [ -7.265047, 57.202136 ], [ -7.265352, 57.202187 ], [ -7.264696, 57.202237 ], [ -7.264199, 57.202177 ], [ -7.264225, 57.202306 ], [ -7.264026, 57.202535 ], [ -7.264074, 57.202992 ], [ -7.263919, 57.203061 ], [ -7.262924, 57.202599 ], [ -7.262687, 57.202623 ], [ -7.262562, 57.202907 ], [ -7.262676, 57.203356 ], [ -7.262034, 57.204031 ], [ -7.262005, 57.204235 ], [ -7.262154, 57.204409 ], [ -7.262004, 57.204635 ], [ -7.262401, 57.205091 ], [ -7.262021, 57.20504 ], [ -7.261069, 57.205111 ], [ -7.260956, 57.205246 ], [ -7.260616, 57.205252 ], [ -7.260515, 57.205472 ], [ -7.260101, 57.205471 ], [ -7.259961, 57.205599 ], [ -7.260098, 57.205741 ], [ -7.260071, 57.205905 ], [ -7.261058, 57.20643 ], [ -7.260982, 57.206532 ], [ -7.261105, 57.206585 ], [ -7.261251, 57.206966 ], [ -7.261957, 57.207445 ], [ -7.262626, 57.207714 ], [ -7.263427, 57.207865 ], [ -7.263616, 57.207969 ], [ -7.263838, 57.207901 ], [ -7.263829, 57.207776 ], [ -7.264037, 57.207727 ], [ -7.263724, 57.207623 ], [ -7.263865, 57.207563 ], [ -7.264092, 57.207589 ], [ -7.264123, 57.207512 ], [ -7.264288, 57.207626 ], [ -7.26441, 57.207549 ], [ -7.264558, 57.207835 ], [ -7.264824, 57.207896 ], [ -7.264644, 57.208088 ], [ -7.26486, 57.208434 ], [ -7.265368, 57.208629 ], [ -7.266205, 57.208742 ], [ -7.266131, 57.208862 ], [ -7.265424, 57.208726 ], [ -7.265277, 57.208799 ], [ -7.265251, 57.209025 ], [ -7.265352, 57.209215 ], [ -7.265858, 57.209504 ], [ -7.265876, 57.209629 ], [ -7.266235, 57.209704 ], [ -7.266345, 57.209956 ], [ -7.267521, 57.209884 ], [ -7.267505, 57.210064 ], [ -7.267692, 57.210097 ], [ -7.268353, 57.209903 ], [ -7.268399, 57.209761 ], [ -7.268623, 57.209702 ], [ -7.268624, 57.20954 ], [ -7.268827, 57.209451 ], [ -7.270662, 57.20941 ], [ -7.270847, 57.209483 ], [ -7.270657, 57.209662 ], [ -7.270994, 57.209931 ], [ -7.270916, 57.209966 ], [ -7.271282, 57.210031 ], [ -7.270679, 57.210052 ], [ -7.270754, 57.210225 ], [ -7.270637, 57.21045 ], [ -7.270455, 57.210395 ], [ -7.270203, 57.210491 ], [ -7.270137, 57.210723 ], [ -7.27052, 57.211085 ], [ -7.270628, 57.211026 ], [ -7.270569, 57.211195 ], [ -7.270782, 57.211528 ], [ -7.271668, 57.211747 ], [ -7.270846, 57.211683 ], [ -7.270669, 57.211776 ], [ -7.270841, 57.212169 ], [ -7.270767, 57.212465 ], [ -7.271305, 57.213099 ], [ -7.271384, 57.213708 ], [ -7.271728, 57.213851 ], [ -7.271716, 57.214054 ], [ -7.272447, 57.214414 ], [ -7.272562, 57.214693 ], [ -7.272756, 57.214833 ], [ -7.272905, 57.21489 ], [ -7.273373, 57.214857 ], [ -7.273608, 57.215054 ], [ -7.273816, 57.215059 ], [ -7.27379, 57.215222 ], [ -7.274001, 57.21519 ], [ -7.274612, 57.215461 ], [ -7.275002, 57.215463 ], [ -7.275513, 57.215671 ], [ -7.275759, 57.215652 ], [ -7.27596, 57.215495 ], [ -7.276336, 57.215393 ], [ -7.27627, 57.21505 ], [ -7.277721, 57.215052 ], [ -7.278076, 57.21492 ], [ -7.278329, 57.214949 ], [ -7.27827, 57.21506 ], [ -7.278407, 57.215095 ], [ -7.28027, 57.214836 ], [ -7.281077, 57.214861 ], [ -7.281533, 57.214738 ], [ -7.281535, 57.21458 ], [ -7.282561, 57.21451 ], [ -7.282791, 57.214379 ], [ -7.283069, 57.214462 ], [ -7.28395, 57.214186 ], [ -7.284885, 57.214057 ], [ -7.285535, 57.213737 ], [ -7.285647, 57.213646 ], [ -7.285573, 57.213537 ], [ -7.286069, 57.213525 ], [ -7.286298, 57.213444 ], [ -7.286914, 57.213462 ], [ -7.287161, 57.213394 ], [ -7.287993, 57.213408 ], [ -7.290151, 57.213015 ], [ -7.290589, 57.21301 ], [ -7.290441, 57.213129 ], [ -7.290721, 57.21318 ], [ -7.290874, 57.213318 ], [ -7.291396, 57.213314 ], [ -7.291525, 57.213466 ], [ -7.29141, 57.213642 ], [ -7.291588, 57.213616 ], [ -7.291826, 57.213768 ], [ -7.293194, 57.213823 ], [ -7.293373, 57.213973 ], [ -7.293873, 57.214046 ], [ -7.294061, 57.214317 ], [ -7.29479, 57.214601 ], [ -7.295969, 57.21461 ], [ -7.296007, 57.214703 ], [ -7.297828, 57.215026 ], [ -7.298998, 57.214914 ], [ -7.299713, 57.215329 ], [ -7.30009, 57.215299 ], [ -7.299917, 57.215424 ], [ -7.300026, 57.215545 ], [ -7.300465, 57.215486 ], [ -7.300929, 57.215772 ], [ -7.300961, 57.215937 ], [ -7.300733, 57.215907 ], [ -7.300609, 57.216024 ], [ -7.300939, 57.216015 ], [ -7.301237, 57.216124 ], [ -7.301372, 57.21637 ], [ -7.301537, 57.216367 ], [ -7.301527, 57.216467 ], [ -7.301922, 57.216509 ], [ -7.302148, 57.216639 ], [ -7.301697, 57.216842 ], [ -7.301719, 57.21694 ], [ -7.301532, 57.217025 ], [ -7.301864, 57.217195 ], [ -7.301046, 57.217162 ], [ -7.300516, 57.217459 ], [ -7.300635, 57.217535 ], [ -7.300517, 57.217639 ], [ -7.301127, 57.217784 ], [ -7.300309, 57.218269 ], [ -7.300104, 57.218516 ], [ -7.300122, 57.218754 ], [ -7.300629, 57.219052 ], [ -7.30105, 57.218975 ], [ -7.301453, 57.219129 ], [ -7.301612, 57.219082 ], [ -7.302396, 57.219283 ], [ -7.302895, 57.219235 ], [ -7.303228, 57.219301 ], [ -7.303428, 57.219248 ], [ -7.30354, 57.219279 ], [ -7.303337, 57.219427 ], [ -7.303959, 57.219424 ], [ -7.303439, 57.219554 ], [ -7.303171, 57.219713 ], [ -7.303335, 57.219927 ], [ -7.303211, 57.219991 ], [ -7.303827, 57.220118 ], [ -7.303862, 57.220422 ], [ -7.302949, 57.220587 ], [ -7.302956, 57.220699 ], [ -7.302599, 57.220921 ], [ -7.302688, 57.221021 ], [ -7.302428, 57.221176 ], [ -7.30281, 57.221582 ], [ -7.303643, 57.221781 ], [ -7.301875, 57.22177 ], [ -7.300876, 57.221836 ], [ -7.300898, 57.22196 ], [ -7.300458, 57.221956 ], [ -7.29993, 57.222204 ], [ -7.299651, 57.222229 ], [ -7.299492, 57.222389 ], [ -7.300028, 57.222659 ], [ -7.301043, 57.22285 ], [ -7.301354, 57.222818 ], [ -7.302052, 57.222946 ], [ -7.303427, 57.222992 ], [ -7.303843, 57.223113 ], [ -7.304177, 57.223473 ], [ -7.304392, 57.223527 ], [ -7.304652, 57.223435 ], [ -7.304685, 57.223604 ], [ -7.304997, 57.223695 ], [ -7.304065, 57.224399 ], [ -7.302008, 57.225211 ], [ -7.301097, 57.225012 ], [ -7.299997, 57.224923 ], [ -7.299001, 57.225033 ], [ -7.297989, 57.224918 ], [ -7.297547, 57.225013 ], [ -7.297167, 57.2248 ], [ -7.296721, 57.224756 ], [ -7.295911, 57.225118 ], [ -7.295899, 57.225321 ], [ -7.29613, 57.225604 ], [ -7.295403, 57.225279 ], [ -7.294816, 57.225291 ], [ -7.294605, 57.22498 ], [ -7.29427, 57.224841 ], [ -7.294292, 57.224764 ], [ -7.294037, 57.224721 ], [ -7.293599, 57.22433 ], [ -7.292114, 57.223803 ], [ -7.291409, 57.223747 ], [ -7.290386, 57.223152 ], [ -7.289929, 57.223085 ], [ -7.289828, 57.223139 ], [ -7.289182, 57.222856 ], [ -7.28887, 57.222761 ], [ -7.288828, 57.222812 ], [ -7.288015, 57.222523 ], [ -7.287427, 57.222588 ], [ -7.28729, 57.222504 ], [ -7.286725, 57.222496 ], [ -7.286423, 57.222527 ], [ -7.286307, 57.222649 ], [ -7.285793, 57.222648 ], [ -7.28557, 57.222482 ], [ -7.285255, 57.222482 ], [ -7.284861, 57.22222 ], [ -7.284521, 57.22222 ], [ -7.284647, 57.222521 ], [ -7.284814, 57.22259 ], [ -7.284719, 57.222621 ], [ -7.284317, 57.222301 ], [ -7.284046, 57.222209 ], [ -7.283941, 57.222056 ], [ -7.283719, 57.222065 ], [ -7.283018, 57.221695 ], [ -7.282634, 57.22167 ], [ -7.282456, 57.221817 ], [ -7.282251, 57.221835 ], [ -7.282356, 57.221929 ], [ -7.282259, 57.222064 ], [ -7.282475, 57.222244 ], [ -7.282502, 57.222431 ], [ -7.282797, 57.222581 ], [ -7.283311, 57.222636 ], [ -7.283316, 57.22273 ], [ -7.283535, 57.222752 ], [ -7.283398, 57.222893 ], [ -7.283371, 57.223227 ], [ -7.283982, 57.22344 ], [ -7.283837, 57.223527 ], [ -7.283964, 57.223661 ], [ -7.283675, 57.223552 ], [ -7.283412, 57.22363 ], [ -7.283139, 57.223574 ], [ -7.282833, 57.223407 ], [ -7.282502, 57.223417 ], [ -7.282405, 57.223547 ], [ -7.282671, 57.223725 ], [ -7.283161, 57.223731 ], [ -7.283087, 57.22391 ], [ -7.282905, 57.223854 ], [ -7.282829, 57.223902 ], [ -7.28294, 57.223983 ], [ -7.282803, 57.224471 ], [ -7.282977, 57.224873 ], [ -7.282371, 57.22493 ], [ -7.2821, 57.224779 ], [ -7.281998, 57.224932 ], [ -7.281714, 57.22498 ], [ -7.281632, 57.2251 ], [ -7.2815, 57.225043 ], [ -7.281162, 57.225062 ], [ -7.281174, 57.225205 ], [ -7.280957, 57.225016 ], [ -7.280628, 57.225156 ], [ -7.280681, 57.225352 ], [ -7.280977, 57.225335 ], [ -7.280766, 57.225736 ], [ -7.280804, 57.225918 ], [ -7.281046, 57.22616 ], [ -7.281535, 57.226387 ], [ -7.281361, 57.226394 ], [ -7.28167, 57.226925 ], [ -7.281541, 57.227007 ], [ -7.281327, 57.226962 ], [ -7.281312, 57.227035 ], [ -7.281147, 57.226979 ], [ -7.281079, 57.227144 ], [ -7.280617, 57.22629 ], [ -7.280367, 57.22617 ], [ -7.280345, 57.226014 ], [ -7.279727, 57.225698 ], [ -7.279802, 57.225645 ], [ -7.279657, 57.22544 ], [ -7.279398, 57.225257 ], [ -7.279119, 57.225157 ], [ -7.279008, 57.225251 ], [ -7.278336, 57.224731 ], [ -7.277803, 57.2246 ], [ -7.277455, 57.224601 ], [ -7.276893, 57.224675 ], [ -7.276642, 57.224838 ], [ -7.276044, 57.224769 ], [ -7.27583, 57.224958 ], [ -7.2757, 57.224743 ], [ -7.274923, 57.224357 ], [ -7.274731, 57.224293 ], [ -7.274197, 57.224329 ], [ -7.273851, 57.224231 ], [ -7.273733, 57.224272 ], [ -7.273306, 57.224074 ], [ -7.272431, 57.224449 ], [ -7.271831, 57.224834 ], [ -7.271084, 57.224613 ], [ -7.270303, 57.224822 ], [ -7.269364, 57.224812 ], [ -7.269053, 57.224492 ], [ -7.268791, 57.224404 ], [ -7.268394, 57.224411 ], [ -7.267751, 57.224614 ], [ -7.267658, 57.224541 ], [ -7.267763, 57.224231 ], [ -7.267614, 57.224179 ], [ -7.266912, 57.224546 ], [ -7.266956, 57.224913 ], [ -7.267141, 57.224986 ], [ -7.267071, 57.225137 ], [ -7.266607, 57.225197 ], [ -7.266492, 57.225324 ], [ -7.266501, 57.225557 ], [ -7.266665, 57.225658 ], [ -7.266806, 57.226066 ], [ -7.265887, 57.225561 ], [ -7.265462, 57.225601 ], [ -7.26587, 57.225962 ], [ -7.265435, 57.225818 ], [ -7.265412, 57.22595 ], [ -7.264954, 57.225708 ], [ -7.264661, 57.225684 ], [ -7.26444, 57.225824 ], [ -7.264561, 57.225972 ], [ -7.26439, 57.226227 ], [ -7.264139, 57.226039 ], [ -7.263921, 57.226021 ], [ -7.26394, 57.226097 ], [ -7.263747, 57.226137 ], [ -7.26355, 57.225978 ], [ -7.262699, 57.226239 ], [ -7.262254, 57.22655 ], [ -7.262229, 57.226718 ], [ -7.261738, 57.226653 ], [ -7.261135, 57.226845 ], [ -7.260779, 57.227085 ], [ -7.260645, 57.227302 ], [ -7.260443, 57.227346 ], [ -7.260585, 57.227579 ], [ -7.260846, 57.227725 ], [ -7.260721, 57.228068 ], [ -7.260865, 57.228264 ], [ -7.260696, 57.228244 ], [ -7.260578, 57.228344 ], [ -7.260066, 57.228244 ], [ -7.259593, 57.228363 ], [ -7.259253, 57.228885 ], [ -7.259061, 57.228992 ], [ -7.258969, 57.228929 ], [ -7.258798, 57.229012 ], [ -7.258845, 57.229631 ], [ -7.259447, 57.230592 ], [ -7.259587, 57.230644 ], [ -7.259546, 57.230767 ], [ -7.259989, 57.231023 ], [ -7.260007, 57.231202 ], [ -7.260203, 57.231302 ], [ -7.260392, 57.231285 ], [ -7.260402, 57.231411 ], [ -7.260649, 57.231517 ], [ -7.260787, 57.231498 ], [ -7.261042, 57.231658 ], [ -7.261279, 57.23163 ], [ -7.260991, 57.231998 ], [ -7.261025, 57.232235 ], [ -7.261677, 57.233197 ], [ -7.262191, 57.233482 ], [ -7.262069, 57.2335 ], [ -7.262059, 57.233604 ], [ -7.262416, 57.234129 ], [ -7.26267, 57.234281 ], [ -7.261946, 57.234208 ], [ -7.261676, 57.234471 ], [ -7.261689, 57.234736 ], [ -7.261895, 57.234898 ], [ -7.261532, 57.234796 ], [ -7.260894, 57.234801 ], [ -7.260937, 57.234988 ], [ -7.260774, 57.235301 ], [ -7.260721, 57.2351 ], [ -7.260191, 57.234704 ], [ -7.2597, 57.234752 ], [ -7.259451, 57.234636 ], [ -7.25939, 57.234729 ], [ -7.259334, 57.234628 ], [ -7.259198, 57.234665 ], [ -7.25913, 57.234537 ], [ -7.258668, 57.234435 ], [ -7.258605, 57.234636 ], [ -7.258457, 57.234705 ], [ -7.258576, 57.234956 ], [ -7.25773, 57.235014 ], [ -7.257553, 57.235404 ], [ -7.257689, 57.23566 ], [ -7.257564, 57.235831 ], [ -7.257237, 57.235804 ], [ -7.25697, 57.235447 ], [ -7.256812, 57.235444 ], [ -7.256683, 57.235297 ], [ -7.256519, 57.23525 ], [ -7.25636, 57.235301 ], [ -7.256095, 57.235537 ], [ -7.256379, 57.23625 ], [ -7.256205, 57.236131 ], [ -7.255924, 57.236197 ], [ -7.255568, 57.236671 ], [ -7.255726, 57.23679 ], [ -7.256454, 57.236773 ], [ -7.256587, 57.236601 ], [ -7.25678, 57.236791 ], [ -7.257124, 57.236817 ], [ -7.257783, 57.236722 ], [ -7.257948, 57.236778 ], [ -7.257985, 57.236628 ], [ -7.258357, 57.236558 ], [ -7.258667, 57.23664 ], [ -7.259103, 57.237017 ], [ -7.259357, 57.236993 ], [ -7.259298, 57.237108 ], [ -7.259439, 57.237165 ], [ -7.259208, 57.237288 ], [ -7.259392, 57.237361 ], [ -7.259183, 57.237518 ], [ -7.259239, 57.237741 ], [ -7.258981, 57.238138 ], [ -7.259181, 57.238265 ], [ -7.259227, 57.238641 ], [ -7.259444, 57.238654 ], [ -7.259567, 57.238757 ], [ -7.259437, 57.238952 ], [ -7.259762, 57.239253 ], [ -7.259779, 57.239545 ], [ -7.259602, 57.239701 ], [ -7.259818, 57.239935 ], [ -7.259509, 57.239804 ], [ -7.259352, 57.240157 ], [ -7.259167, 57.239854 ], [ -7.258782, 57.23983 ], [ -7.258553, 57.240082 ], [ -7.258703, 57.240323 ], [ -7.258384, 57.240355 ], [ -7.258134, 57.24023 ], [ -7.25792, 57.240244 ], [ -7.25735, 57.240493 ], [ -7.257276, 57.240788 ], [ -7.257122, 57.240696 ], [ -7.256671, 57.241664 ], [ -7.256255, 57.242185 ], [ -7.256449, 57.242204 ], [ -7.256728, 57.242413 ], [ -7.256785, 57.242815 ], [ -7.257103, 57.243297 ], [ -7.257514, 57.243505 ], [ -7.256979, 57.243415 ], [ -7.256574, 57.24349 ], [ -7.256623, 57.243655 ], [ -7.255585, 57.244814 ], [ -7.255281, 57.245011 ], [ -7.255252, 57.245215 ], [ -7.254886, 57.244974 ], [ -7.25454, 57.244934 ], [ -7.253575, 57.245272 ], [ -7.253339, 57.245479 ], [ -7.253753, 57.245881 ], [ -7.253529, 57.245818 ], [ -7.253307, 57.24589 ], [ -7.252891, 57.245768 ], [ -7.252445, 57.245845 ], [ -7.252426, 57.246058 ], [ -7.252116, 57.24621 ], [ -7.252257, 57.246326 ], [ -7.252136, 57.246529 ], [ -7.251785, 57.246566 ], [ -7.251417, 57.246784 ], [ -7.250829, 57.246907 ], [ -7.250488, 57.247079 ], [ -7.250278, 57.247349 ], [ -7.250128, 57.246937 ], [ -7.249531, 57.247236 ], [ -7.24858, 57.247492 ], [ -7.248384, 57.247689 ], [ -7.246947, 57.247794 ], [ -7.246486, 57.248003 ], [ -7.246322, 57.248185 ], [ -7.245911, 57.247928 ], [ -7.245334, 57.247894 ], [ -7.244985, 57.247949 ], [ -7.244793, 57.248353 ], [ -7.245128, 57.248487 ], [ -7.245161, 57.24872 ], [ -7.245042, 57.248819 ], [ -7.244659, 57.248808 ], [ -7.244225, 57.248615 ], [ -7.243874, 57.248661 ], [ -7.243549, 57.248823 ], [ -7.243624, 57.248649 ], [ -7.243526, 57.248662 ], [ -7.243258, 57.248939 ], [ -7.242851, 57.248821 ], [ -7.242688, 57.248895 ], [ -7.242903, 57.249129 ], [ -7.243238, 57.249205 ], [ -7.243414, 57.249162 ], [ -7.243718, 57.249428 ], [ -7.244033, 57.249541 ], [ -7.244086, 57.249799 ], [ -7.244887, 57.250117 ], [ -7.244988, 57.25036 ], [ -7.244855, 57.250595 ], [ -7.245249, 57.251146 ], [ -7.245136, 57.251285 ], [ -7.245525, 57.251449 ], [ -7.246099, 57.251866 ], [ -7.246035, 57.252872 ], [ -7.246326, 57.253224 ], [ -7.246949, 57.253576 ], [ -7.248018, 57.253621 ], [ -7.248095, 57.253753 ], [ -7.247662, 57.253924 ], [ -7.24806, 57.254096 ], [ -7.248686, 57.253944 ], [ -7.248961, 57.253951 ], [ -7.249349, 57.254285 ], [ -7.248618, 57.254685 ], [ -7.249124, 57.254857 ], [ -7.248681, 57.255366 ], [ -7.248767, 57.255677 ], [ -7.248594, 57.255856 ], [ -7.248752, 57.255975 ], [ -7.248569, 57.256032 ], [ -7.248803, 57.256337 ], [ -7.248549, 57.256532 ], [ -7.247983, 57.2567 ], [ -7.247664, 57.256965 ], [ -7.24731, 57.256985 ], [ -7.246775, 57.256728 ], [ -7.24617, 57.256556 ], [ -7.245955, 57.256394 ], [ -7.24563, 57.256443 ], [ -7.245126, 57.256397 ], [ -7.244131, 57.256177 ], [ -7.243822, 57.256222 ], [ -7.243749, 57.256405 ], [ -7.243156, 57.256385 ], [ -7.24311, 57.256585 ], [ -7.242678, 57.256522 ], [ -7.24183, 57.256575 ], [ -7.241803, 57.257022 ], [ -7.242121, 57.25722 ], [ -7.243079, 57.257126 ], [ -7.245642, 57.25728 ], [ -7.247361, 57.257635 ], [ -7.248178, 57.257601 ], [ -7.248394, 57.257484 ], [ -7.248768, 57.257428 ], [ -7.249772, 57.257543 ], [ -7.249942, 57.257743 ], [ -7.249453, 57.257984 ], [ -7.249879, 57.258178 ], [ -7.250434, 57.25828 ], [ -7.250907, 57.258166 ], [ -7.251173, 57.258402 ], [ -7.251824, 57.258712 ], [ -7.253102, 57.258942 ], [ -7.253096, 57.259132 ], [ -7.252743, 57.259335 ], [ -7.252729, 57.259583 ], [ -7.253079, 57.259825 ], [ -7.253168, 57.260397 ], [ -7.253088, 57.260473 ], [ -7.252291, 57.260587 ], [ -7.252023, 57.260981 ], [ -7.251555, 57.26096 ], [ -7.250617, 57.26108 ], [ -7.247651, 57.261942 ], [ -7.247, 57.262559 ], [ -7.247041, 57.263016 ], [ -7.247482, 57.2632 ], [ -7.247598, 57.263434 ], [ -7.248028, 57.263654 ], [ -7.248439, 57.264145 ], [ -7.248159, 57.264103 ], [ -7.247959, 57.264156 ], [ -7.247735, 57.264449 ], [ -7.247383, 57.26437 ], [ -7.246851, 57.26495 ], [ -7.24661, 57.265063 ], [ -7.245431, 57.265297 ], [ -7.244895, 57.265729 ], [ -7.243887, 57.26565 ], [ -7.2432, 57.265786 ], [ -7.24273, 57.26604 ], [ -7.242549, 57.266754 ], [ -7.241549, 57.266958 ], [ -7.240937, 57.267271 ], [ -7.24067, 57.267782 ], [ -7.240236, 57.267944 ], [ -7.240494, 57.26859 ], [ -7.239805, 57.268709 ], [ -7.239759, 57.269143 ], [ -7.239193, 57.26931 ], [ -7.239276, 57.269599 ], [ -7.238812, 57.270073 ], [ -7.238731, 57.270554 ], [ -7.239099, 57.27075 ], [ -7.239481, 57.27081 ], [ -7.239883, 57.271122 ], [ -7.239816, 57.271412 ], [ -7.239526, 57.271416 ], [ -7.239177, 57.271237 ], [ -7.238437, 57.271178 ], [ -7.238192, 57.271026 ], [ -7.237799, 57.271186 ], [ -7.236714, 57.271146 ], [ -7.236489, 57.271084 ], [ -7.236095, 57.270709 ], [ -7.23556, 57.270681 ], [ -7.235286, 57.270747 ], [ -7.23548, 57.271814 ], [ -7.236052, 57.272213 ], [ -7.23718, 57.272616 ], [ -7.237701, 57.273067 ], [ -7.237714, 57.273273 ], [ -7.237416, 57.273573 ], [ -7.237183, 57.273565 ], [ -7.237013, 57.273424 ], [ -7.236576, 57.273505 ], [ -7.236615, 57.273661 ], [ -7.236444, 57.27392 ], [ -7.235946, 57.274152 ], [ -7.2348, 57.273687 ], [ -7.233646, 57.273636 ], [ -7.233302, 57.273435 ], [ -7.232953, 57.272909 ], [ -7.232757, 57.272931 ], [ -7.232474, 57.273163 ], [ -7.232044, 57.273348 ], [ -7.231987, 57.273769 ], [ -7.231597, 57.274064 ], [ -7.23123, 57.274579 ], [ -7.230474, 57.274808 ], [ -7.230276, 57.275055 ], [ -7.230387, 57.275194 ], [ -7.230084, 57.275342 ], [ -7.230102, 57.275579 ], [ -7.22978, 57.275597 ], [ -7.22963, 57.275941 ], [ -7.229122, 57.276052 ], [ -7.229033, 57.276362 ], [ -7.229074, 57.276473 ], [ -7.229442, 57.276664 ], [ -7.229397, 57.276932 ], [ -7.229777, 57.277091 ], [ -7.231229, 57.277436 ], [ -7.231738, 57.277918 ], [ -7.231308, 57.277927 ], [ -7.229776, 57.278432 ], [ -7.229299, 57.277993 ], [ -7.22901, 57.277893 ], [ -7.228773, 57.277916 ], [ -7.228669, 57.278123 ], [ -7.228134, 57.278505 ], [ -7.228134, 57.278681 ], [ -7.227735, 57.278625 ], [ -7.227762, 57.278755 ], [ -7.228183, 57.278795 ], [ -7.228238, 57.278888 ], [ -7.228017, 57.279558 ], [ -7.228085, 57.279803 ], [ -7.227833, 57.280187 ], [ -7.227582, 57.280238 ], [ -7.227958, 57.280663 ], [ -7.227412, 57.280969 ], [ -7.227619, 57.281141 ], [ -7.227652, 57.281373 ], [ -7.227772, 57.281395 ], [ -7.227833, 57.281766 ], [ -7.227153, 57.282244 ], [ -7.22599, 57.282536 ], [ -7.225478, 57.282499 ], [ -7.224605, 57.282144 ], [ -7.22371, 57.281632 ], [ -7.223473, 57.281138 ], [ -7.22304, 57.280778 ], [ -7.22277, 57.280744 ], [ -7.222637, 57.280804 ], [ -7.222441, 57.280596 ], [ -7.222003, 57.280439 ], [ -7.221855, 57.280269 ], [ -7.221488, 57.280204 ], [ -7.221115, 57.280323 ], [ -7.221068, 57.280577 ], [ -7.220956, 57.280613 ], [ -7.220694, 57.280165 ], [ -7.220281, 57.279948 ], [ -7.219795, 57.279919 ], [ -7.219456, 57.279582 ], [ -7.21933, 57.279574 ], [ -7.219337, 57.279447 ], [ -7.218715, 57.279455 ], [ -7.218046, 57.279186 ], [ -7.217705, 57.279245 ], [ -7.217333, 57.27949 ], [ -7.216693, 57.279602 ], [ -7.216219, 57.279604 ], [ -7.216156, 57.279683 ], [ -7.216341, 57.279815 ], [ -7.216019, 57.279945 ], [ -7.215706, 57.27985 ], [ -7.215628, 57.279593 ], [ -7.215341, 57.279443 ], [ -7.215179, 57.279589 ], [ -7.214665, 57.279597 ], [ -7.214295, 57.279504 ], [ -7.214017, 57.279655 ], [ -7.213376, 57.279237 ], [ -7.213052, 57.279178 ], [ -7.212959, 57.279344 ], [ -7.212623, 57.2792 ], [ -7.211578, 57.278978 ], [ -7.211254, 57.278978 ], [ -7.210195, 57.279243 ], [ -7.210169, 57.27941 ], [ -7.209872, 57.279481 ], [ -7.209902, 57.279637 ], [ -7.210733, 57.280165 ], [ -7.210192, 57.280215 ], [ -7.209973, 57.280368 ], [ -7.210002, 57.280515 ], [ -7.210518, 57.280755 ], [ -7.210363, 57.281013 ], [ -7.210413, 57.281186 ], [ -7.209319, 57.281146 ], [ -7.208955, 57.281278 ], [ -7.207638, 57.281072 ], [ -7.206635, 57.281082 ], [ -7.206185, 57.280957 ], [ -7.203763, 57.280864 ], [ -7.203306, 57.280924 ], [ -7.203166, 57.281523 ], [ -7.202865, 57.281684 ], [ -7.202444, 57.282345 ], [ -7.202473, 57.282731 ], [ -7.20215, 57.28274 ], [ -7.201418, 57.283143 ], [ -7.201557, 57.283831 ], [ -7.201485, 57.283964 ], [ -7.200823, 57.284635 ], [ -7.200575, 57.284465 ], [ -7.200286, 57.284419 ], [ -7.200003, 57.284709 ], [ -7.200067, 57.285341 ], [ -7.200201, 57.28552 ], [ -7.20067, 57.285663 ], [ -7.201302, 57.285551 ], [ -7.201461, 57.285621 ], [ -7.201447, 57.28581 ], [ -7.20116, 57.286137 ], [ -7.20112, 57.286553 ], [ -7.200814, 57.286745 ], [ -7.20077, 57.2869 ], [ -7.200895, 57.287201 ], [ -7.201374, 57.287352 ], [ -7.201501, 57.287549 ], [ -7.200909, 57.287353 ], [ -7.200719, 57.287424 ], [ -7.19987, 57.28741 ], [ -7.199831, 57.287546 ], [ -7.199523, 57.2876 ], [ -7.19954, 57.287725 ], [ -7.199829, 57.287884 ], [ -7.199777, 57.288044 ], [ -7.199984, 57.288161 ], [ -7.200334, 57.288223 ], [ -7.200673, 57.28815 ], [ -7.201306, 57.28852 ], [ -7.201861, 57.288623 ], [ -7.202106, 57.28877 ], [ -7.202135, 57.288913 ], [ -7.201744, 57.289208 ], [ -7.201663, 57.289396 ], [ -7.201395, 57.289497 ], [ -7.201476, 57.289719 ], [ -7.201177, 57.289722 ], [ -7.201015, 57.28981 ], [ -7.201145, 57.289962 ], [ -7.200995, 57.290135 ], [ -7.201071, 57.290321 ], [ -7.200416, 57.290568 ], [ -7.199891, 57.290437 ], [ -7.199733, 57.290493 ], [ -7.20003, 57.290778 ], [ -7.200042, 57.290975 ], [ -7.200458, 57.291277 ], [ -7.199754, 57.291 ], [ -7.199484, 57.290967 ], [ -7.199285, 57.291033 ], [ -7.198993, 57.290965 ], [ -7.198915, 57.290761 ], [ -7.198708, 57.290652 ], [ -7.197931, 57.290856 ], [ -7.197619, 57.291004 ], [ -7.197573, 57.291145 ], [ -7.197296, 57.291183 ], [ -7.197227, 57.291285 ], [ -7.197493, 57.291463 ], [ -7.198432, 57.291348 ], [ -7.198895, 57.291446 ], [ -7.200039, 57.29143 ], [ -7.200085, 57.29181 ], [ -7.20057, 57.292127 ], [ -7.200737, 57.292368 ], [ -7.201157, 57.292576 ], [ -7.201673, 57.292464 ], [ -7.20174, 57.292997 ], [ -7.201639, 57.293275 ], [ -7.201906, 57.293579 ], [ -7.201748, 57.29364 ], [ -7.201683, 57.293822 ], [ -7.202566, 57.294659 ], [ -7.202267, 57.294667 ], [ -7.202349, 57.294893 ], [ -7.201836, 57.295319 ], [ -7.201629, 57.295143 ], [ -7.201407, 57.29522 ], [ -7.201044, 57.295064 ], [ -7.200592, 57.295276 ], [ -7.200561, 57.295525 ], [ -7.199623, 57.295946 ], [ -7.19961, 57.296032 ], [ -7.199956, 57.296189 ], [ -7.200025, 57.296379 ], [ -7.199704, 57.296694 ], [ -7.199685, 57.296915 ], [ -7.198996, 57.296741 ], [ -7.197732, 57.296618 ], [ -7.196926, 57.296625 ], [ -7.196128, 57.296739 ], [ -7.195782, 57.297054 ], [ -7.195993, 57.297428 ], [ -7.195945, 57.297736 ], [ -7.195243, 57.297945 ], [ -7.195061, 57.298128 ], [ -7.195437, 57.298495 ], [ -7.194976, 57.298348 ], [ -7.194859, 57.298523 ], [ -7.194648, 57.298501 ], [ -7.194431, 57.29837 ], [ -7.193332, 57.298069 ], [ -7.192234, 57.298061 ], [ -7.19184, 57.298176 ], [ -7.191809, 57.29829 ], [ -7.19194, 57.298568 ], [ -7.192407, 57.298751 ], [ -7.19301, 57.298843 ], [ -7.192961, 57.298971 ], [ -7.192669, 57.29914 ], [ -7.192743, 57.299484 ], [ -7.192139, 57.299504 ], [ -7.192162, 57.299607 ], [ -7.192366, 57.299697 ], [ -7.19293, 57.299751 ], [ -7.193121, 57.299864 ], [ -7.193262, 57.30016 ], [ -7.19365, 57.300261 ], [ -7.193839, 57.300478 ], [ -7.194132, 57.300371 ], [ -7.194675, 57.300335 ], [ -7.19449, 57.300496 ], [ -7.194599, 57.300622 ], [ -7.194914, 57.30073 ], [ -7.194996, 57.301487 ], [ -7.195179, 57.301664 ], [ -7.19547, 57.30167 ], [ -7.19579, 57.301814 ], [ -7.19588, 57.302094 ], [ -7.196444, 57.302323 ], [ -7.196662, 57.302687 ], [ -7.196188, 57.303278 ], [ -7.196201, 57.30343 ], [ -7.196463, 57.303748 ], [ -7.196686, 57.303797 ], [ -7.196645, 57.303925 ], [ -7.196764, 57.303996 ], [ -7.196503, 57.304268 ], [ -7.196485, 57.304669 ], [ -7.196652, 57.304734 ], [ -7.196835, 57.304677 ], [ -7.197362, 57.305051 ], [ -7.197992, 57.30498 ], [ -7.197865, 57.30508 ], [ -7.198041, 57.305266 ], [ -7.197742, 57.30545 ], [ -7.198244, 57.305762 ], [ -7.198069, 57.305764 ], [ -7.197426, 57.305508 ], [ -7.197216, 57.305669 ], [ -7.197222, 57.305885 ], [ -7.19742, 57.306106 ], [ -7.198418, 57.306227 ], [ -7.198714, 57.306386 ], [ -7.199042, 57.306296 ], [ -7.198565, 57.305973 ], [ -7.199273, 57.306106 ], [ -7.199415, 57.306226 ], [ -7.200337, 57.306453 ], [ -7.201198, 57.306431 ], [ -7.201568, 57.306164 ], [ -7.201534, 57.305868 ], [ -7.202052, 57.305887 ], [ -7.202128, 57.305776 ], [ -7.202534, 57.305651 ], [ -7.202605, 57.305388 ], [ -7.202982, 57.305295 ], [ -7.203335, 57.305551 ], [ -7.203513, 57.305516 ], [ -7.203665, 57.305357 ], [ -7.204214, 57.30542 ], [ -7.204418, 57.305632 ], [ -7.204135, 57.305742 ], [ -7.204884, 57.306395 ], [ -7.205165, 57.306559 ], [ -7.20561, 57.306473 ], [ -7.206105, 57.306327 ], [ -7.206109, 57.306065 ], [ -7.20668, 57.305866 ], [ -7.206814, 57.305879 ], [ -7.206843, 57.306026 ], [ -7.207023, 57.306005 ], [ -7.207319, 57.305804 ], [ -7.207335, 57.305682 ], [ -7.208076, 57.305394 ], [ -7.208277, 57.305116 ], [ -7.208092, 57.304921 ], [ -7.208223, 57.304736 ], [ -7.208213, 57.304367 ], [ -7.208345, 57.30442 ], [ -7.20848, 57.304374 ], [ -7.20836, 57.304289 ], [ -7.20966, 57.304195 ], [ -7.210096, 57.304339 ], [ -7.210618, 57.304326 ], [ -7.210744, 57.303871 ], [ -7.211416, 57.303856 ], [ -7.2113, 57.303627 ], [ -7.212585, 57.303722 ], [ -7.212859, 57.303545 ], [ -7.213088, 57.303751 ], [ -7.213528, 57.303805 ], [ -7.214185, 57.303633 ], [ -7.214584, 57.303747 ], [ -7.214893, 57.303644 ], [ -7.215197, 57.303735 ], [ -7.215598, 57.303692 ], [ -7.216732, 57.303307 ], [ -7.216787, 57.303165 ], [ -7.216928, 57.303164 ], [ -7.216956, 57.302947 ], [ -7.217314, 57.302837 ], [ -7.217305, 57.302712 ], [ -7.217796, 57.302718 ], [ -7.218413, 57.302319 ], [ -7.218413, 57.30191 ], [ -7.218889, 57.301697 ], [ -7.219038, 57.301744 ], [ -7.21922, 57.301689 ], [ -7.219447, 57.301525 ], [ -7.219495, 57.30128 ], [ -7.220163, 57.300834 ], [ -7.220584, 57.300812 ], [ -7.220639, 57.301084 ], [ -7.220123, 57.301249 ], [ -7.220523, 57.301611 ], [ -7.220457, 57.301906 ], [ -7.220244, 57.302045 ], [ -7.220398, 57.302079 ], [ -7.220263, 57.302355 ], [ -7.220742, 57.302627 ], [ -7.220441, 57.302788 ], [ -7.220358, 57.303084 ], [ -7.220496, 57.303231 ], [ -7.220256, 57.3033 ], [ -7.220189, 57.303586 ], [ -7.220613, 57.303825 ], [ -7.221015, 57.303844 ], [ -7.221151, 57.3041 ], [ -7.220917, 57.304208 ], [ -7.220905, 57.304357 ], [ -7.220761, 57.304341 ], [ -7.220401, 57.3045 ], [ -7.220661, 57.304687 ], [ -7.220466, 57.305073 ], [ -7.220806, 57.305297 ], [ -7.220981, 57.30565 ], [ -7.220803, 57.305806 ], [ -7.221166, 57.306371 ], [ -7.221359, 57.306439 ], [ -7.221689, 57.306426 ], [ -7.221382, 57.306659 ], [ -7.221131, 57.306647 ], [ -7.220752, 57.306789 ], [ -7.220712, 57.306858 ], [ -7.220881, 57.306878 ], [ -7.221202, 57.306743 ], [ -7.220923, 57.30706 ], [ -7.220549, 57.307234 ], [ -7.220755, 57.307279 ], [ -7.220749, 57.307414 ], [ -7.219984, 57.307644 ], [ -7.220112, 57.307787 ], [ -7.219946, 57.307848 ], [ -7.220297, 57.30827 ], [ -7.220643, 57.308422 ], [ -7.220757, 57.308642 ], [ -7.221627, 57.30897 ], [ -7.221155, 57.309039 ], [ -7.2215, 57.309367 ], [ -7.221156, 57.309341 ], [ -7.22075, 57.30947 ], [ -7.220654, 57.309731 ], [ -7.220381, 57.309855 ], [ -7.220447, 57.310144 ], [ -7.221029, 57.310264 ], [ -7.221213, 57.310387 ], [ -7.221128, 57.310494 ], [ -7.220602, 57.310358 ], [ -7.220554, 57.310486 ], [ -7.220659, 57.310522 ], [ -7.220552, 57.31059 ], [ -7.220137, 57.31036 ], [ -7.220032, 57.310445 ], [ -7.219779, 57.310303 ], [ -7.219594, 57.310346 ], [ -7.218899, 57.310078 ], [ -7.218597, 57.310113 ], [ -7.218363, 57.310456 ], [ -7.218971, 57.310993 ], [ -7.218714, 57.311053 ], [ -7.21873, 57.311282 ], [ -7.21929, 57.311538 ], [ -7.220456, 57.311552 ], [ -7.220678, 57.311655 ], [ -7.220873, 57.31162 ], [ -7.22102, 57.311718 ], [ -7.221605, 57.311738 ], [ -7.221443, 57.311826 ], [ -7.221691, 57.311874 ], [ -7.221516, 57.311935 ], [ -7.221612, 57.312143 ], [ -7.221399, 57.31199 ], [ -7.221014, 57.312028 ], [ -7.221156, 57.31227 ], [ -7.220881, 57.312322 ], [ -7.220858, 57.312395 ], [ -7.221155, 57.312495 ], [ -7.221944, 57.312426 ], [ -7.222064, 57.312574 ], [ -7.223009, 57.31267 ], [ -7.223073, 57.312707 ], [ -7.222673, 57.31276 ], [ -7.222879, 57.312806 ], [ -7.222845, 57.312856 ], [ -7.2224, 57.312888 ], [ -7.222398, 57.313051 ], [ -7.222778, 57.313093 ], [ -7.222182, 57.313167 ], [ -7.222372, 57.313277 ], [ -7.222658, 57.313301 ], [ -7.222459, 57.313421 ], [ -7.222651, 57.313485 ], [ -7.222953, 57.313441 ], [ -7.223026, 57.313312 ], [ -7.22331, 57.313265 ], [ -7.223354, 57.313164 ], [ -7.223524, 57.31313 ], [ -7.223681, 57.313299 ], [ -7.223588, 57.313523 ], [ -7.223113, 57.313633 ], [ -7.223618, 57.313855 ], [ -7.223313, 57.313984 ], [ -7.223379, 57.314103 ], [ -7.223963, 57.314173 ], [ -7.224387, 57.313994 ], [ -7.225302, 57.314293 ], [ -7.225005, 57.314422 ], [ -7.224676, 57.314391 ], [ -7.225008, 57.314503 ], [ -7.224383, 57.314493 ], [ -7.224843, 57.314573 ], [ -7.225106, 57.314665 ], [ -7.225062, 57.314708 ], [ -7.224139, 57.314769 ], [ -7.223932, 57.31489 ], [ -7.224034, 57.315084 ], [ -7.223949, 57.315128 ], [ -7.224199, 57.315248 ], [ -7.224244, 57.315385 ], [ -7.224042, 57.31543 ], [ -7.22456, 57.315507 ], [ -7.224288, 57.315581 ], [ -7.224035, 57.315556 ], [ -7.22441, 57.315797 ], [ -7.225157, 57.315964 ], [ -7.225637, 57.315948 ], [ -7.225941, 57.315863 ], [ -7.225522, 57.315719 ], [ -7.22558, 57.315546 ], [ -7.226866, 57.315582 ], [ -7.226992, 57.315478 ], [ -7.227647, 57.315405 ], [ -7.227703, 57.315561 ], [ -7.227949, 57.3156 ], [ -7.228664, 57.31548 ], [ -7.228128, 57.315687 ], [ -7.228334, 57.315791 ], [ -7.22858, 57.316113 ], [ -7.226765, 57.315987 ], [ -7.226385, 57.316173 ], [ -7.226496, 57.316313 ], [ -7.226156, 57.316318 ], [ -7.226228, 57.316535 ], [ -7.225451, 57.316388 ], [ -7.225486, 57.316517 ], [ -7.225358, 57.316612 ], [ -7.225058, 57.316548 ], [ -7.225146, 57.316468 ], [ -7.225005, 57.316415 ], [ -7.224778, 57.316456 ], [ -7.224905, 57.316527 ], [ -7.224676, 57.316555 ], [ -7.223566, 57.316412 ], [ -7.223698, 57.316519 ], [ -7.223388, 57.316564 ], [ -7.223367, 57.316825 ], [ -7.223863, 57.316976 ], [ -7.224249, 57.317 ], [ -7.224104, 57.31715 ], [ -7.223867, 57.317124 ], [ -7.223694, 57.317194 ], [ -7.2239, 57.317298 ], [ -7.223963, 57.317215 ], [ -7.224051, 57.317247 ], [ -7.223843, 57.317422 ], [ -7.224067, 57.317534 ], [ -7.223942, 57.317647 ], [ -7.224143, 57.317779 ], [ -7.223771, 57.31779 ], [ -7.223984, 57.317947 ], [ -7.223492, 57.317878 ], [ -7.223273, 57.317914 ], [ -7.223331, 57.318033 ], [ -7.223605, 57.318143 ], [ -7.223818, 57.318471 ], [ -7.224544, 57.318666 ], [ -7.22503, 57.318403 ], [ -7.225097, 57.318756 ], [ -7.225629, 57.318873 ], [ -7.225829, 57.318752 ], [ -7.226484, 57.318977 ], [ -7.226793, 57.318923 ], [ -7.226978, 57.31906 ], [ -7.227143, 57.319048 ], [ -7.227155, 57.319133 ], [ -7.227753, 57.319302 ], [ -7.227722, 57.31938 ], [ -7.227155, 57.319367 ], [ -7.227035, 57.319516 ], [ -7.226781, 57.319545 ], [ -7.226817, 57.319795 ], [ -7.227015, 57.319841 ], [ -7.227248, 57.319786 ], [ -7.22746, 57.31993 ], [ -7.226839, 57.319952 ], [ -7.226707, 57.320016 ], [ -7.226433, 57.320018 ], [ -7.225993, 57.319848 ], [ -7.225638, 57.319984 ], [ -7.225395, 57.319679 ], [ -7.225154, 57.319622 ], [ -7.224865, 57.319697 ], [ -7.224687, 57.319965 ], [ -7.224233, 57.320105 ], [ -7.22382, 57.319947 ], [ -7.223602, 57.319992 ], [ -7.223409, 57.319928 ], [ -7.223048, 57.32002 ], [ -7.222787, 57.319819 ], [ -7.222798, 57.319724 ], [ -7.222667, 57.319739 ], [ -7.222449, 57.320135 ], [ -7.222597, 57.320358 ], [ -7.22204, 57.320359 ], [ -7.221987, 57.320626 ], [ -7.222209, 57.320667 ], [ -7.222151, 57.32102 ], [ -7.222319, 57.321499 ], [ -7.222997, 57.322001 ], [ -7.223324, 57.322019 ], [ -7.223424, 57.321786 ], [ -7.223669, 57.321812 ], [ -7.223992, 57.321681 ], [ -7.223981, 57.321956 ], [ -7.224275, 57.322092 ], [ -7.224725, 57.322105 ], [ -7.225114, 57.322264 ], [ -7.226131, 57.322339 ], [ -7.22634, 57.322578 ], [ -7.227032, 57.322648 ], [ -7.227391, 57.323011 ], [ -7.227649, 57.323131 ], [ -7.228104, 57.323229 ], [ -7.228898, 57.323258 ], [ -7.228942, 57.323333 ], [ -7.228822, 57.323365 ], [ -7.227654, 57.323454 ], [ -7.227415, 57.323415 ], [ -7.227131, 57.323521 ], [ -7.22701, 57.323427 ], [ -7.226851, 57.323537 ], [ -7.227105, 57.32363 ], [ -7.227644, 57.323617 ], [ -7.227742, 57.323725 ], [ -7.22803, 57.323704 ], [ -7.22788, 57.323877 ], [ -7.227955, 57.323991 ], [ -7.229248, 57.324432 ], [ -7.230571, 57.324493 ], [ -7.231246, 57.324384 ], [ -7.231553, 57.324147 ], [ -7.231504, 57.323856 ], [ -7.231189, 57.323694 ], [ -7.230485, 57.323651 ], [ -7.230225, 57.323518 ], [ -7.230942, 57.323533 ], [ -7.232014, 57.323237 ], [ -7.232017, 57.323376 ], [ -7.232393, 57.323504 ], [ -7.232473, 57.323771 ], [ -7.232706, 57.323829 ], [ -7.233311, 57.3237 ], [ -7.233437, 57.323825 ], [ -7.233367, 57.323918 ], [ -7.233533, 57.32397 ], [ -7.232872, 57.32406 ], [ -7.232981, 57.324474 ], [ -7.232644, 57.32456 ], [ -7.232723, 57.324768 ], [ -7.232973, 57.324884 ], [ -7.233865, 57.325018 ], [ -7.234429, 57.325007 ], [ -7.234544, 57.325052 ], [ -7.234481, 57.325199 ], [ -7.234677, 57.325231 ], [ -7.235063, 57.325193 ], [ -7.235234, 57.324879 ], [ -7.235911, 57.324725 ], [ -7.235507, 57.324472 ], [ -7.235061, 57.324477 ], [ -7.234891, 57.32434 ], [ -7.235489, 57.324343 ], [ -7.235738, 57.324211 ], [ -7.235459, 57.324132 ], [ -7.234024, 57.324035 ], [ -7.233763, 57.323717 ], [ -7.234311, 57.323829 ], [ -7.234885, 57.323828 ], [ -7.234567, 57.323697 ], [ -7.233905, 57.323608 ], [ -7.233774, 57.323501 ], [ -7.234563, 57.323499 ], [ -7.234675, 57.323584 ], [ -7.235245, 57.323673 ], [ -7.235581, 57.323637 ], [ -7.235574, 57.32347 ], [ -7.235841, 57.32359 ], [ -7.236066, 57.323477 ], [ -7.236094, 57.323386 ], [ -7.235941, 57.323361 ], [ -7.236044, 57.322915 ], [ -7.235682, 57.322769 ], [ -7.236563, 57.322529 ], [ -7.236721, 57.322239 ], [ -7.237409, 57.32199 ], [ -7.237814, 57.321739 ], [ -7.23765, 57.321409 ], [ -7.237735, 57.321248 ], [ -7.237389, 57.321033 ], [ -7.237053, 57.320952 ], [ -7.237356, 57.320921 ], [ -7.237563, 57.320562 ], [ -7.238297, 57.320401 ], [ -7.238218, 57.320143 ], [ -7.238658, 57.319783 ], [ -7.238328, 57.319572 ], [ -7.238779, 57.319584 ], [ -7.239842, 57.320039 ], [ -7.24064, 57.320038 ], [ -7.241165, 57.319809 ], [ -7.241403, 57.320195 ], [ -7.241991, 57.320242 ], [ -7.242026, 57.320484 ], [ -7.242819, 57.320738 ], [ -7.243044, 57.320742 ], [ -7.243073, 57.320944 ], [ -7.243291, 57.321074 ], [ -7.243694, 57.321161 ], [ -7.243791, 57.321256 ], [ -7.244292, 57.321208 ], [ -7.244062, 57.321348 ], [ -7.244181, 57.321541 ], [ -7.245303, 57.321768 ], [ -7.245501, 57.321927 ], [ -7.246183, 57.322046 ], [ -7.246771, 57.322319 ], [ -7.247211, 57.322372 ], [ -7.247556, 57.322632 ], [ -7.24758, 57.322802 ], [ -7.247933, 57.322941 ], [ -7.248401, 57.322903 ], [ -7.248868, 57.322677 ], [ -7.249415, 57.32255 ], [ -7.252393, 57.321094 ], [ -7.253479, 57.320895 ], [ -7.253111, 57.321055 ], [ -7.253268, 57.321224 ], [ -7.252756, 57.321367 ], [ -7.252823, 57.321485 ], [ -7.252654, 57.321699 ], [ -7.252873, 57.322014 ], [ -7.252136, 57.322094 ], [ -7.252055, 57.322224 ], [ -7.252366, 57.322359 ], [ -7.252471, 57.322517 ], [ -7.252831, 57.322529 ], [ -7.253043, 57.322614 ], [ -7.25349, 57.322546 ], [ -7.253876, 57.322613 ], [ -7.253817, 57.322772 ], [ -7.253401, 57.322747 ], [ -7.253108, 57.32292 ], [ -7.253264, 57.322997 ], [ -7.253382, 57.322954 ], [ -7.253685, 57.32301 ], [ -7.253853, 57.322904 ], [ -7.253771, 57.323079 ], [ -7.253917, 57.323114 ], [ -7.254097, 57.323336 ], [ -7.254391, 57.323399 ], [ -7.255308, 57.323215 ], [ -7.255274, 57.322965 ], [ -7.255055, 57.322703 ], [ -7.255239, 57.322657 ], [ -7.255148, 57.32259 ], [ -7.255731, 57.322223 ], [ -7.255939, 57.32234 ], [ -7.25646, 57.32226 ], [ -7.256273, 57.322554 ], [ -7.255916, 57.322738 ], [ -7.255446, 57.323522 ], [ -7.257323, 57.323747 ], [ -7.256605, 57.323874 ], [ -7.256481, 57.323988 ], [ -7.256346, 57.323878 ], [ -7.255476, 57.32386 ], [ -7.254928, 57.324088 ], [ -7.254743, 57.324419 ], [ -7.254738, 57.324918 ], [ -7.254567, 57.325094 ], [ -7.254854, 57.325355 ], [ -7.256379, 57.325562 ], [ -7.256459, 57.325716 ], [ -7.257098, 57.325905 ] ] ], [ [ [ -7.249824, 57.195424 ], [ -7.250304, 57.195417 ], [ -7.250543, 57.19529 ], [ -7.250733, 57.195341 ], [ -7.251474, 57.19531 ], [ -7.251498, 57.195246 ], [ -7.251164, 57.195165 ], [ -7.251142, 57.195071 ], [ -7.25156, 57.194919 ], [ -7.25192, 57.195066 ], [ -7.252404, 57.195086 ], [ -7.252563, 57.194926 ], [ -7.252364, 57.194867 ], [ -7.253019, 57.194921 ], [ -7.253599, 57.194748 ], [ -7.254588, 57.194068 ], [ -7.254635, 57.193931 ], [ -7.255712, 57.193408 ], [ -7.25594, 57.193201 ], [ -7.256088, 57.192727 ], [ -7.255862, 57.19225 ], [ -7.255482, 57.192023 ], [ -7.255218, 57.191976 ], [ -7.255173, 57.191775 ], [ -7.254935, 57.191736 ], [ -7.254402, 57.191367 ], [ -7.254687, 57.190747 ], [ -7.254535, 57.18962 ], [ -7.254149, 57.189411 ], [ -7.253987, 57.189094 ], [ -7.25341, 57.188821 ], [ -7.252613, 57.188693 ], [ -7.252348, 57.188578 ], [ -7.251946, 57.188608 ], [ -7.251741, 57.188504 ], [ -7.251704, 57.188366 ], [ -7.251124, 57.188188 ], [ -7.250677, 57.188248 ], [ -7.250537, 57.188141 ], [ -7.250374, 57.188161 ], [ -7.250435, 57.188064 ], [ -7.250079, 57.187836 ], [ -7.250058, 57.187684 ], [ -7.249584, 57.187497 ], [ -7.248712, 57.187484 ], [ -7.248484, 57.187629 ], [ -7.248554, 57.187716 ], [ -7.248262, 57.187876 ], [ -7.248139, 57.187711 ], [ -7.247699, 57.187823 ], [ -7.247528, 57.187723 ], [ -7.247238, 57.187843 ], [ -7.247266, 57.187752 ], [ -7.246812, 57.187816 ], [ -7.246766, 57.187728 ], [ -7.24652, 57.187688 ], [ -7.246062, 57.187789 ], [ -7.245495, 57.187763 ], [ -7.245031, 57.188057 ], [ -7.245152, 57.188209 ], [ -7.245067, 57.188546 ], [ -7.245256, 57.188821 ], [ -7.244941, 57.188996 ], [ -7.245206, 57.189057 ], [ -7.244998, 57.189223 ], [ -7.244695, 57.18925 ], [ -7.244401, 57.189514 ], [ -7.243918, 57.189615 ], [ -7.243413, 57.189852 ], [ -7.242308, 57.189948 ], [ -7.241744, 57.190116 ], [ -7.241242, 57.190375 ], [ -7.241051, 57.190842 ], [ -7.240772, 57.191155 ], [ -7.240853, 57.191372 ], [ -7.240738, 57.191494 ], [ -7.241629, 57.191466 ], [ -7.241501, 57.191678 ], [ -7.241283, 57.191773 ], [ -7.241355, 57.191873 ], [ -7.240955, 57.191858 ], [ -7.240815, 57.191923 ], [ -7.241013, 57.192207 ], [ -7.241424, 57.192415 ], [ -7.241267, 57.192417 ], [ -7.241501, 57.192668 ], [ -7.241538, 57.192986 ], [ -7.241785, 57.192971 ], [ -7.24169, 57.193119 ], [ -7.24194, 57.193131 ], [ -7.241971, 57.19335 ], [ -7.243117, 57.193073 ], [ -7.243257, 57.19313 ], [ -7.243419, 57.193042 ], [ -7.243391, 57.192962 ], [ -7.243853, 57.193006 ], [ -7.244531, 57.192937 ], [ -7.244939, 57.19301 ], [ -7.245726, 57.193472 ], [ -7.246219, 57.193501 ], [ -7.246299, 57.193596 ], [ -7.247781, 57.193759 ], [ -7.248583, 57.193685 ], [ -7.248955, 57.193566 ], [ -7.24838, 57.193837 ], [ -7.248149, 57.194018 ], [ -7.248198, 57.194129 ], [ -7.247858, 57.194129 ], [ -7.247663, 57.194272 ], [ -7.247776, 57.194421 ], [ -7.247724, 57.194697 ], [ -7.247881, 57.194929 ], [ -7.248074, 57.195002 ], [ -7.248587, 57.195111 ], [ -7.249301, 57.195122 ], [ -7.249824, 57.195424 ] ] ], [ [ [ -7.236835, 57.188692 ], [ -7.236809, 57.188923 ], [ -7.236972, 57.188957 ], [ -7.237897, 57.188702 ], [ -7.237956, 57.188596 ], [ -7.238095, 57.18864 ], [ -7.238613, 57.188321 ], [ -7.238497, 57.187849 ], [ -7.23877, 57.187788 ], [ -7.238834, 57.187655 ], [ -7.238707, 57.187404 ], [ -7.2382, 57.187159 ], [ -7.237703, 57.187338 ], [ -7.237376, 57.187716 ], [ -7.237435, 57.187902 ], [ -7.237164, 57.187977 ], [ -7.237104, 57.188141 ], [ -7.236864, 57.188255 ], [ -7.237075, 57.188399 ], [ -7.236835, 57.188692 ] ] ], [ [ [ -7.266799, 57.214292 ], [ -7.267009, 57.214315 ], [ -7.267495, 57.214173 ], [ -7.26774, 57.214207 ], [ -7.268935, 57.213748 ], [ -7.268984, 57.213624 ], [ -7.268799, 57.213434 ], [ -7.267734, 57.212943 ], [ -7.267389, 57.213021 ], [ -7.266906, 57.213298 ], [ -7.266766, 57.213479 ], [ -7.267122, 57.213653 ], [ -7.267087, 57.21387 ], [ -7.267244, 57.213985 ], [ -7.266753, 57.214145 ], [ -7.266799, 57.214292 ] ] ], [ [ [ -7.251687, 57.198729 ], [ -7.252039, 57.19893 ], [ -7.25234, 57.198828 ], [ -7.252039, 57.198638 ], [ -7.25244, 57.198427 ], [ -7.252526, 57.198041 ], [ -7.25275, 57.197924 ], [ -7.252648, 57.19773 ], [ -7.252315, 57.197897 ], [ -7.251959, 57.197957 ], [ -7.251886, 57.197798 ], [ -7.251468, 57.197888 ], [ -7.25131, 57.197823 ], [ -7.250788, 57.198173 ], [ -7.250742, 57.198319 ], [ -7.250965, 57.198426 ], [ -7.250799, 57.198717 ], [ -7.251687, 57.198729 ] ] ], [ [ [ -7.261068, 57.209638 ], [ -7.261034, 57.209922 ], [ -7.261323, 57.210032 ], [ -7.261757, 57.209991 ], [ -7.262059, 57.209839 ], [ -7.262573, 57.209084 ], [ -7.262226, 57.20886 ], [ -7.261853, 57.20875 ], [ -7.26164, 57.208763 ], [ -7.261422, 57.209038 ], [ -7.260922, 57.209315 ], [ -7.260991, 57.209447 ], [ -7.260819, 57.209518 ], [ -7.261068, 57.209638 ] ] ], [ [ [ -7.262463, 57.208895 ], [ -7.262965, 57.208752 ], [ -7.263309, 57.208378 ], [ -7.263334, 57.208089 ], [ -7.262665, 57.20787 ], [ -7.261587, 57.207758 ], [ -7.261623, 57.207891 ], [ -7.261498, 57.207941 ], [ -7.261899, 57.20814 ], [ -7.261694, 57.208158 ], [ -7.261825, 57.208553 ], [ -7.262463, 57.208895 ] ] ], [ [ [ -7.221125, 57.320644 ], [ -7.221187, 57.320853 ], [ -7.221537, 57.321149 ], [ -7.221752, 57.321257 ], [ -7.221917, 57.321246 ], [ -7.22209, 57.320941 ], [ -7.222021, 57.320805 ], [ -7.221832, 57.320592 ], [ -7.22132, 57.320438 ], [ -7.221249, 57.320117 ], [ -7.220962, 57.319967 ], [ -7.220569, 57.319898 ], [ -7.220322, 57.319913 ], [ -7.220334, 57.319998 ], [ -7.220138, 57.319965 ], [ -7.219785, 57.320052 ], [ -7.220571, 57.320667 ], [ -7.220922, 57.320738 ], [ -7.221125, 57.320644 ] ] ], [ [ [ -7.244053, 57.175162 ], [ -7.243603, 57.175262 ], [ -7.24452, 57.175363 ], [ -7.244729, 57.175314 ], [ -7.24501, 57.175023 ], [ -7.244849, 57.174877 ], [ -7.244053, 57.175162 ] ] ] ] } },
{ "type": "Feature", "properties": { "NAME": "19. Braeroy - Glenshirra - Creag Meagaidh" }, "geometry": { "type": "MultiPolygon", "coordinates": [ [ [ [ -4.443059, 56.98442 ], [ -4.440364, 57.008597 ], [ -4.489283, 57.018097 ], [ -4.517561, 57.016956 ], [ -4.532391, 57.017035 ], [ -4.56913, 57.021497 ], [ -4.59023, 57.044032 ], [ -4.618549, 57.044765 ], [ -4.66061, 57.066783 ], [ -4.672468, 57.088345 ], [ -4.710046, 57.071748 ], [ -4.721816, 57.05599 ], [ -4.761606, 57.030829 ], [ -4.851352, 56.982583 ], [ -4.862024, 56.956137 ], [ -4.882886, 56.929391 ], [ -4.813665, 56.927355 ], [ -4.790387, 56.965225 ], [ -4.755771, 56.984384 ], [ -4.735794, 56.987482 ], [ -4.739499, 56.965414 ], [ -4.770272, 56.951229 ], [ -4.768925, 56.943285 ], [ -4.753344, 56.939637 ], [ -4.735435, 56.923289 ], [ -4.686702, 56.913121 ], [ -4.659414, 56.912476 ], [ -4.607298, 56.910797 ], [ -4.576485, 56.92285 ], [ -4.542301, 56.941907 ], [ -4.50961, 56.966363 ], [ -4.443059, 56.98442 ] ] ] ] } }
]
}
