{
"type": "FeatureCollection",
"name": "World_Heritage_Sites",
"xy_coordinate_resolution": 1e-06,
"features": [
{ "type": "Feature", "properties": { "NAME": "St Kilda" }, "geometry": { "type": "MultiPolygon", "coordinates": [ [ [ [ -8.430596, 57.765622 ], [ -8.429673, 57.908656 ], [ -8.699107, 57.909144 ], [ -8.698544, 57.765906 ], [ -8.503198, 57.766339 ], [ -8.430596, 57.765622 ] ] ] ] } },
{ "type": "Feature", "properties": { "NAME": "Flow Country" }, "geometry": { "type": "MultiPolygon", "coordinates": [ [ [ [ -4.00557, 58.133068 ], [ -4.007485, 58.136512 ], [ -4.002908, 58.140562 ], [ -4.00434, 58.144517 ], [ -4.021318, 58.149418 ], [ -4.023573, 58.15042 ], [ -4.023572, 58.151313 ], [ -4.023299, 58.15328 ], [ -4.033946, 58.154352 ], [ -4.039451, 58.15622 ], [ -4.041638, 58.158252 ], [ -4.044692, 58.159357 ], [ -4.04569, 58.160949 ], [ -4.04954, 58.162817 ], [ -4.052364, 58.16544 ], [ -4.055957, 58.166653 ], [ -4.059361, 58.167848 ], [ -4.066455, 58.167432 ], [ -4.077066, 58.167381 ], [ -4.07917, 58.166264 ], [ -4.08476, 58.16575 ], [ -4.09117, 58.164776 ], [ -4.091394, 58.166463 ], [ -4.088992, 58.167055 ], [ -4.088595, 58.169127 ], [ -4.085335, 58.176546 ], [ -4.086172, 58.178575 ], [ -4.086896, 58.191763 ], [ -4.085774, 58.19475 ], [ -4.080045, 58.200324 ], [ -4.07987, 58.201495 ], [ -4.077877, 58.202538 ], [ -4.075828, 58.204629 ], [ -4.073938, 58.205196 ], [ -4.070424, 58.205962 ], [ -4.073289, 58.206164 ], [ -4.077439, 58.207198 ], [ -4.079702, 58.208431 ], [ -4.083329, 58.208691 ], [ -4.085541, 58.208897 ], [ -4.087009, 58.208432 ], [ -4.090521, 58.209288 ], [ -4.100145, 58.209699 ], [ -4.107595, 58.210865 ], [ -4.114787, 58.212463 ], [ -4.121564, 58.214713 ], [ -4.12389, 58.215421 ], [ -4.123924, 58.217082 ], [ -4.122539, 58.218622 ], [ -4.123044, 58.220648 ], [ -4.122767, 58.224033 ], [ -4.121207, 58.224986 ], [ -4.119733, 58.226054 ], [ -4.118251, 58.228486 ], [ -4.11565, 58.230753 ], [ -4.114664, 58.233135 ], [ -4.11531, 58.235274 ], [ -4.118513, 58.237576 ], [ -4.124058, 58.238954 ], [ -4.127538, 58.240609 ], [ -4.133528, 58.240591 ], [ -4.149885, 58.23936 ], [ -4.158333, 58.237722 ], [ -4.168821, 58.236032 ], [ -4.191495, 58.242281 ], [ -4.196725, 58.240111 ], [ -4.206746, 58.234508 ], [ -4.206548, 58.231314 ], [ -4.209352, 58.228974 ], [ -4.214509, 58.228565 ], [ -4.213101, 58.224132 ], [ -4.225821, 58.225294 ], [ -4.228104, 58.222946 ], [ -4.231272, 58.221656 ], [ -4.233141, 58.221568 ], [ -4.238566, 58.220084 ], [ -4.237891, 58.219397 ], [ -4.234721, 58.218035 ], [ -4.225325, 58.215871 ], [ -4.222387, 58.214596 ], [ -4.225333, 58.206861 ], [ -4.226033, 58.205614 ], [ -4.228168, 58.202502 ], [ -4.2276, 58.201343 ], [ -4.231181, 58.19816 ], [ -4.221738, 58.193356 ], [ -4.215338, 58.184801 ], [ -4.21315, 58.184383 ], [ -4.208959, 58.182428 ], [ -4.207258, 58.180868 ], [ -4.203823, 58.178818 ], [ -4.201104, 58.176167 ], [ -4.195296, 58.17034 ], [ -4.198583, 58.170135 ], [ -4.19666, 58.165231 ], [ -4.197411, 58.158666 ], [ -4.193646, 58.157948 ], [ -4.188549, 58.156511 ], [ -4.184035, 58.153825 ], [ -4.181982, 58.151174 ], [ -4.181598, 58.146721 ], [ -4.177856, 58.142954 ], [ -4.174254, 58.141576 ], [ -4.168584, 58.1413 ], [ -4.166013, 58.141541 ], [ -4.163332, 58.142807 ], [ -4.162549, 58.14501 ], [ -4.160595, 58.144862 ], [ -4.159698, 58.143753 ], [ -4.154389, 58.142226 ], [ -4.153184, 58.139775 ], [ -4.148987, 58.136676 ], [ -4.14725, 58.135743 ], [ -4.145642, 58.133239 ], [ -4.141343, 58.133539 ], [ -4.122795, 58.139403 ], [ -4.119855, 58.139782 ], [ -4.119694, 58.139028 ], [ -4.119576, 58.137453 ], [ -4.120526, 58.135484 ], [ -4.119456, 58.134605 ], [ -4.117555, 58.134417 ], [ -4.115167, 58.13516 ], [ -4.100801, 58.134292 ], [ -4.09688, 58.129963 ], [ -4.095335, 58.130151 ], [ -4.093909, 58.13241 ], [ -4.090226, 58.134292 ], [ -4.087374, 58.134605 ], [ -4.084824, 58.134248 ], [ -4.082231, 58.132863 ], [ -4.080363, 58.13059 ], [ -4.07668, 58.128771 ], [ -4.072793, 58.127822 ], [ -4.071514, 58.126422 ], [ -4.07122, 58.124024 ], [ -4.069023, 58.121904 ], [ -4.06741, 58.120658 ], [ -4.064144, 58.116312 ], [ -4.061587, 58.116819 ], [ -4.05853, 58.116478 ], [ -4.055232, 58.117144 ], [ -4.053639, 58.118055 ], [ -4.052755, 58.117184 ], [ -4.051354, 58.11548 ], [ -4.047686, 58.114149 ], [ -4.046199, 58.112019 ], [ -4.044237, 58.111612 ], [ -4.045131, 58.109285 ], [ -4.043505, 58.106371 ], [ -4.032774, 58.096256 ], [ -4.027771, 58.095204 ], [ -4.025525, 58.095691 ], [ -4.024867, 58.097832 ], [ -4.023624, 58.098957 ], [ -4.020724, 58.095913 ], [ -4.017445, 58.094749 ], [ -4.015539, 58.09243 ], [ -4.01394, 58.090573 ], [ -4.014829, 58.088635 ], [ -4.015722, 58.08693 ], [ -4.012633, 58.086239 ], [ -4.011771, 58.085205 ], [ -4.008496, 58.084401 ], [ -4.005266, 58.08448 ], [ -4.009543, 58.088029 ], [ -4.010732, 58.091169 ], [ -4.004598, 58.099275 ], [ -3.994732, 58.098854 ], [ -3.980486, 58.098004 ], [ -3.979103, 58.096781 ], [ -3.976368, 58.096503 ], [ -3.976432, 58.095244 ], [ -3.971766, 58.096312 ], [ -3.970351, 58.100021 ], [ -3.970017, 58.102326 ], [ -3.969173, 58.104441 ], [ -3.967842, 58.105369 ], [ -3.966304, 58.108232 ], [ -3.96687, 58.110356 ], [ -3.968132, 58.111824 ], [ -3.968076, 58.113131 ], [ -3.968366, 58.115268 ], [ -3.965926, 58.115585 ], [ -3.963515, 58.117046 ], [ -3.960038, 58.117609 ], [ -3.956991, 58.117668 ], [ -3.955754, 58.118938 ], [ -3.950605, 58.123797 ], [ -3.950473, 58.124957 ], [ -3.947161, 58.125697 ], [ -3.946452, 58.127817 ], [ -3.94424, 58.129391 ], [ -3.942646, 58.131061 ], [ -3.941933, 58.134512 ], [ -3.9429, 58.13649 ], [ -3.944666, 58.139091 ], [ -3.94091, 58.141868 ], [ -3.940265, 58.14361 ], [ -3.939047, 58.144852 ], [ -3.939913, 58.146178 ], [ -3.9493, 58.145112 ], [ -3.959281, 58.143167 ], [ -3.960815, 58.141298 ], [ -3.965534, 58.139797 ], [ -3.970451, 58.138526 ], [ -3.976035, 58.135515 ], [ -3.975779, 58.133427 ], [ -3.977168, 58.132563 ], [ -3.980587, 58.132234 ], [ -3.984353, 58.130371 ], [ -3.986903, 58.131042 ], [ -3.989819, 58.130622 ], [ -3.994201, 58.131169 ], [ -4.001733, 58.130784 ], [ -4.003902, 58.130979 ], [ -4.00557, 58.133068 ] ] ] ] } },
{ "type": "Feature", "properties": { "NAME": "Flow Country" }, "geometry": { "type": "MultiPolygon", "coordinates": [ [ [ [ -4.453809, 58.444748 ], [ -4.455008, 58.444566 ], [ -4.456322, 58.444064 ], [ -4.45848, 58.443556 ], [ -4.4597, 58.443096 ], [ -4.461903, 58.441928 ], [ -4.463562, 58.440467 ], [ -4.464892, 58.43894 ], [ -4.465704, 58.437243 ], [ -4.470283, 58.434882 ], [ -4.472175, 58.434535 ], [ -4.473271, 58.43486 ], [ -4.474211, 58.434524 ], [ -4.474944, 58.43399 ], [ -4.476339, 58.433473 ], [ -4.47699, 58.433022 ], [ -4.478392, 58.433188 ], [ -4.480887, 58.433934 ], [ -4.4816, 58.435303 ], [ -4.4816, 58.437169 ], [ -4.480531, 58.438661 ], [ -4.478036, 58.440278 ], [ -4.477887, 58.441078 ], [ -4.478422, 58.44203 ], [ -4.47756, 58.442828 ], [ -4.476135, 58.446373 ], [ -4.478155, 58.446746 ], [ -4.48065, 58.446 ], [ -4.483264, 58.445129 ], [ -4.484809, 58.443637 ], [ -4.486235, 58.442828 ], [ -4.488403, 58.442906 ], [ -4.490156, 58.442579 ], [ -4.49173, 58.443354 ], [ -4.494867, 58.443653 ], [ -4.49681, 58.443139 ], [ -4.498219, 58.443631 ], [ -4.496469, 58.444499 ], [ -4.496983, 58.445367 ], [ -4.496329, 58.445902 ], [ -4.493684, 58.450064 ], [ -4.494089, 58.451129 ], [ -4.492008, 58.454094 ], [ -4.490534, 58.456349 ], [ -4.488268, 58.45637 ], [ -4.488052, 58.456683 ], [ -4.487538, 58.457983 ], [ -4.484659, 58.458005 ], [ -4.484135, 58.4583 ], [ -4.484792, 58.459886 ], [ -4.485652, 58.460498 ], [ -4.484999, 58.462052 ], [ -4.484225, 58.463437 ], [ -4.482814, 58.465063 ], [ -4.482431, 58.465813 ], [ -4.480859, 58.4667 ], [ -4.480085, 58.469627 ], [ -4.480544, 58.471502 ], [ -4.480226, 58.471623 ], [ -4.480379, 58.472248 ], [ -4.479621, 58.472319 ], [ -4.478803, 58.471536 ], [ -4.478629, 58.472167 ], [ -4.479092, 58.4741 ], [ -4.478564, 58.474338 ], [ -4.478238, 58.474345 ], [ -4.477407, 58.474932 ], [ -4.476629, 58.474718 ], [ -4.474226, 58.476192 ], [ -4.471552, 58.476929 ], [ -4.472317, 58.480054 ], [ -4.474836, 58.483317 ], [ -4.475634, 58.485358 ], [ -4.476734, 58.487049 ], [ -4.476548, 58.48751 ], [ -4.478678, 58.488325 ], [ -4.477453, 58.489519 ], [ -4.478288, 58.490531 ], [ -4.477033, 58.491297 ], [ -4.475682, 58.492237 ], [ -4.474326, 58.493119 ], [ -4.474584, 58.493685 ], [ -4.47287, 58.494118 ], [ -4.473341, 58.494623 ], [ -4.474511, 58.494201 ], [ -4.47604, 58.494228 ], [ -4.476553, 58.493762 ], [ -4.47817, 58.493502 ], [ -4.47913, 58.493198 ], [ -4.480984, 58.494143 ], [ -4.482011, 58.494587 ], [ -4.483147, 58.494491 ], [ -4.483631, 58.494112 ], [ -4.483527, 58.493684 ], [ -4.484172, 58.493557 ], [ -4.485297, 58.494049 ], [ -4.485813, 58.494167 ], [ -4.486734, 58.494028 ], [ -4.487714, 58.49513 ], [ -4.487923, 58.495711 ], [ -4.489198, 58.496771 ], [ -4.489366, 58.497669 ], [ -4.490069, 58.498533 ], [ -4.491458, 58.499433 ], [ -4.493079, 58.499208 ], [ -4.493854, 58.499364 ], [ -4.494358, 58.500325 ], [ -4.494302, 58.501069 ], [ -4.494048, 58.501463 ], [ -4.494024, 58.501885 ], [ -4.494476, 58.502089 ], [ -4.496686, 58.504312 ], [ -4.51176, 58.504158 ], [ -4.51416, 58.504059 ], [ -4.515942, 58.503786 ], [ -4.517463, 58.503389 ], [ -4.521092, 58.502322 ], [ -4.522478, 58.50206 ], [ -4.524655, 58.501885 ], [ -4.528633, 58.501775 ], [ -4.533172, 58.501824 ], [ -4.535231, 58.502024 ], [ -4.536951, 58.502246 ], [ -4.539063, 58.502676 ], [ -4.543186, 58.503771 ], [ -4.54952, 58.505377 ], [ -4.551243, 58.505765 ], [ -4.552754, 58.505909 ], [ -4.554584, 58.505971 ], [ -4.55656, 58.50578 ], [ -4.558315, 58.505524 ], [ -4.55956, 58.505175 ], [ -4.562384, 58.504727 ], [ -4.563615, 58.504643 ], [ -4.566181, 58.504777 ], [ -4.568249, 58.504804 ], [ -4.570079, 58.504469 ], [ -4.571457, 58.504003 ], [ -4.573762, 58.502786 ], [ -4.575592, 58.501979 ], [ -4.577684, 58.501594 ], [ -4.57991, 58.501546 ], [ -4.582476, 58.501546 ], [ -4.58245, 58.501193 ], [ -4.582669, 58.500547 ], [ -4.583254, 58.500125 ], [ -4.582903, 58.499586 ], [ -4.583001, 58.498699 ], [ -4.583161, 58.498639 ], [ -4.583722, 58.498856 ], [ -4.5847, 58.498808 ], [ -4.585456, 58.499449 ], [ -4.586916, 58.499277 ], [ -4.587335, 58.49904 ], [ -4.58815, 58.498995 ], [ -4.588495, 58.498503 ], [ -4.589258, 58.498488 ], [ -4.589743, 58.497678 ], [ -4.591827, 58.496352 ], [ -4.592151, 58.495574 ], [ -4.591634, 58.494471 ], [ -4.592482, 58.49414 ], [ -4.592249, 58.493945 ], [ -4.592568, 58.493824 ], [ -4.593127, 58.494013 ], [ -4.593962, 58.49351 ], [ -4.594214, 58.49322 ], [ -4.594473, 58.493043 ], [ -4.595614, 58.492992 ], [ -4.595809, 58.492674 ], [ -4.596781, 58.49254 ], [ -4.596437, 58.492318 ], [ -4.596642, 58.492143 ], [ -4.596249, 58.49198 ], [ -4.596822, 58.491625 ], [ -4.597304, 58.491501 ], [ -4.597513, 58.491383 ], [ -4.597949, 58.491374 ], [ -4.598106, 58.491285 ], [ -4.598305, 58.491024 ], [ -4.598279, 58.490682 ], [ -4.59804, 58.490402 ], [ -4.598415, 58.490308 ], [ -4.598914, 58.490413 ], [ -4.59912, 58.490251 ], [ -4.599162, 58.490079 ], [ -4.5997, 58.489983 ], [ -4.599411, 58.48976 ], [ -4.599509, 58.489615 ], [ -4.600093, 58.489404 ], [ -4.599907, 58.489093 ], [ -4.600375, 58.488798 ], [ -4.600474, 58.488654 ], [ -4.600187, 58.48846 ], [ -4.600968, 58.487958 ], [ -4.60151, 58.487919 ], [ -4.601709, 58.487658 ], [ -4.602632, 58.487611 ], [ -4.603386, 58.487481 ], [ -4.603809, 58.487301 ], [ -4.60379, 58.487045 ], [ -4.604614, 58.4864 ], [ -4.603709, 58.485961 ], [ -4.603634, 58.48642 ], [ -4.602996, 58.486633 ], [ -4.602483, 58.487071 ], [ -4.601943, 58.487139 ], [ -4.600368, 58.486486 ], [ -4.59965, 58.486358 ], [ -4.599139, 58.486083 ], [ -4.597878, 58.485994 ], [ -4.59622, 58.485685 ], [ -4.595785, 58.485694 ], [ -4.595763, 58.485409 ], [ -4.594943, 58.485368 ], [ -4.594442, 58.485236 ], [ -4.593982, 58.484902 ], [ -4.593031, 58.484579 ], [ -4.592757, 58.484556 ], [ -4.592514, 58.484218 ], [ -4.592763, 58.483899 ], [ -4.592478, 58.483734 ], [ -4.59252, 58.483562 ], [ -4.593014, 58.483609 ], [ -4.594034, 58.48413 ], [ -4.595057, 58.483967 ], [ -4.595161, 58.483894 ], [ -4.595317, 58.48232 ], [ -4.596364, 58.480986 ], [ -4.596006, 58.480565 ], [ -4.59539, 58.480349 ], [ -4.597839, 58.480299 ], [ -4.600043, 58.479883 ], [ -4.600378, 58.479248 ], [ -4.598812, 58.478709 ], [ -4.597977, 58.478469 ], [ -4.597981, 58.477784 ], [ -4.598271, 58.477293 ], [ -4.600377, 58.477022 ], [ -4.59956, 58.476296 ], [ -4.598407, 58.476176 ], [ -4.598101, 58.475726 ], [ -4.598833, 58.475311 ], [ -4.602766, 58.475431 ], [ -4.60137, 58.474232 ], [ -4.598783, 58.473885 ], [ -4.597437, 58.47337 ], [ -4.596965, 58.472894 ], [ -4.596834, 58.472583 ], [ -4.598056, 58.472158 ], [ -4.599301, 58.472047 ], [ -4.600713, 58.471248 ], [ -4.600066, 58.471346 ], [ -4.599233, 58.470393 ], [ -4.599846, 58.469838 ], [ -4.600187, 58.469288 ], [ -4.599919, 58.468609 ], [ -4.599328, 58.467993 ], [ -4.598903, 58.467402 ], [ -4.599096, 58.467055 ], [ -4.59884, 58.466546 ], [ -4.598884, 58.466403 ], [ -4.598668, 58.464951 ], [ -4.59962, 58.465303 ], [ -4.600072, 58.465522 ], [ -4.600926, 58.466019 ], [ -4.603316, 58.465323 ], [ -4.603836, 58.464846 ], [ -4.605323, 58.462846 ], [ -4.606038, 58.462203 ], [ -4.606814, 58.461645 ], [ -4.60879, 58.460377 ], [ -4.609433, 58.459517 ], [ -4.609068, 58.458616 ], [ -4.609524, 58.45815 ], [ -4.610143, 58.45768 ], [ -4.60966, 58.456483 ], [ -4.610992, 58.455179 ], [ -4.613008, 58.453711 ], [ -4.614142, 58.452117 ], [ -4.613317, 58.451278 ], [ -4.613306, 58.450393 ], [ -4.614253, 58.447747 ], [ -4.615996, 58.447019 ], [ -4.615975, 58.445999 ], [ -4.616502, 58.44576 ], [ -4.615209, 58.445215 ], [ -4.615779, 58.444832 ], [ -4.615256, 58.444386 ], [ -4.612688, 58.441327 ], [ -4.611987, 58.441426 ], [ -4.61173, 58.441632 ], [ -4.611233, 58.441527 ], [ -4.610754, 58.44168 ], [ -4.610302, 58.441461 ], [ -4.61003, 58.441466 ], [ -4.609511, 58.441077 ], [ -4.609977, 58.440754 ], [ -4.609678, 58.440389 ], [ -4.608708, 58.440523 ], [ -4.60807, 58.439993 ], [ -4.607796, 58.43997 ], [ -4.607263, 58.440124 ], [ -4.606637, 58.439765 ], [ -4.606006, 58.440064 ], [ -4.604837, 58.439716 ], [ -4.604189, 58.439787 ], [ -4.601567, 58.439669 ], [ -4.601265, 58.439275 ], [ -4.6004, 58.43935 ], [ -4.599442, 58.438912 ], [ -4.598492, 58.438589 ], [ -4.59786, 58.438131 ], [ -4.597291, 58.4378 ], [ -4.59722, 58.437573 ], [ -4.5964, 58.437532 ], [ -4.59561, 58.437148 ], [ -4.594844, 58.437107 ], [ -4.594528, 58.436514 ], [ -4.593868, 58.436413 ], [ -4.593257, 58.436254 ], [ -4.593086, 58.436143 ], [ -4.592937, 58.435604 ], [ -4.591668, 58.435373 ], [ -4.591028, 58.434814 ], [ -4.591699, 58.434316 ], [ -4.590754, 58.434049 ], [ -4.590357, 58.433829 ], [ -4.590284, 58.433573 ], [ -4.589401, 58.43342 ], [ -4.588917, 58.432759 ], [ -4.587981, 58.432606 ], [ -4.587907, 58.432351 ], [ -4.587391, 58.43199 ], [ -4.587188, 58.431452 ], [ -4.586937, 58.431 ], [ -4.586653, 58.430835 ], [ -4.587387, 58.429706 ], [ -4.586772, 58.42949 ], [ -4.586638, 58.42915 ], [ -4.586233, 58.428816 ], [ -4.586304, 58.427558 ], [ -4.585744, 58.426599 ], [ -4.584063, 58.42669 ], [ -4.582738, 58.425689 ], [ -4.580062, 58.42543 ], [ -4.578918, 58.424727 ], [ -4.577967, 58.423918 ], [ -4.578086, 58.423171 ], [ -4.57773, 58.4223 ], [ -4.577017, 58.421554 ], [ -4.57464, 58.420931 ], [ -4.574284, 58.419998 ], [ -4.574759, 58.41894 ], [ -4.573808, 58.41838 ], [ -4.573808, 58.417944 ], [ -4.575472, 58.417198 ], [ -4.575828, 58.416762 ], [ -4.573927, 58.416202 ], [ -4.572858, 58.415579 ], [ -4.572739, 58.414459 ], [ -4.570719, 58.414024 ], [ -4.570006, 58.412965 ], [ -4.569293, 58.411285 ], [ -4.568699, 58.409231 ], [ -4.569055, 58.407861 ], [ -4.567392, 58.406305 ], [ -4.565134, 58.405683 ], [ -4.561569, 58.404562 ], [ -4.557529, 58.4045 ], [ -4.554677, 58.402943 ], [ -4.55495, 58.401212 ], [ -4.550875, 58.399457 ], [ -4.549093, 58.399644 ], [ -4.546122, 58.400204 ], [ -4.543627, 58.400266 ], [ -4.541013, 58.399955 ], [ -4.538755, 58.400453 ], [ -4.536616, 58.401076 ], [ -4.53424, 58.401262 ], [ -4.529962, 58.401013 ], [ -4.528655, 58.400142 ], [ -4.531269, 58.398461 ], [ -4.535665, 58.395783 ], [ -4.538755, 58.393292 ], [ -4.540181, 58.391673 ], [ -4.540656, 58.390178 ], [ -4.541725, 58.38831 ], [ -4.543605, 58.386668 ], [ -4.543993, 58.386723 ], [ -4.546496, 58.386286 ], [ -4.550084, 58.38598 ], [ -4.551753, 58.385455 ], [ -4.552921, 58.385761 ], [ -4.55534, 58.38563 ], [ -4.559345, 58.385105 ], [ -4.561348, 58.385017 ], [ -4.564018, 58.385498 ], [ -4.566354, 58.385192 ], [ -4.567689, 58.384449 ], [ -4.569358, 58.383661 ], [ -4.572111, 58.38423 ], [ -4.574698, 58.383093 ], [ -4.576867, 58.381474 ], [ -4.578369, 58.380249 ], [ -4.58154, 58.379112 ], [ -4.585294, 58.378762 ], [ -4.586379, 58.379112 ], [ -4.587297, 58.380337 ], [ -4.588548, 58.38178 ], [ -4.591469, 58.382087 ], [ -4.59514, 58.381868 ], [ -4.599562, 58.381212 ], [ -4.601481, 58.380293 ], [ -4.602983, 58.3792 ], [ -4.604652, 58.378937 ], [ -4.606488, 58.379681 ], [ -4.607489, 58.379199 ], [ -4.608657, 58.377668 ], [ -4.611494, 58.376137 ], [ -4.61358, 58.375306 ], [ -4.616417, 58.375437 ], [ -4.615999, 58.374606 ], [ -4.617918, 58.373468 ], [ -4.61942, 58.373293 ], [ -4.620004, 58.372462 ], [ -4.621923, 58.371674 ], [ -4.622507, 58.370493 ], [ -4.622674, 58.369443 ], [ -4.624844, 58.367692 ], [ -4.626179, 58.36673 ], [ -4.627764, 58.366248 ], [ -4.628611, 58.366063 ], [ -4.6301, 58.366161 ], [ -4.630684, 58.366273 ], [ -4.632787, 58.366023 ], [ -4.633771, 58.366336 ], [ -4.63494, 58.366948 ], [ -4.636358, 58.36673 ], [ -4.636859, 58.366905 ], [ -4.638611, 58.367167 ], [ -4.638916, 58.365654 ], [ -4.639695, 58.362458 ], [ -4.639286, 58.360663 ], [ -4.638327, 58.358728 ], [ -4.637376, 58.357781 ], [ -4.637542, 58.356881 ], [ -4.636747, 58.356039 ], [ -4.636956, 58.354936 ], [ -4.636738, 58.354172 ], [ -4.635655, 58.352512 ], [ -4.635941, 58.351415 ], [ -4.635941, 58.350447 ], [ -4.634847, 58.348809 ], [ -4.634659, 58.348363 ], [ -4.634163, 58.347657 ], [ -4.633801, 58.346087 ], [ -4.633171, 58.345102 ], [ -4.632333, 58.34463 ], [ -4.632197, 58.3445 ], [ -4.631947, 58.343708 ], [ -4.631341, 58.343087 ], [ -4.630359, 58.342738 ], [ -4.630236, 58.34262 ], [ -4.629951, 58.341619 ], [ -4.628644, 58.34101 ], [ -4.628169, 58.340696 ], [ -4.627943, 58.340172 ], [ -4.626755, 58.339654 ], [ -4.626374, 58.339305 ], [ -4.626636, 58.338889 ], [ -4.628109, 58.339039 ], [ -4.630547, 58.339599 ], [ -4.632292, 58.339862 ], [ -4.632672, 58.339737 ], [ -4.632667, 58.339261 ], [ -4.633147, 58.338964 ], [ -4.633367, 58.338227 ], [ -4.633482, 58.338274 ], [ -4.63395, 58.338251 ], [ -4.634282, 58.338329 ], [ -4.634409, 58.338327 ], [ -4.63471, 58.33824 ], [ -4.635016, 58.338216 ], [ -4.635152, 58.33833 ], [ -4.63532, 58.338403 ], [ -4.635461, 58.338575 ], [ -4.6357, 58.338682 ], [ -4.636175, 58.338762 ], [ -4.636734, 58.338805 ], [ -4.637162, 58.33894 ], [ -4.63793, 58.339041 ], [ -4.638434, 58.339039 ], [ -4.639002, 58.339099 ], [ -4.639508, 58.339116 ], [ -4.639711, 58.339098 ], [ -4.640222, 58.338953 ], [ -4.640374, 58.338936 ], [ -4.640573, 58.338964 ], [ -4.640691, 58.339056 ], [ -4.640752, 58.339306 ], [ -4.641206, 58.339669 ], [ -4.641452, 58.339759 ], [ -4.641714, 58.339726 ], [ -4.641827, 58.339746 ], [ -4.641879, 58.339867 ], [ -4.642022, 58.339954 ], [ -4.642153, 58.340113 ], [ -4.642273, 58.340456 ], [ -4.642687, 58.340735 ], [ -4.643505, 58.340705 ], [ -4.643926, 58.340745 ], [ -4.644536, 58.340908 ], [ -4.645013, 58.340992 ], [ -4.645261, 58.341109 ], [ -4.645291, 58.341171 ], [ -4.645246, 58.341253 ], [ -4.644945, 58.341349 ], [ -4.644732, 58.341465 ], [ -4.644673, 58.3417 ], [ -4.644899, 58.342437 ], [ -4.644844, 58.342739 ], [ -4.644921, 58.34342 ], [ -4.645313, 58.343749 ], [ -4.645376, 58.344255 ], [ -4.645443, 58.344353 ], [ -4.645546, 58.344355 ], [ -4.646025, 58.344022 ], [ -4.646659, 58.343699 ], [ -4.64685, 58.343506 ], [ -4.646962, 58.343301 ], [ -4.647036, 58.342909 ], [ -4.647497, 58.342338 ], [ -4.647931, 58.341516 ], [ -4.648126, 58.341377 ], [ -4.648209, 58.341241 ], [ -4.64851, 58.341037 ], [ -4.648754, 58.340753 ], [ -4.648797, 58.340649 ], [ -4.648731, 58.340224 ], [ -4.648795, 58.339939 ], [ -4.649112, 58.339385 ], [ -4.649482, 58.338955 ], [ -4.649588, 58.338085 ], [ -4.650243, 58.337605 ], [ -4.650868, 58.336931 ], [ -4.650925, 58.336553 ], [ -4.650757, 58.336143 ], [ -4.650757, 58.335793 ], [ -4.650589, 58.335491 ], [ -4.650387, 58.335306 ], [ -4.650281, 58.335142 ], [ -4.650288, 58.335012 ], [ -4.650421, 58.334726 ], [ -4.650473, 58.33428 ], [ -4.650555, 58.334126 ], [ -4.650674, 58.334002 ], [ -4.650974, 58.333901 ], [ -4.651515, 58.333481 ], [ -4.65189, 58.333253 ], [ -4.652351, 58.332586 ], [ -4.652401, 58.332317 ], [ -4.653033, 58.331518 ], [ -4.653264, 58.33141 ], [ -4.653699, 58.331289 ], [ -4.653921, 58.33106 ], [ -4.654222, 58.330865 ], [ -4.654404, 58.330434 ], [ -4.654694, 58.330212 ], [ -4.654816, 58.330012 ], [ -4.654741, 58.329587 ], [ -4.654987, 58.329214 ], [ -4.654881, 58.328937 ], [ -4.654933, 58.328725 ], [ -4.655247, 58.328364 ], [ -4.655681, 58.328108 ], [ -4.65583, 58.327826 ], [ -4.655843, 58.327655 ], [ -4.65577, 58.327481 ], [ -4.655364, 58.327072 ], [ -4.655065, 58.32684 ], [ -4.654921, 58.326636 ], [ -4.65487, 58.326175 ], [ -4.654942, 58.325769 ], [ -4.654879, 58.325496 ], [ -4.654991, 58.325175 ], [ -4.654824, 58.324994 ], [ -4.654593, 58.324882 ], [ -4.654429, 58.324746 ], [ -4.654236, 58.324674 ], [ -4.654099, 58.324547 ], [ -4.654057, 58.324449 ], [ -4.654099, 58.324097 ], [ -4.653828, 58.323667 ], [ -4.653885, 58.323518 ], [ -4.654118, 58.32332 ], [ -4.654474, 58.323173 ], [ -4.655218, 58.322964 ], [ -4.655307, 58.322904 ], [ -4.6554, 58.322543 ], [ -4.655446, 58.321904 ], [ -4.655312, 58.321377 ], [ -4.655229, 58.321293 ], [ -4.654756, 58.321137 ], [ -4.654359, 58.320956 ], [ -4.653237, 58.320342 ], [ -4.653268, 58.320184 ], [ -4.653641, 58.319812 ], [ -4.653562, 58.31967 ], [ -4.653363, 58.319638 ], [ -4.653278, 58.319519 ], [ -4.653042, 58.319335 ], [ -4.65294, 58.319121 ], [ -4.652986, 58.318936 ], [ -4.652945, 58.318722 ], [ -4.653272, 58.318418 ], [ -4.653376, 58.318209 ], [ -4.65328, 58.317497 ], [ -4.653375, 58.317396 ], [ -4.653664, 58.317274 ], [ -4.653832, 58.317117 ], [ -4.654021, 58.316799 ], [ -4.654316, 58.316514 ], [ -4.654265, 58.316291 ], [ -4.654351, 58.31619 ], [ -4.654689, 58.31603 ], [ -4.655298, 58.31595 ], [ -4.655504, 58.315852 ], [ -4.655616, 58.315751 ], [ -4.655587, 58.315594 ], [ -4.655377, 58.315293 ], [ -4.655387, 58.314974 ], [ -4.655652, 58.314407 ], [ -4.65617, 58.314032 ], [ -4.656555, 58.313476 ], [ -4.656619, 58.313304 ], [ -4.656608, 58.312936 ], [ -4.656666, 58.312683 ], [ -4.657012, 58.312173 ], [ -4.657142, 58.311514 ], [ -4.657522, 58.31112 ], [ -4.65704, 58.310613 ], [ -4.65694, 58.310305 ], [ -4.656972, 58.310161 ], [ -4.657168, 58.310036 ], [ -4.658294, 58.309698 ], [ -4.658533, 58.309571 ], [ -4.658666, 58.309411 ], [ -4.658795, 58.30909 ], [ -4.658803, 58.308631 ], [ -4.658948, 58.308404 ], [ -4.658895, 58.308387 ], [ -4.659945, 58.308013 ], [ -4.660895, 58.307264 ], [ -4.661561, 58.306615 ], [ -4.662036, 58.305816 ], [ -4.662131, 58.305067 ], [ -4.662702, 58.304717 ], [ -4.663747, 58.304967 ], [ -4.664793, 58.305067 ], [ -4.665648, 58.304517 ], [ -4.665268, 58.303968 ], [ -4.665078, 58.303468 ], [ -4.666029, 58.303119 ], [ -4.667645, 58.302719 ], [ -4.668976, 58.302969 ], [ -4.669641, 58.30192 ], [ -4.670782, 58.30177 ], [ -4.671447, 58.30177 ], [ -4.672398, 58.301271 ], [ -4.673919, 58.300322 ], [ -4.675535, 58.300072 ], [ -4.676865, 58.299123 ], [ -4.678481, 58.298473 ], [ -4.680288, 58.297624 ], [ -4.683234, 58.296975 ], [ -4.683044, 58.296225 ], [ -4.682284, 58.295326 ], [ -4.683425, 58.294677 ], [ -4.684565, 58.295026 ], [ -4.685801, 58.295026 ], [ -4.687227, 58.293228 ], [ -4.687797, 58.292278 ], [ -4.688558, 58.291379 ], [ -4.690079, 58.29083 ], [ -4.69198, 58.29008 ], [ -4.693121, 58.289331 ], [ -4.694356, 58.288631 ], [ -4.695687, 58.288331 ], [ -4.697493, 58.287582 ], [ -4.697683, 58.286932 ], [ -4.698254, 58.287032 ], [ -4.69968, 58.287032 ], [ -4.700045, 58.286546 ], [ -4.699204, 58.286482 ], [ -4.699014, 58.285883 ], [ -4.699395, 58.285333 ], [ -4.69968, 58.284683 ], [ -4.700916, 58.284983 ], [ -4.70063, 58.284334 ], [ -4.701391, 58.283884 ], [ -4.703135, 58.283766 ], [ -4.702056, 58.283334 ], [ -4.701961, 58.282534 ], [ -4.703197, 58.282584 ], [ -4.704052, 58.282135 ], [ -4.705573, 58.281685 ], [ -4.707531, 58.281299 ], [ -4.707475, 58.280785 ], [ -4.708425, 58.280535 ], [ -4.709756, 58.280335 ], [ -4.710517, 58.280735 ], [ -4.711752, 58.280885 ], [ -4.711847, 58.280185 ], [ -4.712608, 58.279936 ], [ -4.713368, 58.280085 ], [ -4.713558, 58.279486 ], [ -4.715935, 58.278686 ], [ -4.717551, 58.278736 ], [ -4.717266, 58.277686 ], [ -4.71527, 58.277536 ], [ -4.712513, 58.277037 ], [ -4.710231, 58.276787 ], [ -4.70776, 58.277287 ], [ -4.704623, 58.276937 ], [ -4.702151, 58.277337 ], [ -4.700345, 58.278086 ], [ -4.698444, 58.278136 ], [ -4.695022, 58.278636 ], [ -4.69217, 58.280485 ], [ -4.687797, 58.282734 ], [ -4.684299, 58.285103 ], [ -4.680706, 58.286542 ], [ -4.676029, 58.287981 ], [ -4.672264, 58.288881 ], [ -4.669128, 58.289331 ], [ -4.66485, 58.28981 ], [ -4.661599, 58.28993 ], [ -4.655952, 58.28966 ], [ -4.653443, 58.289091 ], [ -4.652691, 58.288107 ], [ -4.652769, 58.288007 ], [ -4.652809, 58.287741 ], [ -4.652725, 58.287648 ], [ -4.652762, 58.287571 ], [ -4.652652, 58.287466 ], [ -4.652624, 58.287327 ], [ -4.652881, 58.286769 ], [ -4.652882, 58.286333 ], [ -4.653037, 58.286227 ], [ -4.653005, 58.286147 ], [ -4.652889, 58.286082 ], [ -4.652816, 58.285899 ], [ -4.652913, 58.285713 ], [ -4.653044, 58.285643 ], [ -4.653004, 58.285563 ], [ -4.653241, 58.285423 ], [ -4.653325, 58.285291 ], [ -4.6533, 58.285184 ], [ -4.653209, 58.285118 ], [ -4.653249, 58.285081 ], [ -4.653171, 58.284944 ], [ -4.653211, 58.284804 ], [ -4.653044, 58.284394 ], [ -4.652667, 58.284141 ], [ -4.652529, 58.284 ], [ -4.652173, 58.283922 ], [ -4.652113, 58.283798 ], [ -4.651996, 58.283724 ], [ -4.651625, 58.283664 ], [ -4.651318, 58.283554 ], [ -4.650929, 58.283485 ], [ -4.650487, 58.283616 ], [ -4.650165, 58.283649 ], [ -4.650096, 58.283628 ], [ -4.65008, 58.283534 ], [ -4.650204, 58.283487 ], [ -4.650433, 58.283464 ], [ -4.650557, 58.283412 ], [ -4.650529, 58.283269 ], [ -4.650077, 58.28304 ], [ -4.650008, 58.283028 ], [ -4.649705, 58.283075 ], [ -4.649588, 58.283005 ], [ -4.649337, 58.282952 ], [ -4.648443, 58.283083 ], [ -4.648078, 58.283109 ], [ -4.648005, 58.283047 ], [ -4.6478, 58.283043 ], [ -4.647355, 58.282908 ], [ -4.646922, 58.283043 ], [ -4.646774, 58.283001 ], [ -4.646642, 58.283062 ], [ -4.646386, 58.283063 ], [ -4.64589, 58.283167 ], [ -4.64571, 58.283266 ], [ -4.645856, 58.283393 ], [ -4.645983, 58.283381 ], [ -4.646105, 58.283293 ], [ -4.646215, 58.283282 ], [ -4.646704, 58.28333 ], [ -4.646785, 58.283383 ], [ -4.646677, 58.283533 ], [ -4.645879, 58.283698 ], [ -4.645764, 58.283759 ], [ -4.645742, 58.283813 ], [ -4.645583, 58.283852 ], [ -4.645462, 58.283944 ], [ -4.645354, 58.28387 ], [ -4.645262, 58.283666 ], [ -4.645192, 58.283636 ], [ -4.645125, 58.283651 ], [ -4.644831, 58.284281 ], [ -4.644554, 58.284574 ], [ -4.643969, 58.284739 ], [ -4.643779, 58.284698 ], [ -4.643637, 58.284741 ], [ -4.643343, 58.284918 ], [ -4.642853, 58.285324 ], [ -4.642557, 58.285474 ], [ -4.64242, 58.285467 ], [ -4.642363, 58.285392 ], [ -4.642145, 58.285446 ], [ -4.641801, 58.285408 ], [ -4.640882, 58.285544 ], [ -4.640637, 58.285688 ], [ -4.640607, 58.285743 ], [ -4.640664, 58.286056 ], [ -4.640601, 58.286354 ], [ -4.640505, 58.286437 ], [ -4.640192, 58.286583 ], [ -4.640436, 58.286775 ], [ -4.64062, 58.287025 ], [ -4.64044, 58.287171 ], [ -4.640172, 58.287239 ], [ -4.640016, 58.287314 ], [ -4.639928, 58.287509 ], [ -4.639747, 58.287594 ], [ -4.639698, 58.287738 ], [ -4.639598, 58.287781 ], [ -4.63862, 58.287585 ], [ -4.638091, 58.287583 ], [ -4.637723, 58.287456 ], [ -4.637506, 58.287285 ], [ -4.637294, 58.287186 ], [ -4.637151, 58.287216 ], [ -4.636791, 58.287201 ], [ -4.636423, 58.287298 ], [ -4.636221, 58.2871 ], [ -4.63603, 58.287059 ], [ -4.635802, 58.287082 ], [ -4.635584, 58.287024 ], [ -4.635492, 58.286927 ], [ -4.635379, 58.286902 ], [ -4.635243, 58.286793 ], [ -4.635281, 58.286729 ], [ -4.6355, 58.286702 ], [ -4.635583, 58.28666 ], [ -4.635603, 58.286592 ], [ -4.635537, 58.286504 ], [ -4.635582, 58.286305 ], [ -4.635398, 58.286125 ], [ -4.635133, 58.286009 ], [ -4.634863, 58.285812 ], [ -4.634819, 58.285678 ], [ -4.634568, 58.2854 ], [ -4.634423, 58.285403 ], [ -4.634379, 58.285274 ], [ -4.634031, 58.285407 ], [ -4.63367, 58.285486 ], [ -4.633469, 58.285419 ], [ -4.633182, 58.285461 ], [ -4.633125, 58.285502 ], [ -4.632892, 58.285466 ], [ -4.632623, 58.285629 ], [ -4.632485, 58.28561 ], [ -4.632189, 58.285638 ], [ -4.631889, 58.285622 ], [ -4.63173, 58.28567 ], [ -4.631332, 58.28571 ], [ -4.631185, 58.285672 ], [ -4.631138, 58.285615 ], [ -4.630867, 58.285647 ], [ -4.630531, 58.285484 ], [ -4.630394, 58.285599 ], [ -4.630326, 58.285596 ], [ -4.630147, 58.285478 ], [ -4.630163, 58.285352 ], [ -4.629815, 58.285265 ], [ -4.6297, 58.2852 ], [ -4.629567, 58.285256 ], [ -4.629385, 58.28522 ], [ -4.629146, 58.284982 ], [ -4.628971, 58.284923 ], [ -4.628863, 58.28484 ], [ -4.628055, 58.28465 ], [ -4.628016, 58.284579 ], [ -4.6281, 58.284442 ], [ -4.62805, 58.284353 ], [ -4.627649, 58.284227 ], [ -4.627078, 58.284126 ], [ -4.627107, 58.284049 ], [ -4.627052, 58.283893 ], [ -4.626494, 58.283729 ], [ -4.626324, 58.283612 ], [ -4.626181, 58.283412 ], [ -4.626004, 58.283322 ], [ -4.625793, 58.283353 ], [ -4.625512, 58.28348 ], [ -4.624132, 58.283508 ], [ -4.62343, 58.283693 ], [ -4.623224, 58.283801 ], [ -4.622476, 58.283947 ], [ -4.622298, 58.283959 ], [ -4.622057, 58.283924 ], [ -4.621766, 58.283795 ], [ -4.621447, 58.283869 ], [ -4.621377, 58.283848 ], [ -4.621265, 58.283711 ], [ -4.621143, 58.283687 ], [ -4.621026, 58.283487 ], [ -4.620975, 58.283479 ], [ -4.620716, 58.283561 ], [ -4.620268, 58.283502 ], [ -4.620302, 58.283151 ], [ -4.620212, 58.283086 ], [ -4.620032, 58.28308 ], [ -4.619807, 58.282798 ], [ -4.619116, 58.282565 ], [ -4.618561, 58.282437 ], [ -4.616958, 58.282559 ], [ -4.616406, 58.282705 ], [ -4.615947, 58.282957 ], [ -4.615166, 58.283131 ], [ -4.614987, 58.283359 ], [ -4.614847, 58.283434 ], [ -4.614172, 58.283524 ], [ -4.613702, 58.283628 ], [ -4.613608, 58.283971 ], [ -4.613378, 58.284093 ], [ -4.613022, 58.284131 ], [ -4.612602, 58.2841 ], [ -4.612415, 58.284112 ], [ -4.610488, 58.284457 ], [ -4.609908, 58.284698 ], [ -4.609508, 58.284702 ], [ -4.60934, 58.284737 ], [ -4.609267, 58.284788 ], [ -4.609164, 58.285014 ], [ -4.609041, 58.28508 ], [ -4.608532, 58.285122 ], [ -4.607992, 58.285321 ], [ -4.606508, 58.285549 ], [ -4.604876, 58.285749 ], [ -4.604494, 58.285882 ], [ -4.604321, 58.28585 ], [ -4.60425, 58.285806 ], [ -4.604254, 58.285168 ], [ -4.604189, 58.285098 ], [ -4.60405, 58.28506 ], [ -4.60271, 58.285402 ], [ -4.602292, 58.285406 ], [ -4.601817, 58.285326 ], [ -4.601501, 58.28531 ], [ -4.600309, 58.285339 ], [ -4.599474, 58.285468 ], [ -4.599388, 58.285461 ], [ -4.599244, 58.28536 ], [ -4.599376, 58.285187 ], [ -4.599321, 58.285134 ], [ -4.598285, 58.285187 ], [ -4.598128, 58.285145 ], [ -4.598017, 58.28503 ], [ -4.598008, 58.284783 ], [ -4.597928, 58.284632 ], [ -4.597798, 58.284604 ], [ -4.597509, 58.284609 ], [ -4.597386, 58.284567 ], [ -4.597223, 58.284431 ], [ -4.597133, 58.284253 ], [ -4.596801, 58.284143 ], [ -4.596593, 58.283986 ], [ -4.596453, 58.283944 ], [ -4.596127, 58.28391 ], [ -4.595663, 58.283753 ], [ -4.5952, 58.283708 ], [ -4.595033, 58.283761 ], [ -4.594977, 58.283929 ], [ -4.59488, 58.283998 ], [ -4.593762, 58.284344 ], [ -4.59349, 58.284592 ], [ -4.592944, 58.284819 ], [ -4.592752, 58.284877 ], [ -4.591699, 58.285055 ], [ -4.59072, 58.285318 ], [ -4.590279, 58.285349 ], [ -4.590132, 58.28533 ], [ -4.590032, 58.285242 ], [ -4.589881, 58.28493 ], [ -4.589532, 58.284699 ], [ -4.589312, 58.284614 ], [ -4.588523, 58.284437 ], [ -4.588009, 58.284398 ], [ -4.587423, 58.284441 ], [ -4.586635, 58.284385 ], [ -4.586196, 58.284448 ], [ -4.585703, 58.284476 ], [ -4.584385, 58.284413 ], [ -4.583729, 58.284422 ], [ -4.583197, 58.2845 ], [ -4.582629, 58.284668 ], [ -4.581978, 58.28474 ], [ -4.580908, 58.28469 ], [ -4.580177, 58.284952 ], [ -4.579377, 58.285103 ], [ -4.579312, 58.28514 ], [ -4.579285, 58.285239 ], [ -4.579509, 58.285387 ], [ -4.579668, 58.285582 ], [ -4.579603, 58.285749 ], [ -4.579332, 58.28589 ], [ -4.578796, 58.2859 ], [ -4.57812, 58.285869 ], [ -4.577648, 58.28595 ], [ -4.576979, 58.286144 ], [ -4.576159, 58.285998 ], [ -4.575496, 58.285918 ], [ -4.574881, 58.285903 ], [ -4.574457, 58.285934 ], [ -4.574143, 58.28608 ], [ -4.573898, 58.286345 ], [ -4.573477, 58.286421 ], [ -4.573206, 58.286444 ], [ -4.573059, 58.286425 ], [ -4.572734, 58.286292 ], [ -4.572371, 58.286223 ], [ -4.571862, 58.286265 ], [ -4.571687, 58.286322 ], [ -4.571282, 58.286384 ], [ -4.570199, 58.286505 ], [ -4.56999, 58.286563 ], [ -4.569851, 58.286642 ], [ -4.569761, 58.28681 ], [ -4.569443, 58.287019 ], [ -4.568994, 58.287059 ], [ -4.568856, 58.287044 ], [ -4.568785, 58.287005 ], [ -4.568599, 58.286793 ], [ -4.568561, 58.286614 ], [ -4.568583, 58.286093 ], [ -4.568531, 58.285963 ], [ -4.568388, 58.285876 ], [ -4.567921, 58.285796 ], [ -4.567708, 58.285674 ], [ -4.567704, 58.285621 ], [ -4.567956, 58.285328 ], [ -4.567863, 58.285222 ], [ -4.567654, 58.285159 ], [ -4.566755, 58.284997 ], [ -4.566298, 58.285042 ], [ -4.565645, 58.284988 ], [ -4.56463, 58.284977 ], [ -4.564326, 58.285024 ], [ -4.563628, 58.28528 ], [ -4.562942, 58.285352 ], [ -4.562673, 58.285281 ], [ -4.562117, 58.285023 ], [ -4.561776, 58.284829 ], [ -4.561721, 58.284622 ], [ -4.561667, 58.284583 ], [ -4.561416, 58.284534 ], [ -4.561246, 58.284546 ], [ -4.561115, 58.284621 ], [ -4.560904, 58.284643 ], [ -4.560446, 58.2848 ], [ -4.560302, 58.284817 ], [ -4.5599, 58.284793 ], [ -4.559484, 58.284703 ], [ -4.559272, 58.28473 ], [ -4.559175, 58.284799 ], [ -4.559008, 58.284843 ], [ -4.558871, 58.284845 ], [ -4.55847, 58.284723 ], [ -4.558171, 58.284711 ], [ -4.557844, 58.28479 ], [ -4.557119, 58.28515 ], [ -4.556701, 58.285257 ], [ -4.556414, 58.285429 ], [ -4.555682, 58.285439 ], [ -4.555293, 58.285735 ], [ -4.555111, 58.285801 ], [ -4.554189, 58.285914 ], [ -4.553787, 58.286012 ], [ -4.552523, 58.286109 ], [ -4.551956, 58.286062 ], [ -4.551499, 58.28599 ], [ -4.551135, 58.285912 ], [ -4.550923, 58.2858 ], [ -4.550005, 58.285135 ], [ -4.549657, 58.285277 ], [ -4.549255, 58.285267 ], [ -4.548534, 58.285317 ], [ -4.548277, 58.2853 ], [ -4.547632, 58.285115 ], [ -4.547353, 58.284914 ], [ -4.547238, 58.284732 ], [ -4.546745, 58.284526 ], [ -4.546654, 58.284434 ], [ -4.546405, 58.284304 ], [ -4.545959, 58.284147 ], [ -4.545498, 58.2839 ], [ -4.545441, 58.28382 ], [ -4.545476, 58.283716 ], [ -4.545991, 58.2834 ], [ -4.546003, 58.28309 ], [ -4.545897, 58.282921 ], [ -4.545571, 58.282667 ], [ -4.54503, 58.282377 ], [ -4.544487, 58.282294 ], [ -4.544138, 58.282301 ], [ -4.543927, 58.282336 ], [ -4.543591, 58.282285 ], [ -4.542818, 58.282336 ], [ -4.542093, 58.282323 ], [ -4.541616, 58.282221 ], [ -4.541083, 58.282038 ], [ -4.540953, 58.281888 ], [ -4.540971, 58.281784 ], [ -4.541751, 58.281122 ], [ -4.541688, 58.281078 ], [ -4.541112, 58.281018 ], [ -4.541032, 58.28097 ], [ -4.540608, 58.28088 ], [ -4.540481, 58.2809 ], [ -4.540291, 58.280863 ], [ -4.540162, 58.280857 ], [ -4.540121, 58.28088 ], [ -4.539743, 58.280834 ], [ -4.539436, 58.28084 ], [ -4.53876, 58.280921 ], [ -4.538502, 58.281011 ], [ -4.538328, 58.281203 ], [ -4.537747, 58.281422 ], [ -4.537264, 58.281472 ], [ -4.536547, 58.281459 ], [ -4.536172, 58.281583 ], [ -4.535731, 58.281623 ], [ -4.534826, 58.281848 ], [ -4.534736, 58.281895 ], [ -4.534581, 58.282267 ], [ -4.534451, 58.282444 ], [ -4.534123, 58.282621 ], [ -4.533764, 58.282736 ], [ -4.533081, 58.282722 ], [ -4.532216, 58.282439 ], [ -4.531995, 58.282205 ], [ -4.531595, 58.281975 ], [ -4.529763, 58.28069 ], [ -4.528345, 58.280063 ], [ -4.527951, 58.279909 ], [ -4.527037, 58.279648 ], [ -4.526205, 58.279463 ], [ -4.525473, 58.27936 ], [ -4.524713, 58.279357 ], [ -4.524174, 58.279444 ], [ -4.523281, 58.279844 ], [ -4.523355, 58.279681 ], [ -4.522635, 58.279987 ], [ -4.521404, 58.280308 ], [ -4.521147, 58.280407 ], [ -4.519887, 58.280445 ], [ -4.519036, 58.280709 ], [ -4.518961, 58.280839 ], [ -4.518876, 58.280851 ], [ -4.518803, 58.283068 ], [ -4.518814, 58.286115 ], [ -4.518476, 58.286116 ], [ -4.518292, 58.286433 ], [ -4.518224, 58.286677 ], [ -4.517855, 58.287012 ], [ -4.517575, 58.287638 ], [ -4.517552, 58.288267 ], [ -4.517697, 58.288386 ], [ -4.517913, 58.288435 ], [ -4.518542, 58.288396 ], [ -4.519083, 58.288322 ], [ -4.5195, 58.288202 ], [ -4.519758, 58.288224 ], [ -4.519872, 58.288271 ], [ -4.520147, 58.288903 ], [ -4.520106, 58.289515 ], [ -4.520491, 58.290011 ], [ -4.519977, 58.290272 ], [ -4.519501, 58.290386 ], [ -4.519284, 58.290909 ], [ -4.518721, 58.291228 ], [ -4.518202, 58.291296 ], [ -4.518635, 58.292456 ], [ -4.519068, 58.293048 ], [ -4.519068, 58.293435 ], [ -4.518592, 58.293571 ], [ -4.518808, 58.293912 ], [ -4.518115, 58.294208 ], [ -4.517812, 58.294003 ], [ -4.517466, 58.294254 ], [ -4.517509, 58.294527 ], [ -4.516644, 58.294663 ], [ -4.515874, 58.295196 ], [ -4.515651, 58.294851 ], [ -4.515302, 58.293912 ], [ -4.514782, 58.293344 ], [ -4.514436, 58.29257 ], [ -4.513397, 58.290932 ], [ -4.512618, 58.290409 ], [ -4.511492, 58.289863 ], [ -4.510064, 58.289453 ], [ -4.509328, 58.289089 ], [ -4.508808, 58.288748 ], [ -4.508159, 58.288679 ], [ -4.50673, 58.288634 ], [ -4.504956, 58.288384 ], [ -4.503873, 58.288156 ], [ -4.502791, 58.288179 ], [ -4.498852, 58.288065 ], [ -4.49712, 58.288338 ], [ -4.496255, 58.288429 ], [ -4.495735, 58.288429 ], [ -4.495172, 58.288111 ], [ -4.49461, 58.287633 ], [ -4.493311, 58.287382 ], [ -4.492618, 58.2872 ], [ -4.492315, 58.286631 ], [ -4.492359, 58.286108 ], [ -4.492488, 58.285721 ], [ -4.491666, 58.285789 ], [ -4.490757, 58.285676 ], [ -4.489415, 58.285994 ], [ -4.488463, 58.287246 ], [ -4.486774, 58.288156 ], [ -4.484783, 58.288566 ], [ -4.483398, 58.288384 ], [ -4.481493, 58.288088 ], [ -4.479848, 58.287997 ], [ -4.478463, 58.288202 ], [ -4.47829, 58.288543 ], [ -4.479718, 58.288748 ], [ -4.480151, 58.288975 ], [ -4.479632, 58.289203 ], [ -4.478636, 58.28943 ], [ -4.47816, 58.289885 ], [ -4.477381, 58.289954 ], [ -4.47526, 58.289931 ], [ -4.473701, 58.28984 ], [ -4.471753, 58.289385 ], [ -4.471364, 58.289885 ], [ -4.471234, 58.290272 ], [ -4.470628, 58.290363 ], [ -4.469372, 58.290158 ], [ -4.468377, 58.290045 ], [ -4.467641, 58.290204 ], [ -4.466472, 58.290067 ], [ -4.465909, 58.289635 ], [ -4.465173, 58.289499 ], [ -4.464481, 58.289612 ], [ -4.465217, 58.290136 ], [ -4.465173, 58.290386 ], [ -4.464351, 58.290545 ], [ -4.463399, 58.290545 ], [ -4.46223, 58.2905 ], [ -4.461364, 58.29075 ], [ -4.459892, 58.290796 ], [ -4.459676, 58.290363 ], [ -4.459026, 58.290204 ], [ -4.458074, 58.290113 ], [ -4.456386, 58.289863 ], [ -4.456689, 58.289476 ], [ -4.456862, 58.289157 ], [ -4.456472, 58.28877 ], [ -4.45565, 58.288657 ], [ -4.453182, 58.289203 ], [ -4.451451, 58.289044 ], [ -4.450585, 58.289203 ], [ -4.449243, 58.289385 ], [ -4.447988, 58.289408 ], [ -4.447295, 58.289089 ], [ -4.446689, 58.288702 ], [ -4.445607, 58.288611 ], [ -4.444352, 58.288315 ], [ -4.443659, 58.287792 ], [ -4.443313, 58.286427 ], [ -4.442533, 58.285949 ], [ -4.441408, 58.285539 ], [ -4.440326, 58.285221 ], [ -4.438811, 58.285084 ], [ -4.437382, 58.284834 ], [ -4.436127, 58.284925 ], [ -4.435174, 58.284857 ], [ -4.434222, 58.284515 ], [ -4.433486, 58.284037 ], [ -4.432837, 58.283924 ], [ -4.431495, 58.283855 ], [ -4.42972, 58.283514 ], [ -4.427988, 58.283059 ], [ -4.426863, 58.282899 ], [ -4.42643, 58.283036 ], [ -4.42669, 58.283377 ], [ -4.428075, 58.283309 ], [ -4.428811, 58.283559 ], [ -4.428638, 58.283878 ], [ -4.427859, 58.284037 ], [ -4.427123, 58.28406 ], [ -4.426473, 58.283833 ], [ -4.425737, 58.283878 ], [ -4.425088, 58.283742 ], [ -4.424439, 58.283446 ], [ -4.423833, 58.283332 ], [ -4.42288, 58.283423 ], [ -4.421841, 58.283355 ], [ -4.421625, 58.283742 ], [ -4.422058, 58.284697 ], [ -4.422231, 58.285539 ], [ -4.421928, 58.285676 ], [ -4.419606, 58.285542 ], [ -4.419348, 58.285452 ], [ -4.418498, 58.285319 ], [ -4.417855, 58.285174 ], [ -4.417603, 58.284945 ], [ -4.417121, 58.2848 ], [ -4.414709, 58.284534 ], [ -4.413469, 58.28451 ], [ -4.413216, 58.284909 ], [ -4.412872, 58.285235 ], [ -4.411907, 58.285778 ], [ -4.411861, 58.286188 ], [ -4.411402, 58.286925 ], [ -4.410805, 58.287287 ], [ -4.410851, 58.287673 ], [ -4.411264, 58.288084 ], [ -4.411379, 58.288398 ], [ -4.411241, 58.288893 ], [ -4.410943, 58.289291 ], [ -4.41092, 58.289738 ], [ -4.410071, 58.290172 ], [ -4.40603, 58.29007 ], [ -4.382342, 58.296694 ], [ -4.382661, 58.297003 ], [ -4.382684, 58.297088 ], [ -4.382932, 58.297218 ], [ -4.383023, 58.297683 ], [ -4.382951, 58.297752 ], [ -4.382955, 58.297819 ], [ -4.383117, 58.298194 ], [ -4.383659, 58.298382 ], [ -4.383734, 58.298366 ], [ -4.383994, 58.29855 ], [ -4.383797, 58.298657 ], [ -4.383584, 58.299052 ], [ -4.38339, 58.299213 ], [ -4.383315, 58.299358 ], [ -4.383021, 58.299435 ], [ -4.382671, 58.299307 ], [ -4.382186, 58.299304 ], [ -4.381414, 58.299007 ], [ -4.380996, 58.298759 ], [ -4.38084, 58.298717 ], [ -4.380641, 58.298575 ], [ -4.379931, 58.298783 ], [ -4.379744, 58.298764 ], [ -4.379714, 58.298854 ], [ -4.379384, 58.299009 ], [ -4.379343, 58.299121 ], [ -4.379468, 58.299254 ], [ -4.379804, 58.299428 ], [ -4.379803, 58.299542 ], [ -4.380073, 58.29962 ], [ -4.380215, 58.299703 ], [ -4.380437, 58.299964 ], [ -4.380469, 58.299957 ], [ -4.380241, 58.300215 ], [ -4.37991, 58.300481 ], [ -4.379571, 58.300524 ], [ -4.379258, 58.300444 ], [ -4.378901, 58.300204 ], [ -4.366955, 58.303541 ], [ -4.362445, 58.305756 ], [ -4.362306, 58.30646 ], [ -4.362061, 58.306976 ], [ -4.361493, 58.307999 ], [ -4.361183, 58.308317 ], [ -4.361007, 58.308474 ], [ -4.360301, 58.3089 ], [ -4.358421, 58.309724 ], [ -4.357086, 58.310142 ], [ -4.355595, 58.310287 ], [ -4.353444, 58.310665 ], [ -4.348889, 58.311582 ], [ -4.347957, 58.311834 ], [ -4.345698, 58.312675 ], [ -4.342617, 58.314017 ], [ -4.340733, 58.315195 ], [ -4.339442, 58.315885 ], [ -4.33839, 58.316327 ], [ -4.331632, 58.318848 ], [ -4.330804, 58.319207 ], [ -4.330675, 58.319127 ], [ -4.330352, 58.319011 ], [ -4.329562, 58.318819 ], [ -4.329264, 58.31882 ], [ -4.32873, 58.318888 ], [ -4.327932, 58.318822 ], [ -4.327516, 58.318731 ], [ -4.326899, 58.318427 ], [ -4.326444, 58.318265 ], [ -4.326372, 58.318203 ], [ -4.326325, 58.318007 ], [ -4.326129, 58.31775 ], [ -4.325876, 58.317548 ], [ -4.324984, 58.317092 ], [ -4.324706, 58.316711 ], [ -4.3163, 58.319405 ], [ -4.306612, 58.318249 ], [ -4.291324, 58.319088 ], [ -4.287499, 58.319336 ], [ -4.288501, 58.320764 ], [ -4.284192, 58.321502 ], [ -4.283143, 58.321642 ], [ -4.281583, 58.321957 ], [ -4.281174, 58.322259 ], [ -4.280429, 58.322971 ], [ -4.27999, 58.323325 ], [ -4.279545, 58.323798 ], [ -4.279336, 58.323961 ], [ -4.278765, 58.324282 ], [ -4.277116, 58.324994 ], [ -4.274788, 58.325663 ], [ -4.274023, 58.327329 ], [ -4.274025, 58.328816 ], [ -4.273959, 58.329661 ], [ -4.273403, 58.331508 ], [ -4.273037, 58.332988 ], [ -4.274063, 58.333499 ], [ -4.273615, 58.334267 ], [ -4.273479, 58.335338 ], [ -4.272351, 58.33892 ], [ -4.271511, 58.339671 ], [ -4.271431, 58.341757 ], [ -4.270015, 58.346171 ], [ -4.252478, 58.359896 ], [ -4.249974, 58.359531 ], [ -4.24829, 58.362042 ], [ -4.247286, 58.364562 ], [ -4.250963, 58.367754 ], [ -4.253995, 58.370616 ], [ -4.253006, 58.370587 ], [ -4.25123, 58.371027 ], [ -4.251233, 58.371074 ], [ -4.251012, 58.371085 ], [ -4.250468, 58.371005 ], [ -4.250128, 58.370908 ], [ -4.249908, 58.370673 ], [ -4.249811, 58.37063 ], [ -4.249478, 58.370632 ], [ -4.249041, 58.371017 ], [ -4.24893, 58.371283 ], [ -4.248809, 58.371398 ], [ -4.248462, 58.371597 ], [ -4.248159, 58.371661 ], [ -4.248031, 58.371663 ], [ -4.247928, 58.371535 ], [ -4.247671, 58.371386 ], [ -4.247346, 58.371257 ], [ -4.247177, 58.371274 ], [ -4.246841, 58.37137 ], [ -4.246612, 58.371371 ], [ -4.246988, 58.371538 ], [ -4.247052, 58.371604 ], [ -4.247206, 58.371601 ], [ -4.247449, 58.37166 ], [ -4.247478, 58.371916 ], [ -4.247694, 58.37201 ], [ -4.248105, 58.372434 ], [ -4.248816, 58.372849 ], [ -4.24889, 58.372946 ], [ -4.249023, 58.373016 ], [ -4.249157, 58.373242 ], [ -4.249465, 58.373385 ], [ -4.249648, 58.373571 ], [ -4.249743, 58.373582 ], [ -4.249694, 58.374009 ], [ -4.249535, 58.374668 ], [ -4.249215, 58.374614 ], [ -4.244977, 58.378044 ], [ -4.243175, 58.385872 ], [ -4.234062, 58.39262 ], [ -4.234328, 58.394251 ], [ -4.232592, 58.397723 ], [ -4.22555, 58.402057 ], [ -4.226425, 58.403012 ], [ -4.226653, 58.40373 ], [ -4.226471, 58.403971 ], [ -4.225393, 58.404659 ], [ -4.22452, 58.404786 ], [ -4.223729, 58.404993 ], [ -4.223307, 58.405158 ], [ -4.223232, 58.405119 ], [ -4.222807, 58.405162 ], [ -4.222668, 58.405142 ], [ -4.222291, 58.404987 ], [ -4.221866, 58.4049 ], [ -4.221738, 58.404907 ], [ -4.221684, 58.404867 ], [ -4.221549, 58.404896 ], [ -4.22104, 58.404689 ], [ -4.220868, 58.404679 ], [ -4.220728, 58.404632 ], [ -4.219973, 58.404052 ], [ -4.219835, 58.403628 ], [ -4.219867, 58.403466 ], [ -4.219793, 58.403364 ], [ -4.219802, 58.403112 ], [ -4.219457, 58.40279 ], [ -4.218998, 58.402704 ], [ -4.217846, 58.402342 ], [ -4.217492, 58.402159 ], [ -4.217232, 58.401971 ], [ -4.217041, 58.401785 ], [ -4.216856, 58.401429 ], [ -4.216327, 58.401043 ], [ -4.216315, 58.400855 ], [ -4.216385, 58.40075 ], [ -4.216314, 58.400563 ], [ -4.215934, 58.400515 ], [ -4.2158, 58.400354 ], [ -4.215551, 58.400401 ], [ -4.215267, 58.400383 ], [ -4.214668, 58.400515 ], [ -4.214305, 58.400732 ], [ -4.214204, 58.400752 ], [ -4.213971, 58.400729 ], [ -4.213382, 58.400887 ], [ -4.213149, 58.400849 ], [ -4.209216, 58.403908 ], [ -4.205769, 58.406402 ], [ -4.201091, 58.410175 ], [ -4.19977, 58.41113 ], [ -4.199375, 58.411511 ], [ -4.199213, 58.411817 ], [ -4.199266, 58.412771 ], [ -4.199485, 58.413474 ], [ -4.199701, 58.413858 ], [ -4.198261, 58.41572 ], [ -4.198049, 58.417309 ], [ -4.197283, 58.417332 ], [ -4.196893, 58.418259 ], [ -4.196578, 58.419803 ], [ -4.196363, 58.421506 ], [ -4.196348, 58.423042 ], [ -4.196393, 58.423213 ], [ -4.199239, 58.423544 ], [ -4.201554, 58.424007 ], [ -4.205332, 58.424607 ], [ -4.20831, 58.428255 ], [ -4.208977, 58.429393 ], [ -4.209327, 58.429174 ], [ -4.209886, 58.429083 ], [ -4.21025, 58.428875 ], [ -4.211452, 58.428526 ], [ -4.211525, 58.428462 ], [ -4.211547, 58.428264 ], [ -4.211749, 58.428133 ], [ -4.21219, 58.428006 ], [ -4.212225, 58.427875 ], [ -4.212291, 58.427838 ], [ -4.21319, 58.427831 ], [ -4.213159, 58.427746 ], [ -4.213225, 58.427714 ], [ -4.213417, 58.427764 ], [ -4.213654, 58.42772 ], [ -4.213695, 58.427688 ], [ -4.213623, 58.427644 ], [ -4.213611, 58.427577 ], [ -4.213339, 58.427622 ], [ -4.213327, 58.427564 ], [ -4.21352, 58.427502 ], [ -4.213724, 58.427481 ], [ -4.21379, 58.42743 ], [ -4.214329, 58.427286 ], [ -4.214992, 58.427212 ], [ -4.215074, 58.427291 ], [ -4.215187, 58.427316 ], [ -4.215237, 58.427293 ], [ -4.215249, 58.427207 ], [ -4.21534, 58.427165 ], [ -4.215326, 58.427085 ], [ -4.215416, 58.427011 ], [ -4.215545, 58.427014 ], [ -4.215592, 58.427085 ], [ -4.215644, 58.427093 ], [ -4.215992, 58.427042 ], [ -4.21637, 58.426927 ], [ -4.217136, 58.426999 ], [ -4.217332, 58.426983 ], [ -4.217597, 58.426834 ], [ -4.217701, 58.426581 ], [ -4.217988, 58.426387 ], [ -4.218205, 58.426289 ], [ -4.219044, 58.426149 ], [ -4.219472, 58.42602 ], [ -4.220625, 58.425969 ], [ -4.220637, 58.425758 ], [ -4.220792, 58.425634 ], [ -4.220884, 58.425601 ], [ -4.221158, 58.425596 ], [ -4.221903, 58.425183 ], [ -4.221831, 58.425 ], [ -4.221894, 58.424909 ], [ -4.222145, 58.424815 ], [ -4.222458, 58.424751 ], [ -4.223154, 58.424654 ], [ -4.223279, 58.424463 ], [ -4.22341, 58.42438 ], [ -4.223788, 58.424391 ], [ -4.224067, 58.424333 ], [ -4.224249, 58.42424 ], [ -4.224482, 58.423867 ], [ -4.224566, 58.42383 ], [ -4.225006, 58.423759 ], [ -4.225173, 58.42368 ], [ -4.226694, 58.428518 ], [ -4.227417, 58.431281 ], [ -4.225218, 58.43298 ], [ -4.208639, 58.438761 ], [ -4.205811, 58.43979 ], [ -4.20582, 58.441512 ], [ -4.204521, 58.441775 ], [ -4.20378, 58.442052 ], [ -4.202357, 58.442897 ], [ -4.202025, 58.443352 ], [ -4.201922, 58.443795 ], [ -4.203698, 58.44782 ], [ -4.203891, 58.44865 ], [ -4.204035, 58.449784 ], [ -4.203909, 58.451698 ], [ -4.204241, 58.452164 ], [ -4.205249, 58.453166 ], [ -4.206509, 58.454059 ], [ -4.20759, 58.455095 ], [ -4.208353, 58.455962 ], [ -4.208517, 58.45659 ], [ -4.208743, 58.457168 ], [ -4.208848, 58.458349 ], [ -4.209601, 58.459702 ], [ -4.210182, 58.461202 ], [ -4.210782, 58.463039 ], [ -4.213033, 58.465238 ], [ -4.213606, 58.466155 ], [ -4.215523, 58.468523 ], [ -4.21591, 58.469073 ], [ -4.216386, 58.471234 ], [ -4.216841, 58.472537 ], [ -4.217627, 58.473391 ], [ -4.217428, 58.474226 ], [ -4.217178, 58.475725 ], [ -4.217129, 58.477031 ], [ -4.217292, 58.478617 ], [ -4.217581, 58.480405 ], [ -4.219454, 58.482883 ], [ -4.220321, 58.484717 ], [ -4.222875, 58.484419 ], [ -4.228, 58.484344 ], [ -4.230824, 58.484389 ], [ -4.232207, 58.484369 ], [ -4.233904, 58.48447 ], [ -4.236264, 58.484289 ], [ -4.237933, 58.48439 ], [ -4.238711, 58.484342 ], [ -4.240478, 58.484064 ], [ -4.242568, 58.483937 ], [ -4.244633, 58.483721 ], [ -4.2471, 58.483741 ], [ -4.247955, 58.483654 ], [ -4.249239, 58.483627 ], [ -4.249729, 58.483667 ], [ -4.250227, 58.483822 ], [ -4.250429, 58.483793 ], [ -4.250498, 58.483842 ], [ -4.250581, 58.483828 ], [ -4.250864, 58.483962 ], [ -4.251003, 58.483991 ], [ -4.251032, 58.483901 ], [ -4.250913, 58.483786 ], [ -4.251037, 58.483726 ], [ -4.251006, 58.483641 ], [ -4.251063, 58.48359 ], [ -4.259958, 58.482826 ], [ -4.259573, 58.481681 ], [ -4.257809, 58.480858 ], [ -4.255513, 58.479021 ], [ -4.256632, 58.477083 ], [ -4.256569, 58.475705 ], [ -4.258238, 58.473246 ], [ -4.260065, 58.470326 ], [ -4.262459, 58.46422 ], [ -4.263775, 58.461097 ], [ -4.265808, 58.455388 ], [ -4.266193, 58.454573 ], [ -4.267687, 58.454612 ], [ -4.26762, 58.453982 ], [ -4.267095, 58.453151 ], [ -4.26682, 58.452604 ], [ -4.266343, 58.451314 ], [ -4.266389, 58.450168 ], [ -4.266223, 58.448657 ], [ -4.265021, 58.447025 ], [ -4.265627, 58.445654 ], [ -4.265696, 58.444732 ], [ -4.266362, 58.44189 ], [ -4.268863, 58.439753 ], [ -4.271297, 58.437455 ], [ -4.271744, 58.437668 ], [ -4.271982, 58.437917 ], [ -4.272356, 58.437662 ], [ -4.27298, 58.437615 ], [ -4.273327, 58.437767 ], [ -4.27402, 58.437957 ], [ -4.27404, 58.437643 ], [ -4.274706, 58.437419 ], [ -4.275431, 58.437496 ], [ -4.275941, 58.437718 ], [ -4.276607, 58.437568 ], [ -4.276844, 58.43732 ], [ -4.276607, 58.436474 ], [ -4.276248, 58.43606 ], [ -4.276607, 58.435802 ], [ -4.279078, 58.435429 ], [ -4.278888, 58.43523 ], [ -4.278651, 58.434782 ], [ -4.277462, 58.434483 ], [ -4.276749, 58.434035 ], [ -4.277035, 58.433811 ], [ -4.276654, 58.433165 ], [ -4.275989, 58.432269 ], [ -4.274943, 58.431224 ], [ -4.274088, 58.430527 ], [ -4.273612, 58.429731 ], [ -4.271046, 58.430328 ], [ -4.271331, 58.430826 ], [ -4.27019, 58.431323 ], [ -4.268674, 58.432352 ], [ -4.268378, 58.43209 ], [ -4.269126, 58.431214 ], [ -4.266973, 58.42942 ], [ -4.264717, 58.427901 ], [ -4.26559, 58.427091 ], [ -4.266803, 58.426243 ], [ -4.268173, 58.424381 ], [ -4.268568, 58.424136 ], [ -4.268905, 58.42351 ], [ -4.269184, 58.422762 ], [ -4.274179, 58.420882 ], [ -4.280756, 58.421507 ], [ -4.285301, 58.422524 ], [ -4.288724, 58.42286 ], [ -4.294427, 58.423084 ], [ -4.296423, 58.423084 ], [ -4.297987, 58.422681 ], [ -4.300915, 58.422151 ], [ -4.302008, 58.421994 ], [ -4.303073, 58.422321 ], [ -4.308758, 58.422772 ], [ -4.310469, 58.422655 ], [ -4.317242, 58.425828 ], [ -4.312025, 58.43691 ], [ -4.3097, 58.446245 ], [ -4.307767, 58.448046 ], [ -4.305817, 58.451017 ], [ -4.315426, 58.456595 ], [ -4.315269, 58.457079 ], [ -4.315938, 58.457509 ], [ -4.309743, 58.459069 ], [ -4.308888, 58.459581 ], [ -4.307853, 58.460815 ], [ -4.306255, 58.461071 ], [ -4.304658, 58.462841 ], [ -4.303518, 58.463154 ], [ -4.303688, 58.463915 ], [ -4.306644, 58.463913 ], [ -4.307975, 58.464485 ], [ -4.309234, 58.469086 ], [ -4.304944, 58.488968 ], [ -4.306737, 58.489353 ], [ -4.308404, 58.489113 ], [ -4.315621, 58.487576 ], [ -4.318828, 58.487032 ], [ -4.324854, 58.485819 ], [ -4.33034, 58.485465 ], [ -4.332013, 58.485075 ], [ -4.332916, 58.48442 ], [ -4.335048, 58.483162 ], [ -4.337307, 58.483022 ], [ -4.341286, 58.483698 ], [ -4.342536, 58.484547 ], [ -4.343798, 58.48664 ], [ -4.343923, 58.487485 ], [ -4.347071, 58.486962 ], [ -4.348688, 58.487069 ], [ -4.351458, 58.488084 ], [ -4.352955, 58.487867 ], [ -4.353924, 58.486916 ], [ -4.35565, 58.485709 ], [ -4.359325, 58.485207 ], [ -4.360671, 58.485202 ], [ -4.362131, 58.485893 ], [ -4.363574, 58.486079 ], [ -4.369338, 58.485452 ], [ -4.369701, 58.484123 ], [ -4.369567, 58.481991 ], [ -4.368728, 58.480601 ], [ -4.36735, 58.478575 ], [ -4.365817, 58.476707 ], [ -4.364454, 58.475895 ], [ -4.363737, 58.474458 ], [ -4.364066, 58.473527 ], [ -4.362701, 58.470638 ], [ -4.362653, 58.468562 ], [ -4.362365, 58.467843 ], [ -4.362604, 58.46666 ], [ -4.366032, 58.464247 ], [ -4.367037, 58.462036 ], [ -4.368187, 58.461125 ], [ -4.368192, 58.460603 ], [ -4.370833, 58.459832 ], [ -4.371588, 58.459563 ], [ -4.372386, 58.458931 ], [ -4.371779, 58.458308 ], [ -4.37387, 58.457654 ], [ -4.375303, 58.457307 ], [ -4.374809, 58.457068 ], [ -4.371159, 58.456504 ], [ -4.369546, 58.456589 ], [ -4.368083, 58.455555 ], [ -4.367617, 58.455156 ], [ -4.366317, 58.45454 ], [ -4.365744, 58.454095 ], [ -4.364833, 58.453669 ], [ -4.364283, 58.453503 ], [ -4.363284, 58.453415 ], [ -4.362043, 58.452824 ], [ -4.361184, 58.45263 ], [ -4.359211, 58.452862 ], [ -4.358452, 58.452549 ], [ -4.357525, 58.452737 ], [ -4.356747, 58.452458 ], [ -4.357651, 58.451653 ], [ -4.356423, 58.451073 ], [ -4.356925, 58.450926 ], [ -4.35693, 58.450504 ], [ -4.357564, 58.449959 ], [ -4.35773, 58.448488 ], [ -4.357026, 58.44781 ], [ -4.356623, 58.447611 ], [ -4.355457, 58.447485 ], [ -4.355169, 58.446896 ], [ -4.355464, 58.446906 ], [ -4.355837, 58.44622 ], [ -4.356671, 58.446278 ], [ -4.358064, 58.446508 ], [ -4.359381, 58.446331 ], [ -4.360107, 58.446471 ], [ -4.360148, 58.445989 ], [ -4.360662, 58.445469 ], [ -4.360782, 58.444236 ], [ -4.360213, 58.443241 ], [ -4.360459, 58.442969 ], [ -4.361162, 58.442528 ], [ -4.362435, 58.441935 ], [ -4.364004, 58.441788 ], [ -4.364934, 58.441201 ], [ -4.365951, 58.439667 ], [ -4.366522, 58.439358 ], [ -4.367967, 58.439301 ], [ -4.369377, 58.439412 ], [ -4.369635, 58.438907 ], [ -4.369419, 58.438619 ], [ -4.3702, 58.438078 ], [ -4.36894, 58.434393 ], [ -4.369022, 58.432692 ], [ -4.369403, 58.432355 ], [ -4.369545, 58.430685 ], [ -4.370168, 58.428985 ], [ -4.37008, 58.427786 ], [ -4.369349, 58.427319 ], [ -4.368959, 58.426524 ], [ -4.369315, 58.426028 ], [ -4.369544, 58.425584 ], [ -4.372611, 58.424855 ], [ -4.373483, 58.424395 ], [ -4.37387, 58.424298 ], [ -4.376769, 58.424124 ], [ -4.377697, 58.425117 ], [ -4.378664, 58.426253 ], [ -4.380062, 58.426761 ], [ -4.381424, 58.427793 ], [ -4.385508, 58.428612 ], [ -4.384804, 58.430317 ], [ -4.385451, 58.430642 ], [ -4.389101, 58.432091 ], [ -4.389345, 58.432664 ], [ -4.393236, 58.435188 ], [ -4.395375, 58.438298 ], [ -4.396326, 58.443833 ], [ -4.398227, 58.443678 ], [ -4.399891, 58.442527 ], [ -4.40197, 58.441563 ], [ -4.403812, 58.439884 ], [ -4.408205, 58.438516 ], [ -4.409919, 58.438895 ], [ -4.412248, 58.438671 ], [ -4.413769, 58.43892 ], [ -4.41472, 58.439268 ], [ -4.41529, 58.43989 ], [ -4.415338, 58.440941 ], [ -4.415533, 58.441723 ], [ -4.415813, 58.442328 ], [ -4.416823, 58.443429 ], [ -4.418035, 58.443928 ], [ -4.418427, 58.445326 ], [ -4.4192, 58.446227 ], [ -4.420927, 58.446799 ], [ -4.421457, 58.44744 ], [ -4.422527, 58.447657 ], [ -4.422646, 58.446694 ], [ -4.423442, 58.446026 ], [ -4.423834, 58.442683 ], [ -4.424661, 58.44237 ], [ -4.425097, 58.440375 ], [ -4.424487, 58.439635 ], [ -4.42486, 58.438898 ], [ -4.425642, 58.438559 ], [ -4.431468, 58.437303 ], [ -4.432391, 58.439755 ], [ -4.43211, 58.441142 ], [ -4.437432, 58.440838 ], [ -4.437914, 58.440637 ], [ -4.438615, 58.441177 ], [ -4.442384, 58.442626 ], [ -4.444818, 58.442832 ], [ -4.446149, 58.443528 ], [ -4.446624, 58.444374 ], [ -4.44824, 58.445071 ], [ -4.450332, 58.44517 ], [ -4.451534, 58.444713 ], [ -4.452902, 58.445025 ], [ -4.453809, 58.444748 ] ] ], [ [ [ -4.452902, 58.445025 ], [ -4.45265, 58.445102 ], [ -4.452977, 58.445042 ], [ -4.452902, 58.445025 ] ] ] ] } },
{ "type": "Feature", "properties": { "NAME": "Flow Country" }, "geometry": { "type": "MultiPolygon", "coordinates": [ [ [ [ -3.936119, 58.558464 ], [ -3.935584, 58.559797 ], [ -3.937783, 58.559719 ], [ -3.9415, 58.559466 ], [ -3.94212, 58.55896 ], [ -3.943189, 58.558805 ], [ -3.944674, 58.558929 ], [ -3.94648, 58.559769 ], [ -3.950021, 58.559797 ], [ -3.951388, 58.560169 ], [ -3.953205, 58.561435 ], [ -3.955818, 58.562083 ], [ -3.957774, 58.561983 ], [ -3.964875, 58.559366 ], [ -3.973012, 58.558796 ], [ -3.980236, 58.558648 ], [ -3.983944, 58.556019 ], [ -3.98402, 58.554208 ], [ -3.990826, 58.54858 ], [ -3.991697, 58.547901 ], [ -3.993104, 58.546524 ], [ -3.994106, 58.543334 ], [ -3.993675, 58.541509 ], [ -3.99252, 58.540836 ], [ -3.99156, 58.539325 ], [ -3.991254, 58.536934 ], [ -3.991397, 58.531128 ], [ -3.989195, 58.529112 ], [ -3.989115, 58.527555 ], [ -3.989283, 58.525714 ], [ -3.988332, 58.525072 ], [ -3.987528, 58.522521 ], [ -3.988818, 58.521715 ], [ -3.992021, 58.520547 ], [ -3.99396, 58.520011 ], [ -3.995978, 58.519807 ], [ -3.99841, 58.519738 ], [ -3.998802, 58.51981 ], [ -4.001158, 58.519938 ], [ -4.003714, 58.519444 ], [ -4.004777, 58.519861 ], [ -4.005099, 58.520351 ], [ -4.006009, 58.520538 ], [ -4.007798, 58.521521 ], [ -4.008995, 58.520112 ], [ -4.009141, 58.517577 ], [ -4.008377, 58.516365 ], [ -4.00799, 58.513536 ], [ -4.009743, 58.512519 ], [ -4.010848, 58.511546 ], [ -4.011248, 58.508008 ], [ -4.014099, 58.507996 ], [ -4.016637, 58.508631 ], [ -4.017591, 58.508517 ], [ -4.019075, 58.5074 ], [ -4.018593, 58.50664 ], [ -4.01787, 58.506374 ], [ -4.016458, 58.506261 ], [ -4.015545, 58.505881 ], [ -4.015747, 58.505204 ], [ -4.01594, 58.5039 ], [ -4.016024, 58.502891 ], [ -4.016665, 58.502469 ], [ -4.017724, 58.502004 ], [ -4.018107, 58.501156 ], [ -4.018209, 58.49921 ], [ -4.017548, 58.498922 ], [ -4.016644, 58.498714 ], [ -4.016817, 58.497902 ], [ -4.017171, 58.497486 ], [ -4.017932, 58.497299 ], [ -4.017659, 58.496427 ], [ -4.016758, 58.495589 ], [ -4.016828, 58.494635 ], [ -4.016238, 58.493578 ], [ -4.015588, 58.493463 ], [ -4.015738, 58.49199 ], [ -4.014787, 58.491271 ], [ -4.014534, 58.490294 ], [ -4.014492, 58.489365 ], [ -4.012667, 58.487389 ], [ -4.01269, 58.48643 ], [ -4.011539, 58.484749 ], [ -4.01184, 58.483935 ], [ -4.010968, 58.48295 ], [ -4.011403, 58.482117 ], [ -4.012893, 58.481021 ], [ -4.011159, 58.480998 ], [ -4.001485, 58.482631 ], [ -4.007868, 58.474462 ], [ -4.008091, 58.4663 ], [ -4.009514, 58.463358 ], [ -4.010724, 58.463593 ], [ -4.012093, 58.463717 ], [ -4.016008, 58.469842 ], [ -4.028258, 58.471908 ], [ -4.037223, 58.4689 ], [ -4.038322, 58.468137 ], [ -4.035757, 58.467447 ], [ -4.034624, 58.467012 ], [ -4.035276, 58.464909 ], [ -4.035745, 58.462639 ], [ -4.035847, 58.460717 ], [ -4.035583, 58.458861 ], [ -4.036724, 58.457659 ], [ -4.03697, 58.457703 ], [ -4.038253, 58.458113 ], [ -4.039763, 58.458321 ], [ -4.042518, 58.458541 ], [ -4.042959, 58.458822 ], [ -4.044423, 58.460073 ], [ -4.045084, 58.462898 ], [ -4.045317, 58.467002 ], [ -4.045134, 58.470893 ], [ -4.042279, 58.47148 ], [ -4.042865, 58.471975 ], [ -4.042706, 58.472938 ], [ -4.042613, 58.474372 ], [ -4.043976, 58.474902 ], [ -4.045024, 58.47641 ], [ -4.046516, 58.476749 ], [ -4.049416, 58.477912 ], [ -4.051054, 58.477748 ], [ -4.053115, 58.477265 ], [ -4.05483, 58.47638 ], [ -4.057336, 58.475758 ], [ -4.058071, 58.474955 ], [ -4.059953, 58.473458 ], [ -4.062114, 58.473477 ], [ -4.063654, 58.473983 ], [ -4.063763, 58.475088 ], [ -4.064931, 58.475548 ], [ -4.0677, 58.478033 ], [ -4.067768, 58.479068 ], [ -4.069759, 58.479937 ], [ -4.071331, 58.480302 ], [ -4.072616, 58.480316 ], [ -4.073504, 58.480385 ], [ -4.074605, 58.480031 ], [ -4.075781, 58.480483 ], [ -4.07555, 58.482388 ], [ -4.075526, 58.48386 ], [ -4.069146, 58.485619 ], [ -4.067434, 58.485847 ], [ -4.064973, 58.485807 ], [ -4.063577, 58.486773 ], [ -4.062125, 58.487478 ], [ -4.059859, 58.489751 ], [ -4.058482, 58.490353 ], [ -4.05765, 58.491262 ], [ -4.057374, 58.492919 ], [ -4.056285, 58.49366 ], [ -4.055549, 58.494768 ], [ -4.054407, 58.495438 ], [ -4.048336, 58.511228 ], [ -4.046571, 58.515357 ], [ -4.042527, 58.531902 ], [ -4.045187, 58.535263 ], [ -4.045678, 58.535698 ], [ -4.046124, 58.537877 ], [ -4.039126, 58.540061 ], [ -4.011605, 58.545365 ], [ -4.006911, 58.54428 ], [ -4.003881, 58.54366 ], [ -4.003941, 58.54521 ], [ -4.004832, 58.54676 ], [ -4.005757, 58.547848 ], [ -4.005842, 58.548496 ], [ -4.00501, 58.549457 ], [ -4.004594, 58.550387 ], [ -4.004951, 58.550883 ], [ -4.004594, 58.551689 ], [ -4.003941, 58.553828 ], [ -4.00299, 58.55437 ], [ -4.002871, 58.554742 ], [ -4.002931, 58.555145 ], [ -4.003109, 58.555517 ], [ -4.003049, 58.556168 ], [ -4.001849, 58.558498 ], [ -4.004, 58.558988 ], [ -4.005744, 58.560369 ], [ -4.007149, 58.560661 ], [ -4.014457, 58.559949 ], [ -4.014575, 58.561126 ], [ -4.020029, 58.558771 ], [ -4.023832, 58.558151 ], [ -4.024961, 58.557717 ], [ -4.024174, 58.556664 ], [ -4.025733, 58.556168 ], [ -4.032566, 58.555982 ], [ -4.039101, 58.555889 ], [ -4.056628, 58.552634 ], [ -4.060169, 58.550945 ], [ -4.06192, 58.548985 ], [ -4.06302, 58.546946 ], [ -4.062921, 58.543717 ], [ -4.060076, 58.539208 ], [ -4.061124, 58.536887 ], [ -4.059396, 58.535213 ], [ -4.057143, 58.534561 ], [ -4.059037, 58.532728 ], [ -4.057987, 58.530812 ], [ -4.056251, 58.529069 ], [ -4.054297, 58.52792 ], [ -4.053352, 58.526277 ], [ -4.055624, 58.525256 ], [ -4.058367, 58.525636 ], [ -4.062366, 58.524179 ], [ -4.06388, 58.523026 ], [ -4.064619, 58.5236 ], [ -4.065772, 58.526085 ], [ -4.067751, 58.528265 ], [ -4.070371, 58.529325 ], [ -4.075002, 58.528253 ], [ -4.077959, 58.529009 ], [ -4.080527, 58.528628 ], [ -4.085039, 58.526347 ], [ -4.086234, 58.525678 ], [ -4.089666, 58.526901 ], [ -4.090872, 58.528992 ], [ -4.09771, 58.526279 ], [ -4.102417, 58.524922 ], [ -4.104013, 58.524363 ], [ -4.104909, 58.525946 ], [ -4.106534, 58.526615 ], [ -4.107206, 58.528105 ], [ -4.108362, 58.528689 ], [ -4.110264, 58.530791 ], [ -4.108718, 58.531879 ], [ -4.107928, 58.533582 ], [ -4.108652, 58.534654 ], [ -4.110178, 58.535573 ], [ -4.111743, 58.537545 ], [ -4.11199, 58.538923 ], [ -4.114465, 58.538573 ], [ -4.115948, 58.537674 ], [ -4.117662, 58.537622 ], [ -4.119352, 58.537888 ], [ -4.120077, 58.536967 ], [ -4.122787, 58.536918 ], [ -4.122932, 58.535395 ], [ -4.125636, 58.534306 ], [ -4.127635, 58.533552 ], [ -4.130405, 58.53291 ], [ -4.128579, 58.531891 ], [ -4.126972, 58.529827 ], [ -4.125389, 58.528766 ], [ -4.124839, 58.527521 ], [ -4.125015, 58.526239 ], [ -4.12626, 58.525694 ], [ -4.127901, 58.526158 ], [ -4.131243, 58.525131 ], [ -4.132939, 58.522837 ], [ -4.13581, 58.522455 ], [ -4.137646, 58.522741 ], [ -4.140602, 58.523458 ], [ -4.143819, 58.523807 ], [ -4.147079, 58.52447 ], [ -4.148036, 58.524737 ], [ -4.149711, 58.525059 ], [ -4.14993, 58.524198 ], [ -4.14897, 58.522324 ], [ -4.149976, 58.522514 ], [ -4.1507, 58.522066 ], [ -4.150655, 58.521321 ], [ -4.149394, 58.520753 ], [ -4.149812, 58.51845 ], [ -4.153761, 58.518851 ], [ -4.156216, 58.518685 ], [ -4.157683, 58.519197 ], [ -4.159627, 58.519053 ], [ -4.158954, 58.517366 ], [ -4.156345, 58.511317 ], [ -4.154152, 58.507165 ], [ -4.151622, 58.50198 ], [ -4.14888, 58.498489 ], [ -4.146295, 58.497299 ], [ -4.144756, 58.494181 ], [ -4.144541, 58.485517 ], [ -4.149796, 58.485886 ], [ -4.155875, 58.487572 ], [ -4.157721, 58.487123 ], [ -4.159257, 58.488284 ], [ -4.160883, 58.488965 ], [ -4.163418, 58.489542 ], [ -4.166139, 58.489265 ], [ -4.168328, 58.489655 ], [ -4.170454, 58.488507 ], [ -4.183987, 58.488734 ], [ -4.185589, 58.487155 ], [ -4.185761, 58.484274 ], [ -4.181937, 58.480431 ], [ -4.1791, 58.478197 ], [ -4.173772, 58.476142 ], [ -4.168148, 58.472332 ], [ -4.17193, 58.47126 ], [ -4.173704, 58.471198 ], [ -4.174607, 58.470513 ], [ -4.171441, 58.469456 ], [ -4.165871, 58.465181 ], [ -4.162914, 58.46171 ], [ -4.156724, 58.458438 ], [ -4.153215, 58.457043 ], [ -4.14838, 58.45331 ], [ -4.146698, 58.4494 ], [ -4.146949, 58.443539 ], [ -4.148777, 58.438998 ], [ -4.150997, 58.436716 ], [ -4.152132, 58.434517 ], [ -4.151114, 58.432541 ], [ -4.152349, 58.431378 ], [ -4.155381, 58.427559 ], [ -4.158376, 58.426709 ], [ -4.157283, 58.423074 ], [ -4.161468, 58.418196 ], [ -4.161944, 58.416578 ], [ -4.161867, 58.414404 ], [ -4.162205, 58.411969 ], [ -4.165508, 58.412938 ], [ -4.167647, 58.410946 ], [ -4.168717, 58.408207 ], [ -4.17383, 58.407265 ], [ -4.174556, 58.407485 ], [ -4.17515, 58.406552 ], [ -4.17723, 58.40677 ], [ -4.177864, 58.405655 ], [ -4.177866, 58.403476 ], [ -4.181949, 58.399591 ], [ -4.18507, 58.397311 ], [ -4.186404, 58.394263 ], [ -4.188715, 58.391197 ], [ -4.192066, 58.386943 ], [ -4.195393, 58.383579 ], [ -4.198809, 58.379125 ], [ -4.19774, 58.378518 ], [ -4.196344, 58.378237 ], [ -4.195982, 58.377799 ], [ -4.196077, 58.37622 ], [ -4.195715, 58.375312 ], [ -4.196892, 58.373972 ], [ -4.196898, 58.372682 ], [ -4.197371, 58.371861 ], [ -4.198559, 58.371642 ], [ -4.199644, 58.372027 ], [ -4.203285, 58.371165 ], [ -4.204285, 58.369777 ], [ -4.205543, 58.368688 ], [ -4.205273, 58.36714 ], [ -4.206996, 58.365457 ], [ -4.208512, 58.364395 ], [ -4.210741, 58.364448 ], [ -4.211816, 58.363367 ], [ -4.211539, 58.360264 ], [ -4.20951, 58.357755 ], [ -4.209088, 58.356221 ], [ -4.209315, 58.354787 ], [ -4.208363, 58.354237 ], [ -4.206951, 58.354355 ], [ -4.204253, 58.351851 ], [ -4.203304, 58.350796 ], [ -4.204645, 58.348425 ], [ -4.205879, 58.347584 ], [ -4.208722, 58.345758 ], [ -4.210997, 58.344036 ], [ -4.211468, 58.341917 ], [ -4.210119, 58.339703 ], [ -4.209699, 58.339225 ], [ -4.207655, 58.338671 ], [ -4.205397, 58.337725 ], [ -4.203536, 58.337352 ], [ -4.203036, 58.337541 ], [ -4.202259, 58.337667 ], [ -4.201612, 58.336662 ], [ -4.202676, 58.336418 ], [ -4.204178, 58.336477 ], [ -4.20622, 58.335988 ], [ -4.207885, 58.335844 ], [ -4.209525, 58.33452 ], [ -4.210321, 58.333958 ], [ -4.210732, 58.333015 ], [ -4.211837, 58.332541 ], [ -4.212221, 58.330213 ], [ -4.213738, 58.32871 ], [ -4.215793, 58.324219 ], [ -4.216052, 58.323294 ], [ -4.21536, 58.322827 ], [ -4.216845, 58.32181 ], [ -4.217008, 58.321428 ], [ -4.215131, 58.319177 ], [ -4.215025, 58.317097 ], [ -4.213897, 58.316379 ], [ -4.212708, 58.316879 ], [ -4.211639, 58.316379 ], [ -4.21086, 58.31662 ], [ -4.207154, 58.313562 ], [ -4.208386, 58.312065 ], [ -4.209025, 58.311746 ], [ -4.210319, 58.31161 ], [ -4.210725, 58.310842 ], [ -4.211905, 58.310446 ], [ -4.211607, 58.309994 ], [ -4.211836, 58.309291 ], [ -4.212529, 58.308835 ], [ -4.212279, 58.308264 ], [ -4.213304, 58.308256 ], [ -4.213927, 58.308629 ], [ -4.215226, 58.308916 ], [ -4.215266, 58.30922 ], [ -4.215808, 58.309468 ], [ -4.216483, 58.309284 ], [ -4.217374, 58.308553 ], [ -4.218152, 58.308505 ], [ -4.219676, 58.308593 ], [ -4.217604, 58.306688 ], [ -4.215594, 58.304674 ], [ -4.203369, 58.304536 ], [ -4.191635, 58.306814 ], [ -4.184271, 58.307061 ], [ -4.178466, 58.306669 ], [ -4.175624, 58.298616 ], [ -4.173579, 58.293133 ], [ -4.174036, 58.291739 ], [ -4.173208, 58.291402 ], [ -4.165024, 58.289442 ], [ -4.166593, 58.283895 ], [ -4.168314, 58.281755 ], [ -4.172154, 58.279603 ], [ -4.176388, 58.27702 ], [ -4.17965, 58.275631 ], [ -4.184061, 58.274272 ], [ -4.192009, 58.272818 ], [ -4.197998, 58.270081 ], [ -4.207884, 58.270668 ], [ -4.211499, 58.268563 ], [ -4.21731, 58.268462 ], [ -4.217929, 58.266727 ], [ -4.23354, 58.266766 ], [ -4.235584, 58.267718 ], [ -4.236568, 58.267558 ], [ -4.237955, 58.26762 ], [ -4.239705, 58.268858 ], [ -4.245225, 58.271812 ], [ -4.246892, 58.272171 ], [ -4.246246, 58.27454 ], [ -4.247487, 58.275281 ], [ -4.247261, 58.276368 ], [ -4.248189, 58.280486 ], [ -4.249564, 58.281468 ], [ -4.2526, 58.283013 ], [ -4.254825, 58.28329 ], [ -4.256316, 58.28426 ], [ -4.256638, 58.28557 ], [ -4.255204, 58.285389 ], [ -4.25345, 58.285252 ], [ -4.253237, 58.285931 ], [ -4.253176, 58.288293 ], [ -4.251584, 58.287992 ], [ -4.249558, 58.288549 ], [ -4.249665, 58.289231 ], [ -4.250666, 58.28991 ], [ -4.253144, 58.291327 ], [ -4.254779, 58.291426 ], [ -4.255138, 58.291912 ], [ -4.254458, 58.292334 ], [ -4.253873, 58.29308 ], [ -4.254079, 58.294038 ], [ -4.255621, 58.293463 ], [ -4.26121, 58.292131 ], [ -4.263013, 58.291002 ], [ -4.264364, 58.290832 ], [ -4.264637, 58.290121 ], [ -4.264362, 58.28973 ], [ -4.263711, 58.289105 ], [ -4.26323, 58.289014 ], [ -4.263628, 58.288009 ], [ -4.264352, 58.28781 ], [ -4.264772, 58.286962 ], [ -4.266023, 58.285344 ], [ -4.266649, 58.284939 ], [ -4.267886, 58.285671 ], [ -4.269042, 58.286051 ], [ -4.270419, 58.285921 ], [ -4.271082, 58.285015 ], [ -4.272525, 58.284538 ], [ -4.273012, 58.28515 ], [ -4.274098, 58.285467 ], [ -4.275582, 58.285057 ], [ -4.27714, 58.284998 ], [ -4.277921, 58.284705 ], [ -4.278307, 58.284266 ], [ -4.27906, 58.284109 ], [ -4.277939, 58.284063 ], [ -4.27657, 58.283186 ], [ -4.276464, 58.282155 ], [ -4.275783, 58.281274 ], [ -4.275803, 58.27912 ], [ -4.274887, 58.277663 ], [ -4.275288, 58.276823 ], [ -4.274467, 58.275312 ], [ -4.273257, 58.27418 ], [ -4.27206, 58.273804 ], [ -4.2718, 58.273067 ], [ -4.270632, 58.273206 ], [ -4.269336, 58.272219 ], [ -4.268199, 58.271846 ], [ -4.267986, 58.270638 ], [ -4.269427, 58.269519 ], [ -4.27121, 58.268878 ], [ -4.272311, 58.268816 ], [ -4.279196, 58.269672 ], [ -4.281009, 58.270016 ], [ -4.283148, 58.270016 ], [ -4.285832, 58.269234 ], [ -4.293397, 58.269993 ], [ -4.295951, 58.270138 ], [ -4.29812, 58.27129 ], [ -4.298905, 58.268028 ], [ -4.298852, 58.266583 ], [ -4.301329, 58.264822 ], [ -4.301542, 58.262385 ], [ -4.302683, 58.260847 ], [ -4.306533, 58.259572 ], [ -4.308185, 58.258971 ], [ -4.312451, 58.258596 ], [ -4.310953, 58.258334 ], [ -4.30967, 58.257265 ], [ -4.308102, 58.25659 ], [ -4.304109, 58.25584 ], [ -4.302005, 58.254427 ], [ -4.299903, 58.251826 ], [ -4.298294, 58.251581 ], [ -4.295483, 58.2498 ], [ -4.294271, 58.24965 ], [ -4.292854, 58.249163 ], [ -4.292096, 58.2504 ], [ -4.291502, 58.250885 ], [ -4.28997, 58.250705 ], [ -4.287997, 58.250517 ], [ -4.286897, 58.250642 ], [ -4.286808, 58.251471 ], [ -4.285643, 58.252075 ], [ -4.285204, 58.252205 ], [ -4.285387, 58.252894 ], [ -4.284996, 58.253315 ], [ -4.283621, 58.253692 ], [ -4.282877, 58.254182 ], [ -4.28137, 58.253969 ], [ -4.279546, 58.254227 ], [ -4.279018, 58.25396 ], [ -4.277813, 58.253796 ], [ -4.276355, 58.255478 ], [ -4.273945, 58.255109 ], [ -4.273204, 58.255602 ], [ -4.270288, 58.255462 ], [ -4.266588, 58.254919 ], [ -4.258793, 58.252868 ], [ -4.25257, 58.251178 ], [ -4.249342, 58.25101 ], [ -4.242987, 58.249048 ], [ -4.235907, 58.248074 ], [ -4.228348, 58.247388 ], [ -4.216394, 58.247979 ], [ -4.203116, 58.248718 ], [ -4.19127, 58.249303 ], [ -4.183799, 58.250936 ], [ -4.176456, 58.254413 ], [ -4.175414, 58.255197 ], [ -4.166553, 58.259168 ], [ -4.163589, 58.259706 ], [ -4.159028, 58.25962 ], [ -4.150563, 58.263473 ], [ -4.145767, 58.266895 ], [ -4.141299, 58.268595 ], [ -4.134469, 58.267775 ], [ -4.130557, 58.268495 ], [ -4.128247, 58.268528 ], [ -4.12541, 58.269832 ], [ -4.123428, 58.27122 ], [ -4.123743, 58.27235 ], [ -4.123831, 58.273819 ], [ -4.120861, 58.273669 ], [ -4.118104, 58.273819 ], [ -4.115998, 58.275692 ], [ -4.113922, 58.276019 ], [ -4.111314, 58.277346 ], [ -4.109929, 58.279667 ], [ -4.109264, 58.278118 ], [ -4.10811, 58.280847 ], [ -4.110429, 58.280808 ], [ -4.113564, 58.284588 ], [ -4.121397, 58.286873 ], [ -4.125318, 58.286342 ], [ -4.128531, 58.285489 ], [ -4.133415, 58.285976 ], [ -4.13594, 58.286585 ], [ -4.138643, 58.288896 ], [ -4.139475, 58.289474 ], [ -4.141316, 58.289255 ], [ -4.143069, 58.289552 ], [ -4.144024, 58.289061 ], [ -4.144287, 58.288194 ], [ -4.146769, 58.286333 ], [ -4.149085, 58.28589 ], [ -4.14871, 58.285379 ], [ -4.149595, 58.284945 ], [ -4.150184, 58.284547 ], [ -4.149559, 58.28436 ], [ -4.149513, 58.283605 ], [ -4.150124, 58.283173 ], [ -4.150006, 58.279058 ], [ -4.150038, 58.278452 ], [ -4.151907, 58.276098 ], [ -4.152234, 58.275004 ], [ -4.152976, 58.274567 ], [ -4.155383, 58.274051 ], [ -4.160344, 58.273583 ], [ -4.160778, 58.273336 ], [ -4.16067, 58.272224 ], [ -4.161226, 58.272303 ], [ -4.16181, 58.273058 ], [ -4.162568, 58.273381 ], [ -4.162362, 58.273618 ], [ -4.162195, 58.273999 ], [ -4.162914, 58.274694 ], [ -4.163158, 58.275802 ], [ -4.162779, 58.276357 ], [ -4.164288, 58.276702 ], [ -4.164728, 58.276643 ], [ -4.16514, 58.276885 ], [ -4.164027, 58.277058 ], [ -4.16426, 58.277396 ], [ -4.163732, 58.278246 ], [ -4.162512, 58.279308 ], [ -4.162522, 58.280862 ], [ -4.163492, 58.281385 ], [ -4.164558, 58.281214 ], [ -4.164526, 58.28154 ], [ -4.163968, 58.282447 ], [ -4.164325, 58.283618 ], [ -4.16421, 58.28481 ], [ -4.163455, 58.285481 ], [ -4.160225, 58.286398 ], [ -4.160284, 58.286741 ], [ -4.16103, 58.287208 ], [ -4.161057, 58.288008 ], [ -4.16174, 58.288557 ], [ -4.160979, 58.290406 ], [ -4.161918, 58.291387 ], [ -4.161977, 58.293179 ], [ -4.163381, 58.29459 ], [ -4.163733, 58.295586 ], [ -4.163898, 58.297872 ], [ -4.16326, 58.298475 ], [ -4.163982, 58.299029 ], [ -4.163825, 58.299801 ], [ -4.163165, 58.300273 ], [ -4.163478, 58.300826 ], [ -4.163069, 58.301711 ], [ -4.162446, 58.30112 ], [ -4.161909, 58.30214 ], [ -4.160165, 58.303787 ], [ -4.158633, 58.303796 ], [ -4.157866, 58.304413 ], [ -4.158571, 58.305392 ], [ -4.155663, 58.30566 ], [ -4.156712, 58.306656 ], [ -4.158758, 58.309229 ], [ -4.158427, 58.311012 ], [ -4.158755, 58.312833 ], [ -4.158195, 58.314327 ], [ -4.158873, 58.314772 ], [ -4.158712, 58.315688 ], [ -4.157583, 58.316675 ], [ -4.159002, 58.316969 ], [ -4.160885, 58.318164 ], [ -4.159603, 58.319669 ], [ -4.159431, 58.320358 ], [ -4.160354, 58.321256 ], [ -4.158801, 58.320711 ], [ -4.157507, 58.320847 ], [ -4.156104, 58.322256 ], [ -4.155164, 58.321572 ], [ -4.15522, 58.322484 ], [ -4.155974, 58.324184 ], [ -4.155226, 58.325318 ], [ -4.15497, 58.327062 ], [ -4.15449, 58.32832 ], [ -4.154797, 58.329799 ], [ -4.154856, 58.337905 ], [ -4.15382, 58.338722 ], [ -4.145388, 58.33932 ], [ -4.143974, 58.341057 ], [ -4.142875, 58.342821 ], [ -4.141814, 58.343961 ], [ -4.140534, 58.345225 ], [ -4.138234, 58.346199 ], [ -4.136034, 58.346214 ], [ -4.134745, 58.34634 ], [ -4.134029, 58.345845 ], [ -4.131202, 58.345324 ], [ -4.12898, 58.348101 ], [ -4.124065, 58.349439 ], [ -4.123273, 58.350708 ], [ -4.121001, 58.351775 ], [ -4.119304, 58.352488 ], [ -4.117599, 58.353885 ], [ -4.106742, 58.35358 ], [ -4.103269, 58.354007 ], [ -4.104781, 58.350214 ], [ -4.09779, 58.34953 ], [ -4.094671, 58.351865 ], [ -4.092426, 58.351785 ], [ -4.090598, 58.352414 ], [ -4.090898, 58.353387 ], [ -4.08932, 58.353208 ], [ -4.086029, 58.353759 ], [ -4.079852, 58.354732 ], [ -4.078596, 58.353364 ], [ -4.07712, 58.352607 ], [ -4.076158, 58.351024 ], [ -4.074329, 58.349456 ], [ -4.075055, 58.348554 ], [ -4.074445, 58.347741 ], [ -4.072649, 58.346742 ], [ -4.071208, 58.343485 ], [ -4.0715, 58.342551 ], [ -4.074194, 58.339752 ], [ -4.077211, 58.338576 ], [ -4.077218, 58.336051 ], [ -4.077913, 58.333434 ], [ -4.078846, 58.330677 ], [ -4.0786, 58.329747 ], [ -4.079123, 58.32683 ], [ -4.078472, 58.326419 ], [ -4.079153, 58.324371 ], [ -4.080597, 58.323092 ], [ -4.082126, 58.323012 ], [ -4.082007, 58.321242 ], [ -4.083831, 58.319043 ], [ -4.088554, 58.318167 ], [ -4.091528, 58.31709 ], [ -4.1004, 58.315463 ], [ -4.102049, 58.314302 ], [ -4.104753, 58.313644 ], [ -4.107969, 58.312596 ], [ -4.107529, 58.312489 ], [ -4.108308, 58.311044 ], [ -4.108497, 58.307781 ], [ -4.109417, 58.306339 ], [ -4.108974, 58.30307 ], [ -4.109566, 58.300108 ], [ -4.108912, 58.299581 ], [ -4.106461, 58.29876 ], [ -4.103794, 58.296662 ], [ -4.101588, 58.296172 ], [ -4.102925, 58.29589 ], [ -4.103387, 58.29506 ], [ -4.102702, 58.294251 ], [ -4.101562, 58.293142 ], [ -4.099223, 58.292272 ], [ -4.097797, 58.290264 ], [ -4.097893, 58.288882 ], [ -4.098361, 58.285921 ], [ -4.093437, 58.287727 ], [ -4.091328, 58.287977 ], [ -4.087496, 58.286353 ], [ -4.084128, 58.283527 ], [ -4.080931, 58.282605 ], [ -4.07827, 58.27974 ], [ -4.073785, 58.277187 ], [ -4.06581, 58.274233 ], [ -4.06672, 58.27125 ], [ -4.065164, 58.27059 ], [ -4.06677, 58.268395 ], [ -4.06615, 58.266715 ], [ -4.065319, 58.265792 ], [ -4.06568, 58.264606 ], [ -4.067613, 58.26427 ], [ -4.068183, 58.262891 ], [ -4.068051, 58.260734 ], [ -4.067131, 58.259711 ], [ -4.069123, 58.25671 ], [ -4.067854, 58.253533 ], [ -4.065564, 58.251401 ], [ -4.06321, 58.251896 ], [ -4.064878, 58.254495 ], [ -4.063632, 58.255428 ], [ -4.060819, 58.255474 ], [ -4.060413, 58.255937 ], [ -4.060938, 58.257527 ], [ -4.062146, 58.259677 ], [ -4.059189, 58.260981 ], [ -4.055975, 58.261604 ], [ -4.053338, 58.260961 ], [ -4.050433, 58.263177 ], [ -4.045743, 58.264508 ], [ -4.053498, 58.267467 ], [ -4.055073, 58.268469 ], [ -4.055336, 58.269264 ], [ -4.057397, 58.271172 ], [ -4.053792, 58.274639 ], [ -4.060921, 58.278825 ], [ -4.053937, 58.282532 ], [ -4.045997, 58.276882 ], [ -4.038068, 58.27799 ], [ -4.031919, 58.276604 ], [ -4.024535, 58.280146 ], [ -4.017217, 58.281061 ], [ -4.010438, 58.282443 ], [ -4.00643, 58.285798 ], [ -4.002774, 58.286586 ], [ -4.00155, 58.286956 ], [ -3.999833, 58.288618 ], [ -3.996246, 58.288625 ], [ -3.994405, 58.289212 ], [ -3.993709, 58.290907 ], [ -3.990906, 58.29526 ], [ -3.989477, 58.295109 ], [ -3.988646, 58.294391 ], [ -3.985299, 58.291723 ], [ -3.983714, 58.291924 ], [ -3.98354, 58.291294 ], [ -3.982674, 58.291307 ], [ -3.979822, 58.289037 ], [ -3.977714, 58.289098 ], [ -3.976163, 58.288231 ], [ -3.974499, 58.288579 ], [ -3.974446, 58.287974 ], [ -3.973371, 58.287797 ], [ -3.97139, 58.287257 ], [ -3.972426, 58.286818 ], [ -3.971256, 58.285114 ], [ -3.970763, 58.283945 ], [ -3.968564, 58.283257 ], [ -3.96702, 58.28357 ], [ -3.966046, 58.284713 ], [ -3.963167, 58.283616 ], [ -3.962445, 58.283382 ], [ -3.963391, 58.279844 ], [ -3.962623, 58.278775 ], [ -3.962801, 58.277088 ], [ -3.962029, 58.276307 ], [ -3.963159, 58.276151 ], [ -3.963098, 58.275182 ], [ -3.96197, 58.274495 ], [ -3.959593, 58.273964 ], [ -3.958373, 58.274807 ], [ -3.955939, 58.275104 ], [ -3.954809, 58.274508 ], [ -3.953764, 58.274283 ], [ -3.95383, 58.273562 ], [ -3.953028, 58.272948 ], [ -3.9538, 58.271824 ], [ -3.952512, 58.271219 ], [ -3.951721, 58.270386 ], [ -3.953206, 58.269761 ], [ -3.952622, 58.269276 ], [ -3.952256, 58.268668 ], [ -3.94982, 58.268512 ], [ -3.946327, 58.26842 ], [ -3.943684, 58.267248 ], [ -3.943789, 58.266042 ], [ -3.941799, 58.264762 ], [ -3.939779, 58.265964 ], [ -3.940076, 58.268308 ], [ -3.938175, 58.269511 ], [ -3.938859, 58.270399 ], [ -3.937403, 58.271042 ], [ -3.93878, 58.272964 ], [ -3.938265, 58.273457 ], [ -3.937284, 58.273667 ], [ -3.936943, 58.274723 ], [ -3.93617, 58.276587 ], [ -3.934887, 58.277262 ], [ -3.933079, 58.276432 ], [ -3.932249, 58.2764 ], [ -3.93175, 58.277412 ], [ -3.93068, 58.278237 ], [ -3.930278, 58.280037 ], [ -3.928969, 58.281217 ], [ -3.927133, 58.282621 ], [ -3.928114, 58.28414 ], [ -3.928114, 58.284965 ], [ -3.926403, 58.285977 ], [ -3.925476, 58.287288 ], [ -3.926331, 58.288338 ], [ -3.927401, 58.290062 ], [ -3.927709, 58.290993 ], [ -3.928826, 58.291523 ], [ -3.929112, 58.292273 ], [ -3.928256, 58.292422 ], [ -3.927221, 58.293289 ], [ -3.927376, 58.294179 ], [ -3.926973, 58.296844 ], [ -3.925404, 58.299691 ], [ -3.925119, 58.301452 ], [ -3.924848, 58.304539 ], [ -3.928698, 58.306237 ], [ -3.927058, 58.307254 ], [ -3.927664, 58.310176 ], [ -3.928448, 58.311618 ], [ -3.929458, 58.312854 ], [ -3.925352, 58.312821 ], [ -3.922804, 58.312654 ], [ -3.920168, 58.313553 ], [ -3.916309, 58.314098 ], [ -3.91453, 58.315127 ], [ -3.912578, 58.317654 ], [ -3.911553, 58.322384 ], [ -3.911113, 58.325528 ], [ -3.910364, 58.328274 ], [ -3.911302, 58.33105 ], [ -3.912347, 58.332472 ], [ -3.911421, 58.336093 ], [ -3.910979, 58.340079 ], [ -3.908729, 58.342528 ], [ -3.906263, 58.343948 ], [ -3.905693, 58.345645 ], [ -3.907326, 58.348714 ], [ -3.906644, 58.350409 ], [ -3.905218, 58.351656 ], [ -3.904213, 58.353073 ], [ -3.902176, 58.3541 ], [ -3.901225, 58.355097 ], [ -3.901849, 58.355815 ], [ -3.90056, 58.357441 ], [ -3.898183, 58.360284 ], [ -3.899134, 58.361032 ], [ -3.899894, 58.363026 ], [ -3.90176, 58.362423 ], [ -3.904949, 58.362275 ], [ -3.907254, 58.362762 ], [ -3.911756, 58.364913 ], [ -3.909502, 58.364895 ], [ -3.901443, 58.366365 ], [ -3.897893, 58.366721 ], [ -3.897345, 58.368317 ], [ -3.896267, 58.369305 ], [ -3.896199, 58.370406 ], [ -3.894501, 58.37326 ], [ -3.895059, 58.37629 ], [ -3.896554, 58.377658 ], [ -3.896144, 58.37936 ], [ -3.892482, 58.379762 ], [ -3.889944, 58.3804 ], [ -3.887855, 58.382455 ], [ -3.884209, 58.383588 ], [ -3.88573, 58.384236 ], [ -3.88668, 58.385099 ], [ -3.884684, 58.385382 ], [ -3.88481, 58.38721 ], [ -3.883809, 58.388339 ], [ -3.883094, 58.38958 ], [ -3.886601, 58.38958 ], [ -3.898484, 58.388739 ], [ -3.899743, 58.38953 ], [ -3.900789, 58.38944 ], [ -3.901413, 58.389284 ], [ -3.902453, 58.388879 ], [ -3.902358, 58.388611 ], [ -3.903059, 58.388303 ], [ -3.905209, 58.388315 ], [ -3.909903, 58.388969 ], [ -3.910081, 58.39171 ], [ -3.913052, 58.393021 ], [ -3.916058, 58.397134 ], [ -3.923069, 58.398161 ], [ -3.925148, 58.402955 ], [ -3.92289, 58.403298 ], [ -3.916593, 58.40501 ], [ -3.914988, 58.404512 ], [ -3.909596, 58.408449 ], [ -3.897733, 58.417218 ], [ -3.89779, 58.418144 ], [ -3.883589, 58.41986 ], [ -3.885801, 58.423227 ], [ -3.888225, 58.424459 ], [ -3.889202, 58.42411 ], [ -3.892669, 58.423831 ], [ -3.892479, 58.4284 ], [ -3.894066, 58.433629 ], [ -3.895854, 58.434805 ], [ -3.899048, 58.435193 ], [ -3.903496, 58.437462 ], [ -3.904922, 58.439015 ], [ -3.904694, 58.44097 ], [ -3.903154, 58.44103 ], [ -3.901326, 58.441865 ], [ -3.89996, 58.441925 ], [ -3.898933, 58.443119 ], [ -3.900245, 58.445134 ], [ -3.899219, 58.446238 ], [ -3.900531, 58.447001 ], [ -3.900245, 58.44791 ], [ -3.900818, 58.448593 ], [ -3.90053, 58.452252 ], [ -3.900801, 58.452642 ], [ -3.90092, 58.454771 ], [ -3.901571, 58.454822 ], [ -3.901663, 58.455191 ], [ -3.901001, 58.455253 ], [ -3.900991, 58.455979 ], [ -3.901455, 58.459449 ], [ -3.902049, 58.461904 ], [ -3.903356, 58.464002 ], [ -3.903526, 58.466538 ], [ -3.903673, 58.467822 ], [ -3.903449, 58.469032 ], [ -3.904276, 58.469721 ], [ -3.903799, 58.469983 ], [ -3.90387, 58.471363 ], [ -3.904603, 58.471614 ], [ -3.906757, 58.47195 ], [ -3.907974, 58.472797 ], [ -3.908644, 58.473634 ], [ -3.907423, 58.474281 ], [ -3.904619, 58.474356 ], [ -3.905046, 58.476791 ], [ -3.904999, 58.477281 ], [ -3.903906, 58.477529 ], [ -3.903885, 58.478333 ], [ -3.90362, 58.478917 ], [ -3.903906, 58.479625 ], [ -3.906431, 58.481058 ], [ -3.909135, 58.482688 ], [ -3.908968, 58.485192 ], [ -3.908675, 58.487636 ], [ -3.908561, 58.489246 ], [ -3.908789, 58.489872 ], [ -3.908846, 58.492316 ], [ -3.916561, 58.492688 ], [ -3.919113, 58.493562 ], [ -3.927554, 58.494635 ], [ -3.928581, 58.496781 ], [ -3.92801, 58.498808 ], [ -3.917858, 58.499613 ], [ -3.903561, 58.497672 ], [ -3.901622, 58.497543 ], [ -3.901798, 58.498284 ], [ -3.900938, 58.499303 ], [ -3.900348, 58.500326 ], [ -3.900234, 58.501111 ], [ -3.900253, 58.501756 ], [ -3.902542, 58.501243 ], [ -3.904591, 58.501616 ], [ -3.904854, 58.502112 ], [ -3.904288, 58.504065 ], [ -3.904859, 58.504959 ], [ -3.906997, 58.505741 ], [ -3.911204, 58.506452 ], [ -3.912669, 58.50675 ], [ -3.913628, 58.507123 ], [ -3.914437, 58.507614 ], [ -3.915597, 58.507773 ], [ -3.919076, 58.507158 ], [ -3.919342, 58.50676 ], [ -3.920235, 58.506889 ], [ -3.92054, 58.507119 ], [ -3.921319, 58.509994 ], [ -3.921414, 58.5105 ], [ -3.920844, 58.510431 ], [ -3.920007, 58.5105 ], [ -3.919874, 58.511255 ], [ -3.91995, 58.512089 ], [ -3.920178, 58.512576 ], [ -3.920464, 58.512745 ], [ -3.920521, 58.512987 ], [ -3.919608, 58.513464 ], [ -3.919017, 58.514204 ], [ -3.918749, 58.51484 ], [ -3.918363, 58.515228 ], [ -3.91765, 58.515491 ], [ -3.917531, 58.515755 ], [ -3.917454, 58.516894 ], [ -3.917026, 58.517546 ], [ -3.916955, 58.518011 ], [ -3.916349, 58.519035 ], [ -3.916325, 58.519608 ], [ -3.917276, 58.519744 ], [ -3.918321, 58.519769 ], [ -3.918298, 58.52034 ], [ -3.919011, 58.520625 ], [ -3.920735, 58.520056 ], [ -3.921435, 58.520005 ], [ -3.92229, 58.519645 ], [ -3.923169, 58.519422 ], [ -3.923811, 58.518863 ], [ -3.924705, 58.518782 ], [ -3.931858, 58.516748 ], [ -3.935632, 58.516197 ], [ -3.940207, 58.518059 ], [ -3.940207, 58.521006 ], [ -3.937243, 58.52204 ], [ -3.933493, 58.524621 ], [ -3.932364, 58.528126 ], [ -3.925948, 58.530189 ], [ -3.921611, 58.530344 ], [ -3.916675, 58.530362 ], [ -3.91374, 58.531298 ], [ -3.912818, 58.532856 ], [ -3.912758, 58.534562 ], [ -3.913946, 58.53726 ], [ -3.914956, 58.538283 ], [ -3.916917, 58.538748 ], [ -3.920957, 58.538097 ], [ -3.918165, 58.539244 ], [ -3.914362, 58.540097 ], [ -3.916232, 58.544962 ], [ -3.917523, 58.550622 ], [ -3.920522, 58.553002 ], [ -3.923939, 58.553381 ], [ -3.923519, 58.554749 ], [ -3.930653, 58.556698 ], [ -3.93297, 58.555117 ], [ -3.937783, 58.556915 ], [ -3.936119, 58.558464 ] ], [ [ -4.067771, 58.458264 ], [ -4.066841, 58.457909 ], [ -4.06675, 58.457619 ], [ -4.067769, 58.457069 ], [ -4.067341, 58.456808 ], [ -4.068126, 58.456584 ], [ -4.06834, 58.456286 ], [ -4.06891, 58.456099 ], [ -4.06948, 58.455726 ], [ -4.069338, 58.455316 ], [ -4.069053, 58.454794 ], [ -4.069765, 58.454831 ], [ -4.070336, 58.454607 ], [ -4.070906, 58.45416 ], [ -4.07055, 58.453339 ], [ -4.070478, 58.452518 ], [ -4.070193, 58.452033 ], [ -4.069266, 58.45084 ], [ -4.068126, 58.449683 ], [ -4.068268, 58.448676 ], [ -4.067413, 58.448266 ], [ -4.06735, 58.447864 ], [ -4.066771, 58.447557 ], [ -4.067056, 58.447109 ], [ -4.067056, 58.446363 ], [ -4.06727, 58.445579 ], [ -4.068054, 58.444833 ], [ -4.068411, 58.444236 ], [ -4.068268, 58.442856 ], [ -4.068411, 58.441886 ], [ -4.06891, 58.441102 ], [ -4.06948, 58.440393 ], [ -4.071405, 58.439721 ], [ -4.071156, 58.438984 ], [ -4.071762, 58.438527 ], [ -4.072261, 58.437967 ], [ -4.072118, 58.437221 ], [ -4.071976, 58.43696 ], [ -4.072261, 58.436512 ], [ -4.072658, 58.436037 ], [ -4.071619, 58.434758 ], [ -4.071619, 58.434012 ], [ -4.071049, 58.43375 ], [ -4.070906, 58.433228 ], [ -4.070978, 58.432519 ], [ -4.070193, 58.431884 ], [ -4.069908, 58.431511 ], [ -4.070835, 58.431287 ], [ -4.071853, 58.430847 ], [ -4.070479, 58.430167 ], [ -4.070764, 58.429271 ], [ -4.071192, 58.42845 ], [ -4.072903, 58.428114 ], [ -4.073544, 58.427256 ], [ -4.073473, 58.426285 ], [ -4.0744, 58.425912 ], [ -4.075184, 58.424941 ], [ -4.069409, 58.424157 ], [ -4.068197, 58.422776 ], [ -4.067128, 58.421992 ], [ -4.065203, 58.42132 ], [ -4.06285, 58.420835 ], [ -4.062708, 58.421395 ], [ -4.06007, 58.421059 ], [ -4.059785, 58.421395 ], [ -4.059998, 58.421955 ], [ -4.059759, 58.422144 ], [ -4.060141, 58.422552 ], [ -4.059777, 58.422703 ], [ -4.059927, 58.423075 ], [ -4.059632, 58.423324 ], [ -4.059571, 58.424045 ], [ -4.059357, 58.424456 ], [ -4.059357, 58.424867 ], [ -4.058858, 58.424941 ], [ -4.058345, 58.425112 ], [ -4.058287, 58.425501 ], [ -4.057829, 58.426097 ], [ -4.057608, 58.426314 ], [ -4.057506, 58.427219 ], [ -4.058002, 58.427877 ], [ -4.057852, 58.428576 ], [ -4.057218, 58.428997 ], [ -4.056545, 58.430228 ], [ -4.057218, 58.431399 ], [ -4.056834, 58.431664 ], [ -4.056922, 58.43187 ], [ -4.056903, 58.432111 ], [ -4.056434, 58.432071 ], [ -4.056291, 58.432332 ], [ -4.055792, 58.432855 ], [ -4.055364, 58.433041 ], [ -4.055293, 58.433937 ], [ -4.055863, 58.434235 ], [ -4.05622, 58.434646 ], [ -4.056433, 58.435094 ], [ -4.056077, 58.435392 ], [ -4.055894, 58.435734 ], [ -4.055507, 58.436139 ], [ -4.055435, 58.436475 ], [ -4.055721, 58.436736 ], [ -4.055483, 58.437283 ], [ -4.05456, 58.438114 ], [ -4.054223, 58.438714 ], [ -4.054185, 58.439067 ], [ -4.05458, 58.439348 ], [ -4.054295, 58.439796 ], [ -4.05357, 58.440555 ], [ -4.05351, 58.440953 ], [ -4.053796, 58.441214 ], [ -4.054366, 58.441363 ], [ -4.054437, 58.441587 ], [ -4.053938, 58.441848 ], [ -4.052869, 58.441998 ], [ -4.052013, 58.442296 ], [ -4.052298, 58.442781 ], [ -4.052655, 58.444274 ], [ -4.052655, 58.445206 ], [ -4.051514, 58.445505 ], [ -4.051086, 58.445878 ], [ -4.051158, 58.446326 ], [ -4.050872, 58.446997 ], [ -4.0513, 58.447258 ], [ -4.0513, 58.447706 ], [ -4.050587, 58.448154 ], [ -4.050373, 58.449012 ], [ -4.050205, 58.449454 ], [ -4.050516, 58.449721 ], [ -4.049874, 58.44987 ], [ -4.048347, 58.449961 ], [ -4.032561, 58.450041 ], [ -4.032581, 58.442427 ], [ -4.034622, 58.440779 ], [ -4.032589, 58.439815 ], [ -4.032608, 58.432366 ], [ -4.03688, 58.430298 ], [ -4.036405, 58.429925 ], [ -4.035098, 58.42809 ], [ -4.034789, 58.425403 ], [ -4.037296, 58.421075 ], [ -4.044515, 58.412994 ], [ -4.048125, 58.412598 ], [ -4.057874, 58.411625 ], [ -4.068116, 58.410469 ], [ -4.07383, 58.410725 ], [ -4.076449, 58.411771 ], [ -4.081321, 58.410798 ], [ -4.086038, 58.41078 ], [ -4.087252, 58.410958 ], [ -4.08885, 58.411438 ], [ -4.090466, 58.412078 ], [ -4.095781, 58.41219 ], [ -4.098708, 58.412717 ], [ -4.099683, 58.41306 ], [ -4.101248, 58.414075 ], [ -4.101142, 58.422133 ], [ -4.091837, 58.420592 ], [ -4.088064, 58.422965 ], [ -4.087724, 58.424569 ], [ -4.088226, 58.425702 ], [ -4.088153, 58.426861 ], [ -4.086074, 58.428778 ], [ -4.088324, 58.429681 ], [ -4.092724, 58.4305 ], [ -4.093903, 58.430322 ], [ -4.094332, 58.43075 ], [ -4.094154, 58.431123 ], [ -4.094213, 58.432056 ], [ -4.09558, 58.434513 ], [ -4.096649, 58.436783 ], [ -4.096055, 58.438494 ], [ -4.0976, 58.437996 ], [ -4.099488, 58.438148 ], [ -4.102234, 58.437872 ], [ -4.102449, 58.436761 ], [ -4.104432, 58.436223 ], [ -4.104967, 58.436814 ], [ -4.106177, 58.436608 ], [ -4.107115, 58.437478 ], [ -4.109003, 58.436956 ], [ -4.120437, 58.448539 ], [ -4.110993, 58.46134 ], [ -4.109042, 58.460939 ], [ -4.107872, 58.459647 ], [ -4.106509, 58.459441 ], [ -4.105032, 58.459837 ], [ -4.105395, 58.458891 ], [ -4.105002, 58.458769 ], [ -4.103006, 58.458477 ], [ -4.09874, 58.458349 ], [ -4.096823, 58.457426 ], [ -4.094922, 58.457792 ], [ -4.093956, 58.456209 ], [ -4.09478, 58.453268 ], [ -4.092349, 58.450517 ], [ -4.089021, 58.452989 ], [ -4.082584, 58.453573 ], [ -4.082871, 58.455951 ], [ -4.081034, 58.456377 ], [ -4.078589, 58.455827 ], [ -4.079403, 58.458366 ], [ -4.078872, 58.459736 ], [ -4.073916, 58.46118 ], [ -4.072319, 58.459514 ], [ -4.069852, 58.459912 ], [ -4.06907, 58.459694 ], [ -4.068612, 58.459345 ], [ -4.067771, 58.458264 ] ] ] ] } },
{ "type": "Feature", "properties": { "NAME": "Flow Country" }, "geometry": { "type": "MultiPolygon", "coordinates": [ [ [ [ -3.834228, 58.554541 ], [ -3.835669, 58.554949 ], [ -3.837101, 58.556348 ], [ -3.838945, 58.55673 ], [ -3.843965, 58.555838 ], [ -3.846917, 58.554837 ], [ -3.850161, 58.554284 ], [ -3.857259, 58.55492 ], [ -3.863943, 58.554656 ], [ -3.867875, 58.554656 ], [ -3.870134, 58.553995 ], [ -3.870797, 58.553293 ], [ -3.871918, 58.552982 ], [ -3.874247, 58.552902 ], [ -3.876802, 58.552071 ], [ -3.878394, 58.551191 ], [ -3.880079, 58.550025 ], [ -3.880706, 58.549502 ], [ -3.880948, 58.548067 ], [ -3.880328, 58.546925 ], [ -3.880823, 58.545204 ], [ -3.879143, 58.544107 ], [ -3.878541, 58.543061 ], [ -3.876659, 58.542957 ], [ -3.876005, 58.543123 ], [ -3.874872, 58.542509 ], [ -3.871089, 58.541588 ], [ -3.876678, 58.540213 ], [ -3.874929, 58.539033 ], [ -3.875834, 58.537258 ], [ -3.876347, 58.535681 ], [ -3.878572, 58.535234 ], [ -3.874807, 58.533224 ], [ -3.873875, 58.532019 ], [ -3.871727, 58.53117 ], [ -3.870821, 58.530009 ], [ -3.871158, 58.528149 ], [ -3.868362, 58.525497 ], [ -3.868331, 58.525011 ], [ -3.866936, 58.524396 ], [ -3.867117, 58.523983 ], [ -3.864655, 58.523234 ], [ -3.86551, 58.522043 ], [ -3.864484, 58.521656 ], [ -3.863343, 58.520792 ], [ -3.862602, 58.519749 ], [ -3.861246, 58.518217 ], [ -3.860665, 58.51815 ], [ -3.860733, 58.517776 ], [ -3.861303, 58.517246 ], [ -3.861703, 58.516555 ], [ -3.860719, 58.516112 ], [ -3.860838, 58.51492 ], [ -3.864068, 58.513838 ], [ -3.864752, 58.51445 ], [ -3.867589, 58.514159 ], [ -3.868673, 58.513757 ], [ -3.868262, 58.512692 ], [ -3.867354, 58.51202 ], [ -3.870626, 58.512819 ], [ -3.873019, 58.51188 ], [ -3.872157, 58.51157 ], [ -3.871804, 58.510966 ], [ -3.871967, 58.510205 ], [ -3.872529, 58.51086 ], [ -3.873535, 58.510527 ], [ -3.874421, 58.509519 ], [ -3.87647, 58.50909 ], [ -3.877296, 58.50879 ], [ -3.876346, 58.507278 ], [ -3.878012, 58.507326 ], [ -3.878985, 58.508547 ], [ -3.881946, 58.509495 ], [ -3.884374, 58.507975 ], [ -3.885975, 58.507049 ], [ -3.888399, 58.50551 ], [ -3.892065, 58.50495 ], [ -3.893805, 58.502353 ], [ -3.893515, 58.501504 ], [ -3.891828, 58.500558 ], [ -3.890584, 58.49972 ], [ -3.890012, 58.499438 ], [ -3.888056, 58.499358 ], [ -3.887468, 58.498567 ], [ -3.887192, 58.497487 ], [ -3.885727, 58.496595 ], [ -3.884628, 58.49644 ], [ -3.882313, 58.498015 ], [ -3.881024, 58.498377 ], [ -3.879411, 58.498326 ], [ -3.879594, 58.496114 ], [ -3.87612, 58.496393 ], [ -3.876632, 58.495671 ], [ -3.876409, 58.495162 ], [ -3.878392, 58.495047 ], [ -3.879782, 58.495286 ], [ -3.881296, 58.495119 ], [ -3.881998, 58.492126 ], [ -3.881937, 58.492012 ], [ -3.88174, 58.491887 ], [ -3.881045, 58.49214 ], [ -3.880257, 58.49168 ], [ -3.879782, 58.491473 ], [ -3.878584, 58.491491 ], [ -3.876615, 58.491876 ], [ -3.87619, 58.491583 ], [ -3.875965, 58.491187 ], [ -3.875487, 58.491179 ], [ -3.874881, 58.49106 ], [ -3.874418, 58.491066 ], [ -3.873402, 58.49091 ], [ -3.873368, 58.490796 ], [ -3.874273, 58.49089 ], [ -3.875142, 58.490835 ], [ -3.876509, 58.484778 ], [ -3.87557, 58.483535 ], [ -3.875776, 58.483304 ], [ -3.874033, 58.481275 ], [ -3.873739, 58.479852 ], [ -3.874323, 58.47853 ], [ -3.875024, 58.476351 ], [ -3.87629, 58.475561 ], [ -3.879089, 58.474921 ], [ -3.880102, 58.474507 ], [ -3.880802, 58.474354 ], [ -3.881796, 58.474596 ], [ -3.883745, 58.474367 ], [ -3.884743, 58.473668 ], [ -3.884943, 58.473322 ], [ -3.886627, 58.47324 ], [ -3.886976, 58.471386 ], [ -3.886724, 58.470984 ], [ -3.88653, 58.470416 ], [ -3.885333, 58.470434 ], [ -3.883966, 58.47034 ], [ -3.882536, 58.467035 ], [ -3.885678, 58.466704 ], [ -3.889287, 58.464938 ], [ -3.888331, 58.463354 ], [ -3.890313, 58.462733 ], [ -3.89063, 58.462079 ], [ -3.891928, 58.46136 ], [ -3.891588, 58.459081 ], [ -3.892024, 58.456617 ], [ -3.892734, 58.456096 ], [ -3.886796, 58.454168 ], [ -3.88613, 58.45285 ], [ -3.889552, 58.452651 ], [ -3.889815, 58.448263 ], [ -3.889434, 58.445057 ], [ -3.888484, 58.44183 ], [ -3.887891, 58.4418 ], [ -3.886297, 58.437606 ], [ -3.885388, 58.437519 ], [ -3.879982, 58.428157 ], [ -3.877546, 58.426291 ], [ -3.876666, 58.423498 ], [ -3.877011, 58.420489 ], [ -3.870951, 58.42108 ], [ -3.871248, 58.417813 ], [ -3.863312, 58.418584 ], [ -3.857609, 58.419052 ], [ -3.849975, 58.418275 ], [ -3.850166, 58.416856 ], [ -3.849358, 58.415437 ], [ -3.848312, 58.415188 ], [ -3.847246, 58.414757 ], [ -3.845745, 58.414641 ], [ -3.844758, 58.413936 ], [ -3.842656, 58.412873 ], [ -3.839911, 58.412337 ], [ -3.840954, 58.411572 ], [ -3.844169, 58.410564 ], [ -3.845057, 58.410105 ], [ -3.843993, 58.409749 ], [ -3.843922, 58.409418 ], [ -3.842856, 58.409389 ], [ -3.842108, 58.408465 ], [ -3.842524, 58.408213 ], [ -3.841406, 58.407635 ], [ -3.841838, 58.407105 ], [ -3.841288, 58.406727 ], [ -3.842145, 58.406267 ], [ -3.842349, 58.405479 ], [ -3.841721, 58.405347 ], [ -3.842619, 58.40508 ], [ -3.842344, 58.404767 ], [ -3.843027, 58.404334 ], [ -3.842536, 58.404158 ], [ -3.842604, 58.403945 ], [ -3.841487, 58.403673 ], [ -3.841837, 58.403404 ], [ -3.841056, 58.403515 ], [ -3.840956, 58.402982 ], [ -3.84048, 58.402396 ], [ -3.840197, 58.403008 ], [ -3.838874, 58.403368 ], [ -3.838297, 58.403587 ], [ -3.837686, 58.40349 ], [ -3.83616, 58.402972 ], [ -3.835336, 58.403117 ], [ -3.833322, 58.402784 ], [ -3.832295, 58.402645 ], [ -3.831529, 58.403028 ], [ -3.830216, 58.403323 ], [ -3.827677, 58.402979 ], [ -3.826176, 58.403266 ], [ -3.825759, 58.403635 ], [ -3.8238, 58.403719 ], [ -3.821766, 58.403212 ], [ -3.820293, 58.402739 ], [ -3.819394, 58.40264 ], [ -3.820079, 58.401444 ], [ -3.81846, 58.401398 ], [ -3.817391, 58.401755 ], [ -3.814708, 58.40061 ], [ -3.813197, 58.400559 ], [ -3.812545, 58.400568 ], [ -3.812438, 58.400823 ], [ -3.810431, 58.40174 ], [ -3.809336, 58.402515 ], [ -3.808504, 58.402338 ], [ -3.806029, 58.404255 ], [ -3.79473, 58.400933 ], [ -3.797407, 58.399448 ], [ -3.798584, 58.398552 ], [ -3.798714, 58.398023 ], [ -3.80001, 58.397216 ], [ -3.801578, 58.396693 ], [ -3.821945, 58.390419 ], [ -3.821314, 58.389255 ], [ -3.826088, 58.389073 ], [ -3.831237, 58.387743 ], [ -3.834213, 58.386445 ], [ -3.836368, 58.386071 ], [ -3.842085, 58.383135 ], [ -3.845424, 58.383044 ], [ -3.846301, 58.384787 ], [ -3.849561, 58.385442 ], [ -3.862787, 58.379981 ], [ -3.86678, 58.382114 ], [ -3.86824, 58.380858 ], [ -3.869812, 58.379075 ], [ -3.871083, 58.376549 ], [ -3.871511, 58.372318 ], [ -3.870488, 58.36946 ], [ -3.869018, 58.366701 ], [ -3.866751, 58.364156 ], [ -3.863723, 58.361936 ], [ -3.859764, 58.359702 ], [ -3.86221, 58.359566 ], [ -3.862862, 58.359252 ], [ -3.864405, 58.358432 ], [ -3.863354, 58.357853 ], [ -3.861635, 58.357404 ], [ -3.851643, 58.355986 ], [ -3.846339, 58.355903 ], [ -3.840751, 58.356709 ], [ -3.836138, 58.35813 ], [ -3.831235, 58.360741 ], [ -3.828972, 58.360318 ], [ -3.826721, 58.35945 ], [ -3.824751, 58.35881 ], [ -3.823004, 58.357709 ], [ -3.8269, 58.35416 ], [ -3.830139, 58.353964 ], [ -3.83189, 58.353057 ], [ -3.833882, 58.350219 ], [ -3.833598, 58.349461 ], [ -3.834005, 58.347996 ], [ -3.829435, 58.347369 ], [ -3.826553, 58.347562 ], [ -3.824041, 58.328326 ], [ -3.830716, 58.324972 ], [ -3.834878, 58.324649 ], [ -3.841966, 58.324302 ], [ -3.845323, 58.325761 ], [ -3.846455, 58.326119 ], [ -3.846416, 58.32762 ], [ -3.848341, 58.327283 ], [ -3.849232, 58.327913 ], [ -3.850001, 58.328592 ], [ -3.850195, 58.329417 ], [ -3.851756, 58.330376 ], [ -3.852757, 58.331657 ], [ -3.852619, 58.332598 ], [ -3.853731, 58.332904 ], [ -3.854639, 58.334065 ], [ -3.85212, 58.334638 ], [ -3.851341, 58.335411 ], [ -3.854615, 58.336734 ], [ -3.855471, 58.337819 ], [ -3.855756, 58.339054 ], [ -3.857573, 58.339909 ], [ -3.857681, 58.341936 ], [ -3.859599, 58.343172 ], [ -3.860253, 58.344224 ], [ -3.862458, 58.344854 ], [ -3.863599, 58.344854 ], [ -3.865008, 58.343812 ], [ -3.865523, 58.342609 ], [ -3.864675, 58.342389 ], [ -3.8646, 58.342071 ], [ -3.864811, 58.339616 ], [ -3.865666, 58.338324 ], [ -3.867097, 58.337214 ], [ -3.870443, 58.33679 ], [ -3.872867, 58.335892 ], [ -3.872793, 58.335096 ], [ -3.87415, 58.335518 ], [ -3.877145, 58.335186 ], [ -3.883062, 58.332748 ], [ -3.883062, 58.331401 ], [ -3.882206, 58.330203 ], [ -3.882064, 58.327582 ], [ -3.883535, 58.326184 ], [ -3.890666, 58.324642 ], [ -3.896525, 58.324898 ], [ -3.90652, 58.325765 ], [ -3.910051, 58.326043 ], [ -3.910754, 58.321644 ], [ -3.910942, 58.319311 ], [ -3.911597, 58.317513 ], [ -3.913422, 58.313409 ], [ -3.913383, 58.310786 ], [ -3.913066, 58.308936 ], [ -3.913172, 58.308406 ], [ -3.91146, 58.307304 ], [ -3.911254, 58.306203 ], [ -3.909475, 58.306706 ], [ -3.907379, 58.306052 ], [ -3.904964, 58.305517 ], [ -3.904259, 58.304528 ], [ -3.90441, 58.303551 ], [ -3.90344, 58.302322 ], [ -3.902756, 58.301603 ], [ -3.901501, 58.301183 ], [ -3.900417, 58.300764 ], [ -3.899906, 58.300169 ], [ -3.900246, 58.299625 ], [ -3.898325, 58.298712 ], [ -3.898079, 58.298036 ], [ -3.897052, 58.297736 ], [ -3.895274, 58.296698 ], [ -3.89506, 58.296023 ], [ -3.893585, 58.295524 ], [ -3.892318, 58.295863 ], [ -3.890855, 58.295165 ], [ -3.890244, 58.294529 ], [ -3.890307, 58.293875 ], [ -3.889018, 58.293251 ], [ -3.888972, 58.292858 ], [ -3.888358, 58.292426 ], [ -3.888819, 58.291542 ], [ -3.884596, 58.289606 ], [ -3.878993, 58.288204 ], [ -3.870421, 58.285748 ], [ -3.871675, 58.285206 ], [ -3.874448, 58.284246 ], [ -3.87726, 58.282093 ], [ -3.876944, 58.280213 ], [ -3.877777, 58.279573 ], [ -3.879152, 58.278925 ], [ -3.879558, 58.278405 ], [ -3.880821, 58.277701 ], [ -3.880342, 58.276852 ], [ -3.880402, 58.275938 ], [ -3.880601, 58.275592 ], [ -3.882098, 58.275228 ], [ -3.883557, 58.273991 ], [ -3.882055, 58.272374 ], [ -3.879776, 58.272294 ], [ -3.878302, 58.271059 ], [ -3.876879, 58.270795 ], [ -3.875649, 58.270071 ], [ -3.874762, 58.269684 ], [ -3.873562, 58.26953 ], [ -3.872723, 58.268001 ], [ -3.86964, 58.267076 ], [ -3.868877, 58.266973 ], [ -3.86709, 58.265971 ], [ -3.868874, 58.264861 ], [ -3.871781, 58.262478 ], [ -3.871565, 58.260425 ], [ -3.869214, 58.258976 ], [ -3.865396, 58.258461 ], [ -3.862891, 58.258212 ], [ -3.860516, 58.25836 ], [ -3.857348, 58.257836 ], [ -3.855266, 58.258024 ], [ -3.853025, 58.258005 ], [ -3.849791, 58.256233 ], [ -3.847976, 58.25466 ], [ -3.84847, 58.25374 ], [ -3.852306, 58.253553 ], [ -3.85359, 58.252239 ], [ -3.855039, 58.251427 ], [ -3.8507, 58.248741 ], [ -3.847798, 58.24707 ], [ -3.846317, 58.245665 ], [ -3.846722, 58.243735 ], [ -3.845058, 58.242297 ], [ -3.842141, 58.240301 ], [ -3.841795, 58.237795 ], [ -3.839922, 58.235081 ], [ -3.837928, 58.234197 ], [ -3.83494, 58.230908 ], [ -3.836978, 58.228348 ], [ -3.838404, 58.225157 ], [ -3.839236, 58.22403 ], [ -3.840543, 58.223092 ], [ -3.842268, 58.220877 ], [ -3.846246, 58.22015 ], [ -3.849809, 58.219342 ], [ -3.854683, 58.2199 ], [ -3.866922, 58.217334 ], [ -3.870899, 58.215503 ], [ -3.876665, 58.204784 ], [ -3.87619, 58.203281 ], [ -3.877616, 58.200902 ], [ -3.875834, 58.19871 ], [ -3.873587, 58.1919 ], [ -3.871793, 58.190005 ], [ -3.871793, 58.188314 ], [ -3.87013, 58.18631 ], [ -3.871675, 58.184055 ], [ -3.868181, 58.179703 ], [ -3.862882, 58.17591 ], [ -3.85996, 58.173305 ], [ -3.857796, 58.172496 ], [ -3.854207, 58.170803 ], [ -3.852569, 58.167772 ], [ -3.850935, 58.165506 ], [ -3.850524, 58.163282 ], [ -3.847434, 58.161088 ], [ -3.840939, 58.158186 ], [ -3.831514, 58.156031 ], [ -3.819748, 58.150023 ], [ -3.804362, 58.148155 ], [ -3.797171, 58.146636 ], [ -3.794082, 58.146323 ], [ -3.785051, 58.144442 ], [ -3.777684, 58.143752 ], [ -3.771275, 58.144428 ], [ -3.767227, 58.145257 ], [ -3.761405, 58.14557 ], [ -3.753683, 58.145882 ], [ -3.742022, 58.145529 ], [ -3.737165, 58.144567 ], [ -3.731813, 58.144112 ], [ -3.717915, 58.145257 ], [ -3.698961, 58.141311 ], [ -3.682916, 58.13668 ], [ -3.679535, 58.136351 ], [ -3.674432, 58.136792 ], [ -3.674396, 58.13795 ], [ -3.67496, 58.138922 ], [ -3.675885, 58.139168 ], [ -3.676369, 58.139387 ], [ -3.676772, 58.139926 ], [ -3.677574, 58.140255 ], [ -3.678554, 58.140773 ], [ -3.678881, 58.141761 ], [ -3.6791, 58.144547 ], [ -3.678436, 58.146057 ], [ -3.677478, 58.146775 ], [ -3.677114, 58.147183 ], [ -3.675536, 58.146988 ], [ -3.674327, 58.147121 ], [ -3.673635, 58.148146 ], [ -3.672152, 58.149049 ], [ -3.67124, 58.149922 ], [ -3.668388, 58.150915 ], [ -3.666278, 58.15236 ], [ -3.66508, 58.151999 ], [ -3.663084, 58.151597 ], [ -3.660175, 58.151547 ], [ -3.65742, 58.151423 ], [ -3.65311, 58.15204 ], [ -3.648767, 58.151637 ], [ -3.646315, 58.152179 ], [ -3.643642, 58.152836 ], [ -3.634338, 58.15076 ], [ -3.633103, 58.148949 ], [ -3.637844, 58.145616 ], [ -3.642551, 58.141885 ], [ -3.636652, 58.141598 ], [ -3.630915, 58.14047 ], [ -3.628984, 58.140707 ], [ -3.620194, 58.140438 ], [ -3.616438, 58.140634 ], [ -3.61519, 58.141324 ], [ -3.612492, 58.142256 ], [ -3.611922, 58.14239 ], [ -3.608981, 58.142688 ], [ -3.605717, 58.141744 ], [ -3.604555, 58.141779 ], [ -3.602802, 58.142202 ], [ -3.602713, 58.144248 ], [ -3.603218, 58.145753 ], [ -3.601198, 58.147486 ], [ -3.597255, 58.150154 ], [ -3.592474, 58.151289 ], [ -3.590742, 58.152678 ], [ -3.590438, 58.154774 ], [ -3.592073, 58.156745 ], [ -3.592767, 58.158209 ], [ -3.591626, 58.159698 ], [ -3.590714, 58.161835 ], [ -3.589915, 58.161865 ], [ -3.589744, 58.163309 ], [ -3.588717, 58.16376 ], [ -3.580105, 58.164242 ], [ -3.584153, 58.167699 ], [ -3.587602, 58.172702 ], [ -3.588863, 58.174936 ], [ -3.590085, 58.176285 ], [ -3.587041, 58.177482 ], [ -3.585488, 58.179821 ], [ -3.585469, 58.181521 ], [ -3.588181, 58.182786 ], [ -3.589943, 58.184673 ], [ -3.587767, 58.185977 ], [ -3.583774, 58.185827 ], [ -3.58319, 58.186666 ], [ -3.583204, 58.188733 ], [ -3.585426, 58.189648 ], [ -3.586484, 58.191057 ], [ -3.588052, 58.193418 ], [ -3.587444, 58.19626 ], [ -3.588908, 58.196424 ], [ -3.589193, 58.197777 ], [ -3.590527, 58.200621 ], [ -3.589554, 58.202696 ], [ -3.588316, 58.203172 ], [ -3.58394, 58.200635 ], [ -3.577675, 58.199144 ], [ -3.566577, 58.196417 ], [ -3.562426, 58.195991 ], [ -3.556131, 58.194595 ], [ -3.550847, 58.194018 ], [ -3.541016, 58.194295 ], [ -3.536774, 58.194989 ], [ -3.532575, 58.196219 ], [ -3.530693, 58.196579 ], [ -3.529666, 58.19664 ], [ -3.527328, 58.196519 ], [ -3.527309, 58.197167 ], [ -3.528482, 58.199426 ], [ -3.526322, 58.199239 ], [ -3.522703, 58.199566 ], [ -3.517508, 58.200764 ], [ -3.515807, 58.201854 ], [ -3.51542, 58.203091 ], [ -3.514324, 58.20501 ], [ -3.512442, 58.205825 ], [ -3.514552, 58.206918 ], [ -3.514571, 58.207618 ], [ -3.513582, 58.20839 ], [ -3.510997, 58.209009 ], [ -3.510851, 58.210503 ], [ -3.508544, 58.211453 ], [ -3.507663, 58.212884 ], [ -3.507936, 58.21452 ], [ -3.506809, 58.21815 ], [ -3.504717, 58.219595 ], [ -3.505309, 58.220867 ], [ -3.507928, 58.222327 ], [ -3.509419, 58.223517 ], [ -3.510155, 58.225073 ], [ -3.508085, 58.226019 ], [ -3.512328, 58.228097 ], [ -3.510674, 58.229718 ], [ -3.511107, 58.2306 ], [ -3.514153, 58.23119 ], [ -3.517974, 58.23131 ], [ -3.519856, 58.23092 ], [ -3.526669, 58.229278 ], [ -3.528069, 58.229028 ], [ -3.529096, 58.229418 ], [ -3.530351, 58.23037 ], [ -3.54006, 58.228465 ], [ -3.540347, 58.230298 ], [ -3.546484, 58.232685 ], [ -3.551798, 58.232733 ], [ -3.556367, 58.233455 ], [ -3.560788, 58.235008 ], [ -3.568014, 58.234254 ], [ -3.573684, 58.234018 ], [ -3.578093, 58.233797 ], [ -3.581203, 58.23386 ], [ -3.58245, 58.232411 ], [ -3.586105, 58.233782 ], [ -3.58766, 58.236009 ], [ -3.591023, 58.240628 ], [ -3.594454, 58.241394 ], [ -3.595314, 58.242735 ], [ -3.594125, 58.243594 ], [ -3.59472, 58.245392 ], [ -3.596799, 58.244689 ], [ -3.599621, 58.244063 ], [ -3.607345, 58.2425 ], [ -3.612692, 58.24336 ], [ -3.614474, 58.24508 ], [ -3.616702, 58.24594 ], [ -3.61997, 58.246174 ], [ -3.622643, 58.246409 ], [ -3.625614, 58.24633 ], [ -3.62903, 58.246174 ], [ -3.630516, 58.246643 ], [ -3.633635, 58.246799 ], [ -3.635808, 58.247645 ], [ -3.638036, 58.247193 ], [ -3.640236, 58.248493 ], [ -3.640277, 58.249692 ], [ -3.638779, 58.250367 ], [ -3.638016, 58.251308 ], [ -3.636815, 58.25261 ], [ -3.635364, 58.253082 ], [ -3.634327, 58.253763 ], [ -3.633759, 58.255749 ], [ -3.632484, 58.256994 ], [ -3.630488, 58.258357 ], [ -3.62824, 58.259089 ], [ -3.626365, 58.259343 ], [ -3.62391, 58.258524 ], [ -3.622984, 58.258793 ], [ -3.623116, 58.259539 ], [ -3.622233, 58.260493 ], [ -3.62164, 58.260528 ], [ -3.621542, 58.261211 ], [ -3.620187, 58.26101 ], [ -3.618086, 58.260328 ], [ -3.614958, 58.259822 ], [ -3.610897, 58.261564 ], [ -3.60994, 58.263725 ], [ -3.608566, 58.267212 ], [ -3.609355, 58.267552 ], [ -3.611174, 58.26767 ], [ -3.611463, 58.268556 ], [ -3.611705, 58.270227 ], [ -3.611191, 58.270957 ], [ -3.611528, 58.272408 ], [ -3.612881, 58.273321 ], [ -3.614415, 58.273952 ], [ -3.616759, 58.274363 ], [ -3.619006, 58.275971 ], [ -3.617972, 58.278732 ], [ -3.616805, 58.279927 ], [ -3.61396, 58.281474 ], [ -3.613032, 58.282683 ], [ -3.612178, 58.284229 ], [ -3.612182, 58.285796 ], [ -3.611426, 58.285758 ], [ -3.61022, 58.286104 ], [ -3.609039, 58.285839 ], [ -3.608152, 58.286202 ], [ -3.605732, 58.285961 ], [ -3.604451, 58.285523 ], [ -3.603619, 58.28561 ], [ -3.600491, 58.285232 ], [ -3.599794, 58.284874 ], [ -3.598521, 58.285366 ], [ -3.597661, 58.285248 ], [ -3.598104, 58.284631 ], [ -3.595768, 58.285036 ], [ -3.594512, 58.284186 ], [ -3.593673, 58.283882 ], [ -3.591966, 58.282529 ], [ -3.590222, 58.281368 ], [ -3.58825, 58.280503 ], [ -3.587126, 58.280844 ], [ -3.587285, 58.279751 ], [ -3.58501, 58.279834 ], [ -3.582861, 58.279239 ], [ -3.581598, 58.279625 ], [ -3.5785, 58.280133 ], [ -3.576646, 58.280374 ], [ -3.574395, 58.280022 ], [ -3.572427, 58.28005 ], [ -3.57072, 58.279847 ], [ -3.568364, 58.280015 ], [ -3.567955, 58.280381 ], [ -3.565822, 58.281222 ], [ -3.565312, 58.281714 ], [ -3.563417, 58.281856 ], [ -3.561676, 58.281778 ], [ -3.559184, 58.281242 ], [ -3.554952, 58.281567 ], [ -3.550952, 58.28076 ], [ -3.546226, 58.28086 ], [ -3.544466, 58.281147 ], [ -3.544922, 58.281792 ], [ -3.544374, 58.282389 ], [ -3.544963, 58.282589 ], [ -3.545556, 58.283188 ], [ -3.546047, 58.284358 ], [ -3.54637, 58.284678 ], [ -3.547245, 58.286022 ], [ -3.548433, 58.286597 ], [ -3.550762, 58.288783 ], [ -3.552806, 58.291181 ], [ -3.552517, 58.292708 ], [ -3.552996, 58.29318 ], [ -3.553709, 58.293455 ], [ -3.553281, 58.293829 ], [ -3.553376, 58.294304 ], [ -3.552378, 58.294903 ], [ -3.552283, 58.295378 ], [ -3.552378, 58.295828 ], [ -3.553566, 58.297027 ], [ -3.553614, 58.297926 ], [ -3.553994, 58.29865 ], [ -3.555087, 58.29895 ], [ -3.549479, 58.301722 ], [ -3.543442, 58.304869 ], [ -3.539466, 58.310125 ], [ -3.544917, 58.316799 ], [ -3.544726, 58.317248 ], [ -3.544346, 58.317762 ], [ -3.543116, 58.31901 ], [ -3.543054, 58.320106 ], [ -3.54422, 58.320593 ], [ -3.542988, 58.321271 ], [ -3.541893, 58.323004 ], [ -3.540467, 58.323778 ], [ -3.539418, 58.323831 ], [ -3.537867, 58.323736 ], [ -3.536973, 58.324166 ], [ -3.534369, 58.324745 ], [ -3.53176, 58.324667 ], [ -3.530412, 58.324833 ], [ -3.527352, 58.325323 ], [ -3.526051, 58.324834 ], [ -3.525215, 58.324207 ], [ -3.525455, 58.323435 ], [ -3.525229, 58.322642 ], [ -3.526299, 58.32235 ], [ -3.526921, 58.321664 ], [ -3.525587, 58.320337 ], [ -3.524302, 58.319804 ], [ -3.5235, 58.319326 ], [ -3.521336, 58.318816 ], [ -3.520253, 58.318636 ], [ -3.518127, 58.318372 ], [ -3.514491, 58.314533 ], [ -3.512667, 58.314262 ], [ -3.499908, 58.314533 ], [ -3.499641, 58.314763 ], [ -3.498882, 58.315043 ], [ -3.49719, 58.315082 ], [ -3.496752, 58.315192 ], [ -3.496471, 58.315523 ], [ -3.495516, 58.315951 ], [ -3.494827, 58.315921 ], [ -3.493941, 58.315465 ], [ -3.493435, 58.315122 ], [ -3.492404, 58.315035 ], [ -3.491629, 58.314645 ], [ -3.490982, 58.314555 ], [ -3.490678, 58.314895 ], [ -3.490279, 58.314825 ], [ -3.489778, 58.314961 ], [ -3.488739, 58.314675 ], [ -3.488492, 58.314765 ], [ -3.487564, 58.315527 ], [ -3.487541, 58.315774 ], [ -3.487029, 58.315738 ], [ -3.486506, 58.315944 ], [ -3.486172, 58.316363 ], [ -3.484461, 58.316423 ], [ -3.483532, 58.317114 ], [ -3.480624, 58.316872 ], [ -3.477589, 58.316794 ], [ -3.47716, 58.316594 ], [ -3.475776, 58.316463 ], [ -3.475396, 58.316752 ], [ -3.474663, 58.316851 ], [ -3.474126, 58.31688 ], [ -3.473162, 58.316632 ], [ -3.472877, 58.316493 ], [ -3.472212, 58.316602 ], [ -3.471812, 58.316313 ], [ -3.470957, 58.315827 ], [ -3.47031, 58.315608 ], [ -3.470329, 58.315378 ], [ -3.469683, 58.314819 ], [ -3.468326, 58.314561 ], [ -3.468445, 58.314062 ], [ -3.465058, 58.311347 ], [ -3.461612, 58.306728 ], [ -3.458243, 58.304548 ], [ -3.456996, 58.304211 ], [ -3.445201, 58.305298 ], [ -3.444633, 58.305633 ], [ -3.443205, 58.305798 ], [ -3.442582, 58.306052 ], [ -3.436328, 58.304195 ], [ -3.420209, 58.308079 ], [ -3.419594, 58.307893 ], [ -3.416279, 58.309616 ], [ -3.4169, 58.313703 ], [ -3.412907, 58.316786 ], [ -3.412883, 58.318409 ], [ -3.410283, 58.31806 ], [ -3.411595, 58.319767 ], [ -3.413477, 58.322085 ], [ -3.408173, 58.321966 ], [ -3.400587, 58.321696 ], [ -3.398619, 58.322189 ], [ -3.39745, 58.324242 ], [ -3.396243, 58.324824 ], [ -3.39688, 58.326488 ], [ -3.400758, 58.335358 ], [ -3.399764, 58.335573 ], [ -3.400037, 58.336101 ], [ -3.39874, 58.33623 ], [ -3.398634, 58.337878 ], [ -3.399763, 58.337762 ], [ -3.400428, 58.338757 ], [ -3.400578, 58.340787 ], [ -3.40227, 58.343279 ], [ -3.400782, 58.343688 ], [ -3.401498, 58.345474 ], [ -3.402151, 58.346191 ], [ -3.402508, 58.347719 ], [ -3.402211, 58.34828 ], [ -3.40299, 58.349129 ], [ -3.403221, 58.34959 ], [ -3.404124, 58.349571 ], [ -3.405386, 58.350541 ], [ -3.407001, 58.352078 ], [ -3.407748, 58.353561 ], [ -3.412501, 58.356585 ], [ -3.413879, 58.356984 ], [ -3.413974, 58.357906 ], [ -3.414928, 58.359626 ], [ -3.416636, 58.360848 ], [ -3.418014, 58.361746 ], [ -3.418047, 58.362526 ], [ -3.418585, 58.362818 ], [ -3.418689, 58.36363 ], [ -3.41944, 58.364189 ], [ -3.421532, 58.364882 ], [ -3.42053, 58.36533 ], [ -3.421484, 58.36583 ], [ -3.422102, 58.366752 ], [ -3.422283, 58.36738 ], [ -3.422003, 58.367875 ], [ -3.422149, 58.368128 ], [ -3.421822, 58.368386 ], [ -3.421926, 58.368633 ], [ -3.421541, 58.368886 ], [ -3.421294, 58.369225 ], [ -3.421484, 58.369506 ], [ -3.421541, 58.369955 ], [ -3.421256, 58.370264 ], [ -3.421256, 58.370543 ], [ -3.421636, 58.370573 ], [ -3.422215, 58.370557 ], [ -3.422606, 58.370623 ], [ -3.422682, 58.370972 ], [ -3.422937, 58.370956 ], [ -3.423442, 58.370842 ], [ -3.423632, 58.370663 ], [ -3.424184, 58.370762 ], [ -3.424355, 58.371012 ], [ -3.423918, 58.371032 ], [ -3.423886, 58.37116 ], [ -3.424317, 58.371331 ], [ -3.424319, 58.371718 ], [ -3.424837, 58.372004 ], [ -3.425838, 58.372098 ], [ -3.426047, 58.372397 ], [ -3.42637, 58.372278 ], [ -3.42696, 58.372368 ], [ -3.427112, 58.372557 ], [ -3.428309, 58.372976 ], [ -3.428043, 58.373185 ], [ -3.428119, 58.373424 ], [ -3.42791, 58.373604 ], [ -3.427492, 58.373544 ], [ -3.427207, 58.373674 ], [ -3.427378, 58.374242 ], [ -3.428402, 58.374624 ], [ -3.429241, 58.3748 ], [ -3.429184, 58.375029 ], [ -3.428835, 58.375392 ], [ -3.429108, 58.375538 ], [ -3.429773, 58.375637 ], [ -3.429659, 58.376016 ], [ -3.429754, 58.376714 ], [ -3.429621, 58.377013 ], [ -3.429792, 58.377123 ], [ -3.430211, 58.377053 ], [ -3.430401, 58.377099 ], [ -3.430077, 58.377886 ], [ -3.429578, 58.377773 ], [ -3.429199, 58.377896 ], [ -3.429222, 58.378136 ], [ -3.429521, 58.378543 ], [ -3.429488, 58.378913 ], [ -3.428994, 58.379581 ], [ -3.428467, 58.379413 ], [ -3.427964, 58.379382 ], [ -3.42791, 58.379661 ], [ -3.42734, 58.37977 ], [ -3.427463, 58.379942 ], [ -3.428043, 58.380109 ], [ -3.4281, 58.380299 ], [ -3.427617, 58.380546 ], [ -3.42791, 58.380737 ], [ -3.427834, 58.380976 ], [ -3.427204, 58.380976 ], [ -3.427321, 58.381335 ], [ -3.427796, 58.381455 ], [ -3.427758, 58.381674 ], [ -3.426941, 58.381724 ], [ -3.426884, 58.381874 ], [ -3.42806, 58.382173 ], [ -3.429521, 58.382677 ], [ -3.429441, 58.387005 ], [ -3.428186, 58.387134 ], [ -3.42733, 58.387981 ], [ -3.42522, 58.388805 ], [ -3.424916, 58.389363 ], [ -3.423254, 58.390139 ], [ -3.42256, 58.390088 ], [ -3.421991, 58.390362 ], [ -3.421665, 58.390588 ], [ -3.421281, 58.390788 ], [ -3.419623, 58.390975 ], [ -3.41933, 58.391247 ], [ -3.419885, 58.391256 ], [ -3.42014, 58.391575 ], [ -3.419978, 58.391867 ], [ -3.419322, 58.391934 ], [ -3.418828, 58.392083 ], [ -3.418999, 58.392352 ], [ -3.419627, 58.392462 ], [ -3.420107, 58.392711 ], [ -3.42016, 58.393056 ], [ -3.419874, 58.393637 ], [ -3.42111, 58.394197 ], [ -3.420996, 58.394377 ], [ -3.420083, 58.394506 ], [ -3.419931, 58.394765 ], [ -3.42014, 58.394925 ], [ -3.420763, 58.394886 ], [ -3.421243, 58.395174 ], [ -3.420511, 58.39536 ], [ -3.420545, 58.395578 ], [ -3.420767, 58.395702 ], [ -3.42065, 58.396263 ], [ -3.421053, 58.396688 ], [ -3.420714, 58.396682 ], [ -3.420292, 58.396419 ], [ -3.41995, 58.396539 ], [ -3.420178, 58.397316 ], [ -3.421298, 58.397826 ], [ -3.421889, 58.399916 ], [ -3.421307, 58.400541 ], [ -3.423529, 58.400386 ], [ -3.424297, 58.401637 ], [ -3.424313, 58.401587 ], [ -3.424713, 58.401544 ], [ -3.425248, 58.402758 ], [ -3.423218, 58.403786 ], [ -3.42315, 58.406978 ], [ -3.423827, 58.407579 ], [ -3.4268, 58.407158 ], [ -3.428226, 58.407128 ], [ -3.427886, 58.406102 ], [ -3.430108, 58.405723 ], [ -3.439519, 58.406411 ], [ -3.442428, 58.406351 ], [ -3.443682, 58.40659 ], [ -3.447282, 58.407837 ], [ -3.448759, 58.408831 ], [ -3.449987, 58.408771 ], [ -3.45104, 58.40907 ], [ -3.452443, 58.408999 ], [ -3.452466, 58.409578 ], [ -3.453095, 58.410159 ], [ -3.454724, 58.410814 ], [ -3.454877, 58.411149 ], [ -3.456227, 58.412482 ], [ -3.457194, 58.413875 ], [ -3.458977, 58.414509 ], [ -3.460723, 58.415473 ], [ -3.463593, 58.417285 ], [ -3.466605, 58.420178 ], [ -3.469172, 58.420738 ], [ -3.47191, 58.421045 ], [ -3.474686, 58.420676 ], [ -3.478319, 58.420308 ], [ -3.481385, 58.420346 ], [ -3.483951, 58.421148 ], [ -3.486759, 58.421317 ], [ -3.487944, 58.420812 ], [ -3.489477, 58.420383 ], [ -3.491638, 58.418702 ], [ -3.497212, 58.417773 ], [ -3.49745, 58.416882 ], [ -3.501062, 58.416104 ], [ -3.501464, 58.415636 ], [ -3.50192, 58.414724 ], [ -3.50313, 58.414536 ], [ -3.503736, 58.414106 ], [ -3.502951, 58.413359 ], [ -3.50263, 58.412706 ], [ -3.50288, 58.412183 ], [ -3.504662, 58.411455 ], [ -3.504193, 58.410595 ], [ -3.504471, 58.409887 ], [ -3.507072, 58.409362 ], [ -3.509259, 58.407588 ], [ -3.513874, 58.408349 ], [ -3.51211, 58.40996 ], [ -3.513061, 58.410856 ], [ -3.514742, 58.412578 ], [ -3.516816, 58.411832 ], [ -3.524088, 58.410756 ], [ -3.530172, 58.410308 ], [ -3.532223, 58.420988 ], [ -3.517975, 58.421511 ], [ -3.52062, 58.424806 ], [ -3.5229, 58.42405 ], [ -3.522793, 58.424417 ], [ -3.524658, 58.42499 ], [ -3.526212, 58.424159 ], [ -3.528895, 58.424641 ], [ -3.531253, 58.425789 ], [ -3.533891, 58.42651 ], [ -3.538406, 58.425913 ], [ -3.541411, 58.426063 ], [ -3.543848, 58.426473 ], [ -3.546758, 58.427055 ], [ -3.5491, 58.427991 ], [ -3.553592, 58.429049 ], [ -3.555403, 58.429284 ], [ -3.555161, 58.428028 ], [ -3.555429, 58.427484 ], [ -3.55566, 58.426787 ], [ -3.555565, 58.425903 ], [ -3.55497, 58.425256 ], [ -3.555042, 58.423738 ], [ -3.563575, 58.419898 ], [ -3.566247, 58.419183 ], [ -3.56589, 58.417503 ], [ -3.565653, 58.413657 ], [ -3.559787, 58.40926 ], [ -3.55579, 58.406623 ], [ -3.558642, 58.404257 ], [ -3.557043, 58.403815 ], [ -3.559272, 58.398816 ], [ -3.563728, 58.396886 ], [ -3.569667, 58.393886 ], [ -3.572972, 58.400377 ], [ -3.575163, 58.399898 ], [ -3.577706, 58.403094 ], [ -3.578255, 58.403568 ], [ -3.57259, 58.404092 ], [ -3.570184, 58.403392 ], [ -3.569738, 58.403703 ], [ -3.567896, 58.403143 ], [ -3.567718, 58.40333 ], [ -3.566976, 58.403127 ], [ -3.566768, 58.403221 ], [ -3.564243, 58.40238 ], [ -3.563084, 58.402598 ], [ -3.560975, 58.40291 ], [ -3.561777, 58.403594 ], [ -3.562728, 58.404326 ], [ -3.564777, 58.404668 ], [ -3.565698, 58.405151 ], [ -3.566263, 58.405135 ], [ -3.567858, 58.405756 ], [ -3.570172, 58.407058 ], [ -3.570843, 58.406911 ], [ -3.571616, 58.407113 ], [ -3.572121, 58.407565 ], [ -3.571942, 58.408125 ], [ -3.572021, 58.408777 ], [ -3.57316, 58.409354 ], [ -3.573694, 58.409431 ], [ -3.57404, 58.409142 ], [ -3.577141, 58.410755 ], [ -3.578567, 58.410226 ], [ -3.581478, 58.409852 ], [ -3.582924, 58.4095 ], [ -3.586055, 58.413532 ], [ -3.573017, 58.423256 ], [ -3.566836, 58.419799 ], [ -3.564173, 58.420521 ], [ -3.563889, 58.421541 ], [ -3.565505, 58.422238 ], [ -3.56522, 58.423034 ], [ -3.5656, 58.423881 ], [ -3.565886, 58.425364 ], [ -3.566266, 58.426907 ], [ -3.56522, 58.428002 ], [ -3.565125, 58.428748 ], [ -3.563509, 58.43049 ], [ -3.562844, 58.430839 ], [ -3.562178, 58.431336 ], [ -3.560943, 58.432033 ], [ -3.560752, 58.432879 ], [ -3.560087, 58.433078 ], [ -3.558281, 58.431983 ], [ -3.555049, 58.431187 ], [ -3.551151, 58.430441 ], [ -3.544212, 58.429495 ], [ -3.543071, 58.430391 ], [ -3.54174, 58.431038 ], [ -3.540695, 58.431834 ], [ -3.540029, 58.432531 ], [ -3.538794, 58.433028 ], [ -3.537083, 58.432829 ], [ -3.536512, 58.433128 ], [ -3.536132, 58.433974 ], [ -3.534611, 58.43472 ], [ -3.533755, 58.433825 ], [ -3.529098, 58.432481 ], [ -3.527386, 58.434621 ], [ -3.528242, 58.435317 ], [ -3.528242, 58.436412 ], [ -3.528812, 58.43681 ], [ -3.530904, 58.437457 ], [ -3.532425, 58.438452 ], [ -3.53328, 58.439348 ], [ -3.53328, 58.44099 ], [ -3.534326, 58.441537 ], [ -3.536322, 58.441736 ], [ -3.537273, 58.442084 ], [ -3.537273, 58.443029 ], [ -3.539364, 58.443477 ], [ -3.541265, 58.444124 ], [ -3.542216, 58.444124 ], [ -3.542596, 58.443328 ], [ -3.542121, 58.441885 ], [ -3.542501, 58.441338 ], [ -3.543642, 58.440791 ], [ -3.545828, 58.440293 ], [ -3.5483, 58.44099 ], [ -3.54925, 58.44094 ], [ -3.549726, 58.440442 ], [ -3.554574, 58.440144 ], [ -3.558566, 58.440144 ], [ -3.562559, 58.440691 ], [ -3.567882, 58.441587 ], [ -3.572635, 58.44487 ], [ -3.575202, 58.444373 ], [ -3.576247, 58.445218 ], [ -3.577673, 58.444522 ], [ -3.579764, 58.444174 ], [ -3.581, 58.443726 ], [ -3.582616, 58.442781 ], [ -3.585309, 58.441533 ], [ -3.586015, 58.441294 ], [ -3.587655, 58.441412 ], [ -3.590939, 58.440981 ], [ -3.595597, 58.44112 ], [ -3.601255, 58.441958 ], [ -3.605036, 58.442777 ], [ -3.607319, 58.442433 ], [ -3.613527, 58.448882 ], [ -3.61748, 58.461117 ], [ -3.619191, 58.461018 ], [ -3.619762, 58.46241 ], [ -3.622614, 58.463703 ], [ -3.626538, 58.465289 ], [ -3.627557, 58.466963 ], [ -3.628278, 58.470059 ], [ -3.632921, 58.471484 ], [ -3.63529, 58.470883 ], [ -3.637176, 58.469261 ], [ -3.641628, 58.46854 ], [ -3.641913, 58.468058 ], [ -3.642338, 58.466189 ], [ -3.6431, 58.466189 ], [ -3.644234, 58.46643 ], [ -3.645723, 58.466309 ], [ -3.646794, 58.465256 ], [ -3.648536, 58.465233 ], [ -3.656862, 58.468428 ], [ -3.65752, 58.469308 ], [ -3.659266, 58.469378 ], [ -3.661408, 58.470205 ], [ -3.660808, 58.471354 ], [ -3.658535, 58.47158 ], [ -3.656656, 58.472252 ], [ -3.656665, 58.474241 ], [ -3.655861, 58.477476 ], [ -3.655032, 58.478279 ], [ -3.655789, 58.48104 ], [ -3.656139, 58.481931 ], [ -3.655632, 58.483387 ], [ -3.652527, 58.485275 ], [ -3.654117, 58.486034 ], [ -3.655441, 58.487078 ], [ -3.658028, 58.490382 ], [ -3.664939, 58.499528 ], [ -3.661173, 58.501156 ], [ -3.658947, 58.504266 ], [ -3.660592, 58.503795 ], [ -3.66099, 58.5044 ], [ -3.660242, 58.505544 ], [ -3.659355, 58.506173 ], [ -3.660159, 58.507467 ], [ -3.660776, 58.507543 ], [ -3.662225, 58.506812 ], [ -3.663731, 58.506604 ], [ -3.66553, 58.506957 ], [ -3.666019, 58.506453 ], [ -3.668002, 58.506955 ], [ -3.668174, 58.507221 ], [ -3.669237, 58.507407 ], [ -3.669702, 58.50795 ], [ -3.671066, 58.507663 ], [ -3.673646, 58.508611 ], [ -3.674562, 58.508508 ], [ -3.67615, 58.508077 ], [ -3.676615, 58.507418 ], [ -3.677428, 58.507515 ], [ -3.679075, 58.507079 ], [ -3.681467, 58.506934 ], [ -3.683192, 58.506071 ], [ -3.684981, 58.505949 ], [ -3.685765, 58.505312 ], [ -3.68588, 58.50498 ], [ -3.68396, 58.503308 ], [ -3.684007, 58.502621 ], [ -3.682495, 58.501028 ], [ -3.682771, 58.500359 ], [ -3.680679, 58.498659 ], [ -3.680824, 58.498037 ], [ -3.680436, 58.496837 ], [ -3.6792, 58.496003 ], [ -3.67769, 58.495257 ], [ -3.677205, 58.494166 ], [ -3.67652, 58.493527 ], [ -3.675645, 58.492972 ], [ -3.675703, 58.492396 ], [ -3.675615, 58.491684 ], [ -3.676732, 58.491126 ], [ -3.678079, 58.490101 ], [ -3.680358, 58.489423 ], [ -3.681927, 58.488413 ], [ -3.684184, 58.487375 ], [ -3.685121, 58.48645 ], [ -3.686095, 58.486295 ], [ -3.688528, 58.487033 ], [ -3.690162, 58.487011 ], [ -3.691701, 58.487276 ], [ -3.693763, 58.487078 ], [ -3.696586, 58.489106 ], [ -3.697745, 58.489533 ], [ -3.698907, 58.489651 ], [ -3.699029, 58.490034 ], [ -3.698442, 58.491412 ], [ -3.70411, 58.491394 ], [ -3.704532, 58.491103 ], [ -3.705126, 58.490255 ], [ -3.703732, 58.489009 ], [ -3.703577, 58.487797 ], [ -3.704685, 58.485349 ], [ -3.706306, 58.48508 ], [ -3.708388, 58.483755 ], [ -3.709504, 58.482587 ], [ -3.712312, 58.480357 ], [ -3.731773, 58.479932 ], [ -3.730299, 58.482994 ], [ -3.728152, 58.485422 ], [ -3.727606, 58.486577 ], [ -3.726357, 58.486674 ], [ -3.723883, 58.489008 ], [ -3.723311, 58.491651 ], [ -3.725645, 58.494695 ], [ -3.725068, 58.496427 ], [ -3.725974, 58.496241 ], [ -3.72639, 58.496633 ], [ -3.727012, 58.496805 ], [ -3.726937, 58.497001 ], [ -3.726968, 58.497728 ], [ -3.728514, 58.499219 ], [ -3.730732, 58.50047 ], [ -3.732189, 58.500589 ], [ -3.732657, 58.501345 ], [ -3.733438, 58.501455 ], [ -3.735236, 58.502798 ], [ -3.735451, 58.503506 ], [ -3.735113, 58.504356 ], [ -3.734833, 58.505307 ], [ -3.737964, 58.50649 ], [ -3.73946, 58.506752 ], [ -3.740204, 58.50695 ], [ -3.739714, 58.50764 ], [ -3.740518, 58.50822 ], [ -3.742038, 58.508752 ], [ -3.744064, 58.507901 ], [ -3.744328, 58.507405 ], [ -3.742288, 58.506512 ], [ -3.743608, 58.50621 ], [ -3.745524, 58.506104 ], [ -3.746407, 58.505737 ], [ -3.748964, 58.505161 ], [ -3.749853, 58.504568 ], [ -3.750438, 58.50489 ], [ -3.751523, 58.504776 ], [ -3.752554, 58.504302 ], [ -3.766372, 58.515094 ], [ -3.774474, 58.512437 ], [ -3.777087, 58.511975 ], [ -3.778008, 58.511573 ], [ -3.779504, 58.511618 ], [ -3.779937, 58.512159 ], [ -3.782432, 58.512798 ], [ -3.782594, 58.514396 ], [ -3.783544, 58.515173 ], [ -3.785412, 58.515144 ], [ -3.787302, 58.515559 ], [ -3.789186, 58.516257 ], [ -3.790835, 58.519122 ], [ -3.788842, 58.520158 ], [ -3.789639, 58.522188 ], [ -3.791124, 58.521948 ], [ -3.79216, 58.52171 ], [ -3.793299, 58.520714 ], [ -3.79466, 58.520527 ], [ -3.795382, 58.519937 ], [ -3.805309, 58.518777 ], [ -3.805054, 58.521073 ], [ -3.808068, 58.521203 ], [ -3.809667, 58.521459 ], [ -3.810518, 58.523867 ], [ -3.81106, 58.524381 ], [ -3.81142, 58.525198 ], [ -3.810623, 58.527467 ], [ -3.809716, 58.52931 ], [ -3.809171, 58.531805 ], [ -3.808205, 58.53245 ], [ -3.808563, 58.533919 ], [ -3.806921, 58.536456 ], [ -3.807415, 58.537406 ], [ -3.807129, 58.53999 ], [ -3.80758, 58.54027 ], [ -3.806919, 58.54075 ], [ -3.807091, 58.541594 ], [ -3.805634, 58.54315 ], [ -3.805767, 58.544114 ], [ -3.804109, 58.544573 ], [ -3.804573, 58.545398 ], [ -3.805043, 58.546608 ], [ -3.806381, 58.54668 ], [ -3.81028, 58.546054 ], [ -3.814456, 58.546566 ], [ -3.815482, 58.545296 ], [ -3.817381, 58.544013 ], [ -3.819947, 58.542949 ], [ -3.821397, 58.541444 ], [ -3.822683, 58.540969 ], [ -3.823196, 58.542446 ], [ -3.824576, 58.543797 ], [ -3.826352, 58.544342 ], [ -3.828244, 58.543577 ], [ -3.829264, 58.542802 ], [ -3.829884, 58.543187 ], [ -3.829527, 58.54399 ], [ -3.830127, 58.544361 ], [ -3.829635, 58.545986 ], [ -3.8291, 58.546377 ], [ -3.828927, 58.547139 ], [ -3.829778, 58.547847 ], [ -3.82994, 58.548768 ], [ -3.829402, 58.54917 ], [ -3.829401, 58.549948 ], [ -3.829835, 58.550423 ], [ -3.830971, 58.550733 ], [ -3.830923, 58.551501 ], [ -3.830342, 58.55165 ], [ -3.830271, 58.551972 ], [ -3.828886, 58.552189 ], [ -3.828166, 58.55284 ], [ -3.827959, 58.553717 ], [ -3.827225, 58.554299 ], [ -3.827034, 58.554815 ], [ -3.825315, 58.555097 ], [ -3.825105, 58.555527 ], [ -3.831969, 58.554452 ], [ -3.834228, 58.554541 ] ], [ [ -3.686193, 58.396059 ], [ -3.685433, 58.395212 ], [ -3.678494, 58.396258 ], [ -3.67336, 58.397952 ], [ -3.666991, 58.400492 ], [ -3.6572, 58.403132 ], [ -3.652961, 58.404775 ], [ -3.645261, 58.40866 ], [ -3.639937, 58.411449 ], [ -3.638417, 58.412345 ], [ -3.628435, 58.409058 ], [ -3.625869, 58.40876 ], [ -3.62064, 58.410652 ], [ -3.611952, 58.405323 ], [ -3.606153, 58.405074 ], [ -3.602978, 58.407446 ], [ -3.603093, 58.407878 ], [ -3.602327, 58.407904 ], [ -3.601198, 58.407718 ], [ -3.600723, 58.407531 ], [ -3.599, 58.407593 ], [ -3.597396, 58.407531 ], [ -3.595376, 58.403484 ], [ -3.594841, 58.402986 ], [ -3.59288, 58.401523 ], [ -3.589732, 58.399783 ], [ -3.583662, 58.39664 ], [ -3.585062, 58.396195 ], [ -3.587414, 58.396165 ], [ -3.588327, 58.396068 ], [ -3.591104, 58.397184 ], [ -3.592946, 58.396811 ], [ -3.594877, 58.397309 ], [ -3.596005, 58.397387 ], [ -3.59755, 58.397184 ], [ -3.598394, 58.396764 ], [ -3.598869, 58.396344 ], [ -3.599707, 58.395839 ], [ -3.599855, 58.395652 ], [ -3.600598, 58.395621 ], [ -3.601014, 58.395201 ], [ -3.601066, 58.394805 ], [ -3.608149, 58.393089 ], [ -3.615475, 58.395123 ], [ -3.617495, 58.397209 ], [ -3.617976, 58.397598 ], [ -3.618808, 58.397727 ], [ -3.619551, 58.398148 ], [ -3.619759, 58.39807 ], [ -3.619699, 58.397805 ], [ -3.620115, 58.39751 ], [ -3.620679, 58.397463 ], [ -3.620798, 58.397899 ], [ -3.621363, 58.397541 ], [ -3.622016, 58.397494 ], [ -3.622878, 58.397665 ], [ -3.623561, 58.397541 ], [ -3.623472, 58.397369 ], [ -3.622937, 58.397463 ], [ -3.623442, 58.397105 ], [ -3.624363, 58.397447 ], [ -3.624482, 58.397214 ], [ -3.625085, 58.397228 ], [ -3.625428, 58.397467 ], [ -3.626568, 58.397497 ], [ -3.626625, 58.397126 ], [ -3.628394, 58.396618 ], [ -3.62942, 58.396618 ], [ -3.629705, 58.39605 ], [ -3.627196, 58.395393 ], [ -3.627025, 58.389803 ], [ -3.629534, 58.386359 ], [ -3.630048, 58.380618 ], [ -3.630013, 58.379875 ], [ -3.628112, 58.37664 ], [ -3.622408, 58.378684 ], [ -3.614328, 58.378484 ], [ -3.611571, 58.376441 ], [ -3.626971, 58.370808 ], [ -3.630298, 58.363748 ], [ -3.634386, 58.362252 ], [ -3.64315, 58.361006 ], [ -3.654082, 58.353475 ], [ -3.664729, 58.354672 ], [ -3.670432, 58.358113 ], [ -3.665775, 58.365254 ], [ -3.667105, 58.368993 ], [ -3.670908, 58.369342 ], [ -3.670601, 58.369722 ], [ -3.671285, 58.370171 ], [ -3.672654, 58.369752 ], [ -3.673224, 58.37038 ], [ -3.673623, 58.371188 ], [ -3.678742, 58.369894 ], [ -3.679384, 58.370493 ], [ -3.682307, 58.369932 ], [ -3.682165, 58.369595 ], [ -3.688082, 58.369483 ], [ -3.688083, 58.370173 ], [ -3.689009, 58.370156 ], [ -3.68908, 58.37124 ], [ -3.688082, 58.371502 ], [ -3.689579, 58.372325 ], [ -3.691789, 58.371203 ], [ -3.693572, 58.370904 ], [ -3.69558, 58.371415 ], [ -3.69929, 58.371684 ], [ -3.703567, 58.369262 ], [ -3.705621, 58.369441 ], [ -3.705963, 58.368963 ], [ -3.705392, 58.368125 ], [ -3.706362, 58.367766 ], [ -3.708073, 58.366898 ], [ -3.709402, 58.366121 ], [ -3.710355, 58.365941 ], [ -3.709955, 58.365403 ], [ -3.712522, 58.364356 ], [ -3.721366, 58.36316 ], [ -3.730586, 58.364855 ], [ -3.734199, 58.365902 ], [ -3.742469, 58.371087 ], [ -3.732297, 58.372632 ], [ -3.725833, 58.374776 ], [ -3.721175, 58.376979 ], [ -3.717468, 58.37972 ], [ -3.714616, 58.382162 ], [ -3.714377, 58.38268 ], [ -3.714533, 58.384126 ], [ -3.716708, 58.396382 ], [ -3.713856, 58.397468 ], [ -3.708533, 58.399312 ], [ -3.709008, 58.400457 ], [ -3.708247, 58.400955 ], [ -3.707962, 58.402051 ], [ -3.707867, 58.403147 ], [ -3.709103, 58.404492 ], [ -3.709958, 58.405189 ], [ -3.708438, 58.406035 ], [ -3.708818, 58.406588 ], [ -3.709293, 58.407534 ], [ -3.709483, 58.408232 ], [ -3.709958, 58.409078 ], [ -3.710054, 58.409576 ], [ -3.710434, 58.41341 ], [ -3.698551, 58.412713 ], [ -3.695604, 58.412165 ], [ -3.69665, 58.411419 ], [ -3.697601, 58.410273 ], [ -3.697601, 58.409277 ], [ -3.696555, 58.407833 ], [ -3.694369, 58.406787 ], [ -3.693893, 58.406389 ], [ -3.693811, 58.405437 ], [ -3.694028, 58.404843 ], [ -3.694939, 58.403799 ], [ -3.694559, 58.403052 ], [ -3.688855, 58.401807 ], [ -3.68819, 58.400392 ], [ -3.687239, 58.399695 ], [ -3.686574, 58.398798 ], [ -3.686384, 58.397703 ], [ -3.686764, 58.396457 ], [ -3.686193, 58.396059 ] ] ] ] } },
{ "type": "Feature", "properties": { "NAME": "Flow Country" }, "geometry": { "type": "MultiPolygon", "coordinates": [ [ [ [ -3.195407, 58.382777 ], [ -3.198149, 58.382278 ], [ -3.20026, 58.386451 ], [ -3.199624, 58.386376 ], [ -3.198644, 58.386441 ], [ -3.196988, 58.386619 ], [ -3.197065, 58.386806 ], [ -3.198036, 58.387982 ], [ -3.198245, 58.388585 ], [ -3.198321, 58.389905 ], [ -3.199101, 58.391279 ], [ -3.202363, 58.394316 ], [ -3.204882, 58.394335 ], [ -3.205957, 58.397184 ], [ -3.206099, 58.397886 ], [ -3.206044, 58.398317 ], [ -3.206529, 58.398582 ], [ -3.207926, 58.398896 ], [ -3.206405, 58.401587 ], [ -3.233644, 58.399096 ], [ -3.240995, 58.395774 ], [ -3.241368, 58.395147 ], [ -3.241246, 58.394499 ], [ -3.242327, 58.394317 ], [ -3.243562, 58.394304 ], [ -3.245722, 58.395026 ], [ -3.246624, 58.395931 ], [ -3.248149, 58.39603 ], [ -3.249533, 58.395496 ], [ -3.250169, 58.394504 ], [ -3.251414, 58.394105 ], [ -3.253695, 58.393308 ], [ -3.255537, 58.392818 ], [ -3.25772, 58.393082 ], [ -3.262723, 58.393147 ], [ -3.264247, 58.392536 ], [ -3.264873, 58.391616 ], [ -3.264152, 58.389746 ], [ -3.264153, 58.384514 ], [ -3.264057, 58.377207 ], [ -3.262762, 58.373515 ], [ -3.262198, 58.3723 ], [ -3.261841, 58.370914 ], [ -3.261633, 58.369823 ], [ -3.261604, 58.369107 ], [ -3.260742, 58.369169 ], [ -3.260356, 58.36973 ], [ -3.25997, 58.36987 ], [ -3.258009, 58.369995 ], [ -3.257326, 58.369901 ], [ -3.256553, 58.369449 ], [ -3.256019, 58.369403 ], [ -3.253583, 58.369605 ], [ -3.252543, 58.36959 ], [ -3.250553, 58.37001 ], [ -3.249365, 58.36973 ], [ -3.247047, 58.368375 ], [ -3.243631, 58.366256 ], [ -3.242354, 58.365617 ], [ -3.242057, 58.364853 ], [ -3.242027, 58.36409 ], [ -3.242443, 58.363233 ], [ -3.242562, 58.362765 ], [ -3.242948, 58.36222 ], [ -3.242918, 58.361519 ], [ -3.24274, 58.360475 ], [ -3.242205, 58.359742 ], [ -3.241195, 58.358963 ], [ -3.240274, 58.358589 ], [ -3.238641, 58.358402 ], [ -3.237334, 58.358028 ], [ -3.236353, 58.357592 ], [ -3.235343, 58.357311 ], [ -3.23362, 58.357327 ], [ -3.233026, 58.357545 ], [ -3.232402, 58.357607 ], [ -3.23166, 58.357483 ], [ -3.230768, 58.357623 ], [ -3.229758, 58.35767 ], [ -3.227144, 58.35848 ], [ -3.224233, 58.359135 ], [ -3.222867, 58.359384 ], [ -3.22046, 58.359696 ], [ -3.219985, 58.359898 ], [ -3.219272, 58.360662 ], [ -3.218767, 58.361036 ], [ -3.217044, 58.361114 ], [ -3.215262, 58.361332 ], [ -3.211549, 58.362142 ], [ -3.20739, 58.362656 ], [ -3.204122, 58.362999 ], [ -3.20329, 58.363249 ], [ -3.202607, 58.363249 ], [ -3.202221, 58.363342 ], [ -3.201627, 58.363763 ], [ -3.200736, 58.363934 ], [ -3.199963, 58.363981 ], [ -3.199191, 58.364183 ], [ -3.198775, 58.364386 ], [ -3.198003, 58.364526 ], [ -3.197557, 58.364853 ], [ -3.196785, 58.365087 ], [ -3.19625, 58.364994 ], [ -3.195775, 58.364853 ], [ -3.194943, 58.365087 ], [ -3.194527, 58.365477 ], [ -3.194735, 58.367253 ], [ -3.194319, 58.369013 ], [ -3.194111, 58.370338 ], [ -3.194066, 58.371066 ], [ -3.194174, 58.371774 ], [ -3.193636, 58.372219 ], [ -3.192685, 58.372562 ], [ -3.192277, 58.372856 ], [ -3.192169, 58.373484 ], [ -3.192448, 58.373917 ], [ -3.192448, 58.374541 ], [ -3.192685, 58.374759 ], [ -3.19256, 58.375385 ], [ -3.19289, 58.375837 ], [ -3.192831, 58.376587 ], [ -3.192982, 58.377304 ], [ -3.192673, 58.377584 ], [ -3.192198, 58.377914 ], [ -3.192013, 58.378813 ], [ -3.192684, 58.379378 ], [ -3.193874, 58.379316 ], [ -3.194144, 58.379529 ], [ -3.194587, 58.380501 ], [ -3.194523, 58.380896 ], [ -3.195407, 58.382777 ] ] ] ] } },
{ "type": "Feature", "properties": { "NAME": "Flow Country" }, "geometry": { "type": "MultiPolygon", "coordinates": [ [ [ [ -4.703214, 58.222457 ], [ -4.703806, 58.221894 ], [ -4.705604, 58.221729 ], [ -4.706887, 58.221692 ], [ -4.708206, 58.221485 ], [ -4.709169, 58.221091 ], [ -4.712926, 58.221873 ], [ -4.715264, 58.22171 ], [ -4.717332, 58.222292 ], [ -4.719704, 58.222488 ], [ -4.72079, 58.223156 ], [ -4.722037, 58.223231 ], [ -4.723321, 58.222931 ], [ -4.723478, 58.222204 ], [ -4.726351, 58.218904 ], [ -4.727515, 58.217746 ], [ -4.728311, 58.217073 ], [ -4.729202, 58.215872 ], [ -4.72988, 58.214369 ], [ -4.733302, 58.210867 ], [ -4.735064, 58.207595 ], [ -4.734942, 58.206144 ], [ -4.734354, 58.205154 ], [ -4.7307, 58.20112 ], [ -4.728829, 58.195943 ], [ -4.725792, 58.193819 ], [ -4.721219, 58.19166 ], [ -4.718471, 58.189806 ], [ -4.716424, 58.188335 ], [ -4.698841, 58.190308 ], [ -4.698051, 58.190319 ], [ -4.684553, 58.18522 ], [ -4.68006, 58.182821 ], [ -4.682366, 58.181487 ], [ -4.681511, 58.180033 ], [ -4.680733, 58.179972 ], [ -4.679562, 58.179482 ], [ -4.676568, 58.178467 ], [ -4.675902, 58.178617 ], [ -4.673194, 58.178056 ], [ -4.67191, 58.178392 ], [ -4.670693, 58.178337 ], [ -4.662045, 58.175434 ], [ -4.661025, 58.174744 ], [ -4.660204, 58.174686 ], [ -4.658606, 58.174087 ], [ -4.654188, 58.172335 ], [ -4.652711, 58.171848 ], [ -4.651873, 58.17143 ], [ -4.647829, 58.169175 ], [ -4.642608, 58.165974 ], [ -4.639175, 58.164375 ], [ -4.634516, 58.162063 ], [ -4.631523, 58.161303 ], [ -4.629454, 58.16101 ], [ -4.628242, 58.161161 ], [ -4.627247, 58.161422 ], [ -4.627025, 58.161699 ], [ -4.627279, 58.164235 ], [ -4.629072, 58.165483 ], [ -4.631762, 58.168227 ], [ -4.632094, 58.168626 ], [ -4.632655, 58.168881 ], [ -4.634017, 58.170318 ], [ -4.635068, 58.171696 ], [ -4.637036, 58.173317 ], [ -4.638028, 58.173922 ], [ -4.638488, 58.173931 ], [ -4.639658, 58.177245 ], [ -4.639618, 58.179202 ], [ -4.640147, 58.179929 ], [ -4.640041, 58.181486 ], [ -4.640694, 58.18367 ], [ -4.642932, 58.184703 ], [ -4.643177, 58.185012 ], [ -4.643128, 58.185691 ], [ -4.647349, 58.185704 ], [ -4.648016, 58.185992 ], [ -4.6488, 58.186161 ], [ -4.649014, 58.186349 ], [ -4.65045, 58.186746 ], [ -4.650268, 58.187409 ], [ -4.649024, 58.18808 ], [ -4.647234, 58.190671 ], [ -4.646346, 58.19168 ], [ -4.646152, 58.191629 ], [ -4.642358, 58.191283 ], [ -4.64111, 58.19134 ], [ -4.640328, 58.191449 ], [ -4.639827, 58.191434 ], [ -4.638259, 58.191185 ], [ -4.637011, 58.191114 ], [ -4.637011, 58.19134 ], [ -4.637332, 58.191753 ], [ -4.637189, 58.191828 ], [ -4.634486, 58.191539 ], [ -4.632591, 58.192317 ], [ -4.630798, 58.191973 ], [ -4.630273, 58.192035 ], [ -4.629454, 58.191941 ], [ -4.629454, 58.192674 ], [ -4.629881, 58.19397 ], [ -4.629703, 58.194553 ], [ -4.630238, 58.195004 ], [ -4.630095, 58.195539 ], [ -4.630487, 58.195896 ], [ -4.631557, 58.19614 ], [ -4.632412, 58.196666 ], [ -4.632377, 58.19723 ], [ -4.631638, 58.19752 ], [ -4.631495, 58.197881 ], [ -4.631579, 58.199022 ], [ -4.631431, 58.199938 ], [ -4.632733, 58.200808 ], [ -4.633054, 58.201447 ], [ -4.634729, 58.202593 ], [ -4.63448, 58.202837 ], [ -4.63448, 58.203476 ], [ -4.633767, 58.204011 ], [ -4.633664, 58.205033 ], [ -4.634088, 58.206021 ], [ -4.633767, 58.206377 ], [ -4.633656, 58.206959 ], [ -4.63259, 58.207016 ], [ -4.631877, 58.207335 ], [ -4.631485, 58.207974 ], [ -4.630166, 58.208199 ], [ -4.629525, 58.208575 ], [ -4.629097, 58.208556 ], [ -4.629417, 58.209173 ], [ -4.622631, 58.209177 ], [ -4.619579, 58.207129 ], [ -4.618816, 58.20488 ], [ -4.618973, 58.204208 ], [ -4.618688, 58.203663 ], [ -4.617809, 58.20296 ], [ -4.615872, 58.201992 ], [ -4.613804, 58.201353 ], [ -4.613013, 58.20134 ], [ -4.612735, 58.200348 ], [ -4.611501, 58.199548 ], [ -4.609847, 58.199316 ], [ -4.608889, 58.198671 ], [ -4.608065, 58.197774 ], [ -4.606656, 58.197433 ], [ -4.605127, 58.19659 ], [ -4.599328, 58.194033 ], [ -4.600259, 58.183532 ], [ -4.602769, 58.183826 ], [ -4.609687, 58.182933 ], [ -4.610953, 58.182404 ], [ -4.613626, 58.180111 ], [ -4.61384, 58.178533 ], [ -4.610097, 58.176775 ], [ -4.6009, 58.177001 ], [ -4.601506, 58.170393 ], [ -4.614347, 58.17012 ], [ -4.615338, 58.170167 ], [ -4.613698, 58.16808 ], [ -4.612664, 58.166924 ], [ -4.610525, 58.165476 ], [ -4.610561, 58.164376 ], [ -4.609349, 58.163812 ], [ -4.609491, 58.162928 ], [ -4.608779, 58.162254 ], [ -4.607181, 58.161963 ], [ -4.607495, 58.161038 ], [ -4.606911, 58.160528 ], [ -4.605893, 58.159865 ], [ -4.605927, 58.159045 ], [ -4.606854, 58.15803 ], [ -4.607103, 58.157023 ], [ -4.608351, 58.155857 ], [ -4.609563, 58.1536 ], [ -4.609349, 58.15298 ], [ -4.609206, 58.151051 ], [ -4.606934, 58.148972 ], [ -4.606141, 58.147571 ], [ -4.605713, 58.146132 ], [ -4.604751, 58.146513 ], [ -4.602294, 58.145602 ], [ -4.598405, 58.144495 ], [ -4.595881, 58.142594 ], [ -4.59345, 58.142322 ], [ -4.585965, 58.141193 ], [ -4.583398, 58.141212 ], [ -4.574486, 58.141871 ], [ -4.567891, 58.142021 ], [ -4.563293, 58.141212 ], [ -4.55652, 58.13838 ], [ -4.552634, 58.136799 ], [ -4.550199, 58.13615 ], [ -4.548107, 58.135181 ], [ -4.546325, 58.133807 ], [ -4.544935, 58.13264 ], [ -4.544222, 58.13328 ], [ -4.54301, 58.133261 ], [ -4.542297, 58.133036 ], [ -4.541584, 58.133318 ], [ -4.540749, 58.134169 ], [ -4.539084, 58.13479 ], [ -4.537464, 58.134578 ], [ -4.536344, 58.134221 ], [ -4.535625, 58.134265 ], [ -4.534037, 58.133903 ], [ -4.533278, 58.133977 ], [ -4.530925, 58.133581 ], [ -4.529321, 58.133036 ], [ -4.528822, 58.132565 ], [ -4.526576, 58.130758 ], [ -4.514919, 58.131323 ], [ -4.510435, 58.131401 ], [ -4.507789, 58.131644 ], [ -4.507556, 58.131914 ], [ -4.506685, 58.132527 ], [ -4.505152, 58.132396 ], [ -4.504332, 58.133205 ], [ -4.501445, 58.133826 ], [ -4.497906, 58.134388 ], [ -4.497345, 58.134278 ], [ -4.493175, 58.135369 ], [ -4.49272, 58.13586 ], [ -4.493068, 58.136329 ], [ -4.491442, 58.137655 ], [ -4.491952, 58.138787 ], [ -4.491998, 58.13902 ], [ -4.492831, 58.138998 ], [ -4.493852, 58.13885 ], [ -4.493877, 58.138521 ], [ -4.494656, 58.137958 ], [ -4.495838, 58.138768 ], [ -4.495239, 58.139465 ], [ -4.495146, 58.141165 ], [ -4.496233, 58.14133 ], [ -4.496984, 58.141258 ], [ -4.49811, 58.141921 ], [ -4.49823, 58.143632 ], [ -4.499145, 58.144356 ], [ -4.500065, 58.145605 ], [ -4.501705, 58.145455 ], [ -4.504641, 58.145733 ], [ -4.504889, 58.146185 ], [ -4.504511, 58.146522 ], [ -4.504833, 58.146928 ], [ -4.506578, 58.147179 ], [ -4.507761, 58.147099 ], [ -4.507885, 58.147325 ], [ -4.507182, 58.147425 ], [ -4.507372, 58.148017 ], [ -4.508589, 58.148669 ], [ -4.509353, 58.148825 ], [ -4.510362, 58.148761 ], [ -4.511129, 58.148917 ], [ -4.513018, 58.149679 ], [ -4.513498, 58.150355 ], [ -4.513088, 58.150589 ], [ -4.513426, 58.15087 ], [ -4.514932, 58.150784 ], [ -4.515951, 58.151449 ], [ -4.515564, 58.152084 ], [ -4.515616, 58.152826 ], [ -4.515761, 58.153337 ], [ -4.516368, 58.154295 ], [ -4.51837, 58.155112 ], [ -4.518771, 58.156189 ], [ -4.520006, 58.15685 ], [ -4.519659, 58.158056 ], [ -4.518708, 58.15836 ], [ -4.518741, 58.160358 ], [ -4.519972, 58.160962 ], [ -4.519893, 58.161363 ], [ -4.518439, 58.162191 ], [ -4.518455, 58.16242 ], [ -4.517952, 58.162943 ], [ -4.518647, 58.163615 ], [ -4.518168, 58.164481 ], [ -4.518656, 58.165271 ], [ -4.520843, 58.165627 ], [ -4.52114, 58.16609 ], [ -4.520911, 58.166596 ], [ -4.520948, 58.16711 ], [ -4.523551, 58.168771 ], [ -4.524115, 58.169337 ], [ -4.523436, 58.170201 ], [ -4.523755, 58.170137 ], [ -4.523745, 58.169995 ], [ -4.526013, 58.171201 ], [ -4.525817, 58.171781 ], [ -4.524647, 58.171944 ], [ -4.524546, 58.172149 ], [ -4.524649, 58.172475 ], [ -4.525698, 58.173154 ], [ -4.524202, 58.173084 ], [ -4.523896, 58.173646 ], [ -4.523924, 58.174007 ], [ -4.525148, 58.174535 ], [ -4.524665, 58.175344 ], [ -4.525569, 58.175897 ], [ -4.526881, 58.175729 ], [ -4.527492, 58.176115 ], [ -4.526643, 58.176988 ], [ -4.525099, 58.178419 ], [ -4.525878, 58.179314 ], [ -4.525516, 58.179724 ], [ -4.524722, 58.180421 ], [ -4.523126, 58.181085 ], [ -4.523935, 58.181927 ], [ -4.523567, 58.182732 ], [ -4.521577, 58.183628 ], [ -4.52082, 58.183634 ], [ -4.521256, 58.184154 ], [ -4.520996, 58.184581 ], [ -4.52279, 58.186835 ], [ -4.516023, 58.1893 ], [ -4.516925, 58.194283 ], [ -4.519297, 58.19708 ], [ -4.518496, 58.199025 ], [ -4.515725, 58.201613 ], [ -4.514962, 58.201688 ], [ -4.514126, 58.201527 ], [ -4.511021, 58.2024 ], [ -4.507522, 58.203089 ], [ -4.50462, 58.204145 ], [ -4.501564, 58.20578 ], [ -4.500307, 58.206676 ], [ -4.498581, 58.20869 ], [ -4.502341, 58.206789 ], [ -4.502924, 58.207135 ], [ -4.503862, 58.206873 ], [ -4.50587, 58.206206 ], [ -4.506754, 58.206474 ], [ -4.507586, 58.206001 ], [ -4.511363, 58.20587 ], [ -4.511763, 58.205405 ], [ -4.514376, 58.205639 ], [ -4.515778, 58.204963 ], [ -4.517572, 58.204948 ], [ -4.518852, 58.204694 ], [ -4.520547, 58.206262 ], [ -4.521131, 58.206527 ], [ -4.522113, 58.206876 ], [ -4.522064, 58.207286 ], [ -4.523381, 58.208098 ], [ -4.524488, 58.209046 ], [ -4.524209, 58.209691 ], [ -4.523545, 58.209819 ], [ -4.523135, 58.210177 ], [ -4.524011, 58.211268 ], [ -4.524835, 58.212775 ], [ -4.524154, 58.213868 ], [ -4.522399, 58.215045 ], [ -4.521972, 58.216652 ], [ -4.523526, 58.217726 ], [ -4.52323, 58.218932 ], [ -4.52322, 58.220281 ], [ -4.522094, 58.221206 ], [ -4.521884, 58.222503 ], [ -4.52284, 58.223607 ], [ -4.522414, 58.224886 ], [ -4.523228, 58.22556 ], [ -4.522027, 58.226586 ], [ -4.522773, 58.227942 ], [ -4.521429, 58.228631 ], [ -4.519528, 58.230837 ], [ -4.519481, 58.23189 ], [ -4.518548, 58.232479 ], [ -4.51941, 58.233947 ], [ -4.520854, 58.235257 ], [ -4.521006, 58.238593 ], [ -4.520624, 58.240375 ], [ -4.519242, 58.242315 ], [ -4.519272, 58.242686 ], [ -4.523561, 58.242087 ], [ -4.52486, 58.241739 ], [ -4.525643, 58.241422 ], [ -4.526632, 58.241113 ], [ -4.527617, 58.240987 ], [ -4.528354, 58.240964 ], [ -4.529074, 58.240436 ], [ -4.534619, 58.240659 ], [ -4.535062, 58.240889 ], [ -4.536143, 58.240867 ], [ -4.537673, 58.241065 ], [ -4.538534, 58.240991 ], [ -4.539532, 58.241314 ], [ -4.540813, 58.24106 ], [ -4.548008, 58.237205 ], [ -4.550835, 58.236143 ], [ -4.552965, 58.23591 ], [ -4.554276, 58.235538 ], [ -4.554888, 58.235012 ], [ -4.557952, 58.235289 ], [ -4.560177, 58.23627 ], [ -4.562438, 58.236786 ], [ -4.563823, 58.23725 ], [ -4.566893, 58.237019 ], [ -4.569481, 58.236204 ], [ -4.569652, 58.235572 ], [ -4.571353, 58.235138 ], [ -4.571652, 58.234661 ], [ -4.571598, 58.234099 ], [ -4.572214, 58.233579 ], [ -4.575823, 58.232593 ], [ -4.576455, 58.232352 ], [ -4.576422, 58.231895 ], [ -4.577202, 58.232017 ], [ -4.577815, 58.231696 ], [ -4.57809, 58.231005 ], [ -4.578979, 58.23133 ], [ -4.580526, 58.230271 ], [ -4.58167, 58.22962 ], [ -4.582406, 58.229319 ], [ -4.582979, 58.229764 ], [ -4.584538, 58.228876 ], [ -4.584177, 58.22837 ], [ -4.584472, 58.227964 ], [ -4.585407, 58.227431 ], [ -4.585503, 58.227258 ], [ -4.587058, 58.226313 ], [ -4.587378, 58.226249 ], [ -4.589145, 58.225243 ], [ -4.588679, 58.224795 ], [ -4.58865, 58.224396 ], [ -4.588837, 58.223993 ], [ -4.589205, 58.223764 ], [ -4.589128, 58.22353 ], [ -4.590637, 58.223442 ], [ -4.591397, 58.223484 ], [ -4.59296, 58.224137 ], [ -4.593505, 58.224184 ], [ -4.593621, 58.224295 ], [ -4.597258, 58.223707 ], [ -4.599648, 58.22383 ], [ -4.601797, 58.223615 ], [ -4.602703, 58.224168 ], [ -4.609081, 58.223886 ], [ -4.612054, 58.223564 ], [ -4.613384, 58.223266 ], [ -4.615544, 58.223006 ], [ -4.617334, 58.222955 ], [ -4.620862, 58.222369 ], [ -4.622013, 58.221831 ], [ -4.62254, 58.221649 ], [ -4.622486, 58.220908 ], [ -4.623061, 58.220635 ], [ -4.623609, 58.220642 ], [ -4.624386, 58.220871 ], [ -4.625507, 58.220788 ], [ -4.626242, 58.220488 ], [ -4.631317, 58.220326 ], [ -4.631852, 58.220596 ], [ -4.63534, 58.220586 ], [ -4.635444, 58.220527 ], [ -4.635313, 58.218759 ], [ -4.636252, 58.218283 ], [ -4.635362, 58.217959 ], [ -4.634506, 58.218091 ], [ -4.634248, 58.217525 ], [ -4.634931, 58.216808 ], [ -4.634703, 58.21645 ], [ -4.634274, 58.216381 ], [ -4.634337, 58.21581 ], [ -4.634312, 58.215468 ], [ -4.634115, 58.21527 ], [ -4.635416, 58.215123 ], [ -4.636412, 58.214937 ], [ -4.637721, 58.215399 ], [ -4.638552, 58.215319 ], [ -4.637982, 58.21456 ], [ -4.638341, 58.214357 ], [ -4.638661, 58.214293 ], [ -4.639497, 58.215361 ], [ -4.640188, 58.215346 ], [ -4.641306, 58.215568 ], [ -4.641935, 58.215491 ], [ -4.642137, 58.215934 ], [ -4.642569, 58.215925 ], [ -4.644016, 58.216466 ], [ -4.644594, 58.217021 ], [ -4.644732, 58.217435 ], [ -4.643986, 58.21746 ], [ -4.645001, 58.218304 ], [ -4.645278, 58.218875 ], [ -4.647561, 58.21902 ], [ -4.649898, 58.219885 ], [ -4.65243, 58.22046 ], [ -4.655083, 58.221205 ], [ -4.656198, 58.221638 ], [ -4.657636, 58.222065 ], [ -4.658972, 58.222551 ], [ -4.662731, 58.223615 ], [ -4.665318, 58.223963 ], [ -4.666572, 58.224174 ], [ -4.667827, 58.224294 ], [ -4.671934, 58.225405 ], [ -4.674671, 58.225946 ], [ -4.678037, 58.226516 ], [ -4.680546, 58.226697 ], [ -4.682656, 58.226156 ], [ -4.683797, 58.225375 ], [ -4.68471, 58.224684 ], [ -4.685907, 58.224264 ], [ -4.686022, 58.223273 ], [ -4.68682, 58.222642 ], [ -4.686136, 58.221921 ], [ -4.686478, 58.22117 ], [ -4.687246, 58.22099 ], [ -4.694824, 58.224728 ], [ -4.699941, 58.223173 ], [ -4.701302, 58.222599 ], [ -4.703214, 58.222457 ] ], [ [ -4.599196, 58.193975 ], [ -4.599328, 58.194033 ], [ -4.599306, 58.194279 ], [ -4.599196, 58.193975 ] ] ] ] } },
{ "type": "Feature", "properties": { "NAME": "Flow Country" }, "geometry": { "type": "MultiPolygon", "coordinates": [ [ [ [ -3.366957, 58.355077 ], [ -3.358829, 58.35511 ], [ -3.35702, 58.354616 ], [ -3.355238, 58.354304 ], [ -3.350648, 58.355257 ], [ -3.350426, 58.354616 ], [ -3.350426, 58.353026 ], [ -3.347336, 58.353182 ], [ -3.348168, 58.351343 ], [ -3.345316, 58.352434 ], [ -3.344068, 58.35181 ], [ -3.34288, 58.352185 ], [ -3.341573, 58.352185 ], [ -3.338543, 58.352683 ], [ -3.336939, 58.352278 ], [ -3.335573, 58.352559 ], [ -3.307684, 58.352808 ], [ -3.307787, 58.349802 ], [ -3.305736, 58.349691 ], [ -3.305961, 58.348157 ], [ -3.305023, 58.348119 ], [ -3.304381, 58.347184 ], [ -3.302313, 58.346174 ], [ -3.301196, 58.343564 ], [ -3.299806, 58.343217 ], [ -3.298284, 58.349373 ], [ -3.296837, 58.349236 ], [ -3.294923, 58.347689 ], [ -3.291714, 58.344976 ], [ -3.286581, 58.344378 ], [ -3.28569, 58.342993 ], [ -3.284573, 58.342383 ], [ -3.284442, 58.341721 ], [ -3.283694, 58.341085 ], [ -3.282161, 58.340337 ], [ -3.280058, 58.340075 ], [ -3.279132, 58.340139 ], [ -3.278047, 58.339827 ], [ -3.276963, 58.33927 ], [ -3.274825, 58.338559 ], [ -3.27229, 58.338173 ], [ -3.273399, 58.344681 ], [ -3.27019, 58.355328 ], [ -3.282025, 58.364177 ], [ -3.278924, 58.366806 ], [ -3.276821, 58.367479 ], [ -3.277676, 58.377439 ], [ -3.293896, 58.388973 ], [ -3.288014, 58.393158 ], [ -3.288802, 58.393874 ], [ -3.28944, 58.393696 ], [ -3.290189, 58.394088 ], [ -3.289939, 58.394481 ], [ -3.290545, 58.394443 ], [ -3.290866, 58.394892 ], [ -3.290402, 58.39491 ], [ -3.290438, 58.395359 ], [ -3.291115, 58.395956 ], [ -3.291757, 58.396741 ], [ -3.291507, 58.397115 ], [ -3.291864, 58.397432 ], [ -3.292648, 58.397656 ], [ -3.292755, 58.397862 ], [ -3.292185, 58.398142 ], [ -3.292826, 58.398497 ], [ -3.292862, 58.399001 ], [ -3.293896, 58.399394 ], [ -3.294074, 58.399898 ], [ -3.295074, 58.40091 ], [ -3.295571, 58.400757 ], [ -3.295749, 58.401019 ], [ -3.296534, 58.401224 ], [ -3.297068, 58.401112 ], [ -3.297282, 58.401243 ], [ -3.29689, 58.402718 ], [ -3.297746, 58.402961 ], [ -3.297746, 58.403241 ], [ -3.297157, 58.403548 ], [ -3.297461, 58.403932 ], [ -3.298316, 58.403839 ], [ -3.298993, 58.403914 ], [ -3.298788, 58.404456 ], [ -3.299778, 58.404511 ], [ -3.300455, 58.40481 ], [ -3.30213, 58.405053 ], [ -3.303093, 58.405837 ], [ -3.303877, 58.406173 ], [ -3.304519, 58.406715 ], [ -3.304198, 58.407201 ], [ -3.304661, 58.407499 ], [ -3.304697, 58.407836 ], [ -3.304376, 58.40819 ], [ -3.306265, 58.408508 ], [ -3.305695, 58.409722 ], [ -3.306052, 58.410207 ], [ -3.306729, 58.410188 ], [ -3.306691, 58.410756 ], [ -3.30623, 58.413243 ], [ -3.306479, 58.415428 ], [ -3.311759, 58.420371 ], [ -3.31368, 58.422044 ], [ -3.312647, 58.422586 ], [ -3.312153, 58.423191 ], [ -3.311791, 58.423463 ], [ -3.311401, 58.42324 ], [ -3.310661, 58.423175 ], [ -3.309923, 58.423582 ], [ -3.309976, 58.423987 ], [ -3.310828, 58.424433 ], [ -3.310294, 58.424975 ], [ -3.309509, 58.424676 ], [ -3.307371, 58.424807 ], [ -3.306966, 58.425565 ], [ -3.305974, 58.426086 ], [ -3.306622, 58.426599 ], [ -3.30762, 58.42686 ], [ -3.307549, 58.427084 ], [ -3.306622, 58.427271 ], [ -3.30541, 58.428017 ], [ -3.305659, 58.428614 ], [ -3.305517, 58.429249 ], [ -3.30598, 58.429716 ], [ -3.305374, 58.430107 ], [ -3.304318, 58.4301 ], [ -3.304607, 58.430477 ], [ -3.306658, 58.431321 ], [ -3.306479, 58.431582 ], [ -3.304927, 58.431749 ], [ -3.304046, 58.432001 ], [ -3.3032, 58.43244 ], [ -3.30156, 58.432459 ], [ -3.30033, 58.432798 ], [ -3.299885, 58.433314 ], [ -3.298873, 58.433169 ], [ -3.298352, 58.43281 ], [ -3.298245, 58.432418 ], [ -3.29828, 58.431839 ], [ -3.297033, 58.431783 ], [ -3.296387, 58.432088 ], [ -3.296106, 58.432306 ], [ -3.294038, 58.431149 ], [ -3.293076, 58.431186 ], [ -3.292684, 58.431802 ], [ -3.293919, 58.432222 ], [ -3.294074, 58.43266 ], [ -3.293546, 58.433211 ], [ -3.293112, 58.433351 ], [ -3.295286, 58.434452 ], [ -3.294038, 58.437064 ], [ -3.288779, 58.44023 ], [ -3.285198, 58.440699 ], [ -3.284665, 58.440979 ], [ -3.28351, 58.440805 ], [ -3.28294, 58.440581 ], [ -3.282099, 58.441085 ], [ -3.281585, 58.44129 ], [ -3.281656, 58.441552 ], [ -3.28326, 58.442111 ], [ -3.283153, 58.442652 ], [ -3.282476, 58.442764 ], [ -3.281407, 58.442634 ], [ -3.280444, 58.443921 ], [ -3.280658, 58.444723 ], [ -3.2813, 58.444928 ], [ -3.281371, 58.44685 ], [ -3.279725, 58.447 ], [ -3.278947, 58.44754 ], [ -3.278555, 58.44848 ], [ -3.27884, 58.449525 ], [ -3.280444, 58.450688 ], [ -3.281086, 58.450819 ], [ -3.281763, 58.451323 ], [ -3.281621, 58.452125 ], [ -3.281692, 58.452516 ], [ -3.281371, 58.452777 ], [ -3.281692, 58.453039 ], [ -3.281941, 58.453822 ], [ -3.281585, 58.454008 ], [ -3.281511, 58.454434 ], [ -3.285613, 58.456709 ], [ -3.285043, 58.457455 ], [ -3.287146, 58.458253 ], [ -3.287451, 58.4591 ], [ -3.287574, 58.459651 ], [ -3.289006, 58.459924 ], [ -3.289833, 58.459815 ], [ -3.29115, 58.459366 ], [ -3.291436, 58.459471 ], [ -3.292279, 58.458402 ], [ -3.295195, 58.459559 ], [ -3.301524, 58.458446 ], [ -3.303644, 58.458393 ], [ -3.304338, 58.458323 ], [ -3.305854, 58.458896 ], [ -3.305711, 58.458505 ], [ -3.305776, 58.458231 ], [ -3.306298, 58.45827 ], [ -3.306228, 58.458079 ], [ -3.305906, 58.457837 ], [ -3.306068, 58.457498 ], [ -3.306558, 58.457423 ], [ -3.30702, 58.457644 ], [ -3.308256, 58.457216 ], [ -3.307914, 58.456818 ], [ -3.30824, 58.455957 ], [ -3.309328, 58.456032 ], [ -3.31032, 58.455941 ], [ -3.311311, 58.455524 ], [ -3.312815, 58.455118 ], [ -3.313409, 58.454853 ], [ -3.314063, 58.453672 ], [ -3.315786, 58.453936 ], [ -3.316291, 58.453843 ], [ -3.316202, 58.453377 ], [ -3.316285, 58.452708 ], [ -3.317004, 58.451139 ], [ -3.317657, 58.449382 ], [ -3.316769, 58.448379 ], [ -3.316528, 58.447955 ], [ -3.317371, 58.446968 ], [ -3.319588, 58.446494 ], [ -3.319826, 58.446245 ], [ -3.318593, 58.444482 ], [ -3.319348, 58.44391 ], [ -3.319469, 58.443715 ], [ -3.320776, 58.443575 ], [ -3.322202, 58.443715 ], [ -3.322767, 58.443668 ], [ -3.323242, 58.443476 ], [ -3.323806, 58.443808 ], [ -3.324519, 58.44415 ], [ -3.325084, 58.444228 ], [ -3.326297, 58.443531 ], [ -3.327566, 58.443317 ], [ -3.328084, 58.443093 ], [ -3.329451, 58.442937 ], [ -3.331946, 58.443544 ], [ -3.332932, 58.443376 ], [ -3.334709, 58.441476 ], [ -3.334085, 58.441072 ], [ -3.336135, 58.439196 ], [ -3.336788, 58.438668 ], [ -3.337664, 58.438102 ], [ -3.33946, 58.439995 ], [ -3.338279, 58.440896 ], [ -3.337975, 58.441497 ], [ -3.338099, 58.441637 ], [ -3.339825, 58.441108 ], [ -3.340009, 58.441005 ], [ -3.340618, 58.440975 ], [ -3.341226, 58.440856 ], [ -3.342823, 58.440761 ], [ -3.349456, 58.440901 ], [ -3.350632, 58.4407 ], [ -3.356229, 58.438401 ], [ -3.360297, 58.4385 ], [ -3.361968, 58.43842 ], [ -3.364272, 58.438001 ], [ -3.36785, 58.437021 ], [ -3.369539, 58.437755 ], [ -3.370154, 58.437564 ], [ -3.371023, 58.437524 ], [ -3.37323, 58.437205 ], [ -3.373566, 58.437445 ], [ -3.374175, 58.437461 ], [ -3.374486, 58.437191 ], [ -3.375336, 58.436965 ], [ -3.376412, 58.43717 ], [ -3.377475, 58.43689 ], [ -3.37799, 58.436908 ], [ -3.378126, 58.437152 ], [ -3.378758, 58.437114 ], [ -3.379685, 58.436472 ], [ -3.379471, 58.435931 ], [ -3.379544, 58.435683 ], [ -3.381681, 58.435091 ], [ -3.382038, 58.434625 ], [ -3.382466, 58.433673 ], [ -3.383584, 58.432792 ], [ -3.385389, 58.432341 ], [ -3.386494, 58.431781 ], [ -3.388098, 58.430605 ], [ -3.39068, 58.429037 ], [ -3.393053, 58.428466 ], [ -3.394515, 58.428367 ], [ -3.395726, 58.428224 ], [ -3.396938, 58.427309 ], [ -3.398257, 58.426637 ], [ -3.399576, 58.425667 ], [ -3.399897, 58.424957 ], [ -3.399469, 58.424696 ], [ -3.3984, 58.424267 ], [ -3.397651, 58.423774 ], [ -3.397295, 58.422896 ], [ -3.397045, 58.422056 ], [ -3.39594, 58.420731 ], [ -3.39398, 58.419779 ], [ -3.392447, 58.418752 ], [ -3.391021, 58.417464 ], [ -3.389773, 58.416699 ], [ -3.388811, 58.415261 ], [ -3.388027, 58.414215 ], [ -3.387599, 58.413413 ], [ -3.387456, 58.41261 ], [ -3.39533, 58.410989 ], [ -3.411839, 58.409181 ], [ -3.411447, 58.408901 ], [ -3.41109, 58.408244 ], [ -3.410016, 58.404233 ], [ -3.41052, 58.402439 ], [ -3.408702, 58.39886 ], [ -3.40888, 58.396118 ], [ -3.408524, 58.392718 ], [ -3.399731, 58.393844 ], [ -3.399584, 58.392089 ], [ -3.395834, 58.39272 ], [ -3.394725, 58.391377 ], [ -3.395591, 58.388753 ], [ -3.390059, 58.388693 ], [ -3.388804, 58.391264 ], [ -3.387183, 58.391295 ], [ -3.385952, 58.389141 ], [ -3.38127, 58.387932 ], [ -3.380284, 58.387331 ], [ -3.378205, 58.385254 ], [ -3.377111, 58.383734 ], [ -3.376327, 58.382762 ], [ -3.379702, 58.382226 ], [ -3.378309, 58.380405 ], [ -3.374615, 58.381175 ], [ -3.372587, 58.379901 ], [ -3.373354, 58.379189 ], [ -3.376933, 58.378498 ], [ -3.373844, 58.373215 ], [ -3.373197, 58.371814 ], [ -3.36892, 58.365802 ], [ -3.368691, 58.361344 ], [ -3.367038, 58.357174 ], [ -3.366957, 58.355077 ] ] ] ] } }
]
}
